BOOKING_ID,LISTING_ID,BOOKING_DATE,NIGHTS_BOOKED,BOOKING_AMOUNT,CLEANING_FEE,SERVICE_FEE,CANCELLATION_FEE,BOOKING_STATUS,STAY_START_DATE,CREATED_AT,UPDATED_AT
93f50853-7c1b-44cf-8edf-2f82bd11950d,44,2023-09-28 00:00:00,6,396.0,91,47.52,39.6,cancelled,2024-01-10 00:00:00,2023-09-27 04:00:00,2023-09-27 04:00:00
bb55fbb4-bce4-41c6-9442-4438ba69165b,59,2024-01-21 00:00:00,9,1496.25,58,179.55,149.62,cancelled,2024-04-24 00:00:00,2024-01-20 22:00:00,2024-01-20 22:00:00
2eb2fc5f-7fcf-491c-9255-397785fc2a24,395,2024-02-19 00:00:00,12,6720.0,141,806.4,672.0,cancelled,2024-03-06 00:00:00,2024-02-18 20:00:00,2024-02-18 20:00:00
2a42e40a-bf5e-4dac-9441-cd1400631669,385,2023-08-16 00:00:00,7,1568.0,134,188.16,156.8,cancelled,2023-12-02 00:00:00,2023-08-15 07:00:00,2023-08-15 07:00:00
1e1fb20a-4f5a-4972-a6ba-f52883f3408b,306,2024-01-12 00:00:00,13,1638.0,66,196.56,0.0,confirmed,2024-03-25 00:00:00,2024-01-11 11:00:00,2024-01-11 11:00:00
62bd37d1-508d-4cd2-966f-c07b6f65ab24,75,2024-06-17 00:00:00,2,280.0,121,33.6,0.0,confirmed,2024-07-09 00:00:00,2024-06-16 10:00:00,2024-06-16 10:00:00
651c0e77-e356-416d-bec8-2c4148a95482,108,2024-03-06 00:00:00,10,453.8,49,54.46,0.0,confirmed,2024-06-18 00:00:00,2024-03-05 05:00:00,2024-03-05 05:00:00
4fd53be7-fdb8-49aa-abd0-34172dd79dcc,112,2023-08-16 00:00:00,4,1584.0,86,190.08,0.0,confirmed,2023-12-17 00:00:00,2023-08-15 07:00:00,2023-08-15 07:00:00
b6bbc154-010d-4708-ba43-0189f96cbb58,166,2023-12-25 00:00:00,7,1606.5,148,192.78,160.65,cancelled,2024-03-10 00:00:00,2023-12-24 03:00:00,2023-12-24 03:00:00
e75b3e28-9928-4e16-90b4-0d546d0430a2,182,2023-11-18 00:00:00,9,2070.0,81,248.4,0.0,confirmed,2024-02-15 00:00:00,2023-11-17 17:00:00,2023-11-17 17:00:00
d013096e-1d16-49cf-9081-cc3f03ed3057,243,2023-12-27 00:00:00,14,1232.0,115,147.84,123.2,cancelled,2024-04-23 00:00:00,2023-12-26 06:00:00,2023-12-26 06:00:00
53dc52cd-fe84-4423-bf52-2ae1119a4692,223,2023-12-27 00:00:00,7,630.0,90,75.6,0.0,confirmed,2024-04-06 00:00:00,2023-12-26 21:00:00,2023-12-30 21:00:00
887cee23-ef3f-4c6b-a66a-56d5e9c5ee07,484,2024-02-04 00:00:00,9,1755.0,131,210.6,0.0,confirmed,2024-05-19 00:00:00,2024-02-03 00:00:00,2024-02-03 00:00:00
70db52a8-fbc4-4231-b208-17570c29ce3f,174,2023-10-12 00:00:00,1,294.0,104,35.28,0.0,confirmed,2024-03-13 00:00:00,2023-10-11 15:00:00,2023-10-11 15:00:00
0330d469-fdfa-46d2-bd85-1bcad7eadcaf,315,2023-07-26 00:00:00,2,1248.0,101,149.76,124.8,cancelled,2023-12-05 00:00:00,2023-07-25 19:00:00,2023-07-25 19:00:00
0d3668fb-f575-4b26-9e43-8a97028a8a1b,164,2024-04-04 00:00:00,14,1190.0,94,142.8,0.0,confirmed,2024-09-02 00:00:00,2024-04-03 06:00:00,2024-04-03 06:00:00
27c41617-20ba-4c3c-8b11-87fcb239010b,265,2023-10-10 00:00:00,10,3300.0,60,396.0,0.0,confirmed,2023-12-03 00:00:00,2023-10-09 06:00:00,2023-10-09 06:00:00
209ac0d1-027c-4d86-9638-e52f33127334,126,2024-01-04 00:00:00,3,357.0,131,42.84,0.0,confirmed,2024-01-07 00:00:00,2024-01-03 09:00:00,2024-01-03 09:00:00
643d7228-bb75-4951-a8c1-fa667b6ff1b9,117,2023-10-23 00:00:00,6,960.0,115,115.2,0.0,confirmed,2024-01-20 00:00:00,2023-10-22 16:00:00,2023-10-23 16:00:00
3502f20f-6cf0-4617-8dbc-071a069e97bc,187,2023-08-20 00:00:00,9,4036.5,93,484.38,403.65,cancelled,2024-01-26 00:00:00,2023-08-19 11:00:00,2023-08-19 11:00:00
5de81ad4-08de-4a87-aa4a-5946819ef39c,238,2024-03-11 00:00:00,4,3680.0,118,441.6,368.0,cancelled,2024-04-19 00:00:00,2024-03-10 18:00:00,2024-03-10 18:00:00
719e72f0-22e3-4160-95e7-ef1a689360f9,295,2023-10-07 00:00:00,7,490.0,71,58.8,0.0,confirmed,2024-02-15 00:00:00,2023-10-06 12:00:00,2023-10-06 12:00:00
b7a7489f-c5c9-445e-b495-8d4659918141,243,2024-02-07 00:00:00,13,1144.0,131,137.28,0.0,confirmed,2024-02-29 00:00:00,2024-02-06 03:00:00,2024-02-16 03:00:00
0f5ffa9b-2c61-449c-8451-079cb6fe8a8c,288,2023-05-29 00:00:00,12,1344.0,100,161.28,134.4,cancelled,2023-11-07 00:00:00,2023-05-28 07:00:00,2023-06-07 07:00:00
f117940c-c98b-46b3-a510-5c3799f6c634,444,2023-06-21 00:00:00,12,3264.0,140,391.68,0.0,confirmed,2023-08-19 00:00:00,2023-06-20 09:00:00,2023-06-23 09:00:00
4e7f0755-92a4-4ebf-81df-3bb2ed69e6de,239,2023-06-06 00:00:00,10,660.0,71,79.2,0.0,confirmed,2023-06-29 00:00:00,2023-06-05 15:00:00,2023-06-05 15:00:00
1962ece6-9db0-4283-b313-0832bd7de656,277,2024-05-04 00:00:00,2,476.0,95,57.12,0.0,confirmed,2024-08-02 00:00:00,2024-05-03 21:00:00,2024-05-03 21:00:00
22523c15-193d-4539-be26-a8ba1a1f911d,157,2024-03-27 00:00:00,2,1104.0,86,132.48,0.0,confirmed,2024-05-16 00:00:00,2024-03-26 01:00:00,2024-03-26 01:00:00
97006ef1-7af4-422b-a136-b73853173d94,306,2024-07-21 00:00:00,6,756.0,144,90.72,75.6,cancelled,2024-09-19 00:00:00,2024-07-20 13:00:00,2024-07-20 13:00:00
93b988ac-3500-4ba7-9e8f-bc1586a38150,1,2024-04-21 00:00:00,14,2394.0,149,287.28,0.0,confirmed,2024-10-09 00:00:00,2024-04-20 21:00:00,2024-04-27 21:00:00
d0086d58-68ba-40ff-a6a7-229133f41f92,438,2024-01-17 00:00:00,4,660.0,64,79.2,0.0,confirmed,2024-02-02 00:00:00,2024-01-16 10:00:00,2024-01-16 10:00:00
e461936d-197e-41da-8eed-dcaa05d94ad9,314,2023-12-12 00:00:00,11,2244.0,51,269.28,0.0,confirmed,2024-06-05 00:00:00,2023-12-11 15:00:00,2023-12-11 15:00:00
58410079-9081-4ab2-9526-c3221e91bd00,148,2024-04-24 00:00:00,10,1705.0,45,204.6,0.0,confirmed,2024-06-15 00:00:00,2024-04-23 09:00:00,2024-04-23 09:00:00
6d8ea48e-6fb2-4315-a17b-d58f31ec2a8a,413,2023-12-30 00:00:00,10,760.0,110,91.2,0.0,confirmed,2024-04-17 00:00:00,2023-12-29 17:00:00,2023-12-29 17:00:00
c974a633-3112-4fbc-bbe2-a0f7d5dbd477,108,2023-12-22 00:00:00,13,589.94,92,70.79,0.0,confirmed,2024-02-16 00:00:00,2023-12-21 07:00:00,2023-12-21 07:00:00
cf6dcaed-0145-4a81-af98-da9b697dd832,392,2024-05-11 00:00:00,14,1568.0,83,188.16,0.0,confirmed,2024-07-15 00:00:00,2024-05-10 18:00:00,2024-05-18 18:00:00
2b6f0e8c-a459-459d-840b-b01a23e68d1c,152,2023-07-20 00:00:00,5,2025.0,102,243.0,0.0,confirmed,2023-11-29 00:00:00,2023-07-19 03:00:00,2023-07-19 03:00:00
64389f65-6942-45af-b74f-ff5eebb39594,112,2023-06-14 00:00:00,12,4752.0,138,570.24,0.0,confirmed,2023-08-05 00:00:00,2023-06-13 15:00:00,2023-06-13 15:00:00
e3500699-1451-46ca-976a-85842d2a846c,397,2024-06-14 00:00:00,9,1707.75,115,204.93,170.78,cancelled,2024-10-28 00:00:00,2024-06-13 13:00:00,2024-06-13 13:00:00
8cb2cd88-8a7e-4a80-bb0c-06d88893290e,375,2023-08-16 00:00:00,6,693.0,67,83.16,69.3,cancelled,2023-09-07 00:00:00,2023-08-15 07:00:00,2023-08-15 07:00:00
957475f9-e653-47fa-8f5a-a28dbd6d6ce6,20,2023-03-24 00:00:00,6,798.0,131,95.76,79.8,cancelled,2023-06-06 00:00:00,2023-03-23 19:00:00,2023-03-23 19:00:00
d20c85df-d288-4ad0-89b8-56a8109bae2c,100,2024-03-19 00:00:00,2,228.0,118,27.36,0.0,confirmed,2024-09-03 00:00:00,2024-03-18 23:00:00,2024-03-18 23:00:00
33c22084-b174-4b95-bcdf-7683a01e16e9,276,2023-09-16 00:00:00,11,1567.5,103,188.1,0.0,confirmed,2023-10-05 00:00:00,2023-09-15 01:00:00,2023-09-15 01:00:00
46974c1c-0775-49f0-a069-1ca48ebecdde,258,2024-01-10 00:00:00,14,4921.0,117,590.52,492.1,cancelled,2024-05-22 00:00:00,2024-01-09 13:00:00,2024-01-09 13:00:00
771617bb-4fb0-4652-86e0-470f93339d4e,158,2023-11-27 00:00:00,4,814.0,96,97.68,0.0,confirmed,2024-02-25 00:00:00,2023-11-26 13:00:00,2023-11-26 13:00:00
b1960d28-6d1f-441f-8619-0ce6f5e0fc89,287,2024-02-14 00:00:00,10,900.0,108,108.0,0.0,confirmed,2024-04-15 00:00:00,2024-02-13 03:00:00,2024-02-13 03:00:00
2abd2b6b-7ca3-46a4-8049-58282af10a62,226,2023-07-25 00:00:00,14,3360.0,83,403.2,0.0,confirmed,2023-08-09 00:00:00,2023-07-24 11:00:00,2023-07-24 11:00:00
46f477fb-a168-4836-8403-c41ce23cefbf,401,2023-08-18 00:00:00,13,3328.0,80,399.36,0.0,confirmed,2023-08-28 00:00:00,2023-08-17 10:00:00,2023-08-17 10:00:00
a4930b20-899a-4ede-b647-27ff20570d0b,385,2023-07-31 00:00:00,9,2016.0,99,241.92,201.6,cancelled,2023-10-30 00:00:00,2023-07-30 08:00:00,2023-08-01 08:00:00
fae9b129-fb1a-4fc2-91e0-f6f543673522,331,2023-11-23 00:00:00,1,85.0,122,10.2,8.5,cancelled,2024-01-16 00:00:00,2023-11-22 16:00:00,2023-11-22 16:00:00
9b730344-6008-4293-98af-8d841f60f3b7,244,2023-12-05 00:00:00,12,1980.0,118,237.6,0.0,confirmed,2024-04-14 00:00:00,2023-12-04 23:00:00,2023-12-04 23:00:00
bb950d17-dac2-415b-83ca-6365959fc464,427,2023-04-21 00:00:00,7,532.0,139,63.84,53.2,cancelled,2023-07-15 00:00:00,2023-04-20 11:00:00,2023-04-20 11:00:00
d558f460-4225-4711-a1f8-9227a0fb0336,309,2024-03-15 00:00:00,3,470.25,124,56.43,47.03,cancelled,2024-06-16 00:00:00,2024-03-14 22:00:00,2024-03-14 22:00:00
9ae4dec5-2e3b-4957-9a3c-33ba253e1f60,321,2023-12-03 00:00:00,8,1872.0,131,224.64,187.2,cancelled,2024-03-24 00:00:00,2023-12-02 00:00:00,2023-12-02 00:00:00
e2125607-9d6c-40b0-9e64-1665b6063dff,81,2024-01-11 00:00:00,4,572.0,66,68.64,0.0,confirmed,2024-07-02 00:00:00,2024-01-10 06:00:00,2024-01-15 06:00:00
256bf37f-de79-43e4-9c71-45a9458260a8,467,2023-10-29 00:00:00,7,1792.0,102,215.04,0.0,confirmed,2023-11-07 00:00:00,2023-10-28 04:00:00,2023-10-28 04:00:00
42f75a46-b34a-4aff-9dfe-d18fe69b9bb1,359,2024-06-12 00:00:00,2,140.24,52,16.83,0.0,confirmed,2024-12-05 00:00:00,2024-06-11 00:00:00,2024-06-11 00:00:00
ff12e841-9a01-42ee-8379-1d3b1f5c82d5,104,2024-01-15 00:00:00,6,546.0,138,65.52,0.0,confirmed,2024-02-20 00:00:00,2024-01-14 21:00:00,2024-01-18 21:00:00
de4ff072-995e-4359-a89f-e80933c7c38c,309,2024-01-03 00:00:00,5,783.75,120,94.05,0.0,confirmed,2024-03-25 00:00:00,2024-01-02 21:00:00,2024-01-05 21:00:00
e35a5798-6b27-4fa0-a8d1-a246d6d66ac1,179,2023-07-04 00:00:00,10,5120.0,135,614.4,0.0,confirmed,2023-12-16 00:00:00,2023-07-03 08:00:00,2023-07-09 08:00:00
b4e58e9f-1a5e-40b3-982f-1e6c993c1559,164,2024-04-04 00:00:00,8,680.0,113,81.6,0.0,confirmed,2024-05-25 00:00:00,2024-04-03 13:00:00,2024-04-03 13:00:00
2fafccb6-d117-4cee-8d9d-3da3de75130f,100,2024-07-13 00:00:00,13,1482.0,115,177.84,0.0,confirmed,2024-10-26 00:00:00,2024-07-12 13:00:00,2024-07-12 13:00:00
3c8e0a0f-5937-4fbf-b2eb-ccc659f2c8c6,178,2024-04-05 00:00:00,13,2707.25,49,324.87,270.73,cancelled,2024-08-16 00:00:00,2024-04-04 02:00:00,2024-04-04 02:00:00
d4f12ef5-d116-4901-b78d-da5fed185d0e,206,2023-11-03 00:00:00,7,1529.5,121,183.54,0.0,confirmed,2023-11-06 00:00:00,2023-11-02 00:00:00,2023-11-02 00:00:00
5ee854b9-9183-4d24-9680-ea14888d0c47,328,2023-06-21 00:00:00,10,2660.0,86,319.2,266.0,cancelled,2023-11-03 00:00:00,2023-06-20 05:00:00,2023-06-20 05:00:00
8f68bfa9-a350-4f9e-98b6-77cf076f24a4,90,2023-09-17 00:00:00,2,624.0,83,74.88,0.0,confirmed,2023-11-11 00:00:00,2023-09-16 23:00:00,2023-09-26 23:00:00
8181a8aa-dc51-4368-8de1-c6aed430afe9,189,2024-05-03 00:00:00,4,231.0,99,27.72,0.0,confirmed,2024-08-18 00:00:00,2024-05-02 04:00:00,2024-05-02 04:00:00
fcd1a37b-ee2f-40ab-b4e5-3918c8a5918f,149,2023-11-06 00:00:00,9,4608.0,104,552.96,0.0,confirmed,2023-11-11 00:00:00,2023-11-05 09:00:00,2023-11-05 09:00:00
b1802ced-999f-4bdf-948a-056ffb214e6e,266,2023-08-27 00:00:00,11,1402.5,147,168.3,0.0,confirmed,2023-10-21 00:00:00,2023-08-26 04:00:00,2023-08-26 04:00:00
e4b61858-a7cc-448a-a25c-8b1a0276c0c7,139,2024-04-14 00:00:00,10,1330.0,138,159.6,0.0,confirmed,2024-09-08 00:00:00,2024-04-13 13:00:00,2024-04-13 13:00:00
f96b3565-fc50-4ec6-8b41-6eb9ba3efa6f,329,2023-11-08 00:00:00,9,1968.75,94,236.25,0.0,confirmed,2023-12-23 00:00:00,2023-11-07 02:00:00,2023-11-07 02:00:00
a4c39976-ced9-4a1f-8a54-7aae00597cb9,498,2024-04-22 00:00:00,12,1680.0,112,201.6,168.0,cancelled,2024-10-02 00:00:00,2024-04-21 15:00:00,2024-04-21 15:00:00
0706124f-db25-43cd-8f25-2445e97c717d,468,2023-12-09 00:00:00,3,136.14,112,16.34,0.0,confirmed,2023-12-24 00:00:00,2023-12-08 11:00:00,2023-12-14 11:00:00
c7798114-e852-4c8a-9a43-f86f52dd21ca,177,2023-07-16 00:00:00,10,4140.0,99,496.8,0.0,confirmed,2023-10-20 00:00:00,2023-07-15 00:00:00,2023-07-15 00:00:00
48024327-81ba-4a06-86f3-1c9adfdf3d82,261,2023-10-31 00:00:00,11,2860.0,79,343.2,0.0,confirmed,2023-12-19 00:00:00,2023-10-30 04:00:00,2023-10-30 04:00:00
531cd752-65fb-4757-a434-1dd91c1e5022,160,2024-03-20 00:00:00,1,187.0,81,22.44,0.0,confirmed,2024-04-05 00:00:00,2024-03-19 03:00:00,2024-03-29 03:00:00
9a0274d7-7af2-4739-9d49-afa08c8a3699,24,2023-09-30 00:00:00,7,1260.0,130,151.2,0.0,confirmed,2023-11-10 00:00:00,2023-09-29 11:00:00,2023-09-29 11:00:00
f6da0d4c-47ad-4982-bb9e-92b6bf093263,468,2024-01-18 00:00:00,1,45.38,126,5.45,4.54,cancelled,2024-04-10 00:00:00,2024-01-17 15:00:00,2024-01-17 15:00:00
d90bdeed-ef14-4244-be1f-75a4f556b8cb,138,2024-04-11 00:00:00,9,1150.92,125,138.11,0.0,confirmed,2024-08-01 00:00:00,2024-04-10 03:00:00,2024-04-10 03:00:00
d1752d3c-c2f5-4442-a0e5-fc6aeb3fa139,322,2024-04-04 00:00:00,5,350.6,139,42.07,0.0,confirmed,2024-05-28 00:00:00,2024-04-03 09:00:00,2024-04-03 09:00:00
4653da9c-1fd8-43c5-80ea-433f29683bb6,338,2024-02-01 00:00:00,4,672.0,55,80.64,67.2,cancelled,2024-02-26 00:00:00,2024-01-31 08:00:00,2024-02-05 08:00:00
31c994df-63b7-4b23-b5d0-104005c68647,261,2023-11-16 00:00:00,6,1560.0,147,187.2,156.0,cancelled,2024-04-19 00:00:00,2023-11-15 13:00:00,2023-11-15 13:00:00
0ccda875-d865-442d-b82b-e015df95fa4f,397,2024-04-02 00:00:00,12,2277.0,98,273.24,227.7,cancelled,2024-08-05 00:00:00,2024-04-01 07:00:00,2024-04-01 07:00:00
450f6b95-6f2c-45fc-aeea-cff6aa98d64c,243,2024-03-20 00:00:00,12,1056.0,69,126.72,0.0,confirmed,2024-05-01 00:00:00,2024-03-19 10:00:00,2024-03-19 10:00:00
c5d5c487-8df9-4f6b-8698-7750586f4547,196,2024-01-26 00:00:00,5,948.75,64,113.85,94.88,cancelled,2024-07-02 00:00:00,2024-01-25 10:00:00,2024-01-25 10:00:00
8cdfdd1d-852d-46e0-91b3-f8c47ef38090,282,2023-05-16 00:00:00,2,736.0,104,88.32,0.0,confirmed,2023-06-01 00:00:00,2023-05-15 18:00:00,2023-05-25 18:00:00
5dc1331b-423a-4df3-a46f-beed52bdaa6e,426,2024-02-06 00:00:00,14,1905.68,143,228.68,0.0,confirmed,2024-03-23 00:00:00,2024-02-05 23:00:00,2024-02-05 23:00:00
736d15ba-9fb2-4e30-b7c3-5b122206dd08,486,2023-05-26 00:00:00,3,264.0,83,31.68,0.0,confirmed,2023-07-31 00:00:00,2023-05-25 00:00:00,2023-05-25 00:00:00
290ab598-c8c4-4e5b-9d34-a6017f5e04d3,423,2024-06-09 00:00:00,11,2310.0,125,277.2,0.0,confirmed,2024-09-07 00:00:00,2024-06-08 04:00:00,2024-06-08 04:00:00
3092972b-c444-4072-b52a-c0f9a62c69aa,143,2023-07-24 00:00:00,1,80.0,49,9.6,0.0,confirmed,2023-10-04 00:00:00,2023-07-23 17:00:00,2023-07-23 17:00:00
4341305c-90a1-4d78-9587-e01996622033,120,2023-09-21 00:00:00,7,465.5,66,55.86,0.0,confirmed,2023-10-01 00:00:00,2023-09-20 03:00:00,2023-09-26 03:00:00
79ab8016-28bf-4612-966f-85ab6e7220a2,309,2023-12-18 00:00:00,4,627.0,63,75.24,0.0,confirmed,2024-03-16 00:00:00,2023-12-17 17:00:00,2023-12-17 17:00:00
ed78f21b-0611-42b5-b1cd-f30c1bab4094,415,2023-07-13 00:00:00,5,3910.0,84,469.2,0.0,confirmed,2023-11-20 00:00:00,2023-07-12 23:00:00,2023-07-12 23:00:00
8137f8db-b28e-4bf0-8081-f7e846c25101,222,2023-09-07 00:00:00,2,460.0,56,55.2,46.0,cancelled,2024-01-22 00:00:00,2023-09-06 05:00:00,2023-09-06 05:00:00
93a7536b-e5ca-4c24-9fa3-0e02dc0c5490,60,2023-11-25 00:00:00,10,1320.0,65,158.4,0.0,confirmed,2024-01-28 00:00:00,2023-11-24 21:00:00,2023-11-24 21:00:00
5a348876-13fa-4b09-9abd-06cf49d3b99b,253,2023-05-29 00:00:00,14,2695.0,100,323.4,0.0,confirmed,2023-10-16 00:00:00,2023-05-28 20:00:00,2023-05-28 20:00:00
70524ab6-488f-459d-b6c4-8d0081e07502,280,2024-03-10 00:00:00,4,1056.0,146,126.72,0.0,confirmed,2024-05-31 00:00:00,2024-03-09 09:00:00,2024-03-09 09:00:00
5a5a2572-e90b-40e5-9f3a-17d683804741,15,2023-08-15 00:00:00,5,1155.0,63,138.6,115.5,cancelled,2023-12-30 00:00:00,2023-08-14 11:00:00,2023-08-23 11:00:00
ee36b69a-a59a-4bae-8041-47ebc4966843,4,2023-11-14 00:00:00,11,3135.0,100,376.2,0.0,confirmed,2024-04-26 00:00:00,2023-11-13 16:00:00,2023-11-13 16:00:00
3202dc5e-d8da-409d-85f3-ff59cd25c18b,444,2023-11-03 00:00:00,1,272.0,139,32.64,0.0,confirmed,2024-04-15 00:00:00,2023-11-02 17:00:00,2023-11-02 17:00:00
9e1f01e7-33af-4a84-97b5-4e0cb0367a2e,422,2023-11-11 00:00:00,1,229.5,107,27.54,0.0,confirmed,2023-12-15 00:00:00,2023-11-10 11:00:00,2023-11-10 11:00:00
dc9d509a-3440-4fbe-b754-d1a2196a3e50,346,2023-05-18 00:00:00,8,1280.0,111,153.6,128.0,cancelled,2023-09-19 00:00:00,2023-05-17 14:00:00,2023-05-27 14:00:00
3f50b95c-dbe1-4ed9-b24e-8b57c5ee79ef,163,2023-07-05 00:00:00,8,5520.0,131,662.4,552.0,cancelled,2023-07-11 00:00:00,2023-07-04 17:00:00,2023-07-10 17:00:00
2335d683-9ea2-486e-852f-9bd6778acdfa,261,2023-12-19 00:00:00,4,1040.0,147,124.8,0.0,confirmed,2024-01-30 00:00:00,2023-12-18 05:00:00,2023-12-21 05:00:00
e26380ae-4c63-40a0-9ef0-6c25b4291cf5,491,2023-12-16 00:00:00,9,2142.0,50,257.04,214.2,cancelled,2024-01-14 00:00:00,2023-12-15 22:00:00,2023-12-15 22:00:00
20490211-37f7-4b1a-8ae2-f2d75c41b204,397,2024-01-10 00:00:00,11,2087.25,43,250.47,0.0,confirmed,2024-05-25 00:00:00,2024-01-09 19:00:00,2024-01-09 19:00:00
214e2437-2994-4302-87e2-969a786b4a34,81,2023-11-01 00:00:00,8,1144.0,76,137.28,0.0,confirmed,2024-01-13 00:00:00,2023-10-31 11:00:00,2023-11-02 11:00:00
fd04a382-fcd3-491e-8234-4d55f9819094,437,2024-01-09 00:00:00,8,1760.0,110,211.2,176.0,cancelled,2024-01-22 00:00:00,2024-01-08 04:00:00,2024-01-08 04:00:00
b43b8255-dbb4-4faf-a84c-66691493e772,366,2023-10-05 00:00:00,5,805.0,127,96.6,80.5,cancelled,2024-03-16 00:00:00,2023-10-04 23:00:00,2023-10-04 23:00:00
ba192eed-e9bf-4613-950a-7ed421890278,205,2024-02-10 00:00:00,3,855.0,147,102.6,0.0,confirmed,2024-03-15 00:00:00,2024-02-09 06:00:00,2024-02-09 06:00:00
74d7976e-6397-4df7-b008-82e9c29a5b54,260,2023-09-09 00:00:00,11,1463.0,132,175.56,0.0,confirmed,2023-10-28 00:00:00,2023-09-08 20:00:00,2023-09-08 20:00:00
99e1f77a-fe05-4ea9-8e87-9cec804f4d04,347,2024-04-14 00:00:00,4,2112.0,41,253.44,0.0,confirmed,2024-09-13 00:00:00,2024-04-13 03:00:00,2024-04-13 03:00:00
4ec15965-0e55-443c-add7-1fc71cb2140b,214,2023-08-09 00:00:00,13,4290.0,89,514.8,0.0,confirmed,2023-10-11 00:00:00,2023-08-08 09:00:00,2023-08-08 09:00:00
5f78911f-6274-4540-b8a9-e09e76b27146,154,2023-04-30 00:00:00,5,550.0,66,66.0,0.0,confirmed,2023-06-07 00:00:00,2023-04-29 04:00:00,2023-04-29 04:00:00
2dfa424a-f108-4b5b-a166-85c7c3684261,348,2023-09-30 00:00:00,4,220.0,70,26.4,0.0,confirmed,2024-01-08 00:00:00,2023-09-29 07:00:00,2023-09-29 07:00:00
542c436e-8566-4848-96c0-a5ce5d9c1773,118,2024-05-09 00:00:00,5,1600.0,120,192.0,0.0,confirmed,2024-10-29 00:00:00,2024-05-08 02:00:00,2024-05-08 02:00:00
0754159f-ec71-4ce9-8347-01569412dd1e,443,2023-06-07 00:00:00,12,2394.0,96,287.28,239.4,cancelled,2023-09-20 00:00:00,2023-06-06 23:00:00,2023-06-06 23:00:00
7adc3547-80b5-4308-8865-26e175e421c9,147,2023-10-03 00:00:00,1,104.5,113,12.54,10.45,cancelled,2023-11-08 00:00:00,2023-10-02 05:00:00,2023-10-02 05:00:00
59267bea-6f50-4abe-add1-fc6939de62cf,325,2023-07-02 00:00:00,10,2880.0,90,345.6,0.0,confirmed,2023-10-12 00:00:00,2023-07-01 05:00:00,2023-07-01 05:00:00
875ca6d1-3909-4418-82e3-5fd525f6dd06,162,2024-03-07 00:00:00,11,1237.5,100,148.5,123.75,cancelled,2024-08-30 00:00:00,2024-03-06 06:00:00,2024-03-06 06:00:00
fcf3a73a-ebcd-4218-81b2-13191d75386a,105,2023-11-02 00:00:00,4,308.0,142,36.96,30.8,cancelled,2024-03-13 00:00:00,2023-11-01 02:00:00,2023-11-01 02:00:00
7e2a58fc-c81f-4dde-bfb9-867905d1d509,193,2023-11-28 00:00:00,5,977.5,78,117.3,0.0,confirmed,2023-11-30 00:00:00,2023-11-27 06:00:00,2023-11-29 06:00:00
d950e9a6-1296-4814-b4cf-e71e38033ee4,480,2023-09-13 00:00:00,11,1232.0,136,147.84,0.0,confirmed,2023-09-19 00:00:00,2023-09-12 11:00:00,2023-09-12 11:00:00
3fb736db-1031-4d74-b4ef-83eec3e6dbeb,86,2023-08-05 00:00:00,9,2592.0,125,311.04,0.0,confirmed,2023-12-26 00:00:00,2023-08-04 01:00:00,2023-08-04 01:00:00
2db73121-4f51-4aa1-87aa-b76c7f9147f5,492,2023-11-28 00:00:00,6,1344.0,62,161.28,0.0,confirmed,2024-03-11 00:00:00,2023-11-27 12:00:00,2023-12-01 12:00:00
b9da1054-a092-49c8-b0e9-49434037529f,250,2024-03-05 00:00:00,3,816.0,129,97.92,0.0,confirmed,2024-04-02 00:00:00,2024-03-04 11:00:00,2024-03-04 11:00:00
2de68636-0729-4cc8-9292-19664b6ebae9,100,2024-07-24 00:00:00,5,570.0,141,68.4,57.0,cancelled,2024-12-09 00:00:00,2024-07-23 19:00:00,2024-07-23 19:00:00
1128dd21-9a8b-403c-8c93-81b2dc859c91,464,2023-07-31 00:00:00,13,2080.0,127,249.6,0.0,confirmed,2023-08-16 00:00:00,2023-07-30 09:00:00,2023-07-30 09:00:00
dad3b973-f848-4957-b861-45e8836046e9,131,2023-11-30 00:00:00,6,1920.0,114,230.4,192.0,cancelled,2024-02-29 00:00:00,2023-11-29 05:00:00,2023-11-29 05:00:00
53167e55-2b94-46fa-a751-8268058a3348,42,2023-02-28 00:00:00,4,918.0,85,110.16,0.0,confirmed,2023-04-12 00:00:00,2023-02-27 20:00:00,2023-03-09 20:00:00
813fddef-3580-45c0-87bb-845816bb4972,301,2024-02-25 00:00:00,12,841.44,54,100.97,0.0,confirmed,2024-06-29 00:00:00,2024-02-24 02:00:00,2024-02-24 02:00:00
fc4b0f78-248a-47d5-8c08-0c6701a3b20b,155,2024-02-09 00:00:00,12,1716.0,115,205.92,0.0,confirmed,2024-04-13 00:00:00,2024-02-08 21:00:00,2024-02-08 21:00:00
7866577f-5da6-4293-9692-9f5c10c3f585,334,2024-03-27 00:00:00,13,1173.25,58,140.79,0.0,confirmed,2024-07-02 00:00:00,2024-03-26 02:00:00,2024-03-26 02:00:00
49eb6b49-19f4-4ef1-bdac-d7996553a9a1,178,2023-12-28 00:00:00,12,2499.0,56,299.88,0.0,confirmed,2024-02-19 00:00:00,2023-12-27 22:00:00,2023-12-27 22:00:00
a0f3b820-f6dc-4ccd-a138-5d0ddf66da91,444,2023-06-11 00:00:00,2,544.0,95,65.28,0.0,confirmed,2023-09-16 00:00:00,2023-06-10 23:00:00,2023-06-10 23:00:00
ae30a7e6-4dfd-4bf8-a50d-32718c505bc5,281,2024-08-07 00:00:00,14,2128.0,44,255.36,0.0,confirmed,2024-12-18 00:00:00,2024-08-06 12:00:00,2024-08-06 12:00:00
e1e2356f-b3be-4494-9c5b-68fd69d2727f,327,2023-10-13 00:00:00,1,558.0,64,66.96,0.0,confirmed,2024-03-13 00:00:00,2023-10-12 20:00:00,2023-10-12 20:00:00
5bd3a4f1-f9ac-4074-95e9-1d0aadca8148,153,2024-08-04 00:00:00,10,3000.0,133,360.0,300.0,cancelled,2024-12-26 00:00:00,2024-08-03 05:00:00,2024-08-03 05:00:00
04353d1f-2db4-4e82-b8ac-00d9623eeb7a,269,2024-05-26 00:00:00,12,2652.0,42,318.24,265.2,cancelled,2024-11-14 00:00:00,2024-05-25 02:00:00,2024-05-25 02:00:00
a467d9fc-3d5c-44a6-9e07-6dcad3c73553,351,2023-10-06 00:00:00,11,2541.0,63,304.92,0.0,confirmed,2023-11-05 00:00:00,2023-10-05 04:00:00,2023-10-05 04:00:00
b4999e92-282f-4463-8d31-e504b8290b22,271,2024-01-14 00:00:00,14,3136.0,51,376.32,0.0,confirmed,2024-02-20 00:00:00,2024-01-13 21:00:00,2024-01-13 21:00:00
f007e9cd-c881-4782-b1f4-d3fc6c4c508c,119,2023-11-26 00:00:00,13,1547.0,108,185.64,0.0,confirmed,2023-12-10 00:00:00,2023-11-25 23:00:00,2023-11-25 23:00:00
d3e8fcdb-b87e-4ba0-be1e-cf7a45653661,38,2023-10-09 00:00:00,13,4290.0,94,514.8,429.0,cancelled,2024-03-18 00:00:00,2023-10-08 21:00:00,2023-10-08 21:00:00
3703d45c-35c0-4531-a44e-6e6618e2ff0b,146,2023-11-01 00:00:00,8,3234.0,84,388.08,323.4,cancelled,2024-01-12 00:00:00,2023-10-31 06:00:00,2023-10-31 06:00:00
f8a3e81c-0186-4163-ac03-b2cdcac365f9,359,2024-04-18 00:00:00,8,560.96,115,67.32,56.1,cancelled,2024-07-14 00:00:00,2024-04-17 22:00:00,2024-04-17 22:00:00
516281fe-bdf1-42f7-8044-01d9e8d6c1cf,290,2023-08-20 00:00:00,3,420.0,61,50.4,0.0,confirmed,2023-09-18 00:00:00,2023-08-19 02:00:00,2023-08-19 02:00:00
544219fe-b9d7-4139-80df-cd5ce9a7f684,495,2024-07-05 00:00:00,1,150.0,82,18.0,0.0,confirmed,2024-09-10 00:00:00,2024-07-04 18:00:00,2024-07-04 18:00:00
bb41c5fa-26d5-4472-b14b-fbce3bd39c42,23,2023-08-26 00:00:00,8,952.0,110,114.24,0.0,confirmed,2024-02-13 00:00:00,2023-08-25 07:00:00,2023-08-27 07:00:00
db9cd940-894a-4ef7-8049-ab204b649298,263,2023-04-18 00:00:00,8,1232.0,59,147.84,0.0,confirmed,2023-06-03 00:00:00,2023-04-17 04:00:00,2023-04-17 04:00:00
8eceab95-6c1b-4467-a511-7d557bddf9f2,416,2023-11-09 00:00:00,4,308.0,130,36.96,30.8,cancelled,2024-01-11 00:00:00,2023-11-08 10:00:00,2023-11-08 10:00:00
7ee88bba-9700-4c65-bf05-5acb1971b0c3,439,2023-07-11 00:00:00,1,184.0,49,22.08,18.4,cancelled,2023-11-23 00:00:00,2023-07-10 09:00:00,2023-07-10 09:00:00
705fc1da-99b3-4033-9716-42931c5ba59e,165,2023-11-09 00:00:00,10,2240.0,128,268.8,0.0,confirmed,2023-12-08 00:00:00,2023-11-08 13:00:00,2023-11-08 13:00:00
e56bf591-708a-4241-99c7-e43ba7d84439,294,2024-01-26 00:00:00,12,1767.0,147,212.04,0.0,confirmed,2024-02-24 00:00:00,2024-01-25 00:00:00,2024-01-25 00:00:00
84640724-a1ed-4a9a-bcd1-09d4aec97178,314,2023-08-16 00:00:00,13,2652.0,93,318.24,265.2,cancelled,2023-12-03 00:00:00,2023-08-15 17:00:00,2023-08-15 17:00:00
4b2ab248-0849-4409-a11e-fd6fc4a1cfab,323,2024-02-05 00:00:00,1,165.0,85,19.8,0.0,confirmed,2024-03-21 00:00:00,2024-02-04 02:00:00,2024-02-12 02:00:00
2627f1be-a852-44ad-bb63-6075f4bcb50e,92,2024-08-12 00:00:00,8,532.0,48,63.84,0.0,confirmed,2024-11-05 00:00:00,2024-08-11 12:00:00,2024-08-11 12:00:00
8d7e5cbe-f341-42e2-9b36-a6e01956b35d,148,2024-04-04 00:00:00,3,511.5,143,61.38,0.0,confirmed,2024-05-05 00:00:00,2024-04-03 14:00:00,2024-04-03 14:00:00
cfe9d379-5c46-4940-8fa8-adc7b2533d2d,135,2023-11-15 00:00:00,6,660.0,80,79.2,66.0,cancelled,2024-01-30 00:00:00,2023-11-14 08:00:00,2023-11-14 08:00:00
53720838-6c39-4e5f-95d2-04d23fe2eb9f,198,2024-04-20 00:00:00,7,3136.0,49,376.32,313.6,cancelled,2024-08-27 00:00:00,2024-04-19 06:00:00,2024-04-19 06:00:00
bd14d08d-553e-48d2-806b-030f1e5e44ad,132,2023-10-05 00:00:00,5,1650.0,46,198.0,165.0,cancelled,2024-01-06 00:00:00,2023-10-04 09:00:00,2023-10-04 09:00:00
631c9c46-eda7-4aee-8fdb-f242d79825c1,17,2023-06-03 00:00:00,8,2176.0,47,261.12,0.0,confirmed,2023-10-11 00:00:00,2023-06-02 12:00:00,2023-06-02 12:00:00
97527292-9a9f-4c92-95a2-76eced7bcf92,392,2024-06-20 00:00:00,10,1120.0,128,134.4,112.0,cancelled,2024-10-20 00:00:00,2024-06-19 16:00:00,2024-06-19 16:00:00
8695ad99-6051-4abc-a1fe-e3d52c0f7042,268,2023-08-25 00:00:00,14,2926.0,50,351.12,0.0,confirmed,2023-09-22 00:00:00,2023-08-24 22:00:00,2023-09-01 22:00:00
fc1a8757-92ef-428b-87f8-5b2411bbac87,304,2024-08-08 00:00:00,1,110.0,117,13.2,11.0,cancelled,2024-12-08 00:00:00,2024-08-07 05:00:00,2024-08-07 05:00:00
ea804523-6d18-4610-a9b5-b870a8b3667b,361,2024-03-03 00:00:00,5,288.75,67,34.65,28.88,cancelled,2024-06-28 00:00:00,2024-03-02 14:00:00,2024-03-02 14:00:00
3abe5bfa-9ed2-4bd4-895d-3a38031280e4,465,2024-01-05 00:00:00,4,532.0,48,63.84,0.0,confirmed,2024-01-09 00:00:00,2024-01-04 01:00:00,2024-01-04 01:00:00
3dd1a8b3-c756-423a-81c0-92967732efe9,133,2023-10-14 00:00:00,1,429.0,150,51.48,0.0,confirmed,2024-01-26 00:00:00,2023-10-13 14:00:00,2023-10-13 14:00:00
1ed35ddc-6fb0-46c6-bdd5-50366c7c4528,128,2023-06-26 00:00:00,13,864.5,84,103.74,0.0,confirmed,2023-11-29 00:00:00,2023-06-25 05:00:00,2023-06-25 05:00:00
df1197f0-8140-4f0d-af99-30cb8e85f302,6,2023-05-05 00:00:00,4,1512.0,144,181.44,0.0,confirmed,2023-09-20 00:00:00,2023-05-04 06:00:00,2023-05-04 06:00:00
07b5fb78-dcc8-4b72-84c9-f1460d713d1c,348,2023-09-30 00:00:00,11,605.0,42,72.6,0.0,confirmed,2023-12-02 00:00:00,2023-09-29 12:00:00,2023-09-29 12:00:00
e29e0f84-6bb2-417a-82e6-aba1f42ccf24,152,2023-06-18 00:00:00,7,2835.0,130,340.2,0.0,confirmed,2023-12-01 00:00:00,2023-06-17 14:00:00,2023-06-17 14:00:00
ec9338f4-0fb1-4bc5-867b-a1b5417f913b,39,2023-06-13 00:00:00,6,792.0,150,95.04,0.0,confirmed,2023-08-04 00:00:00,2023-06-12 04:00:00,2023-06-12 04:00:00
b104746d-fa88-495b-bd2a-4b8a044bdf33,209,2023-10-15 00:00:00,2,272.24,150,32.67,27.22,cancelled,2024-04-05 00:00:00,2023-10-14 14:00:00,2023-10-14 14:00:00
8f667bd4-6a0f-4b42-be57-5c1bcb758386,495,2023-11-20 00:00:00,13,1950.0,40,234.0,0.0,confirmed,2024-04-21 00:00:00,2023-11-19 21:00:00,2023-11-26 21:00:00
5bb6faa0-44c9-40a7-ba81-389a3a375857,197,2024-05-25 00:00:00,10,3135.0,63,376.2,0.0,confirmed,2024-07-24 00:00:00,2024-05-24 17:00:00,2024-05-24 17:00:00
390ca32a-609d-4906-b7c6-ab08c42b536b,76,2024-04-08 00:00:00,2,238.0,125,28.56,23.8,cancelled,2024-08-05 00:00:00,2024-04-07 14:00:00,2024-04-07 14:00:00
54ef3863-ad6a-4f53-9a89-e9cae5de7ba0,496,2024-01-05 00:00:00,13,4680.0,94,561.6,468.0,cancelled,2024-06-14 00:00:00,2024-01-04 16:00:00,2024-01-04 16:00:00
87be3db9-8e28-4836-9cd4-a1ae5d555037,209,2023-11-08 00:00:00,5,680.6,146,81.67,0.0,confirmed,2024-02-13 00:00:00,2023-11-07 00:00:00,2023-11-07 00:00:00
58ffef11-8b99-43c0-ad30-90b30cd1ca6d,197,2023-12-04 00:00:00,6,1881.0,95,225.72,188.1,cancelled,2024-03-27 00:00:00,2023-12-03 23:00:00,2023-12-03 23:00:00
8ed0ad87-4277-42d3-b7de-b7e2a3b96797,206,2024-05-07 00:00:00,3,655.5,79,78.66,0.0,confirmed,2024-07-09 00:00:00,2024-05-06 22:00:00,2024-05-06 22:00:00
b6953694-b916-4ac2-b277-6a76be185df5,217,2023-05-24 00:00:00,2,494.0,48,59.28,0.0,confirmed,2023-07-16 00:00:00,2023-05-23 02:00:00,2023-05-23 02:00:00
b42697ff-2849-4cd2-9769-1eece065fe1a,285,2023-12-23 00:00:00,2,247.5,88,29.7,0.0,confirmed,2024-01-05 00:00:00,2023-12-22 07:00:00,2023-12-22 07:00:00
67336ff8-1c69-46b6-9ddb-9c4eb546160c,156,2023-06-14 00:00:00,7,997.5,42,119.7,0.0,confirmed,2023-07-24 00:00:00,2023-06-13 13:00:00,2023-06-13 13:00:00
7e38b9f2-daf3-4d03-b87d-e36cc6b5175c,57,2023-08-24 00:00:00,3,495.0,122,59.4,49.5,cancelled,2024-01-02 00:00:00,2023-08-23 07:00:00,2023-08-23 07:00:00
e238caee-38aa-468a-bc29-7bcec817870c,140,2024-03-21 00:00:00,12,1386.0,45,166.32,0.0,confirmed,2024-07-31 00:00:00,2024-03-20 20:00:00,2024-03-20 20:00:00
56897894-f8e7-4ecd-9b3b-2587f525b5dc,447,2023-05-08 00:00:00,11,3366.0,131,403.92,0.0,confirmed,2023-08-30 00:00:00,2023-05-07 09:00:00,2023-05-07 09:00:00
8d0d498d-d4cd-43b1-a280-56d74e3c222f,4,2024-05-26 00:00:00,1,285.0,70,34.2,0.0,confirmed,2024-09-05 00:00:00,2024-05-25 22:00:00,2024-05-25 22:00:00
f8a8a24e-983d-4842-bcde-5fe38841e9a6,142,2023-09-16 00:00:00,13,2002.0,52,240.24,200.2,cancelled,2024-01-08 00:00:00,2023-09-15 16:00:00,2023-09-15 16:00:00
19bc433a-c277-41cc-8930-11915232e594,127,2023-11-26 00:00:00,8,560.0,64,67.2,56.0,cancelled,2024-02-16 00:00:00,2023-11-25 12:00:00,2023-11-25 12:00:00
4f16f6c5-9dd5-4268-b9b1-3ff7b264317e,141,2023-09-25 00:00:00,12,1485.0,104,178.2,148.5,cancelled,2024-01-17 00:00:00,2023-09-24 08:00:00,2023-09-24 08:00:00
19ceacaf-11ea-4e0e-a84a-3d725b699ac7,310,2024-05-25 00:00:00,13,1716.0,116,205.92,0.0,confirmed,2024-05-28 00:00:00,2024-05-24 01:00:00,2024-05-24 01:00:00
1483010d-f51e-4d26-8220-3f67d4765c5a,278,2023-06-24 00:00:00,13,2002.0,104,240.24,0.0,confirmed,2023-11-02 00:00:00,2023-06-23 12:00:00,2023-06-29 12:00:00
53a06c2f-905e-406b-9138-0d6b26369586,57,2023-02-11 00:00:00,12,1980.0,60,237.6,0.0,confirmed,2023-04-07 00:00:00,2023-02-10 00:00:00,2023-02-10 00:00:00
e72f0c2d-8951-41a6-b4b6-5b4e4b28afa4,240,2024-02-21 00:00:00,10,3520.0,110,422.4,0.0,confirmed,2024-05-19 00:00:00,2024-02-20 14:00:00,2024-02-20 14:00:00
5ce5bf10-6278-4aa0-bc8e-af650b5c8d25,311,2023-11-01 00:00:00,1,181.5,128,21.78,0.0,confirmed,2024-03-10 00:00:00,2023-10-31 21:00:00,2023-10-31 21:00:00
64516086-a164-4027-b629-49612bb1d048,149,2023-04-20 00:00:00,10,5120.0,79,614.4,512.0,cancelled,2023-09-15 00:00:00,2023-04-19 21:00:00,2023-04-19 21:00:00
098f51fd-e7d0-48f6-84d8-f8bee541ae28,167,2023-06-18 00:00:00,3,1521.0,100,182.52,0.0,confirmed,2023-10-23 00:00:00,2023-06-17 10:00:00,2023-06-17 10:00:00
e5c2a16e-b2ab-43d4-bd99-ed0b61ab9b81,251,2023-11-09 00:00:00,3,569.25,101,68.31,0.0,confirmed,2024-03-19 00:00:00,2023-11-08 11:00:00,2023-11-08 11:00:00
e3fcd759-9c1a-4a8e-a529-b5ba4e1b2db5,477,2023-12-25 00:00:00,3,206.25,65,24.75,0.0,confirmed,2024-02-17 00:00:00,2023-12-24 00:00:00,2023-12-25 00:00:00
cdb98647-0e34-430f-bbf7-b1c941e61511,14,2024-01-06 00:00:00,13,1072.5,135,128.7,0.0,confirmed,2024-06-27 00:00:00,2024-01-05 14:00:00,2024-01-05 14:00:00
a1817766-500b-46d7-8b1c-fd80f68c6beb,361,2023-10-30 00:00:00,13,750.75,48,90.09,0.0,confirmed,2024-04-08 00:00:00,2023-10-29 17:00:00,2023-11-06 17:00:00
2a5d4dc1-4dd8-4430-9c7b-6be659c59347,28,2024-06-04 00:00:00,4,896.0,144,107.52,0.0,confirmed,2024-11-12 00:00:00,2024-06-03 04:00:00,2024-06-03 04:00:00
c5c11e66-993f-4fd6-a7ec-3e62ecd51ed7,356,2024-03-05 00:00:00,8,2664.0,70,319.68,0.0,confirmed,2024-05-13 00:00:00,2024-03-04 07:00:00,2024-03-04 07:00:00
578f5a11-c425-491b-ba96-d576ac62c46f,328,2023-10-18 00:00:00,5,1330.0,76,159.6,0.0,confirmed,2024-02-19 00:00:00,2023-10-17 08:00:00,2023-10-17 08:00:00
a59469bf-2b94-43ad-a1e1-e594b1e64ba7,25,2023-12-12 00:00:00,5,268.1,73,32.17,0.0,confirmed,2024-05-06 00:00:00,2023-12-11 15:00:00,2023-12-11 15:00:00
041434e5-55ae-4b07-82ca-0f4e9487dd90,128,2023-03-30 00:00:00,6,399.0,117,47.88,0.0,confirmed,2023-05-08 00:00:00,2023-03-29 21:00:00,2023-03-29 21:00:00
9473b96e-dab8-4979-aa98-df28a553f627,27,2024-07-02 00:00:00,6,2232.0,137,267.84,0.0,confirmed,2024-07-27 00:00:00,2024-07-01 13:00:00,2024-07-01 13:00:00
34485507-e56f-463e-b488-80154e09fab4,155,2023-06-29 00:00:00,13,1859.0,56,223.08,185.9,cancelled,2023-09-07 00:00:00,2023-06-28 02:00:00,2023-07-04 02:00:00
157dcb7a-eb5f-4a19-8237-daa7df00825a,121,2023-08-28 00:00:00,14,1330.0,113,159.6,0.0,confirmed,2023-12-23 00:00:00,2023-08-27 10:00:00,2023-08-27 10:00:00
78d19aa9-4765-4434-8980-1a9dd5e6df6a,136,2024-03-27 00:00:00,10,1472.5,93,176.7,0.0,confirmed,2024-07-04 00:00:00,2024-03-26 08:00:00,2024-03-26 08:00:00
ac0bbaa8-cd9d-45f2-9937-938e85a6b984,418,2024-07-25 00:00:00,12,3600.0,55,432.0,360.0,cancelled,2024-12-12 00:00:00,2024-07-24 01:00:00,2024-07-24 01:00:00
b1f01c52-8a01-4dce-8a93-248c32553324,252,2024-01-02 00:00:00,12,3936.0,75,472.32,0.0,confirmed,2024-05-26 00:00:00,2024-01-01 12:00:00,2024-01-01 12:00:00
f83e379f-79f0-4a13-b6f7-c91f05bbc404,292,2024-04-28 00:00:00,8,5040.0,59,604.8,504.0,cancelled,2024-08-04 00:00:00,2024-04-27 21:00:00,2024-04-27 21:00:00
11ae16cc-37bd-4e30-b795-171edc707827,306,2024-03-06 00:00:00,4,504.0,54,60.48,0.0,confirmed,2024-07-09 00:00:00,2024-03-05 01:00:00,2024-03-05 01:00:00
35259c0f-d4cc-4e90-bf57-0f4052e262a3,426,2024-05-26 00:00:00,2,272.24,60,32.67,27.22,cancelled,2024-08-05 00:00:00,2024-05-25 09:00:00,2024-05-25 09:00:00
31c39ba4-be0f-4141-828f-1e12494e08e0,342,2023-12-03 00:00:00,9,810.0,109,97.2,0.0,confirmed,2024-03-06 00:00:00,2023-12-02 10:00:00,2023-12-06 10:00:00
d400428a-61d5-45b5-9ed3-82efa0d2333a,200,2024-05-02 00:00:00,10,3052.5,86,366.3,0.0,confirmed,2024-05-06 00:00:00,2024-05-01 19:00:00,2024-05-03 19:00:00
a05aed23-095f-43b6-8f92-7c88b09f50fb,118,2024-07-09 00:00:00,3,960.0,69,115.2,0.0,confirmed,2024-12-05 00:00:00,2024-07-08 05:00:00,2024-07-08 05:00:00
36cefe45-98cf-4839-95ce-7b4df131697a,83,2023-04-02 00:00:00,3,1872.0,80,224.64,187.2,cancelled,2023-09-14 00:00:00,2023-04-01 04:00:00,2023-04-01 04:00:00
d67b1306-214d-4401-9ae2-c9aa4efe4069,198,2024-01-10 00:00:00,3,1344.0,119,161.28,0.0,confirmed,2024-06-06 00:00:00,2024-01-09 10:00:00,2024-01-09 10:00:00
71cead24-20fd-4b96-9509-1229619bf2e6,355,2024-06-10 00:00:00,3,855.0,139,102.6,0.0,confirmed,2024-09-09 00:00:00,2024-06-09 19:00:00,2024-06-09 19:00:00
d26fc1c6-5f97-4ba9-8490-89a7353a374d,191,2023-12-03 00:00:00,11,4807.0,111,576.84,480.7,cancelled,2024-04-29 00:00:00,2023-12-02 04:00:00,2023-12-02 04:00:00
87f2a68f-672f-45e8-b93a-a51478ff3264,249,2023-08-17 00:00:00,14,1463.0,44,175.56,146.3,cancelled,2024-01-13 00:00:00,2023-08-16 16:00:00,2023-08-16 16:00:00
5fb821c8-4dbd-44d7-a335-e0e9f517490c,195,2024-02-29 00:00:00,7,465.5,122,55.86,0.0,confirmed,2024-06-05 00:00:00,2024-02-28 18:00:00,2024-02-28 18:00:00
88b498d0-de57-47bc-95ed-b0251b651e4d,329,2023-06-16 00:00:00,13,2843.75,148,341.25,0.0,confirmed,2023-08-08 00:00:00,2023-06-15 04:00:00,2023-06-15 04:00:00
d0dd8b21-6a1f-4f42-ae43-49cc08c039d0,157,2024-06-28 00:00:00,12,6624.0,107,794.88,662.4,cancelled,2024-12-07 00:00:00,2024-06-27 22:00:00,2024-06-27 22:00:00
602cc5ce-2731-4532-bd97-97fe81ae0f03,176,2024-06-16 00:00:00,14,2310.0,84,277.2,0.0,confirmed,2024-12-02 00:00:00,2024-06-15 20:00:00,2024-06-15 20:00:00
e1031ad9-e6f7-4a96-8a68-111c2f26ecc5,195,2024-03-13 00:00:00,14,931.0,130,111.72,0.0,confirmed,2024-07-20 00:00:00,2024-03-12 08:00:00,2024-03-22 08:00:00
bc1ca4ad-088f-474c-b8f1-3002520d2362,91,2023-06-15 00:00:00,8,1216.0,50,145.92,0.0,confirmed,2023-07-25 00:00:00,2023-06-14 04:00:00,2023-06-14 04:00:00
f9e5d016-12bb-447d-b06e-6d630946443a,391,2023-11-25 00:00:00,9,1080.0,114,129.6,0.0,confirmed,2024-02-16 00:00:00,2023-11-24 07:00:00,2023-11-24 07:00:00
62239b0e-d7d7-46b3-a78a-835dd4d2bcc5,160,2024-03-24 00:00:00,9,1683.0,46,201.96,0.0,confirmed,2024-07-07 00:00:00,2024-03-23 21:00:00,2024-03-23 21:00:00
c01c08f9-a6fd-40cf-9cec-278146732fb5,307,2024-03-19 00:00:00,3,588.0,98,70.56,0.0,confirmed,2024-07-27 00:00:00,2024-03-18 08:00:00,2024-03-18 08:00:00
b62ea58a-181e-4431-8cc4-37efb6e99ca9,89,2024-06-04 00:00:00,3,256.5,57,30.78,0.0,confirmed,2024-06-16 00:00:00,2024-06-03 08:00:00,2024-06-03 08:00:00
cb297549-50b1-4cc5-9052-37cdae82207b,232,2023-12-01 00:00:00,7,784.0,63,94.08,78.4,cancelled,2024-05-28 00:00:00,2023-11-30 15:00:00,2023-11-30 15:00:00
1ac5c7ca-9690-4777-af96-4a296a01876c,47,2023-10-14 00:00:00,7,565.25,67,67.83,0.0,confirmed,2024-03-14 00:00:00,2023-10-13 09:00:00,2023-10-13 09:00:00
8e6c946f-4522-4c0e-af84-9ca65f662451,282,2023-10-01 00:00:00,7,2576.0,40,309.12,0.0,confirmed,2024-03-09 00:00:00,2023-09-30 11:00:00,2023-09-30 11:00:00
76806876-6f9b-4a92-81b5-54f8c62b6d7d,288,2023-04-07 00:00:00,6,672.0,125,80.64,0.0,confirmed,2023-05-20 00:00:00,2023-04-06 18:00:00,2023-04-06 18:00:00
2b8e4fd6-26e3-4cb0-a4f5-b70dd79af66c,499,2023-03-30 00:00:00,2,176.0,95,21.12,17.6,cancelled,2023-07-08 00:00:00,2023-03-29 16:00:00,2023-03-29 16:00:00
59912ab3-7d1f-45f1-a4d7-863010a18a65,415,2023-03-18 00:00:00,7,5474.0,58,656.88,0.0,confirmed,2023-03-26 00:00:00,2023-03-17 18:00:00,2023-03-17 18:00:00
42482d08-9a40-4e47-87d1-ec8b375104a7,406,2024-03-07 00:00:00,7,1400.0,144,168.0,140.0,cancelled,2024-07-30 00:00:00,2024-03-06 09:00:00,2024-03-06 09:00:00
86a6a228-9bd8-4221-b923-204485b9f2a7,277,2023-10-07 00:00:00,4,952.0,80,114.24,95.2,cancelled,2024-01-06 00:00:00,2023-10-06 00:00:00,2023-10-06 00:00:00
11ea432c-ac88-4528-8f2e-2afd98d40a9b,355,2024-03-16 00:00:00,9,2565.0,60,307.8,0.0,confirmed,2024-07-07 00:00:00,2024-03-15 03:00:00,2024-03-15 03:00:00
2342f0b6-dbc3-457a-995f-f494cf274b7b,406,2024-03-05 00:00:00,1,200.0,74,24.0,20.0,cancelled,2024-05-05 00:00:00,2024-03-04 06:00:00,2024-03-08 06:00:00
f5322a5d-3eaa-4953-ab60-b7f39e92c81d,352,2024-03-27 00:00:00,4,858.0,136,102.96,0.0,confirmed,2024-07-19 00:00:00,2024-03-26 21:00:00,2024-03-26 21:00:00
54a9d6c4-8277-42ee-9e0b-529a37df4206,282,2023-10-17 00:00:00,7,2576.0,88,309.12,0.0,confirmed,2023-10-20 00:00:00,2023-10-16 03:00:00,2023-10-16 03:00:00
d3c85093-eac1-49ee-87d2-b5f97dc3cb34,56,2023-04-27 00:00:00,6,1536.0,134,184.32,153.6,cancelled,2023-09-04 00:00:00,2023-04-26 04:00:00,2023-04-26 04:00:00
12a4a55b-0ab2-490f-81ba-0de803f965f7,101,2024-05-22 00:00:00,8,560.96,133,67.32,0.0,confirmed,2024-07-10 00:00:00,2024-05-21 01:00:00,2024-05-21 01:00:00
fd290387-462f-4d42-bd5c-9e83767e5ecd,117,2023-11-26 00:00:00,13,2080.0,147,249.6,0.0,confirmed,2024-04-15 00:00:00,2023-11-25 07:00:00,2023-11-25 07:00:00
7366d2c0-5e67-4647-b2db-16b8d15bcfe3,393,2024-08-25 00:00:00,11,2530.0,107,303.6,0.0,confirmed,2024-10-02 00:00:00,2024-08-24 09:00:00,2024-08-24 09:00:00
2903a0fc-c5fd-4f2e-b5a5-c235901ded20,56,2023-11-27 00:00:00,10,2560.0,82,307.2,0.0,confirmed,2024-05-06 00:00:00,2023-11-26 05:00:00,2023-11-26 05:00:00
64f8e811-d8bc-446d-8f19-091c0098ef40,307,2024-06-12 00:00:00,7,1372.0,42,164.64,0.0,confirmed,2024-06-22 00:00:00,2024-06-11 04:00:00,2024-06-11 04:00:00
72ba9d4f-273f-4e22-9f1a-d676719cfb55,461,2023-09-18 00:00:00,9,5760.0,142,691.2,576.0,cancelled,2023-12-27 00:00:00,2023-09-17 20:00:00,2023-09-17 20:00:00
76c8c242-6a25-4424-8b10-11b6c288bd2c,399,2023-11-16 00:00:00,14,2915.5,70,349.86,291.55,cancelled,2024-04-12 00:00:00,2023-11-15 04:00:00,2023-11-15 04:00:00
7de6953e-fb60-49c2-b1b5-147800a99c53,155,2024-02-02 00:00:00,7,1001.0,131,120.12,0.0,confirmed,2024-03-22 00:00:00,2024-02-01 09:00:00,2024-02-01 09:00:00
ebd00687-3835-46f9-9143-72b4fd1512dd,269,2024-07-02 00:00:00,14,3094.0,100,371.28,309.4,cancelled,2024-11-11 00:00:00,2024-07-01 04:00:00,2024-07-01 04:00:00
3df7b774-5e1f-4806-a8ac-d1b04555acbb,421,2024-03-11 00:00:00,11,6765.0,77,811.8,0.0,confirmed,2024-08-07 00:00:00,2024-03-10 17:00:00,2024-03-10 17:00:00
8f1cdaa9-f33b-4d29-b996-633ec40b5143,208,2024-01-11 00:00:00,2,798.0,129,95.76,0.0,confirmed,2024-06-12 00:00:00,2024-01-10 12:00:00,2024-01-10 12:00:00
4d0c16c9-61c4-48e2-8a7a-27134cf741e0,245,2024-04-02 00:00:00,12,2268.0,75,272.16,226.8,cancelled,2024-05-27 00:00:00,2024-04-01 23:00:00,2024-04-01 23:00:00
467adca6-013e-4ce8-96cd-2e5f8c9da1ee,228,2023-10-05 00:00:00,9,2079.0,84,249.48,207.9,cancelled,2024-02-03 00:00:00,2023-10-04 20:00:00,2023-10-12 20:00:00
fa2a0e48-8e85-46bf-872b-ea20ebddda3f,286,2023-08-14 00:00:00,11,2087.25,111,250.47,0.0,confirmed,2024-01-23 00:00:00,2023-08-13 02:00:00,2023-08-13 02:00:00
4afdfc9f-3158-49e3-8424-8f5b7974c931,173,2024-06-11 00:00:00,13,4836.0,143,580.32,483.6,cancelled,2024-11-11 00:00:00,2024-06-10 01:00:00,2024-06-10 01:00:00
bdee5a2e-6973-4639-8bbb-43780496d174,329,2024-01-12 00:00:00,9,1968.75,78,236.25,0.0,confirmed,2024-05-08 00:00:00,2024-01-11 06:00:00,2024-01-21 06:00:00
3f312435-3818-4dfd-966f-64bbe0a781fa,493,2024-03-24 00:00:00,10,1925.0,41,231.0,0.0,confirmed,2024-06-08 00:00:00,2024-03-23 05:00:00,2024-03-23 05:00:00
d44b4f0f-4f4a-476f-81d6-bfdd93763fb5,121,2023-10-12 00:00:00,4,380.0,74,45.6,38.0,cancelled,2024-02-03 00:00:00,2023-10-11 12:00:00,2023-10-11 12:00:00
8e225aba-d7df-4bb2-83a8-9d631b4ea72b,280,2024-05-03 00:00:00,8,2112.0,108,253.44,0.0,confirmed,2024-10-15 00:00:00,2024-05-02 13:00:00,2024-05-02 13:00:00
6c382b35-d470-479f-85e5-ca50ba3638b7,8,2023-05-19 00:00:00,9,816.75,144,98.01,81.68,cancelled,2023-11-02 00:00:00,2023-05-18 17:00:00,2023-05-18 17:00:00
af9556a8-7a98-4791-bb35-1757a69f5209,347,2024-05-31 00:00:00,4,2112.0,55,253.44,211.2,cancelled,2024-09-13 00:00:00,2024-05-30 07:00:00,2024-05-30 07:00:00
5416a64e-233d-4555-ad35-993b7fe39e1c,141,2023-10-25 00:00:00,13,1608.75,98,193.05,0.0,confirmed,2024-01-18 00:00:00,2023-10-24 17:00:00,2023-11-02 17:00:00
a1f82557-6a86-4adc-a450-94446827ce84,39,2023-06-12 00:00:00,3,396.0,140,47.52,0.0,confirmed,2023-10-03 00:00:00,2023-06-11 07:00:00,2023-06-15 07:00:00
14cf1b89-27c0-4db1-bee7-8f1052301a13,241,2024-07-16 00:00:00,2,264.0,49,31.68,26.4,cancelled,2024-10-24 00:00:00,2024-07-15 06:00:00,2024-07-15 06:00:00
70c15213-c01d-4f3a-b033-7f1fafd845c6,242,2023-11-22 00:00:00,13,2288.0,67,274.56,228.8,cancelled,2024-04-24 00:00:00,2023-11-21 01:00:00,2023-11-21 01:00:00
5f145d36-3096-4c1d-9fb8-29f8c5f285a6,138,2024-02-18 00:00:00,3,383.64,130,46.04,0.0,confirmed,2024-05-22 00:00:00,2024-02-17 23:00:00,2024-02-17 23:00:00
5bad7737-fb9d-48ba-a6c1-9b174be79a36,293,2023-09-26 00:00:00,1,294.5,143,35.34,29.45,cancelled,2024-02-20 00:00:00,2023-09-25 23:00:00,2023-09-25 23:00:00
d948af4d-ef7d-4c9a-a8ab-211f455cba85,326,2023-10-19 00:00:00,4,330.0,94,39.6,33.0,cancelled,2024-02-25 00:00:00,2023-10-18 10:00:00,2023-10-23 10:00:00
d5450237-7974-42cd-905b-5e2a96dee4d4,230,2023-11-16 00:00:00,3,1932.0,139,231.84,193.2,cancelled,2024-03-06 00:00:00,2023-11-15 03:00:00,2023-11-19 03:00:00
f0142a4e-4340-460c-ba3f-2c61cad56376,198,2024-02-28 00:00:00,4,1792.0,147,215.04,179.2,cancelled,2024-05-21 00:00:00,2024-02-27 12:00:00,2024-02-27 12:00:00
1aa530d3-bb8a-4bbb-bf41-1a95c35e29ee,55,2023-09-19 00:00:00,12,1860.0,113,223.2,0.0,confirmed,2023-11-13 00:00:00,2023-09-18 19:00:00,2023-09-21 19:00:00
4ee2ab96-e266-427e-a771-f58bacec6525,64,2023-11-18 00:00:00,14,6944.0,55,833.28,0.0,confirmed,2024-04-30 00:00:00,2023-11-17 04:00:00,2023-11-17 04:00:00
18a12ba3-40f5-4a89-99d3-76b8bf3ac135,401,2023-03-17 00:00:00,5,1280.0,56,153.6,128.0,cancelled,2023-09-03 00:00:00,2023-03-16 20:00:00,2023-03-20 20:00:00
f124bda7-098b-42c1-9e79-6fa64861ce6d,216,2024-01-05 00:00:00,5,1040.0,92,124.8,0.0,confirmed,2024-06-15 00:00:00,2024-01-04 20:00:00,2024-01-04 20:00:00
16b864c6-e09a-4a7f-b006-54f9bcc898ee,388,2023-10-29 00:00:00,14,2380.0,49,285.6,238.0,cancelled,2024-01-06 00:00:00,2023-10-28 15:00:00,2023-10-28 15:00:00
8e6d17f3-53cb-4300-80db-fb0d36d1631b,376,2023-04-18 00:00:00,11,1452.0,122,174.24,0.0,confirmed,2023-05-22 00:00:00,2023-04-17 13:00:00,2023-04-17 13:00:00
c87761a7-ffb9-4016-b6c2-6217f4caa22f,447,2023-06-29 00:00:00,9,2754.0,53,330.48,275.4,cancelled,2023-11-19 00:00:00,2023-06-28 08:00:00,2023-06-28 08:00:00
067518ff-1c69-4acb-99b1-76d22d2c3589,374,2023-08-23 00:00:00,3,768.0,57,92.16,76.8,cancelled,2023-09-14 00:00:00,2023-08-22 10:00:00,2023-08-22 10:00:00
720587a0-18d0-46dc-952a-2a31757a1324,405,2023-03-03 00:00:00,12,1083.0,97,129.96,0.0,confirmed,2023-04-21 00:00:00,2023-03-02 07:00:00,2023-03-02 07:00:00
4a209b12-928e-4955-9e15-e5fae4dbf5a2,240,2024-04-20 00:00:00,1,352.0,60,42.24,0.0,confirmed,2024-09-16 00:00:00,2024-04-19 19:00:00,2024-04-25 19:00:00
a3afce85-2d67-489b-8fe3-bd55fa2b68b2,331,2023-07-12 00:00:00,6,510.0,122,61.2,51.0,cancelled,2023-11-18 00:00:00,2023-07-11 18:00:00,2023-07-11 18:00:00
11e52f4b-1797-45f0-894b-549fca0c34ac,313,2023-11-05 00:00:00,8,2312.0,56,277.44,231.2,cancelled,2024-03-21 00:00:00,2023-11-04 08:00:00,2023-11-04 08:00:00
0b62a2ee-bdca-473d-90c8-d3e36686b93a,287,2024-04-04 00:00:00,10,900.0,80,108.0,0.0,confirmed,2024-08-18 00:00:00,2024-04-03 11:00:00,2024-04-03 11:00:00
6d9ab586-a98e-4e22-bea7-5999462e7cc0,465,2024-05-11 00:00:00,10,1330.0,75,159.6,133.0,cancelled,2024-10-04 00:00:00,2024-05-10 05:00:00,2024-05-10 05:00:00
248580eb-cceb-493b-aa00-da7d89b98f92,177,2024-03-17 00:00:00,10,4140.0,121,496.8,414.0,cancelled,2024-07-24 00:00:00,2024-03-16 07:00:00,2024-03-18 07:00:00
e2213d1b-e026-4d56-8bd6-889a53cad10d,369,2024-05-02 00:00:00,13,1215.5,112,145.86,0.0,confirmed,2024-06-05 00:00:00,2024-05-01 11:00:00,2024-05-01 11:00:00
16d12e10-7f09-48c8-9ee4-a481c3bbc30b,375,2023-10-11 00:00:00,12,1386.0,88,166.32,138.6,cancelled,2024-04-05 00:00:00,2023-10-10 05:00:00,2023-10-10 05:00:00
639699db-3345-48b1-86b3-50f7c58daf89,261,2024-01-06 00:00:00,7,1820.0,110,218.4,0.0,confirmed,2024-05-01 00:00:00,2024-01-05 21:00:00,2024-01-05 21:00:00
dcc0568a-51fe-45eb-888f-a7a76e71587b,362,2023-09-08 00:00:00,3,511.5,40,61.38,51.15,cancelled,2024-01-06 00:00:00,2023-09-07 14:00:00,2023-09-07 14:00:00
f2d4d2c0-eb12-478d-99c5-27f121aea869,140,2023-11-16 00:00:00,5,577.5,76,69.3,0.0,confirmed,2023-12-09 00:00:00,2023-11-15 10:00:00,2023-11-15 10:00:00
71aa9316-5645-4971-aa9b-91e1c4804749,496,2024-06-16 00:00:00,8,2880.0,92,345.6,0.0,confirmed,2024-11-22 00:00:00,2024-06-15 01:00:00,2024-06-15 01:00:00
8945f8b6-216f-461d-b3a6-3e836befcae3,185,2023-04-08 00:00:00,3,336.0,143,40.32,0.0,confirmed,2023-05-17 00:00:00,2023-04-07 03:00:00,2023-04-07 03:00:00
b7789bea-1c0d-4107-afd0-8d32319ceca9,135,2024-02-10 00:00:00,12,1320.0,128,158.4,132.0,cancelled,2024-05-30 00:00:00,2024-02-09 18:00:00,2024-02-09 18:00:00
f8501c99-7a26-4cc0-96dd-143a43fff12f,388,2024-01-12 00:00:00,3,510.0,52,61.2,0.0,confirmed,2024-03-04 00:00:00,2024-01-11 02:00:00,2024-01-11 02:00:00
bff551eb-1268-4fee-a223-3757108ff279,150,2024-03-19 00:00:00,8,1122.0,115,134.64,0.0,confirmed,2024-03-28 00:00:00,2024-03-18 12:00:00,2024-03-18 12:00:00
a7f48999-38ac-4b96-9c93-ddcc816f0050,12,2024-05-17 00:00:00,11,1672.0,44,200.64,0.0,confirmed,2024-06-14 00:00:00,2024-05-16 01:00:00,2024-05-16 01:00:00
c60e1be7-5a88-4c4f-b7fd-85a064baf752,204,2024-02-21 00:00:00,11,3135.0,142,376.2,0.0,confirmed,2024-03-20 00:00:00,2024-02-20 03:00:00,2024-02-20 03:00:00
a78ec80f-c496-4e8f-a601-1252fb585e34,106,2023-06-05 00:00:00,4,297.0,63,35.64,0.0,confirmed,2023-06-27 00:00:00,2023-06-04 22:00:00,2023-06-04 22:00:00
9635abb8-53f2-42cb-8247-bd17260744c6,52,2024-01-24 00:00:00,6,990.0,58,118.8,0.0,confirmed,2024-02-24 00:00:00,2024-01-23 06:00:00,2024-01-23 06:00:00
b0ae5e06-dfc2-4f64-92cc-fe4e64b1f0b2,334,2024-02-29 00:00:00,7,631.75,41,75.81,63.18,cancelled,2024-06-06 00:00:00,2024-02-28 14:00:00,2024-02-28 14:00:00
0c7dabe5-cda4-4a09-9e1f-ce2ff6871405,20,2023-03-10 00:00:00,12,1596.0,107,191.52,0.0,confirmed,2023-04-08 00:00:00,2023-03-09 12:00:00,2023-03-09 12:00:00
8d5f669b-f718-477f-94bd-d274e54c7c44,249,2023-09-08 00:00:00,3,313.5,99,37.62,31.35,cancelled,2023-12-29 00:00:00,2023-09-07 06:00:00,2023-09-07 06:00:00
7ed67b7d-59e2-43f6-84a9-2d4e7e0cb118,116,2023-05-20 00:00:00,7,635.25,105,76.23,0.0,confirmed,2023-07-21 00:00:00,2023-05-19 15:00:00,2023-05-19 15:00:00
b9f19d15-bdd9-49e6-ae51-7246a8a0aaa5,230,2023-07-29 00:00:00,11,7084.0,129,850.08,0.0,confirmed,2023-09-16 00:00:00,2023-07-28 19:00:00,2023-07-28 19:00:00
093791e7-cb20-497b-ad6e-5555aac115db,86,2023-11-19 00:00:00,12,3456.0,80,414.72,345.6,cancelled,2024-04-15 00:00:00,2023-11-18 22:00:00,2023-11-18 22:00:00
acec3258-e003-406e-85af-5a33198db673,11,2024-03-18 00:00:00,2,320.0,42,38.4,0.0,confirmed,2024-03-23 00:00:00,2024-03-17 01:00:00,2024-03-17 01:00:00
4ef71c23-9224-4ea0-8ee4-1a0d9627acf3,305,2024-02-23 00:00:00,4,576.0,98,69.12,0.0,confirmed,2024-03-30 00:00:00,2024-02-22 20:00:00,2024-02-22 20:00:00
e30b7d16-7a1d-483d-8d46-fe85ad29c69f,217,2023-09-23 00:00:00,9,2223.0,40,266.76,0.0,confirmed,2023-11-12 00:00:00,2023-09-22 06:00:00,2023-09-22 06:00:00
8d7cd75f-3f2c-42b6-97e6-31e67ae8ba93,484,2024-07-14 00:00:00,4,780.0,70,93.6,0.0,confirmed,2024-08-01 00:00:00,2024-07-13 10:00:00,2024-07-20 10:00:00
f3779157-00ba-433d-a872-bb6ffbb337d4,362,2023-09-17 00:00:00,4,682.0,126,81.84,68.2,cancelled,2024-03-08 00:00:00,2023-09-16 02:00:00,2023-09-16 02:00:00
b67dc7a0-fa12-4018-bd35-85fb192b9027,3,2023-06-06 00:00:00,8,3696.0,45,443.52,369.6,cancelled,2023-11-12 00:00:00,2023-06-05 13:00:00,2023-06-05 13:00:00
03053a94-d925-4b48-9346-cf65b9b3490b,54,2023-07-28 00:00:00,6,2664.0,118,319.68,0.0,confirmed,2023-09-13 00:00:00,2023-07-27 21:00:00,2023-07-27 21:00:00
fa89d5fc-50c7-4a3f-b791-4e7d10456761,179,2023-11-14 00:00:00,10,5120.0,74,614.4,512.0,cancelled,2024-03-11 00:00:00,2023-11-13 07:00:00,2023-11-13 07:00:00
e4e23fc5-c17a-4a6a-ab28-ebb48420dd9e,53,2024-05-10 00:00:00,12,2856.0,70,342.72,285.6,cancelled,2024-05-17 00:00:00,2024-05-09 17:00:00,2024-05-13 17:00:00
5f54ced8-4816-47fd-a8c1-1258c6af6364,437,2024-10-02 00:00:00,11,2420.0,59,290.4,0.0,confirmed,2025-01-10 00:00:00,2024-10-01 19:00:00,2024-10-01 19:00:00
9bb1d828-8d30-4508-b577-65367a95ff27,243,2023-12-18 00:00:00,1,88.0,90,10.56,0.0,confirmed,2024-04-21 00:00:00,2023-12-17 23:00:00,2023-12-17 23:00:00
ad234b50-0259-42fa-8be4-d2524eb899f2,322,2024-02-04 00:00:00,1,70.12,119,8.41,7.01,cancelled,2024-03-13 00:00:00,2024-02-03 16:00:00,2024-02-03 16:00:00
c3ca912b-de9a-409b-9323-3c69d72a3050,330,2024-01-04 00:00:00,12,5208.0,107,624.96,0.0,confirmed,2024-01-29 00:00:00,2024-01-03 06:00:00,2024-01-03 06:00:00
777fba10-f8d4-4f9a-902a-4cf1de82a6b7,95,2023-12-12 00:00:00,11,1402.5,85,168.3,140.25,cancelled,2024-03-15 00:00:00,2023-12-11 17:00:00,2023-12-11 17:00:00
46adbbc7-46e6-4a9b-886c-880852a42c5d,30,2024-01-23 00:00:00,11,2541.0,119,304.92,0.0,confirmed,2024-03-10 00:00:00,2024-01-22 02:00:00,2024-01-22 02:00:00
ab15523d-368a-4aea-bc47-1cc7dcab4f70,256,2024-02-24 00:00:00,2,107.24,91,12.87,0.0,confirmed,2024-05-30 00:00:00,2024-02-23 18:00:00,2024-02-27 18:00:00
b4403d7a-f74b-44d5-b304-11847433f782,42,2023-08-01 00:00:00,6,1377.0,80,165.24,0.0,confirmed,2023-11-09 00:00:00,2023-07-31 06:00:00,2023-07-31 06:00:00
d26ddbc9-0aaa-4e6a-87ae-c1d31c42c243,488,2023-06-26 00:00:00,6,1488.0,108,178.56,148.8,cancelled,2023-10-21 00:00:00,2023-06-25 15:00:00,2023-06-25 15:00:00
01fb90a4-2bb5-4060-89a9-39536ea88d33,50,2024-07-06 00:00:00,13,2730.0,46,327.6,273.0,cancelled,2024-12-14 00:00:00,2024-07-05 03:00:00,2024-07-05 03:00:00
7a99b546-7acb-4fe4-b2c5-3c9683f953f1,286,2023-05-21 00:00:00,10,1897.5,109,227.7,189.75,cancelled,2023-10-30 00:00:00,2023-05-20 04:00:00,2023-05-20 04:00:00
ada58484-c6aa-4bb8-ad50-0e5a06df698a,184,2023-06-04 00:00:00,13,3425.5,42,411.06,342.55,cancelled,2023-08-11 00:00:00,2023-06-03 02:00:00,2023-06-03 02:00:00
e0931292-0dbf-48f1-b7ae-de9f90897814,157,2024-01-10 00:00:00,13,7176.0,117,861.12,717.6,cancelled,2024-05-18 00:00:00,2024-01-09 09:00:00,2024-01-09 09:00:00
c0e21db2-f7dd-4b3e-9dfd-bb2a018d6ee9,61,2023-09-23 00:00:00,3,433.14,110,51.98,0.0,confirmed,2023-10-12 00:00:00,2023-09-22 12:00:00,2023-09-22 12:00:00
67ec0305-772b-474d-b458-b5bda4793132,499,2023-05-20 00:00:00,8,704.0,127,84.48,0.0,confirmed,2023-06-15 00:00:00,2023-05-19 12:00:00,2023-05-19 12:00:00
23f85c67-5665-44fb-8f4c-8e692ad81f8e,256,2023-09-28 00:00:00,1,53.62,114,6.43,0.0,confirmed,2023-11-22 00:00:00,2023-09-27 07:00:00,2023-10-01 07:00:00
063c61ca-2f6f-4ae9-bbdd-565289b77fae,183,2023-10-28 00:00:00,8,728.0,113,87.36,0.0,confirmed,2023-12-26 00:00:00,2023-10-27 10:00:00,2023-10-27 10:00:00
f48f85f9-5c60-418d-b775-6c05c37ce051,418,2024-06-12 00:00:00,6,1800.0,100,216.0,0.0,confirmed,2024-08-19 00:00:00,2024-06-11 18:00:00,2024-06-11 18:00:00
88a17b56-7136-4ee6-a22c-4fa63cb89235,499,2023-04-10 00:00:00,14,1232.0,130,147.84,0.0,confirmed,2023-07-24 00:00:00,2023-04-09 00:00:00,2023-04-16 00:00:00
552e5ccf-a22e-4061-a376-f75dc6fb8d5b,88,2024-03-18 00:00:00,1,218.5,145,26.22,21.85,cancelled,2024-09-09 00:00:00,2024-03-17 02:00:00,2024-03-17 02:00:00
fb8d74f5-1b15-497c-9e1f-60f36c932b27,409,2023-10-01 00:00:00,5,736.25,41,88.35,0.0,confirmed,2023-10-26 00:00:00,2023-09-30 15:00:00,2023-09-30 15:00:00
c67b0b25-61d6-40b8-b4f0-1df16f51c09e,20,2023-11-22 00:00:00,1,133.0,83,15.96,0.0,confirmed,2024-03-16 00:00:00,2023-11-21 02:00:00,2023-11-21 02:00:00
806bdb27-84b4-4558-ada3-b1413b445172,50,2024-06-20 00:00:00,11,2310.0,93,277.2,0.0,confirmed,2024-07-23 00:00:00,2024-06-19 07:00:00,2024-06-29 07:00:00
f0698e88-6c7d-464c-a6fc-da97cea4a766,105,2024-01-05 00:00:00,9,693.0,47,83.16,0.0,confirmed,2024-06-29 00:00:00,2024-01-04 17:00:00,2024-01-07 17:00:00
e9d13c80-ce21-46e6-91d7-da91530664dd,199,2023-05-10 00:00:00,4,374.0,67,44.88,0.0,confirmed,2023-08-05 00:00:00,2023-05-09 04:00:00,2023-05-09 04:00:00
991b9489-2d56-485f-bffb-f8b0d021c0ac,285,2023-12-19 00:00:00,2,247.5,99,29.7,0.0,confirmed,2024-05-19 00:00:00,2023-12-18 23:00:00,2023-12-18 23:00:00
2326050d-9e4e-424f-9abf-b3f201071f7a,452,2023-04-28 00:00:00,13,750.75,149,90.09,0.0,confirmed,2023-09-03 00:00:00,2023-04-27 07:00:00,2023-04-27 07:00:00
7e5f0985-2bce-4e81-aca1-9a8b4db0b290,386,2023-12-02 00:00:00,5,403.75,45,48.45,40.38,cancelled,2024-05-06 00:00:00,2023-12-01 09:00:00,2023-12-10 09:00:00
59106388-3b1d-4a77-89e0-60ae6c70d212,434,2023-08-23 00:00:00,5,2127.5,149,255.3,212.75,cancelled,2024-01-01 00:00:00,2023-08-22 08:00:00,2023-08-24 08:00:00
8a98b07d-2b23-428e-9e17-3c9a007a08a7,495,2024-06-12 00:00:00,14,2100.0,57,252.0,0.0,confirmed,2024-06-30 00:00:00,2024-06-11 17:00:00,2024-06-11 17:00:00
0e3c31d6-0870-47c6-a0c5-41e3f477f768,417,2023-09-23 00:00:00,11,3080.0,68,369.6,308.0,cancelled,2024-01-06 00:00:00,2023-09-22 07:00:00,2023-10-01 07:00:00
9d4a9762-c8b5-45ca-b20e-1a6f85c6fed2,412,2023-02-27 00:00:00,10,950.0,106,114.0,95.0,cancelled,2023-08-08 00:00:00,2023-02-26 20:00:00,2023-02-26 20:00:00
5ec46acf-2cb0-474c-9c0f-ea35de89258f,69,2023-08-04 00:00:00,3,337.5,150,40.5,0.0,confirmed,2023-12-20 00:00:00,2023-08-03 22:00:00,2023-08-03 22:00:00
058ac839-4b4f-4d84-98ec-8afc6b33c4f5,480,2023-09-19 00:00:00,12,1344.0,122,161.28,134.4,cancelled,2023-11-02 00:00:00,2023-09-18 00:00:00,2023-09-19 00:00:00
b28a2720-f367-4841-adb8-5cb5c8211263,46,2023-07-02 00:00:00,13,1358.5,75,163.02,0.0,confirmed,2023-12-26 00:00:00,2023-07-01 22:00:00,2023-07-02 22:00:00
9ef97ce8-c7a1-4945-9c87-6b0627f68eff,380,2023-10-12 00:00:00,3,1863.0,50,223.56,0.0,confirmed,2023-11-21 00:00:00,2023-10-11 10:00:00,2023-10-11 10:00:00
377db982-c64b-4e1f-86ab-45615c091668,47,2023-08-19 00:00:00,8,646.0,114,77.52,64.6,cancelled,2024-02-06 00:00:00,2023-08-18 14:00:00,2023-08-18 14:00:00
dbd784a5-6b00-4a27-8275-2d099222d342,419,2023-12-27 00:00:00,7,577.5,124,69.3,0.0,confirmed,2024-01-23 00:00:00,2023-12-26 00:00:00,2023-12-26 00:00:00
9390db96-7c52-4e05-a29b-3ae7942cb95f,129,2023-11-10 00:00:00,7,490.84,111,58.9,49.08,cancelled,2024-02-18 00:00:00,2023-11-09 15:00:00,2023-11-09 15:00:00
b6ae0273-f45e-4586-ba3d-930a4c1c02da,483,2024-01-07 00:00:00,12,858.0,70,102.96,85.8,cancelled,2024-02-27 00:00:00,2024-01-06 21:00:00,2024-01-06 21:00:00
7ec81525-ee04-4800-ba1a-a3ae377a6abf,370,2023-11-02 00:00:00,8,1482.0,41,177.84,0.0,confirmed,2024-04-04 00:00:00,2023-11-01 19:00:00,2023-11-10 19:00:00
2b0dc1b4-1d70-4c2b-bf5c-58e1c3e9524e,254,2024-05-20 00:00:00,8,3600.0,46,432.0,0.0,confirmed,2024-10-20 00:00:00,2024-05-19 00:00:00,2024-05-19 00:00:00
c7f37dff-f2e7-4d51-be42-b70545202229,418,2024-09-12 00:00:00,2,600.0,124,72.0,0.0,confirmed,2024-09-26 00:00:00,2024-09-11 11:00:00,2024-09-11 11:00:00
f787d8a5-069d-4a58-8ff6-c92093d53007,64,2023-10-20 00:00:00,1,496.0,120,59.52,0.0,confirmed,2023-12-20 00:00:00,2023-10-19 08:00:00,2023-10-19 08:00:00
53a2024c-9d7e-4b14-8288-2c4e1d7aa74a,410,2024-04-14 00:00:00,13,1729.0,85,207.48,0.0,confirmed,2024-08-28 00:00:00,2024-04-13 20:00:00,2024-04-13 20:00:00
139e2458-f767-44da-b9da-bf8cfff59bfa,257,2024-08-15 00:00:00,4,418.0,73,50.16,0.0,confirmed,2024-10-12 00:00:00,2024-08-14 11:00:00,2024-08-14 11:00:00
da2d3fb1-e63e-4824-b8b1-444521100094,88,2023-07-06 00:00:00,14,3059.0,89,367.08,0.0,confirmed,2023-08-12 00:00:00,2023-07-05 12:00:00,2023-07-05 12:00:00
7bd5d079-99e8-4016-9cc7-37a30d6127af,281,2024-01-26 00:00:00,13,1976.0,128,237.12,197.6,cancelled,2024-07-18 00:00:00,2024-01-25 02:00:00,2024-01-25 02:00:00
49ffaeee-5ff1-4858-b66b-74e106acdd29,229,2023-09-14 00:00:00,12,2442.0,46,293.04,0.0,confirmed,2023-10-05 00:00:00,2023-09-13 20:00:00,2023-09-13 20:00:00
740d5e46-7009-42a8-b13b-e8fc507acf65,107,2023-09-27 00:00:00,13,1287.0,42,154.44,0.0,confirmed,2023-12-02 00:00:00,2023-09-26 06:00:00,2023-09-26 06:00:00
07b0e7e5-f8c5-46cc-9303-d62dc5113d3c,314,2023-11-01 00:00:00,11,2244.0,42,269.28,0.0,confirmed,2023-11-10 00:00:00,2023-10-31 22:00:00,2023-10-31 22:00:00
20658f8b-b819-4902-bee4-835ba9ea3116,202,2024-03-04 00:00:00,2,1008.0,139,120.96,0.0,confirmed,2024-07-27 00:00:00,2024-03-03 09:00:00,2024-03-03 09:00:00
8c1fd09a-337e-4761-ae25-f6f71ebd6647,335,2023-05-02 00:00:00,3,484.5,106,58.14,48.45,cancelled,2023-09-22 00:00:00,2023-05-01 15:00:00,2023-05-01 15:00:00
24441613-e30a-4567-856c-52e48127d96d,286,2023-05-05 00:00:00,5,948.75,89,113.85,94.88,cancelled,2023-08-29 00:00:00,2023-05-04 04:00:00,2023-05-04 04:00:00
8b19b099-8c5d-4c3d-9baa-c63de5420cde,316,2023-11-30 00:00:00,9,2700.0,150,324.0,270.0,cancelled,2024-04-22 00:00:00,2023-11-29 15:00:00,2023-12-04 15:00:00
abd95a33-f76e-4fe2-8229-391f6a50320b,101,2024-09-12 00:00:00,13,911.56,105,109.39,91.16,cancelled,2024-12-14 00:00:00,2024-09-11 09:00:00,2024-09-11 09:00:00
0ca5a350-a4df-4688-a59c-5264448787c6,359,2024-02-13 00:00:00,1,70.12,77,8.41,7.01,cancelled,2024-05-22 00:00:00,2024-02-12 06:00:00,2024-02-12 06:00:00
02a7f6cb-2059-4953-b0db-fbfafb4624c7,319,2024-05-08 00:00:00,11,1497.32,56,179.68,0.0,confirmed,2024-07-14 00:00:00,2024-05-07 16:00:00,2024-05-07 16:00:00
2c4efc66-b3b4-44f2-8ebb-3864de4db90d,159,2023-07-07 00:00:00,2,320.0,86,38.4,0.0,confirmed,2023-08-09 00:00:00,2023-07-06 03:00:00,2023-07-06 03:00:00
90b23f54-b260-42b5-b1a3-d5394ea3ac8e,214,2023-10-02 00:00:00,1,330.0,96,39.6,0.0,confirmed,2023-12-28 00:00:00,2023-10-01 10:00:00,2023-10-01 10:00:00
f77072d1-4656-48e7-a035-5a97b49b0e25,57,2023-02-08 00:00:00,4,660.0,111,79.2,0.0,confirmed,2023-04-01 00:00:00,2023-02-07 15:00:00,2023-02-07 15:00:00
cd114326-99cb-4e44-b8d8-1e0b78edef14,389,2023-11-29 00:00:00,10,1732.5,47,207.9,173.25,cancelled,2024-05-01 00:00:00,2023-11-28 13:00:00,2023-12-02 13:00:00
7e920cd5-316c-4ba3-9a6b-0cbd3e5ad2ee,41,2023-12-28 00:00:00,1,80.75,134,9.69,8.08,cancelled,2024-03-01 00:00:00,2023-12-27 09:00:00,2023-12-27 09:00:00
1d602305-b061-4e13-875d-b92f135e9eb1,213,2024-09-28 00:00:00,9,693.0,62,83.16,0.0,confirmed,2025-02-01 00:00:00,2024-09-27 10:00:00,2024-09-27 10:00:00
3de5ec65-e30d-44bb-aa07-0d6e307833f1,369,2023-08-20 00:00:00,12,1122.0,90,134.64,112.2,cancelled,2024-01-18 00:00:00,2023-08-19 19:00:00,2023-08-19 19:00:00
3fd0c14a-d37c-4279-ad27-f7026b8a838e,443,2023-08-02 00:00:00,1,199.5,50,23.94,0.0,confirmed,2023-09-30 00:00:00,2023-08-01 16:00:00,2023-08-01 16:00:00
7b59fcb5-f686-4383-ae8e-5b382119f6f9,299,2023-06-18 00:00:00,2,165.0,94,19.8,0.0,confirmed,2023-08-16 00:00:00,2023-06-17 12:00:00,2023-06-17 12:00:00
0b5c1f3f-485c-49b0-869b-91a105dc2125,219,2023-08-09 00:00:00,12,1368.0,131,164.16,0.0,confirmed,2023-11-04 00:00:00,2023-08-08 15:00:00,2023-08-08 15:00:00
a81f1b09-36a0-4a2e-8d93-72bc750e27b9,405,2023-06-30 00:00:00,12,1083.0,96,129.96,0.0,confirmed,2023-08-19 00:00:00,2023-06-29 13:00:00,2023-06-29 13:00:00
12d81b87-41e9-45cf-a6a8-e38fa7753ca2,43,2023-08-11 00:00:00,14,924.0,101,110.88,0.0,confirmed,2024-01-29 00:00:00,2023-08-10 10:00:00,2023-08-10 10:00:00
8232e09a-f360-4dd8-9a60-6c50088884a1,333,2024-04-23 00:00:00,1,322.0,127,38.64,0.0,confirmed,2024-07-03 00:00:00,2024-04-22 06:00:00,2024-04-22 06:00:00
2f07eb5d-7f51-4028-aff0-f7e6ba3bbf95,309,2024-02-20 00:00:00,10,1567.5,107,188.1,0.0,confirmed,2024-03-07 00:00:00,2024-02-19 10:00:00,2024-02-28 10:00:00
c581defd-a813-42f2-abbc-b965a49c724d,155,2024-01-20 00:00:00,3,429.0,103,51.48,0.0,confirmed,2024-03-15 00:00:00,2024-01-19 22:00:00,2024-01-19 22:00:00
c6547f50-8e6e-4bc7-8102-a4db1217677b,250,2024-04-05 00:00:00,5,1360.0,110,163.2,0.0,confirmed,2024-07-16 00:00:00,2024-04-04 17:00:00,2024-04-04 17:00:00
11275f9d-c06e-4e21-8610-a2dc5a3343f9,322,2023-11-24 00:00:00,7,490.84,46,58.9,0.0,confirmed,2023-12-03 00:00:00,2023-11-23 11:00:00,2023-11-23 11:00:00
9ef9856a-af9d-4e59-aed9-41d35949a03b,186,2023-09-04 00:00:00,13,1662.44,73,199.49,166.24,cancelled,2023-10-28 00:00:00,2023-09-03 06:00:00,2023-09-03 06:00:00
2ad54162-a188-49e8-bdb8-5883cdc5dbc1,179,2023-06-23 00:00:00,1,512.0,112,61.44,0.0,confirmed,2023-08-23 00:00:00,2023-06-22 00:00:00,2023-06-22 00:00:00
6e32d879-c3ee-49f5-bbf1-6f7bdd71c606,390,2023-08-26 00:00:00,8,1200.0,84,144.0,120.0,cancelled,2023-12-13 00:00:00,2023-08-25 12:00:00,2023-08-25 12:00:00
401589c1-a90f-4612-9df3-0bc76e76965a,267,2023-11-11 00:00:00,13,1049.75,140,125.97,104.98,cancelled,2023-11-17 00:00:00,2023-11-10 08:00:00,2023-11-10 08:00:00
41625f69-4dc6-48a6-b199-dd3bb855200a,298,2023-06-04 00:00:00,14,4508.0,62,540.96,0.0,confirmed,2023-09-16 00:00:00,2023-06-03 13:00:00,2023-06-03 13:00:00
e4e53fc3-1df7-44fb-9ae4-792c04fb39c6,5,2024-03-11 00:00:00,10,1950.0,89,234.0,0.0,confirmed,2024-03-18 00:00:00,2024-03-10 01:00:00,2024-03-10 01:00:00
8889882e-adfe-48c3-935a-2d92d80978f3,57,2023-07-01 00:00:00,3,495.0,44,59.4,49.5,cancelled,2023-10-19 00:00:00,2023-06-30 06:00:00,2023-06-30 06:00:00
2f00fdd1-ef6c-4d65-a99a-f8fc09977a17,88,2023-07-06 00:00:00,3,655.5,90,78.66,65.55,cancelled,2023-10-31 00:00:00,2023-07-05 21:00:00,2023-07-05 21:00:00
31dfbaca-fff9-40ac-a534-e2bebcffd289,343,2023-09-25 00:00:00,2,416.0,87,49.92,0.0,confirmed,2023-12-29 00:00:00,2023-09-24 01:00:00,2023-09-24 01:00:00
43b3b16e-5d9f-4562-ac05-82212dc18646,119,2024-03-07 00:00:00,9,1071.0,108,128.52,107.1,cancelled,2024-04-24 00:00:00,2024-03-06 05:00:00,2024-03-06 05:00:00
197360aa-e3c5-4cf1-86b0-239b45a3a71c,219,2023-09-28 00:00:00,4,456.0,96,54.72,45.6,cancelled,2024-01-06 00:00:00,2023-09-27 03:00:00,2023-10-06 03:00:00
7f0b71c2-a37c-449c-ba53-2f6994b2f6bd,7,2023-12-27 00:00:00,5,1650.0,107,198.0,0.0,confirmed,2024-02-21 00:00:00,2023-12-26 02:00:00,2023-12-26 02:00:00
947320c7-6321-491d-b211-1843663d7d30,336,2024-01-02 00:00:00,7,1064.0,55,127.68,0.0,confirmed,2024-06-19 00:00:00,2024-01-01 06:00:00,2024-01-01 06:00:00
8f516828-00b5-4214-8d43-1816dfda3502,436,2024-04-09 00:00:00,5,675.0,109,81.0,0.0,confirmed,2024-06-01 00:00:00,2024-04-08 06:00:00,2024-04-08 06:00:00
5adb2849-977c-4081-b4b8-82707b26c3f5,129,2023-04-19 00:00:00,10,701.2,106,84.14,70.12,cancelled,2023-09-11 00:00:00,2023-04-18 23:00:00,2023-04-18 23:00:00
148a7156-785d-4fe2-b0e3-afa57208a8da,278,2023-07-02 00:00:00,3,462.0,85,55.44,0.0,confirmed,2023-07-16 00:00:00,2023-07-01 22:00:00,2023-07-01 22:00:00
8e88edf7-a248-4cf9-857f-ff6edcc7b5f5,25,2024-02-16 00:00:00,2,107.24,132,12.87,10.72,cancelled,2024-06-10 00:00:00,2024-02-15 18:00:00,2024-02-15 18:00:00
1ba11ae3-8a25-4945-8ad5-3c7e604cff2a,402,2024-02-10 00:00:00,13,911.56,120,109.39,0.0,confirmed,2024-06-14 00:00:00,2024-02-09 15:00:00,2024-02-09 15:00:00
7ccb3753-ec43-4e69-aa10-b6e661a6d41a,446,2023-10-21 00:00:00,5,796.25,51,95.55,79.62,cancelled,2024-02-05 00:00:00,2023-10-20 05:00:00,2023-10-20 05:00:00
21d0b6db-9fd0-48dd-aedb-f07345ed39d9,113,2023-05-29 00:00:00,4,644.0,89,77.28,0.0,confirmed,2023-11-04 00:00:00,2023-05-28 04:00:00,2023-05-28 04:00:00
1fc05feb-68ff-448c-871b-78945b3f38b1,43,2024-01-22 00:00:00,11,726.0,98,87.12,0.0,confirmed,2024-06-18 00:00:00,2024-01-21 20:00:00,2024-01-29 20:00:00
35dbd675-77fb-41e8-8e07-299e10a43df2,242,2024-03-24 00:00:00,5,880.0,120,105.6,0.0,confirmed,2024-08-17 00:00:00,2024-03-23 08:00:00,2024-03-23 08:00:00
9e337efa-159a-47c8-ba7d-6a342b84b808,136,2024-03-23 00:00:00,11,1619.75,95,194.37,0.0,confirmed,2024-07-22 00:00:00,2024-03-22 07:00:00,2024-03-22 07:00:00
882610f5-6b50-4939-8a77-8a1e5cb8af3e,460,2024-02-16 00:00:00,2,1104.0,144,132.48,0.0,confirmed,2024-04-20 00:00:00,2024-02-15 11:00:00,2024-02-15 11:00:00
53c291ec-4260-4e9c-b2d0-afa46e772f24,269,2024-09-24 00:00:00,5,1105.0,49,132.6,0.0,confirmed,2024-10-14 00:00:00,2024-09-23 23:00:00,2024-09-23 23:00:00
da300752-b525-4e0a-ab05-e1cbe6df091a,451,2024-02-01 00:00:00,7,3822.0,124,458.64,0.0,confirmed,2024-05-04 00:00:00,2024-01-31 09:00:00,2024-01-31 09:00:00
a5814a0c-c313-440d-b564-c036dcae5da6,283,2023-12-05 00:00:00,3,429.0,128,51.48,42.9,cancelled,2024-02-02 00:00:00,2023-12-04 12:00:00,2023-12-04 12:00:00
b55550db-c429-47d7-8945-6d74aa5a49dd,481,2023-11-23 00:00:00,4,340.0,49,40.8,34.0,cancelled,2024-02-22 00:00:00,2023-11-22 15:00:00,2023-11-22 15:00:00
aed8484e-2b44-463f-b446-cd89689e59c0,76,2024-04-02 00:00:00,7,833.0,132,99.96,83.3,cancelled,2024-07-29 00:00:00,2024-04-01 22:00:00,2024-04-01 22:00:00
402fb995-387d-4309-9fdf-3edf1da20d4c,438,2023-08-02 00:00:00,1,165.0,105,19.8,0.0,confirmed,2023-10-04 00:00:00,2023-08-01 20:00:00,2023-08-01 20:00:00
bda88cdc-bb55-427c-8252-728e46720272,4,2023-12-11 00:00:00,8,2280.0,68,273.6,0.0,confirmed,2024-01-04 00:00:00,2023-12-10 07:00:00,2023-12-10 07:00:00
f15301eb-a653-4401-aed3-ee9cba922a9e,433,2023-09-30 00:00:00,10,3382.5,61,405.9,338.25,cancelled,2024-02-05 00:00:00,2023-09-29 03:00:00,2023-09-29 03:00:00
d035871c-82cd-4eb0-bd82-537e1d554e9d,134,2023-09-19 00:00:00,13,6656.0,67,798.72,0.0,confirmed,2024-02-04 00:00:00,2023-09-18 12:00:00,2023-09-18 12:00:00
09fe2244-3984-4580-b86a-513472d6c5ba,300,2024-01-13 00:00:00,3,456.0,99,54.72,0.0,confirmed,2024-06-02 00:00:00,2024-01-12 17:00:00,2024-01-12 17:00:00
b08a3c78-117d-438b-86df-2a4070eb3e54,37,2023-09-05 00:00:00,8,2352.0,115,282.24,0.0,confirmed,2024-01-13 00:00:00,2023-09-04 18:00:00,2023-09-10 18:00:00
f4fbfe3b-c8ee-4615-8b2f-4c1829762aab,494,2023-10-26 00:00:00,8,2432.0,74,291.84,0.0,confirmed,2023-12-24 00:00:00,2023-10-25 05:00:00,2023-10-25 05:00:00
96918cc7-2a0c-42a9-a8ae-d1047b077bdd,451,2024-04-03 00:00:00,4,2184.0,146,262.08,218.4,cancelled,2024-08-04 00:00:00,2024-04-02 08:00:00,2024-04-02 08:00:00
fef6e031-b60d-49fe-b0cd-4abbabe0cc0d,468,2024-02-02 00:00:00,2,90.76,44,10.89,0.0,confirmed,2024-02-04 00:00:00,2024-02-01 21:00:00,2024-02-01 21:00:00
ee674144-5b85-4503-9cda-bdc16899de74,249,2024-02-25 00:00:00,6,627.0,135,75.24,0.0,confirmed,2024-03-31 00:00:00,2024-02-24 15:00:00,2024-02-24 15:00:00
0fc5d6c0-357d-4d4a-af67-31ceb4f43912,235,2023-05-09 00:00:00,13,7072.0,92,848.64,707.2,cancelled,2023-08-14 00:00:00,2023-05-08 22:00:00,2023-05-08 22:00:00
3f86b1cc-ed76-44d0-a3ba-2991deefc4a0,301,2024-07-16 00:00:00,1,70.12,44,8.41,7.01,cancelled,2024-11-20 00:00:00,2024-07-15 20:00:00,2024-07-15 20:00:00
8f8aeab0-9ebc-49f4-b10c-e78eace50259,233,2023-05-15 00:00:00,7,404.25,68,48.51,0.0,confirmed,2023-09-11 00:00:00,2023-05-14 00:00:00,2023-05-14 00:00:00
186ca794-586e-4e2a-9b73-d0751917659d,84,2023-10-12 00:00:00,3,346.5,89,41.58,0.0,confirmed,2023-11-30 00:00:00,2023-10-11 08:00:00,2023-10-11 08:00:00
2342e618-3319-4251-95d1-76eb75fac5ec,475,2023-08-25 00:00:00,10,1000.0,77,120.0,0.0,confirmed,2023-11-23 00:00:00,2023-08-24 11:00:00,2023-08-24 11:00:00
d549c223-6085-4274-bf71-e4b8cb3b0b8c,41,2023-10-26 00:00:00,2,161.5,140,19.38,0.0,confirmed,2024-02-21 00:00:00,2023-10-25 23:00:00,2023-10-28 23:00:00
c2004147-35fd-4ffc-9aae-3b2f8308fd68,392,2023-12-14 00:00:00,9,1008.0,97,120.96,0.0,confirmed,2024-04-22 00:00:00,2023-12-13 20:00:00,2023-12-13 20:00:00
05753d87-b511-471b-b9e3-56e2253645f3,18,2023-12-24 00:00:00,4,1364.0,58,163.68,136.4,cancelled,2024-01-10 00:00:00,2023-12-23 13:00:00,2023-12-29 13:00:00
5e2f5645-121e-4cec-9d61-9906b37f029b,397,2024-05-21 00:00:00,14,2656.5,139,318.78,265.65,cancelled,2024-07-30 00:00:00,2024-05-20 21:00:00,2024-05-20 21:00:00
fb5de93f-88b5-4d7c-9f82-6a01bfb38269,148,2024-02-05 00:00:00,12,2046.0,84,245.52,0.0,confirmed,2024-02-28 00:00:00,2024-02-04 20:00:00,2024-02-04 20:00:00
1f3e20d3-67bb-4b7d-81c3-b12761e2c318,350,2024-08-11 00:00:00,14,3136.0,124,376.32,313.6,cancelled,2024-11-13 00:00:00,2024-08-10 09:00:00,2024-08-10 09:00:00
68760177-6ef7-472a-8347-bd0314bfa510,9,2023-06-14 00:00:00,6,462.0,108,55.44,46.2,cancelled,2023-08-30 00:00:00,2023-06-13 13:00:00,2023-06-13 13:00:00
cee8ae64-6d19-4e92-bf78-8f65b26efd64,47,2024-03-21 00:00:00,2,161.5,117,19.38,0.0,confirmed,2024-08-23 00:00:00,2024-03-20 14:00:00,2024-03-20 14:00:00
2a7c8d7c-2788-4e38-bae1-decb838647d7,120,2023-06-19 00:00:00,5,332.5,53,39.9,0.0,confirmed,2023-11-11 00:00:00,2023-06-18 01:00:00,2023-06-18 01:00:00
54b1c3e4-bd54-45df-9fe5-59a899bd2bd1,15,2023-09-12 00:00:00,8,1848.0,146,221.76,0.0,confirmed,2023-12-08 00:00:00,2023-09-11 03:00:00,2023-09-11 03:00:00
d1da4c4a-39e3-4591-ae3e-7ec26a74146e,307,2024-01-10 00:00:00,3,588.0,82,70.56,58.8,cancelled,2024-02-09 00:00:00,2024-01-09 14:00:00,2024-01-09 14:00:00
e5a33962-a740-4aee-ba1d-2c6ed1d2d601,1,2023-12-12 00:00:00,11,1881.0,63,225.72,0.0,confirmed,2024-02-20 00:00:00,2023-12-11 13:00:00,2023-12-11 13:00:00
146736f9-1a2d-47fa-b5dc-96c36141b124,418,2024-04-10 00:00:00,5,1500.0,132,180.0,0.0,confirmed,2024-05-28 00:00:00,2024-04-09 14:00:00,2024-04-09 14:00:00
d5383201-e0c7-4cc0-8de9-8397393ca6a8,482,2024-01-07 00:00:00,2,528.0,108,63.36,0.0,confirmed,2024-04-11 00:00:00,2024-01-06 15:00:00,2024-01-06 15:00:00
7e498718-5027-43fc-bf19-b9ab174a5d1d,216,2024-01-04 00:00:00,13,2704.0,43,324.48,270.4,cancelled,2024-05-28 00:00:00,2024-01-03 00:00:00,2024-01-03 00:00:00
3d2c5ba9-c9a9-4895-beea-9e571edaab77,203,2024-06-12 00:00:00,1,119.0,83,14.28,0.0,confirmed,2024-12-06 00:00:00,2024-06-11 05:00:00,2024-06-11 05:00:00
dd1e00cf-bbe6-472d-820a-9bbc35bb0a4d,153,2024-02-10 00:00:00,3,900.0,140,108.0,0.0,confirmed,2024-05-06 00:00:00,2024-02-09 16:00:00,2024-02-11 16:00:00
d3612974-45eb-4419-988f-2287f7685997,217,2023-02-19 00:00:00,6,1482.0,44,177.84,0.0,confirmed,2023-03-31 00:00:00,2023-02-18 22:00:00,2023-02-18 22:00:00
7b1d40f7-3d93-47db-a608-4060bfcb2d2f,312,2024-02-15 00:00:00,9,1856.25,89,222.75,0.0,confirmed,2024-05-26 00:00:00,2024-02-14 02:00:00,2024-02-14 02:00:00
0baa999f-cfed-4ff4-9707-06d8c7daaef9,337,2023-12-07 00:00:00,6,2700.0,119,324.0,0.0,confirmed,2024-01-10 00:00:00,2023-12-06 16:00:00,2023-12-06 16:00:00
a4148b8c-d1a2-4070-abb4-c56741cf346d,448,2024-01-26 00:00:00,6,798.0,89,95.76,79.8,cancelled,2024-05-07 00:00:00,2024-01-25 02:00:00,2024-01-25 02:00:00
d92d5a69-f75c-4d56-89b0-0e5b2e162654,108,2024-02-04 00:00:00,2,90.76,140,10.89,0.0,confirmed,2024-02-28 00:00:00,2024-02-03 14:00:00,2024-02-03 14:00:00
dc859499-d195-47d0-87eb-7acc9d3db252,89,2024-03-08 00:00:00,11,940.5,54,112.86,0.0,confirmed,2024-03-19 00:00:00,2024-03-07 12:00:00,2024-03-07 12:00:00
d12330e4-8601-450c-8a95-4381e3ab4bb7,172,2023-12-03 00:00:00,10,990.0,89,118.8,0.0,confirmed,2024-02-11 00:00:00,2023-12-02 01:00:00,2023-12-02 01:00:00
cd1717f2-fedc-494a-b1c6-e5089fc0e2db,376,2023-10-21 00:00:00,8,1056.0,122,126.72,0.0,confirmed,2024-01-30 00:00:00,2023-10-20 00:00:00,2023-10-20 00:00:00
0cc7739a-974e-481d-ac21-562ed2cb3f02,230,2023-03-26 00:00:00,10,6440.0,139,772.8,644.0,cancelled,2023-04-30 00:00:00,2023-03-25 05:00:00,2023-03-25 05:00:00
ec007f40-68bb-42d0-a1cd-51e22d3b2f4b,462,2023-10-29 00:00:00,1,210.0,120,25.2,21.0,cancelled,2024-03-16 00:00:00,2023-10-28 10:00:00,2023-11-06 10:00:00
e77443ab-393a-44fb-887c-f7cd9789204c,285,2023-12-23 00:00:00,11,1361.25,69,163.35,0.0,confirmed,2024-05-19 00:00:00,2023-12-22 06:00:00,2023-12-22 06:00:00
a935f190-81ec-4743-8fde-f6e25509ebad,325,2023-05-21 00:00:00,12,3456.0,65,414.72,345.6,cancelled,2023-08-26 00:00:00,2023-05-20 15:00:00,2023-05-20 15:00:00
2d17228f-0687-4ceb-b134-360d7ea74874,176,2024-07-20 00:00:00,12,1980.0,70,237.6,0.0,confirmed,2024-07-22 00:00:00,2024-07-19 03:00:00,2024-07-19 03:00:00
ff3ec3e2-7139-48de-a906-25278ee637aa,274,2023-10-02 00:00:00,7,997.5,139,119.7,0.0,confirmed,2023-12-11 00:00:00,2023-10-01 18:00:00,2023-10-01 18:00:00
2370eec2-152d-4e24-b721-adbb821a2dd3,122,2024-07-07 00:00:00,11,4290.0,112,514.8,0.0,confirmed,2024-07-12 00:00:00,2024-07-06 15:00:00,2024-07-06 15:00:00
a0eeacd3-0781-45a2-a193-1897bc08c64e,487,2023-09-21 00:00:00,5,371.25,114,44.55,0.0,confirmed,2023-10-08 00:00:00,2023-09-20 21:00:00,2023-09-20 21:00:00
8cd43de0-5862-4b19-9e1c-60b6863b3b26,438,2023-12-21 00:00:00,5,825.0,51,99.0,0.0,confirmed,2024-01-15 00:00:00,2023-12-20 21:00:00,2023-12-20 21:00:00
87bbac26-3468-4f63-8d5a-eccbc7d22bdd,313,2024-01-18 00:00:00,13,3757.0,123,450.84,375.7,cancelled,2024-04-08 00:00:00,2024-01-17 21:00:00,2024-01-17 21:00:00
9679b3a3-0b5c-4d6a-acbc-94e9fab8295b,219,2023-05-20 00:00:00,10,1140.0,126,136.8,0.0,confirmed,2023-05-23 00:00:00,2023-05-19 01:00:00,2023-05-19 01:00:00
afad415a-3fc4-472f-839b-64364f746614,103,2023-11-06 00:00:00,2,300.0,121,36.0,30.0,cancelled,2024-03-14 00:00:00,2023-11-05 06:00:00,2023-11-15 06:00:00
e7dbd918-5040-4b4b-b72f-fee45b7c4fd6,130,2024-10-04 00:00:00,9,2160.0,48,259.2,0.0,confirmed,2025-03-14 00:00:00,2024-10-03 11:00:00,2024-10-09 11:00:00
db04ad74-0082-4f3b-bada-eb0d149ad666,3,2023-08-30 00:00:00,4,1848.0,78,221.76,184.8,cancelled,2023-11-23 00:00:00,2023-08-29 10:00:00,2023-08-29 10:00:00
2ad8ca19-77f1-4b14-98b9-48c70572c830,172,2023-12-10 00:00:00,13,1287.0,133,154.44,0.0,confirmed,2024-05-11 00:00:00,2023-12-09 16:00:00,2023-12-09 16:00:00
3773274f-46a9-4009-aee2-ac1aa21ab947,333,2024-01-21 00:00:00,2,644.0,104,77.28,0.0,confirmed,2024-06-10 00:00:00,2024-01-20 23:00:00,2024-01-26 23:00:00
144ab6e7-7aa5-493f-8ce1-daf9469d7867,282,2023-08-14 00:00:00,5,1840.0,62,220.8,184.0,cancelled,2024-02-09 00:00:00,2023-08-13 17:00:00,2023-08-13 17:00:00
248f916e-b970-4133-9d65-e24028cac7e6,450,2023-04-18 00:00:00,13,1716.0,70,205.92,0.0,confirmed,2023-09-29 00:00:00,2023-04-17 19:00:00,2023-04-17 19:00:00
25d76ee9-6e0d-41b7-a545-e3fda4c5fdae,425,2023-06-24 00:00:00,11,2431.0,114,291.72,0.0,confirmed,2023-10-27 00:00:00,2023-06-23 23:00:00,2023-06-23 23:00:00
fa924279-2585-45c8-9781-eba9efe10644,17,2023-05-27 00:00:00,8,2176.0,54,261.12,0.0,confirmed,2023-06-30 00:00:00,2023-05-26 22:00:00,2023-05-26 22:00:00
296a9ecb-f082-43b0-9cb7-0dd00c2ac1ab,131,2023-04-15 00:00:00,6,1920.0,41,230.4,192.0,cancelled,2023-09-24 00:00:00,2023-04-14 11:00:00,2023-04-22 11:00:00
70346cda-e0e7-4352-9340-136d7804ceac,353,2024-01-20 00:00:00,3,280.5,127,33.66,0.0,confirmed,2024-07-10 00:00:00,2024-01-19 17:00:00,2024-01-19 17:00:00
fe19d73e-c3e4-4186-a88f-9aa651f8c28f,459,2024-09-12 00:00:00,11,2992.0,128,359.04,0.0,confirmed,2024-12-23 00:00:00,2024-09-11 07:00:00,2024-09-11 07:00:00
ce5d50b8-4d8a-4c64-9579-92f90baa6fa5,406,2023-11-07 00:00:00,6,1200.0,58,144.0,0.0,confirmed,2023-11-20 00:00:00,2023-11-06 07:00:00,2023-11-06 07:00:00
01aeddf3-bdfb-4dad-8756-736807b145f5,403,2024-03-19 00:00:00,5,350.0,81,42.0,0.0,confirmed,2024-05-26 00:00:00,2024-03-18 11:00:00,2024-03-18 11:00:00
ece6134d-d27a-4b7a-bacb-72ac05a220ac,208,2023-12-12 00:00:00,14,5586.0,79,670.32,0.0,confirmed,2024-02-16 00:00:00,2023-12-11 02:00:00,2023-12-11 02:00:00
3c2e5484-e53f-46cb-be8a-2affa2e46674,36,2024-03-20 00:00:00,4,1088.0,127,130.56,0.0,confirmed,2024-08-29 00:00:00,2024-03-19 14:00:00,2024-03-19 14:00:00
f627c0c2-78b2-42d8-a0be-8d4d10eb4ae9,144,2024-07-13 00:00:00,5,700.0,54,84.0,0.0,confirmed,2024-12-29 00:00:00,2024-07-12 00:00:00,2024-07-12 00:00:00
e04dd462-0206-41b8-a0e2-07ca2ea91b2a,77,2023-11-06 00:00:00,2,320.0,121,38.4,32.0,cancelled,2024-01-20 00:00:00,2023-11-05 22:00:00,2023-11-05 22:00:00
1d17ef92-ae91-4983-be70-f671c4db8c88,50,2024-05-09 00:00:00,13,2730.0,47,327.6,0.0,confirmed,2024-06-22 00:00:00,2024-05-08 09:00:00,2024-05-08 09:00:00
61b88b06-3e1a-4bc2-9bdc-99e1c73612a0,392,2024-03-13 00:00:00,12,1344.0,70,161.28,0.0,confirmed,2024-04-27 00:00:00,2024-03-12 04:00:00,2024-03-12 04:00:00
3f213360-530b-488f-a1ad-1a8e60e8df28,362,2023-05-18 00:00:00,12,2046.0,81,245.52,204.6,cancelled,2023-06-17 00:00:00,2023-05-17 09:00:00,2023-05-17 09:00:00
e68462e9-0bfe-485b-ad1b-dc80452996f1,348,2023-10-14 00:00:00,5,275.0,102,33.0,0.0,confirmed,2024-03-04 00:00:00,2023-10-13 23:00:00,2023-10-13 23:00:00
7ef252a7-5dc3-49cf-99a1-06b4b9b6b32e,398,2023-06-25 00:00:00,2,272.0,132,32.64,0.0,confirmed,2023-07-08 00:00:00,2023-06-24 04:00:00,2023-06-24 04:00:00
54c1be79-3e90-4b47-b730-014360ec14af,332,2023-05-16 00:00:00,13,1144.0,135,137.28,114.4,cancelled,2023-08-20 00:00:00,2023-05-15 22:00:00,2023-05-15 22:00:00
3fe0a8ee-5e61-4da3-8b68-2c4f71054189,481,2023-07-03 00:00:00,9,765.0,128,91.8,0.0,confirmed,2023-08-19 00:00:00,2023-07-02 17:00:00,2023-07-04 17:00:00
858db3bf-2c0e-4336-a6ed-c710e4e42a37,114,2024-04-01 00:00:00,8,1320.0,95,158.4,132.0,cancelled,2024-08-10 00:00:00,2024-03-31 17:00:00,2024-03-31 17:00:00
ec568aaf-caa8-4158-8998-b6ad62df6c2a,29,2023-06-28 00:00:00,9,2160.0,90,259.2,0.0,confirmed,2023-08-03 00:00:00,2023-06-27 20:00:00,2023-06-27 20:00:00
5c968984-ad54-4f59-a8f3-fd0dd6def96b,233,2023-03-11 00:00:00,7,404.25,82,48.51,40.43,cancelled,2023-06-01 00:00:00,2023-03-10 23:00:00,2023-03-10 23:00:00
219ddef3-f03a-448b-9b18-c331153ceca6,338,2024-06-21 00:00:00,10,1680.0,134,201.6,168.0,cancelled,2024-09-20 00:00:00,2024-06-20 20:00:00,2024-06-20 20:00:00
f03f8f9b-4f0d-4ee8-b88a-c306aa208a64,26,2023-10-07 00:00:00,3,720.0,111,86.4,0.0,confirmed,2023-10-16 00:00:00,2023-10-06 09:00:00,2023-10-06 09:00:00
bb9ba6d3-9ca1-4b87-91c4-e614950b55c3,386,2023-11-19 00:00:00,4,323.0,104,38.76,32.3,cancelled,2024-02-21 00:00:00,2023-11-18 08:00:00,2023-11-24 08:00:00
44632ccd-8c3b-45c7-b216-559c1d04c151,265,2023-07-14 00:00:00,6,1980.0,104,237.6,198.0,cancelled,2023-12-16 00:00:00,2023-07-13 04:00:00,2023-07-13 04:00:00
545d4b55-dc6a-49c9-bab7-21aba39f1f3d,470,2024-05-10 00:00:00,11,2783.0,95,333.96,0.0,confirmed,2024-08-09 00:00:00,2024-05-09 21:00:00,2024-05-09 21:00:00
d420b8dd-ac45-4d94-b32f-1c2d6885ebaf,147,2023-10-13 00:00:00,5,522.5,124,62.7,0.0,confirmed,2024-03-24 00:00:00,2023-10-12 03:00:00,2023-10-12 03:00:00
ecf45d02-6c33-4aed-8e75-6779e409fc19,160,2023-09-11 00:00:00,14,2618.0,64,314.16,0.0,confirmed,2024-01-05 00:00:00,2023-09-10 17:00:00,2023-09-10 17:00:00
b4308a21-aa2e-4746-86f2-bcd07ffd6fe2,10,2024-04-16 00:00:00,5,1920.0,141,230.4,0.0,confirmed,2024-07-31 00:00:00,2024-04-15 22:00:00,2024-04-15 22:00:00
f327c1fe-7ddd-45c8-9131-c6a8b5a62877,166,2023-07-31 00:00:00,10,2295.0,141,275.4,229.5,cancelled,2023-12-14 00:00:00,2023-07-30 08:00:00,2023-07-30 08:00:00
19c35eab-a4d8-44c7-a06a-1f3bd8d0a3bd,48,2023-10-07 00:00:00,7,693.0,101,83.16,0.0,confirmed,2023-12-05 00:00:00,2023-10-06 15:00:00,2023-10-06 15:00:00
f7a21017-a581-4d5b-8361-f9b54c87acdd,415,2023-10-09 00:00:00,3,2346.0,88,281.52,0.0,confirmed,2024-02-01 00:00:00,2023-10-08 07:00:00,2023-10-08 07:00:00
a2080077-d487-4c0c-b32f-d81b79edbcf2,455,2023-08-27 00:00:00,2,378.0,108,45.36,37.8,cancelled,2023-11-11 00:00:00,2023-08-26 01:00:00,2023-08-26 01:00:00
ef0dbb8f-c0d3-4362-a785-0a68aac7da7d,252,2023-12-29 00:00:00,8,2624.0,81,314.88,262.4,cancelled,2024-06-04 00:00:00,2023-12-28 14:00:00,2023-12-28 14:00:00
a5fc9222-d0ec-4df9-8dc3-de500ff22102,196,2023-10-23 00:00:00,9,1707.75,107,204.93,170.78,cancelled,2024-02-21 00:00:00,2023-10-22 14:00:00,2023-10-25 14:00:00
9eb90f1d-0ce7-44f9-95b5-bc75fe63d78b,417,2023-11-12 00:00:00,5,1400.0,90,168.0,0.0,confirmed,2024-04-25 00:00:00,2023-11-11 19:00:00,2023-11-11 19:00:00
21dc3326-5f5d-4aa7-948f-ecca1a4e3648,223,2024-05-29 00:00:00,5,450.0,121,54.0,45.0,cancelled,2024-06-20 00:00:00,2024-05-28 14:00:00,2024-05-28 14:00:00
b6c140ad-ab8f-4519-b58a-2c33190fdbe0,292,2024-03-04 00:00:00,14,8820.0,54,1058.4,0.0,confirmed,2024-08-16 00:00:00,2024-03-03 09:00:00,2024-03-03 09:00:00
7f230723-79ed-427b-84af-42fee48e7b32,203,2024-01-19 00:00:00,7,833.0,149,99.96,83.3,cancelled,2024-06-06 00:00:00,2024-01-18 23:00:00,2024-01-18 23:00:00
51c023cf-ed1c-4284-b496-36f708c81d58,208,2023-11-12 00:00:00,9,3591.0,130,430.92,359.1,cancelled,2024-02-22 00:00:00,2023-11-11 22:00:00,2023-11-11 22:00:00
6dedecc0-7fee-4f2d-8414-b6902c31f31b,400,2023-11-27 00:00:00,12,1617.0,105,194.04,161.7,cancelled,2024-04-28 00:00:00,2023-11-26 09:00:00,2023-11-26 09:00:00
6c4acdfc-2572-495a-a37b-32cc606b000e,131,2023-08-13 00:00:00,13,4160.0,68,499.2,416.0,cancelled,2024-02-07 00:00:00,2023-08-12 18:00:00,2023-08-12 18:00:00
3442f2dc-5804-4742-8c19-96dfc901b16d,414,2024-04-11 00:00:00,8,792.0,136,95.04,79.2,cancelled,2024-07-20 00:00:00,2024-04-10 15:00:00,2024-04-10 15:00:00
12231353-506e-4473-aee0-e3538c8450be,256,2024-01-16 00:00:00,14,750.68,45,90.08,0.0,confirmed,2024-02-22 00:00:00,2024-01-15 00:00:00,2024-01-15 00:00:00
cd8e5758-2cc3-44a4-a3b2-07e6e79c9713,49,2023-11-11 00:00:00,4,392.0,139,47.04,0.0,confirmed,2024-02-16 00:00:00,2023-11-10 17:00:00,2023-11-16 17:00:00
edcf87d4-3bd2-4df8-991f-0eed9bbb834c,458,2024-03-03 00:00:00,2,506.0,46,60.72,0.0,confirmed,2024-08-03 00:00:00,2024-03-02 18:00:00,2024-03-02 18:00:00
b2ca9e90-d1b9-4bf9-b0f5-f79d3edbf976,471,2023-08-29 00:00:00,8,4216.0,101,505.92,0.0,confirmed,2024-01-28 00:00:00,2023-08-28 18:00:00,2023-08-28 18:00:00
eadb06fb-8989-4d2c-86c2-c8c51174ef0c,1,2024-02-26 00:00:00,6,1026.0,62,123.12,0.0,confirmed,2024-04-04 00:00:00,2024-02-25 04:00:00,2024-02-25 04:00:00
3b7107ff-e731-42a5-be95-0d56a8fbd12e,124,2023-06-13 00:00:00,6,816.0,111,97.92,0.0,confirmed,2023-06-26 00:00:00,2023-06-12 16:00:00,2023-06-12 16:00:00
8e3988bc-4525-4566-ab6d-79073d099f48,496,2023-09-28 00:00:00,4,1440.0,111,172.8,0.0,confirmed,2024-01-20 00:00:00,2023-09-27 16:00:00,2023-09-27 16:00:00
96da36ed-aba3-4a29-8b4c-c4015b038af8,439,2023-11-22 00:00:00,1,184.0,60,22.08,0.0,confirmed,2023-12-06 00:00:00,2023-11-21 07:00:00,2023-11-21 07:00:00
8c41da10-ae28-4131-9835-b0eaf5d279c8,56,2023-04-26 00:00:00,10,2560.0,52,307.2,0.0,confirmed,2023-05-20 00:00:00,2023-04-25 12:00:00,2023-04-25 12:00:00
5a71ec14-84ab-4db7-ac01-9da411f6da04,33,2023-03-13 00:00:00,3,714.0,72,85.68,0.0,confirmed,2023-06-21 00:00:00,2023-03-12 09:00:00,2023-03-12 09:00:00
243fd104-884d-490b-90f0-23916fceed60,23,2024-01-11 00:00:00,13,1547.0,98,185.64,154.7,cancelled,2024-04-26 00:00:00,2024-01-10 06:00:00,2024-01-10 06:00:00
ed060ba2-3623-4a73-b26b-77e283f3cec0,147,2023-09-06 00:00:00,11,1149.5,108,137.94,0.0,confirmed,2023-10-07 00:00:00,2023-09-05 05:00:00,2023-09-05 05:00:00
1c23bb2e-60fb-4d70-95d5-b8549d5c6552,111,2023-12-18 00:00:00,12,6336.0,88,760.32,0.0,confirmed,2024-01-05 00:00:00,2023-12-17 00:00:00,2023-12-17 00:00:00
78c79a4c-0af0-4500-9dca-ac379d6974fa,279,2023-03-04 00:00:00,11,2002.0,100,240.24,0.0,confirmed,2023-06-26 00:00:00,2023-03-03 19:00:00,2023-03-03 19:00:00
695637de-5b36-4121-92c4-9bca5315e050,240,2024-07-24 00:00:00,6,2112.0,132,253.44,211.2,cancelled,2024-09-25 00:00:00,2024-07-23 22:00:00,2024-07-23 22:00:00
6ea1add5-eef7-4a47-a8e0-e1b60c657c9d,63,2023-03-15 00:00:00,4,1144.0,66,137.28,114.4,cancelled,2023-06-08 00:00:00,2023-03-14 01:00:00,2023-03-20 01:00:00
9a1c55b3-e1ee-428e-971c-ead96efea83b,310,2024-02-19 00:00:00,1,132.0,91,15.84,0.0,confirmed,2024-06-11 00:00:00,2024-02-18 08:00:00,2024-02-18 08:00:00
b5a4ff8d-571a-4065-9f99-62eb8cfc4d11,40,2023-09-07 00:00:00,4,792.0,66,95.04,0.0,confirmed,2023-12-03 00:00:00,2023-09-06 22:00:00,2023-09-06 22:00:00
a7d6c9b8-6a34-4de6-af1b-f9948d90bb38,310,2023-10-02 00:00:00,12,1584.0,74,190.08,0.0,confirmed,2024-02-21 00:00:00,2023-10-01 11:00:00,2023-10-01 11:00:00
2cff2254-cb84-45d6-95f6-021297151736,213,2024-02-28 00:00:00,11,847.0,77,101.64,0.0,confirmed,2024-03-19 00:00:00,2024-02-27 12:00:00,2024-02-27 12:00:00
d1b3fa8f-e318-46cf-b8de-c1b2760aa6ae,202,2023-10-16 00:00:00,2,1008.0,68,120.96,0.0,confirmed,2024-04-11 00:00:00,2023-10-15 09:00:00,2023-10-15 09:00:00
0e148839-7543-4b35-a24e-6a8df08b142f,368,2023-12-24 00:00:00,3,480.0,56,57.6,48.0,cancelled,2024-04-03 00:00:00,2023-12-23 05:00:00,2023-12-23 05:00:00
f820e771-e770-4f3c-b60d-5f407b1552c5,26,2024-03-08 00:00:00,11,2640.0,132,316.8,264.0,cancelled,2024-07-27 00:00:00,2024-03-07 06:00:00,2024-03-07 06:00:00
b4335803-2bee-4027-85fe-d017a2230ef7,346,2023-06-06 00:00:00,2,320.0,129,38.4,0.0,confirmed,2023-11-01 00:00:00,2023-06-05 03:00:00,2023-06-05 03:00:00
b6e7ecae-903e-40e3-88f9-1b4fcf1efb8b,269,2024-04-10 00:00:00,9,1989.0,98,238.68,0.0,confirmed,2024-06-26 00:00:00,2024-04-09 10:00:00,2024-04-09 10:00:00
e8613487-36cf-47f6-81be-1986220e71fd,291,2023-12-15 00:00:00,5,595.0,83,71.4,0.0,confirmed,2023-12-25 00:00:00,2023-12-14 22:00:00,2023-12-14 22:00:00
f8b9c950-4678-4bd5-9b36-8c3fa781466a,275,2023-07-19 00:00:00,14,2136.68,126,256.4,0.0,confirmed,2023-08-17 00:00:00,2023-07-18 22:00:00,2023-07-18 22:00:00
6d824096-871e-41db-a8c0-54462bb57a90,19,2023-10-07 00:00:00,11,968.0,114,116.16,0.0,confirmed,2024-02-13 00:00:00,2023-10-06 23:00:00,2023-10-16 23:00:00
2e11ae9d-a130-4256-8007-6f0e7fe3d149,350,2024-04-16 00:00:00,9,2016.0,52,241.92,0.0,confirmed,2024-06-08 00:00:00,2024-04-15 20:00:00,2024-04-24 20:00:00
c5b75dfe-a3a0-489f-ba74-e337d2a019fc,91,2023-08-14 00:00:00,5,760.0,42,91.2,0.0,confirmed,2023-11-06 00:00:00,2023-08-13 10:00:00,2023-08-22 10:00:00
08a1858e-75cf-4000-824a-185fd9298076,72,2023-03-22 00:00:00,2,540.0,89,64.8,0.0,confirmed,2023-07-12 00:00:00,2023-03-21 03:00:00,2023-03-21 03:00:00
52a2433f-7c89-4a1b-887f-b6a72b1ecb7a,70,2023-12-01 00:00:00,9,2304.0,49,276.48,230.4,cancelled,2024-04-24 00:00:00,2023-11-30 14:00:00,2023-11-30 14:00:00
26ae70eb-e75f-4d7b-8bbb-1a08482d92ed,389,2023-08-25 00:00:00,12,2079.0,131,249.48,207.9,cancelled,2023-12-21 00:00:00,2023-08-24 21:00:00,2023-08-24 21:00:00
e5200e7a-a46c-451a-8862-b75c74c4bb0b,244,2023-09-03 00:00:00,6,990.0,126,118.8,0.0,confirmed,2023-11-12 00:00:00,2023-09-02 23:00:00,2023-09-02 23:00:00
c9c66c33-6b9a-4e6d-a3b0-b488e0977c97,114,2023-10-25 00:00:00,3,495.0,117,59.4,49.5,cancelled,2024-02-02 00:00:00,2023-10-24 09:00:00,2023-10-24 09:00:00
584cb962-5fe1-4430-bb5f-b380de842926,324,2024-04-06 00:00:00,11,962.5,141,115.5,96.25,cancelled,2024-08-25 00:00:00,2024-04-05 01:00:00,2024-04-05 01:00:00
90b48c13-19d6-4e7b-a81e-2a04e27838a7,270,2023-10-24 00:00:00,11,3410.0,87,409.2,0.0,confirmed,2023-11-19 00:00:00,2023-10-23 11:00:00,2023-10-23 11:00:00
120ebb9a-9a1b-4b56-bc6c-283513084835,265,2023-04-24 00:00:00,8,2640.0,112,316.8,264.0,cancelled,2023-08-26 00:00:00,2023-04-23 00:00:00,2023-04-23 00:00:00
68857810-bf5f-4cc0-acc0-820ff43a331d,222,2023-12-29 00:00:00,14,3220.0,57,386.4,0.0,confirmed,2024-02-21 00:00:00,2023-12-28 23:00:00,2023-12-28 23:00:00
5bdd7834-bdab-4bc7-b97a-bd8340cba5ba,385,2023-12-07 00:00:00,2,448.0,105,53.76,0.0,confirmed,2024-05-07 00:00:00,2023-12-06 03:00:00,2023-12-06 03:00:00
6079835b-1270-4639-9c64-ca41127ec8b5,337,2024-05-12 00:00:00,4,1800.0,130,216.0,0.0,confirmed,2024-10-04 00:00:00,2024-05-11 02:00:00,2024-05-11 02:00:00
5fd36d47-89ca-40d4-b8b7-4ba57c8796fb,119,2024-04-13 00:00:00,7,833.0,97,99.96,0.0,confirmed,2024-06-10 00:00:00,2024-04-12 14:00:00,2024-04-12 14:00:00
ac680a77-0111-4e1c-9770-6e2e2e30075e,36,2024-07-18 00:00:00,8,2176.0,85,261.12,0.0,confirmed,2024-08-27 00:00:00,2024-07-17 14:00:00,2024-07-23 14:00:00
1e7f5ed9-1477-4b8c-9bea-91c26e7f078d,308,2023-06-08 00:00:00,14,3465.0,65,415.8,346.5,cancelled,2023-09-26 00:00:00,2023-06-07 10:00:00,2023-06-07 10:00:00
7cb27899-5749-499a-b37b-099d255a4901,110,2023-11-23 00:00:00,6,1140.0,77,136.8,0.0,confirmed,2024-01-05 00:00:00,2023-11-22 22:00:00,2023-11-25 22:00:00
6a11cdb0-dc10-42f5-81f1-68300092bcc2,149,2023-03-02 00:00:00,10,5120.0,101,614.4,0.0,confirmed,2023-08-17 00:00:00,2023-03-01 05:00:00,2023-03-01 05:00:00
70f9f253-d481-4c09-914f-b1b1f669bfd9,320,2023-11-16 00:00:00,13,1638.0,100,196.56,0.0,confirmed,2024-04-07 00:00:00,2023-11-15 02:00:00,2023-11-15 02:00:00
d5d11930-f85d-4432-a9c2-6123cd5738a8,344,2023-08-27 00:00:00,3,399.0,100,47.88,39.9,cancelled,2023-12-28 00:00:00,2023-08-26 03:00:00,2023-08-26 03:00:00
2932f8fe-432e-4767-b8b4-b9630c540404,270,2024-06-19 00:00:00,9,2790.0,108,334.8,0.0,confirmed,2024-10-31 00:00:00,2024-06-18 12:00:00,2024-06-18 12:00:00
0f4201ba-dce5-4f19-8208-38c5ca7cdd13,284,2024-08-19 00:00:00,3,528.0,123,63.36,0.0,confirmed,2025-01-30 00:00:00,2024-08-18 07:00:00,2024-08-18 07:00:00
2f89cf69-1431-4a05-8c71-e34968eae317,416,2024-03-05 00:00:00,11,847.0,97,101.64,84.7,cancelled,2024-05-20 00:00:00,2024-03-04 14:00:00,2024-03-14 14:00:00
48d31a3a-3a47-4668-b46e-d7e9c6971b66,87,2024-02-19 00:00:00,8,3744.0,45,449.28,0.0,confirmed,2024-07-15 00:00:00,2024-02-18 21:00:00,2024-02-18 21:00:00
37c3f650-3e27-4173-9b99-3783f31ead0e,352,2023-11-27 00:00:00,14,3003.0,73,360.36,300.3,cancelled,2024-02-12 00:00:00,2023-11-26 05:00:00,2023-11-26 05:00:00
66cde635-c57f-4e69-81eb-17dc2f203f11,456,2023-02-24 00:00:00,8,3772.0,82,452.64,0.0,confirmed,2023-03-06 00:00:00,2023-02-23 18:00:00,2023-02-23 18:00:00
d2fd91cc-9921-474b-ab4f-d5db0bbe007b,149,2023-12-08 00:00:00,7,3584.0,96,430.08,0.0,confirmed,2024-02-21 00:00:00,2023-12-07 11:00:00,2023-12-07 11:00:00
fdad7b8b-d126-4f94-b9ba-4e8a7254267a,328,2023-11-30 00:00:00,14,3724.0,87,446.88,372.4,cancelled,2024-04-24 00:00:00,2023-11-29 18:00:00,2023-11-29 18:00:00
8991717d-9933-440f-bd11-d2f20ee5e346,242,2024-04-17 00:00:00,4,704.0,69,84.48,0.0,confirmed,2024-04-25 00:00:00,2024-04-16 21:00:00,2024-04-16 21:00:00
53372e53-291a-4506-9f63-59d92121cf81,107,2023-12-09 00:00:00,8,792.0,40,95.04,79.2,cancelled,2024-06-01 00:00:00,2023-12-08 14:00:00,2023-12-08 14:00:00
cdb39551-2a6b-4cf5-a506-863c513e66e8,96,2024-06-04 00:00:00,7,784.0,99,94.08,78.4,cancelled,2024-10-24 00:00:00,2024-06-03 13:00:00,2024-06-03 13:00:00
19655192-48d1-472b-9a7c-3c41dcdcec97,72,2023-11-02 00:00:00,1,270.0,122,32.4,0.0,confirmed,2024-04-19 00:00:00,2023-11-01 18:00:00,2023-11-03 18:00:00
ec5a5f2e-f36f-45a8-9df2-9d851ff4db35,290,2023-05-08 00:00:00,3,420.0,132,50.4,42.0,cancelled,2023-10-26 00:00:00,2023-05-07 13:00:00,2023-05-07 13:00:00
3a70cfeb-7ff2-44c1-98f2-d0f2530bd929,306,2024-01-18 00:00:00,9,1134.0,137,136.08,113.4,cancelled,2024-06-04 00:00:00,2024-01-17 00:00:00,2024-01-17 00:00:00
8f30d579-6e27-4773-a893-a44ca0347061,277,2023-08-23 00:00:00,10,2380.0,88,285.6,238.0,cancelled,2024-02-18 00:00:00,2023-08-22 12:00:00,2023-08-30 12:00:00
8cea58d7-20bb-45c8-ba78-32fd70165337,51,2023-06-19 00:00:00,10,2310.0,127,277.2,0.0,confirmed,2023-07-17 00:00:00,2023-06-18 07:00:00,2023-06-18 07:00:00
1d236c3a-a71b-4aaf-abca-a0a9cbb8af28,21,2024-02-21 00:00:00,12,3534.0,118,424.08,0.0,confirmed,2024-06-23 00:00:00,2024-02-20 17:00:00,2024-02-20 17:00:00
1c1d82bb-59a9-4aaf-83b0-afc6fbeb2796,462,2023-10-06 00:00:00,9,1890.0,149,226.8,0.0,confirmed,2023-10-12 00:00:00,2023-10-05 03:00:00,2023-10-05 03:00:00
f18c29b6-160a-49c3-87b7-c5cc877c7a9c,382,2024-05-27 00:00:00,10,2530.0,72,303.6,0.0,confirmed,2024-06-26 00:00:00,2024-05-26 02:00:00,2024-05-29 02:00:00
4b94f4be-660d-4359-bffa-b64d259644c1,25,2023-12-24 00:00:00,9,482.58,104,57.91,0.0,confirmed,2024-06-07 00:00:00,2023-12-23 19:00:00,2023-12-23 19:00:00
a0dd5296-8e02-4a56-bb83-ff1ec79b0ab0,220,2023-11-06 00:00:00,12,1188.0,103,142.56,0.0,confirmed,2024-04-21 00:00:00,2023-11-05 02:00:00,2023-11-05 02:00:00
fe1cb9e0-cbb2-4a38-8519-97bfd00ded51,410,2024-01-28 00:00:00,8,1064.0,51,127.68,0.0,confirmed,2024-04-21 00:00:00,2024-01-27 16:00:00,2024-01-27 16:00:00
d8ae59de-f50e-4970-bddd-1be50e18b1ba,458,2024-08-28 00:00:00,4,1012.0,49,121.44,0.0,confirmed,2025-01-12 00:00:00,2024-08-27 04:00:00,2024-08-27 04:00:00
2b2bd9d7-9eb0-4955-ad02-4e837765cb30,108,2024-09-30 00:00:00,10,453.8,123,54.46,45.38,cancelled,2025-01-18 00:00:00,2024-09-29 01:00:00,2024-09-29 01:00:00
025eea47-1c31-40da-a4e9-36006446fb8e,443,2023-06-25 00:00:00,1,199.5,143,23.94,19.95,cancelled,2023-08-30 00:00:00,2023-06-24 19:00:00,2023-06-24 19:00:00
c58a0321-48b3-4c14-97ef-7b1bb16dc5d4,497,2024-06-25 00:00:00,9,2016.0,105,241.92,201.6,cancelled,2024-09-20 00:00:00,2024-06-24 12:00:00,2024-06-24 12:00:00
fe1ab6b8-82c1-44b3-8fa7-c4080d29f91c,334,2023-07-01 00:00:00,10,902.5,92,108.3,0.0,confirmed,2023-11-24 00:00:00,2023-06-30 04:00:00,2023-06-30 04:00:00
8cc8bb3c-c0fa-4ac3-ad26-ade2901890bd,277,2023-08-05 00:00:00,3,714.0,113,85.68,0.0,confirmed,2023-10-16 00:00:00,2023-08-04 15:00:00,2023-08-04 15:00:00
69ab1257-d618-4d28-90c8-b49b8ceeab84,347,2024-05-20 00:00:00,2,1056.0,75,126.72,0.0,confirmed,2024-07-05 00:00:00,2024-05-19 22:00:00,2024-05-27 22:00:00
87468a47-87c3-4ec1-a039-41b79bacf062,366,2023-12-13 00:00:00,3,483.0,99,57.96,0.0,confirmed,2024-04-24 00:00:00,2023-12-12 21:00:00,2023-12-13 21:00:00
90ec3935-db02-41f4-a4d6-de01be354f2e,406,2023-10-19 00:00:00,14,2800.0,110,336.0,0.0,confirmed,2023-11-25 00:00:00,2023-10-18 04:00:00,2023-10-18 04:00:00
ae8e430c-0b13-4d3f-beeb-81fa6eb7ff9a,231,2023-07-28 00:00:00,8,1220.96,48,146.52,122.1,cancelled,2023-10-07 00:00:00,2023-07-27 04:00:00,2023-07-27 04:00:00
64b1d440-bc87-4d5c-8fa0-3c2d58196e6a,452,2023-05-23 00:00:00,12,693.0,126,83.16,69.3,cancelled,2023-10-30 00:00:00,2023-05-22 09:00:00,2023-05-29 09:00:00
3969efd8-164a-4f24-afd5-a0562fa454aa,221,2023-09-16 00:00:00,5,1200.0,84,144.0,0.0,confirmed,2023-10-06 00:00:00,2023-09-15 15:00:00,2023-09-15 15:00:00
483fa876-9802-4d0d-a47f-012cf0b6af07,414,2024-01-29 00:00:00,8,792.0,106,95.04,0.0,confirmed,2024-05-17 00:00:00,2024-01-28 08:00:00,2024-01-28 08:00:00
51e838a1-8af0-4c7d-9c2c-964efa600186,99,2023-09-11 00:00:00,14,1963.5,122,235.62,196.35,cancelled,2024-02-26 00:00:00,2023-09-10 06:00:00,2023-09-10 06:00:00
de9d736f-e5a4-4df0-bc52-38b3d4084254,86,2023-10-31 00:00:00,9,2592.0,54,311.04,259.2,cancelled,2024-01-31 00:00:00,2023-10-30 13:00:00,2023-10-30 13:00:00
b90ff147-7e95-495d-8f06-66d9d7f3509c,486,2023-05-11 00:00:00,8,704.0,139,84.48,0.0,confirmed,2023-08-10 00:00:00,2023-05-10 11:00:00,2023-05-10 11:00:00
376cb54a-bf66-4fe4-becb-08adf972cfa6,73,2023-01-27 00:00:00,11,2087.25,73,250.47,0.0,confirmed,2023-02-16 00:00:00,2023-01-26 22:00:00,2023-02-02 22:00:00
40a232b0-03f8-4c5a-8a66-284bf2ec1903,144,2024-07-16 00:00:00,10,1400.0,113,168.0,0.0,confirmed,2024-08-25 00:00:00,2024-07-15 07:00:00,2024-07-15 07:00:00
7481b914-c2ae-442d-909a-e2ebadc13c4d,342,2024-05-05 00:00:00,14,1260.0,67,151.2,126.0,cancelled,2024-09-09 00:00:00,2024-05-04 14:00:00,2024-05-04 14:00:00
a7e16bd9-2e78-4bee-aebb-4d3347b017bc,472,2024-05-02 00:00:00,13,9568.0,142,1148.16,0.0,confirmed,2024-10-23 00:00:00,2024-05-01 09:00:00,2024-05-01 09:00:00
c42e6567-1190-44c4-963a-8ccbaf3a060e,156,2023-08-13 00:00:00,4,570.0,50,68.4,0.0,confirmed,2024-01-02 00:00:00,2023-08-12 12:00:00,2023-08-12 12:00:00
bbf03469-809b-4328-97ea-5131c01fb882,236,2023-03-23 00:00:00,6,3276.0,73,393.12,0.0,confirmed,2023-07-28 00:00:00,2023-03-22 20:00:00,2023-03-22 20:00:00
c9597d8e-8c3d-4bb4-bddd-0ae2f64f0ab5,498,2024-07-08 00:00:00,3,420.0,112,50.4,0.0,confirmed,2024-09-05 00:00:00,2024-07-07 16:00:00,2024-07-07 16:00:00
d5d70906-03c4-4673-a2ba-5fd7a69bf51d,287,2023-12-15 00:00:00,2,180.0,141,21.6,0.0,confirmed,2024-05-12 00:00:00,2023-12-14 03:00:00,2023-12-14 03:00:00
4aa75835-79f8-4146-aa02-c6bd7e75021f,85,2023-07-07 00:00:00,14,2156.0,60,258.72,0.0,confirmed,2023-09-07 00:00:00,2023-07-06 21:00:00,2023-07-06 21:00:00
969d4079-60f0-4e23-80e4-000f2b895ef6,442,2024-04-21 00:00:00,3,792.0,86,95.04,79.2,cancelled,2024-08-27 00:00:00,2024-04-20 22:00:00,2024-04-22 22:00:00
d1ee7ca8-3a13-4aa4-a244-2f1e81f3fde0,338,2024-01-21 00:00:00,10,1680.0,49,201.6,0.0,confirmed,2024-05-06 00:00:00,2024-01-20 01:00:00,2024-01-20 01:00:00
d977f4bc-ac85-4805-94ef-8a13978ca710,170,2024-02-14 00:00:00,2,234.0,131,28.08,0.0,confirmed,2024-07-31 00:00:00,2024-02-13 03:00:00,2024-02-13 03:00:00
366813e5-f3dc-464a-8da0-91c1e49ae76b,16,2023-08-17 00:00:00,3,1026.0,150,123.12,0.0,confirmed,2023-08-19 00:00:00,2023-08-16 23:00:00,2023-08-17 23:00:00
23f1fe51-7b2a-48fe-a7c0-e3c643bc87ba,426,2024-08-29 00:00:00,9,1225.08,79,147.01,0.0,confirmed,2025-01-08 00:00:00,2024-08-28 07:00:00,2024-08-28 07:00:00
bd64368b-2772-4d0d-86da-1739b0fc89e5,42,2023-06-26 00:00:00,3,688.5,79,82.62,0.0,confirmed,2023-09-27 00:00:00,2023-06-25 12:00:00,2023-06-25 12:00:00
325044d6-8afc-43ac-ac2c-9cd980e91aa2,28,2024-07-24 00:00:00,11,2464.0,70,295.68,0.0,confirmed,2024-11-15 00:00:00,2024-07-23 00:00:00,2024-07-23 00:00:00
39b769ff-5de5-4ba1-a729-303b211ef380,371,2023-06-17 00:00:00,7,784.0,139,94.08,0.0,confirmed,2023-11-18 00:00:00,2023-06-16 01:00:00,2023-06-16 01:00:00
1e2b999f-09df-44a8-b651-8d44369fbb98,122,2024-06-17 00:00:00,10,3900.0,57,468.0,390.0,cancelled,2024-08-13 00:00:00,2024-06-16 04:00:00,2024-06-16 04:00:00
a87c0eff-c3a7-4c2b-b5ed-a0cebd285982,498,2024-03-18 00:00:00,10,1400.0,143,168.0,0.0,confirmed,2024-08-27 00:00:00,2024-03-17 09:00:00,2024-03-17 09:00:00
d4239742-16c7-433f-ad60-bff43168201f,169,2023-08-04 00:00:00,3,624.0,114,74.88,62.4,cancelled,2024-01-18 00:00:00,2023-08-03 19:00:00,2023-08-03 19:00:00
ce3063c1-2c9a-4e1b-8965-7790a8a8b750,178,2024-03-02 00:00:00,12,2499.0,48,299.88,249.9,cancelled,2024-06-28 00:00:00,2024-03-01 18:00:00,2024-03-01 18:00:00
8dbc32ce-2131-4c26-8805-2aa50173c456,440,2024-02-05 00:00:00,10,2100.0,90,252.0,0.0,confirmed,2024-06-19 00:00:00,2024-02-04 19:00:00,2024-02-04 19:00:00
d7852587-83e9-4e0e-baef-d92cc34ef0ee,264,2023-10-04 00:00:00,7,770.0,145,92.4,0.0,confirmed,2023-12-02 00:00:00,2023-10-03 23:00:00,2023-10-03 23:00:00
9e2e2af9-6b81-4456-be32-e9ed6ed75646,45,2023-10-17 00:00:00,8,704.0,77,84.48,0.0,confirmed,2023-12-01 00:00:00,2023-10-16 01:00:00,2023-10-16 01:00:00
37019529-12a5-46e9-9a01-101214bd0f16,250,2024-01-29 00:00:00,12,3264.0,42,391.68,326.4,cancelled,2024-07-21 00:00:00,2024-01-28 06:00:00,2024-01-28 06:00:00
572875d2-ac2b-493d-998d-e375adeb641b,468,2023-10-08 00:00:00,2,90.76,68,10.89,9.08,cancelled,2024-03-17 00:00:00,2023-10-07 08:00:00,2023-10-17 08:00:00
d6c88a24-7e2c-48d6-a142-341bf9033d41,362,2023-06-25 00:00:00,6,1023.0,81,122.76,102.3,cancelled,2023-12-16 00:00:00,2023-06-24 13:00:00,2023-06-24 13:00:00
85ed09e8-2386-40f1-a11e-357efcda16d2,402,2023-12-04 00:00:00,3,210.36,130,25.24,0.0,confirmed,2024-02-04 00:00:00,2023-12-03 16:00:00,2023-12-03 16:00:00
ea6f88de-54e4-4305-b936-8800e7b20889,102,2024-08-02 00:00:00,3,256.5,141,30.78,0.0,confirmed,2024-09-19 00:00:00,2024-08-01 17:00:00,2024-08-06 17:00:00
175fb8f0-e4d9-4e1d-b47e-96907c9c0c8c,173,2023-11-12 00:00:00,8,2976.0,54,357.12,0.0,confirmed,2024-04-10 00:00:00,2023-11-11 20:00:00,2023-11-11 20:00:00
e16775de-b9ba-4a38-aa8f-2a5851d55bcf,489,2024-01-29 00:00:00,14,1001.0,114,120.12,0.0,confirmed,2024-04-19 00:00:00,2024-01-28 15:00:00,2024-01-28 15:00:00
c227a74c-6060-4fcb-8cb3-1e37fbef0ae1,444,2023-05-09 00:00:00,4,1088.0,122,130.56,108.8,cancelled,2023-09-05 00:00:00,2023-05-08 14:00:00,2023-05-08 14:00:00
8dc72357-c0fa-471e-9708-aea8f6445a3f,463,2024-05-22 00:00:00,10,1760.0,105,211.2,176.0,cancelled,2024-11-03 00:00:00,2024-05-21 09:00:00,2024-05-21 09:00:00
162bd020-4fb4-47de-a1fa-8418734c9426,216,2024-04-24 00:00:00,10,2080.0,57,249.6,208.0,cancelled,2024-09-19 00:00:00,2024-04-23 07:00:00,2024-04-23 07:00:00
7f1008ae-445d-46c1-b014-2d1cbe79ec96,103,2024-01-10 00:00:00,7,1050.0,70,126.0,0.0,confirmed,2024-01-31 00:00:00,2024-01-09 13:00:00,2024-01-09 13:00:00
85a0ca17-cb19-4557-9033-904c60ca188a,271,2024-05-06 00:00:00,5,1120.0,63,134.4,0.0,confirmed,2024-09-30 00:00:00,2024-05-05 20:00:00,2024-05-05 20:00:00
79089808-7072-41bb-a302-eea326513e92,108,2024-04-06 00:00:00,1,45.38,60,5.45,0.0,confirmed,2024-05-24 00:00:00,2024-04-05 18:00:00,2024-04-05 18:00:00
27e9241c-3ba6-41cc-b49e-0aee3effa832,25,2024-02-06 00:00:00,5,268.1,105,32.17,0.0,confirmed,2024-03-27 00:00:00,2024-02-05 20:00:00,2024-02-05 20:00:00
c540297a-de17-4729-a4d2-7f8a0320665f,119,2023-11-27 00:00:00,8,952.0,63,114.24,0.0,confirmed,2023-12-12 00:00:00,2023-11-26 06:00:00,2023-12-03 06:00:00
389c786a-df3f-4b59-b735-e0e22f96fdee,91,2023-04-30 00:00:00,3,456.0,69,54.72,0.0,confirmed,2023-09-21 00:00:00,2023-04-29 14:00:00,2023-04-30 14:00:00
b9375f3c-8b6f-4ed4-ac63-96fd0e1d0ab5,60,2024-02-06 00:00:00,6,792.0,50,95.04,0.0,confirmed,2024-07-15 00:00:00,2024-02-05 12:00:00,2024-02-05 12:00:00
eee2c07f-29fc-4d24-a84d-853afa60d2b8,120,2023-12-20 00:00:00,2,133.0,92,15.96,13.3,cancelled,2023-12-22 00:00:00,2023-12-19 23:00:00,2023-12-19 23:00:00
b1488287-0b70-43cf-a772-446a866b9745,463,2023-12-28 00:00:00,10,1760.0,124,211.2,176.0,cancelled,2024-04-24 00:00:00,2023-12-27 04:00:00,2023-12-27 04:00:00
b79fc175-db6a-4a08-9b1f-8e094eb50c34,374,2023-08-19 00:00:00,13,3328.0,75,399.36,0.0,confirmed,2023-10-13 00:00:00,2023-08-18 12:00:00,2023-08-18 12:00:00
e42911e7-5f2e-4267-9777-04a2d5bb0ba6,172,2023-10-13 00:00:00,8,792.0,56,95.04,0.0,confirmed,2024-02-09 00:00:00,2023-10-12 12:00:00,2023-10-12 12:00:00
48ae984c-2ed7-4e63-b3bb-85a26689d9d9,458,2024-08-28 00:00:00,12,3036.0,109,364.32,0.0,confirmed,2024-09-01 00:00:00,2024-08-27 08:00:00,2024-08-27 08:00:00
7eb35815-8ed4-4202-8410-41f1b6d8c817,350,2024-08-24 00:00:00,5,1120.0,50,134.4,0.0,confirmed,2025-01-16 00:00:00,2024-08-23 08:00:00,2024-08-23 08:00:00
7a6d5fdb-4060-40d8-89b0-83e524c9add5,222,2023-11-03 00:00:00,7,1610.0,105,193.2,0.0,confirmed,2023-11-16 00:00:00,2023-11-02 13:00:00,2023-11-02 13:00:00
483cebfc-8224-469e-9a75-80a8ec5ccda3,421,2023-12-24 00:00:00,3,1845.0,119,221.4,184.5,cancelled,2024-03-08 00:00:00,2023-12-23 14:00:00,2023-12-23 14:00:00
8cc84338-6433-4fe4-8ef7-e3fff70eba32,80,2024-06-04 00:00:00,11,4290.0,95,514.8,0.0,confirmed,2024-06-21 00:00:00,2024-06-03 04:00:00,2024-06-03 04:00:00
4fcffee7-3db0-4ab8-a2d6-76f140030e5e,192,2023-08-10 00:00:00,11,1694.0,62,203.28,0.0,confirmed,2023-11-21 00:00:00,2023-08-09 13:00:00,2023-08-09 13:00:00
a2a97e43-0afd-41bf-98c7-7432085aefd0,84,2023-11-18 00:00:00,6,693.0,139,83.16,0.0,confirmed,2024-04-19 00:00:00,2023-11-17 14:00:00,2023-11-17 14:00:00
5544f1d4-8721-4875-ad13-e115903fbd84,113,2023-02-14 00:00:00,6,966.0,77,115.92,96.6,cancelled,2023-07-21 00:00:00,2023-02-13 23:00:00,2023-02-13 23:00:00
2e2449eb-2353-42fb-9f34-adb392a7882f,282,2023-06-30 00:00:00,12,4416.0,87,529.92,441.6,cancelled,2023-10-26 00:00:00,2023-06-29 07:00:00,2023-06-29 07:00:00
029b2927-3a55-41c2-85fc-ca37a44bb671,496,2023-09-29 00:00:00,5,1800.0,145,216.0,0.0,confirmed,2023-10-08 00:00:00,2023-09-28 07:00:00,2023-09-28 07:00:00
7d12a057-3af2-4883-a342-ae402b11c245,327,2024-05-23 00:00:00,1,558.0,44,66.96,0.0,confirmed,2024-09-23 00:00:00,2024-05-22 20:00:00,2024-05-22 20:00:00
90d62535-fdc6-4a2f-8a91-7aa0ec1f7b7e,482,2024-04-29 00:00:00,13,3432.0,106,411.84,0.0,confirmed,2024-07-31 00:00:00,2024-04-28 10:00:00,2024-04-28 10:00:00
fd5be9e9-8c8f-4a58-b8eb-5142e5a3260d,389,2023-04-07 00:00:00,12,2079.0,115,249.48,0.0,confirmed,2023-09-19 00:00:00,2023-04-06 12:00:00,2023-04-06 12:00:00
d0439489-fadb-415f-bb39-e2c541d3575b,282,2023-05-06 00:00:00,9,3312.0,74,397.44,0.0,confirmed,2023-08-05 00:00:00,2023-05-05 14:00:00,2023-05-05 14:00:00
cfae7492-0185-4fb1-b5b7-3bc78d8dca6b,151,2024-01-13 00:00:00,7,2009.0,120,241.08,0.0,confirmed,2024-05-29 00:00:00,2024-01-12 19:00:00,2024-01-20 19:00:00
c66fa4c1-fa2d-456d-be34-655844b6d448,453,2024-04-27 00:00:00,3,810.0,42,97.2,81.0,cancelled,2024-06-27 00:00:00,2024-04-26 21:00:00,2024-04-26 21:00:00
f76785c5-04d7-4ecc-8778-c86d83918581,212,2023-11-02 00:00:00,1,53.62,122,6.43,0.0,confirmed,2024-04-29 00:00:00,2023-11-01 07:00:00,2023-11-01 07:00:00
ec320bfc-6e30-4bc8-b898-70798e8ce8b3,146,2024-07-31 00:00:00,3,1212.75,136,145.53,0.0,confirmed,2024-08-29 00:00:00,2024-07-30 16:00:00,2024-08-09 16:00:00
1d06fe99-c4dd-430c-a09b-60cc700a2433,55,2023-11-30 00:00:00,10,1550.0,73,186.0,0.0,confirmed,2024-03-11 00:00:00,2023-11-29 01:00:00,2023-11-29 01:00:00
c4eb1b1d-f28c-4252-938c-6c97f9626e04,33,2023-10-12 00:00:00,11,2618.0,84,314.16,0.0,confirmed,2023-11-23 00:00:00,2023-10-11 18:00:00,2023-10-11 18:00:00
e469f20d-fa6f-4ea1-8302-98eda3eac0fe,486,2023-09-21 00:00:00,2,176.0,54,21.12,17.6,cancelled,2024-02-24 00:00:00,2023-09-20 04:00:00,2023-09-20 04:00:00
77fcf43a-6c2f-41eb-8860-35ebdf323e46,204,2023-10-02 00:00:00,3,855.0,66,102.6,0.0,confirmed,2024-02-25 00:00:00,2023-10-01 02:00:00,2023-10-09 02:00:00
3bf13bd0-4c8f-4322-9581-8d904f049688,213,2024-03-23 00:00:00,12,924.0,87,110.88,92.4,cancelled,2024-09-01 00:00:00,2024-03-22 18:00:00,2024-03-22 18:00:00
996286c4-9fcc-480d-a330-04199c4b080f,36,2024-07-05 00:00:00,12,3264.0,139,391.68,0.0,confirmed,2024-12-10 00:00:00,2024-07-04 11:00:00,2024-07-04 11:00:00
47a7ac92-6c71-4898-a09e-97b46813d244,52,2023-10-06 00:00:00,12,1980.0,47,237.6,0.0,confirmed,2024-02-25 00:00:00,2023-10-05 15:00:00,2023-10-05 15:00:00
438f0cfc-264a-4c98-92de-03cc86734cb0,243,2024-05-15 00:00:00,1,88.0,97,10.56,0.0,confirmed,2024-07-01 00:00:00,2024-05-14 05:00:00,2024-05-18 05:00:00
d2686424-76cb-4bdd-9605-98b3ce89fc7a,312,2024-02-24 00:00:00,2,412.5,61,49.5,0.0,confirmed,2024-03-31 00:00:00,2024-02-23 20:00:00,2024-02-28 20:00:00
ff9105a4-a247-4b96-88f8-717d61efe170,500,2023-05-23 00:00:00,3,1207.5,147,144.9,120.75,cancelled,2023-10-05 00:00:00,2023-05-22 09:00:00,2023-05-22 09:00:00
a7616bdb-6ffd-4d87-985e-c172611fd830,130,2024-04-30 00:00:00,10,2400.0,74,288.0,0.0,confirmed,2024-07-22 00:00:00,2024-04-29 08:00:00,2024-04-29 08:00:00
b846bdcb-9b28-4d71-823f-fa3aefe23a3b,78,2024-05-20 00:00:00,10,1045.0,50,125.4,0.0,confirmed,2024-09-13 00:00:00,2024-05-19 07:00:00,2024-05-19 07:00:00
4c0023a0-2551-4206-a223-b32a59c780c0,103,2023-10-05 00:00:00,5,750.0,54,90.0,0.0,confirmed,2023-11-22 00:00:00,2023-10-04 17:00:00,2023-10-04 17:00:00
94355beb-a39b-4007-b5b9-ecb31c9622fc,211,2023-11-03 00:00:00,1,200.0,68,24.0,0.0,confirmed,2024-04-05 00:00:00,2023-11-02 07:00:00,2023-11-02 07:00:00
0f666223-8a34-49af-9128-b7affa94871d,423,2024-03-22 00:00:00,5,1050.0,88,126.0,0.0,confirmed,2024-04-02 00:00:00,2024-03-21 02:00:00,2024-03-21 02:00:00
9a55dbd7-79d4-4f94-8a7d-a5374a1da14f,297,2023-08-12 00:00:00,4,770.0,73,92.4,0.0,confirmed,2023-10-08 00:00:00,2023-08-11 14:00:00,2023-08-11 14:00:00
e5ed575e-de86-47f6-9bac-82cfe8013fbe,419,2024-03-25 00:00:00,9,742.5,139,89.1,0.0,confirmed,2024-04-25 00:00:00,2024-03-24 18:00:00,2024-03-24 18:00:00
27dd722c-0c59-45d6-b803-988ffc88c8d6,471,2023-12-15 00:00:00,12,6324.0,118,758.88,0.0,confirmed,2024-04-03 00:00:00,2023-12-14 05:00:00,2023-12-14 05:00:00
1aae5774-3f92-4bcf-9038-b4179bc8aeb7,384,2023-09-17 00:00:00,11,1705.0,98,204.6,0.0,confirmed,2023-09-23 00:00:00,2023-09-16 10:00:00,2023-09-16 10:00:00
2c168242-6feb-4b38-a7a1-026286c1de6d,60,2024-03-09 00:00:00,14,1848.0,70,221.76,184.8,cancelled,2024-07-07 00:00:00,2024-03-08 04:00:00,2024-03-08 04:00:00
099c87cc-0c0a-4fe8-89d8-70934e313629,367,2023-10-22 00:00:00,7,1844.5,124,221.34,0.0,confirmed,2023-11-25 00:00:00,2023-10-21 17:00:00,2023-10-29 17:00:00
630de1e0-0f6c-491d-bcbc-e659907e7ffe,86,2024-02-02 00:00:00,13,3744.0,85,449.28,0.0,confirmed,2024-05-31 00:00:00,2024-02-01 22:00:00,2024-02-01 22:00:00
edc419c6-8e3e-4fca-97bb-d09052326ef8,194,2023-10-22 00:00:00,2,558.0,103,66.96,55.8,cancelled,2023-12-27 00:00:00,2023-10-21 14:00:00,2023-10-24 14:00:00
806b05a5-ffdb-4810-9ca2-c69f5f3f753f,325,2023-08-10 00:00:00,3,864.0,90,103.68,0.0,confirmed,2024-01-04 00:00:00,2023-08-09 04:00:00,2023-08-09 04:00:00
8cb83e96-2e3b-4847-803f-0ac160c5db39,218,2023-11-15 00:00:00,4,703.0,81,84.36,0.0,confirmed,2024-05-11 00:00:00,2023-11-14 19:00:00,2023-11-14 19:00:00
93ba99dc-ee87-4fd1-a104-6665217f5ae6,449,2023-09-22 00:00:00,11,2722.5,57,326.7,0.0,confirmed,2023-10-04 00:00:00,2023-09-21 10:00:00,2023-09-21 10:00:00
4a26b4fb-8cca-4a5e-9957-dd41054dbaa7,12,2024-02-02 00:00:00,11,1672.0,121,200.64,167.2,cancelled,2024-04-28 00:00:00,2024-02-01 22:00:00,2024-02-07 22:00:00
28a81778-b52d-4361-b86f-4019104fff2c,56,2023-08-29 00:00:00,8,2048.0,102,245.76,0.0,confirmed,2023-09-25 00:00:00,2023-08-28 18:00:00,2023-08-28 18:00:00
ba3afc0c-0575-4732-87f3-8485a10639dd,261,2023-09-16 00:00:00,7,1820.0,134,218.4,0.0,confirmed,2023-11-19 00:00:00,2023-09-15 11:00:00,2023-09-17 11:00:00
a2639285-762c-4cff-a98d-54b86966eda1,118,2024-01-22 00:00:00,14,4480.0,84,537.6,448.0,cancelled,2024-04-18 00:00:00,2024-01-21 11:00:00,2024-01-21 11:00:00
2cf1c21b-a51d-435b-8bea-ded7cae71198,96,2024-05-14 00:00:00,6,672.0,77,80.64,0.0,confirmed,2024-07-13 00:00:00,2024-05-13 12:00:00,2024-05-13 12:00:00
5dbf383f-2303-4b26-944e-6143609ef42a,11,2023-11-14 00:00:00,8,1280.0,65,153.6,0.0,confirmed,2023-12-12 00:00:00,2023-11-13 18:00:00,2023-11-13 18:00:00
04ccb63e-56d5-49d3-8145-cf30a552cbcc,155,2023-07-02 00:00:00,4,572.0,71,68.64,0.0,confirmed,2023-12-27 00:00:00,2023-07-01 07:00:00,2023-07-01 07:00:00
8385db19-1705-4521-8528-c9b3afb5264e,134,2023-12-31 00:00:00,13,6656.0,95,798.72,0.0,confirmed,2024-06-10 00:00:00,2023-12-30 14:00:00,2023-12-30 14:00:00
0d03f62b-cb92-4e46-a159-365f4a316100,239,2023-07-11 00:00:00,13,858.0,70,102.96,85.8,cancelled,2023-10-18 00:00:00,2023-07-10 14:00:00,2023-07-10 14:00:00
84c5c1bb-9345-4aaa-9b9e-78aa119cc0a6,29,2023-10-18 00:00:00,11,2640.0,78,316.8,264.0,cancelled,2024-02-01 00:00:00,2023-10-17 08:00:00,2023-10-17 08:00:00
2bd06af1-f019-4afe-b986-e819bdf12bb7,469,2023-04-27 00:00:00,3,313.5,47,37.62,0.0,confirmed,2023-08-05 00:00:00,2023-04-26 01:00:00,2023-04-27 01:00:00
6255cee8-f22b-4fdc-b3e5-2ab4920090c2,305,2023-09-24 00:00:00,6,864.0,82,103.68,86.4,cancelled,2024-02-01 00:00:00,2023-09-23 14:00:00,2023-09-23 14:00:00
e4e5f479-fbfa-434b-9d30-6383f5ec1972,437,2024-06-18 00:00:00,5,1100.0,94,132.0,0.0,confirmed,2024-11-15 00:00:00,2024-06-17 15:00:00,2024-06-17 15:00:00
72d2bc20-d80f-40c1-a392-16017d928f20,404,2023-04-09 00:00:00,8,960.0,43,115.2,0.0,confirmed,2023-06-04 00:00:00,2023-04-08 22:00:00,2023-04-11 22:00:00
75270f8b-ebba-4be9-b27a-92fd454dd6dd,94,2024-08-17 00:00:00,11,1776.5,137,213.18,0.0,confirmed,2024-08-24 00:00:00,2024-08-16 20:00:00,2024-08-16 20:00:00
81a64e84-b8df-4a00-bbcf-3d29c64ddef7,405,2023-07-17 00:00:00,7,631.75,80,75.81,63.18,cancelled,2023-10-21 00:00:00,2023-07-16 07:00:00,2023-07-16 07:00:00
679106f3-7bd4-498a-b9e7-2218635c41dc,23,2024-02-05 00:00:00,11,1309.0,101,157.08,130.9,cancelled,2024-06-18 00:00:00,2024-02-04 16:00:00,2024-02-04 16:00:00
ae0b475c-0ae4-48ab-b110-d3810bc368f2,461,2023-05-05 00:00:00,10,6400.0,144,768.0,0.0,confirmed,2023-08-16 00:00:00,2023-05-04 02:00:00,2023-05-04 02:00:00
d76f8222-24a5-4640-a8d1-af9ad0eab77d,462,2023-07-06 00:00:00,3,630.0,130,75.6,0.0,confirmed,2023-07-10 00:00:00,2023-07-05 02:00:00,2023-07-05 02:00:00
cd2121ea-8bba-4cd3-a177-2bd71c70c6f8,374,2024-01-26 00:00:00,13,3328.0,94,399.36,0.0,confirmed,2024-02-19 00:00:00,2024-01-25 04:00:00,2024-01-25 04:00:00
927432fb-791b-44bf-b7b6-feb522d0f3ef,32,2023-10-24 00:00:00,5,3910.0,108,469.2,0.0,confirmed,2023-12-17 00:00:00,2023-10-23 14:00:00,2023-10-23 14:00:00
6683d792-f086-4677-85a7-3689b10ef4cd,472,2024-02-26 00:00:00,9,6624.0,82,794.88,0.0,confirmed,2024-08-10 00:00:00,2024-02-25 17:00:00,2024-02-25 17:00:00
e8628570-ede3-4163-8d14-5f2174de91ea,494,2023-09-01 00:00:00,3,912.0,107,109.44,0.0,confirmed,2023-11-24 00:00:00,2023-08-31 21:00:00,2023-09-07 21:00:00
fa3bab82-8a91-44cb-bc11-81d8d3a9d194,153,2024-08-17 00:00:00,11,3300.0,95,396.0,0.0,confirmed,2025-01-10 00:00:00,2024-08-16 07:00:00,2024-08-16 07:00:00
0d8e18c6-d261-4ea7-b7af-2464f340bed0,312,2023-09-18 00:00:00,11,2268.75,107,272.25,226.88,cancelled,2023-12-13 00:00:00,2023-09-17 07:00:00,2023-09-25 07:00:00
034a5fe0-d407-4cfb-bc3e-a9fa5d551977,301,2024-04-19 00:00:00,2,140.24,78,16.83,14.02,cancelled,2024-07-07 00:00:00,2024-04-18 14:00:00,2024-04-18 14:00:00
e0c180b2-43de-4e8a-96b3-67370a0a5080,148,2024-06-20 00:00:00,11,1875.5,73,225.06,0.0,confirmed,2024-10-09 00:00:00,2024-06-19 23:00:00,2024-06-19 23:00:00
c8aeaaf6-3f82-4115-aef9-17e15a32c013,139,2023-12-30 00:00:00,2,266.0,46,31.92,0.0,confirmed,2024-01-01 00:00:00,2023-12-29 13:00:00,2023-12-29 13:00:00
08b9b6ca-8050-411a-ad30-1af15bcfbd48,358,2024-07-30 00:00:00,11,1320.0,141,158.4,0.0,confirmed,2024-09-20 00:00:00,2024-07-29 21:00:00,2024-07-29 21:00:00
108fc918-1f1f-4317-9801-b7c3d7aa03b8,283,2024-08-15 00:00:00,7,1001.0,50,120.12,0.0,confirmed,2025-02-05 00:00:00,2024-08-14 02:00:00,2024-08-14 02:00:00
ad777dc2-9112-4080-8478-c0d49cfc1c3b,180,2023-08-14 00:00:00,14,6720.0,63,806.4,0.0,confirmed,2023-08-19 00:00:00,2023-08-13 10:00:00,2023-08-13 10:00:00
7be5ce31-3dc8-4712-8993-d5abb67e4330,488,2023-07-23 00:00:00,4,992.0,58,119.04,0.0,confirmed,2023-11-14 00:00:00,2023-07-22 14:00:00,2023-07-22 14:00:00
0f98c2c9-d29d-42d3-8013-499a30697911,280,2023-09-30 00:00:00,7,1848.0,79,221.76,0.0,confirmed,2023-11-02 00:00:00,2023-09-29 09:00:00,2023-09-29 09:00:00
cc19ae52-a007-4899-ae12-ebec3ac047a2,367,2024-07-06 00:00:00,14,3689.0,139,442.68,0.0,confirmed,2024-08-10 00:00:00,2024-07-05 18:00:00,2024-07-05 18:00:00
c2655913-aab2-4213-9938-c921bf3b9cdf,25,2023-10-06 00:00:00,2,107.24,63,12.87,10.72,cancelled,2024-01-07 00:00:00,2023-10-05 02:00:00,2023-10-05 02:00:00
59fe6348-e219-4dfa-b37a-7b9db2e7b330,108,2024-09-13 00:00:00,12,544.56,117,65.35,0.0,confirmed,2024-12-18 00:00:00,2024-09-12 11:00:00,2024-09-12 11:00:00
1d14479a-4697-485c-b382-64d2b63d2ae9,405,2023-03-19 00:00:00,14,1263.5,55,151.62,0.0,confirmed,2023-05-31 00:00:00,2023-03-18 12:00:00,2023-03-18 12:00:00
d3087e81-a6a1-40c0-a1ee-aab382070a0f,383,2024-07-24 00:00:00,7,2464.0,93,295.68,0.0,confirmed,2024-09-02 00:00:00,2024-07-23 09:00:00,2024-07-23 09:00:00
f2ec1386-98dd-43e5-81c7-28775bd48229,466,2023-09-23 00:00:00,13,2093.0,101,251.16,0.0,confirmed,2024-02-25 00:00:00,2023-09-22 02:00:00,2023-09-22 02:00:00
2f7a2c2b-2191-471b-870b-2413c0890f5e,280,2024-02-17 00:00:00,12,3168.0,109,380.16,0.0,confirmed,2024-07-29 00:00:00,2024-02-16 18:00:00,2024-02-16 18:00:00
11fb5946-2571-4c35-ac34-11ccfacf030b,499,2023-11-18 00:00:00,2,176.0,103,21.12,0.0,confirmed,2024-03-16 00:00:00,2023-11-17 19:00:00,2023-11-17 19:00:00
79d5961b-89e0-44e8-84a0-6a0b50fd144e,396,2024-08-17 00:00:00,13,3003.0,147,360.36,0.0,confirmed,2024-08-21 00:00:00,2024-08-16 09:00:00,2024-08-16 09:00:00
585babd2-2240-446b-ab22-0e169e4f220f,334,2023-10-30 00:00:00,2,180.5,77,21.66,0.0,confirmed,2024-03-02 00:00:00,2023-10-29 14:00:00,2023-10-29 14:00:00
09f20140-920f-48d7-8940-64ee64cd2f65,296,2024-06-01 00:00:00,6,429.0,115,51.48,0.0,confirmed,2024-07-22 00:00:00,2024-05-31 15:00:00,2024-05-31 15:00:00
3b090011-3152-4d54-8296-db6ded5db76d,36,2024-07-04 00:00:00,8,2176.0,85,261.12,0.0,confirmed,2024-07-17 00:00:00,2024-07-03 17:00:00,2024-07-03 17:00:00
ae6cff0a-2dd6-47bb-9f68-090e6895f637,287,2024-05-11 00:00:00,6,540.0,77,64.8,54.0,cancelled,2024-07-05 00:00:00,2024-05-10 22:00:00,2024-05-17 22:00:00
182f4738-5a97-4639-9a14-aa14e499c062,365,2023-04-27 00:00:00,2,304.0,144,36.48,0.0,confirmed,2023-09-08 00:00:00,2023-04-26 05:00:00,2023-04-26 05:00:00
61022e2c-d719-46c7-811b-cec8e2b92949,463,2024-02-24 00:00:00,10,1760.0,130,211.2,0.0,confirmed,2024-04-22 00:00:00,2024-02-23 05:00:00,2024-02-23 05:00:00
d4572553-d51c-4e1e-b631-f91d23754cd2,279,2023-10-12 00:00:00,11,2002.0,116,240.24,0.0,confirmed,2024-03-06 00:00:00,2023-10-11 20:00:00,2023-10-11 20:00:00
a66b4a16-29d6-49fb-b6e0-01a22e6c8026,447,2023-06-29 00:00:00,4,1224.0,126,146.88,122.4,cancelled,2023-10-20 00:00:00,2023-06-28 16:00:00,2023-07-02 16:00:00
19e8d4bf-64f3-49d5-aaf6-7425068c8883,342,2024-02-07 00:00:00,12,1080.0,80,129.6,0.0,confirmed,2024-03-26 00:00:00,2024-02-06 04:00:00,2024-02-08 04:00:00
e1445dd4-1c4d-4973-95cd-c18d81473d8c,354,2023-04-06 00:00:00,12,5880.0,124,705.6,0.0,confirmed,2023-09-05 00:00:00,2023-04-05 11:00:00,2023-04-08 11:00:00
232d5a2d-f41c-4b94-aaf0-901963dfa7e2,230,2023-04-23 00:00:00,11,7084.0,122,850.08,708.4,cancelled,2023-07-18 00:00:00,2023-04-22 16:00:00,2023-04-22 16:00:00
516ce4bf-456d-484c-a55a-8373ae29b31e,300,2024-06-11 00:00:00,9,1368.0,52,164.16,136.8,cancelled,2024-11-01 00:00:00,2024-06-10 18:00:00,2024-06-10 18:00:00
e5d93762-d16a-4bcb-a2cb-2c7feefb080d,217,2023-09-11 00:00:00,2,494.0,93,59.28,0.0,confirmed,2023-11-17 00:00:00,2023-09-10 20:00:00,2023-09-10 20:00:00
0f223f04-6e5b-4e13-abe1-5399263ad1c7,9,2023-06-19 00:00:00,1,77.0,64,9.24,0.0,confirmed,2023-09-03 00:00:00,2023-06-18 06:00:00,2023-06-25 06:00:00
8f62627e-1c2d-4a4c-aa60-a2534455f5d2,97,2023-04-05 00:00:00,7,1163.75,128,139.65,0.0,confirmed,2023-07-18 00:00:00,2023-04-04 14:00:00,2023-04-04 14:00:00
588254e7-f06b-4f9a-9fbe-6afd4ec9b8fa,370,2024-02-22 00:00:00,10,1852.5,116,222.3,0.0,confirmed,2024-08-07 00:00:00,2024-02-21 05:00:00,2024-02-21 05:00:00
455cfae8-fabd-4403-8dc0-c9520d7a9487,100,2024-02-10 00:00:00,9,1026.0,149,123.12,0.0,confirmed,2024-03-20 00:00:00,2024-02-09 09:00:00,2024-02-09 09:00:00
78bded10-45d0-4094-b6d3-c607651d3e94,453,2024-05-25 00:00:00,2,540.0,138,64.8,0.0,confirmed,2024-07-15 00:00:00,2024-05-24 13:00:00,2024-05-24 13:00:00
cb2d3175-5391-479e-95ae-08699e00ea42,470,2024-09-02 00:00:00,5,1265.0,146,151.8,0.0,confirmed,2024-12-10 00:00:00,2024-09-01 08:00:00,2024-09-01 08:00:00
7731595e-bd8a-4d53-ac2e-b6e2ae9951ee,220,2023-11-01 00:00:00,9,891.0,57,106.92,89.1,cancelled,2024-01-23 00:00:00,2023-10-31 22:00:00,2023-10-31 22:00:00
8e580e6a-97c3-4b76-ab51-857781f1492c,459,2023-12-24 00:00:00,5,1360.0,65,163.2,0.0,confirmed,2024-01-24 00:00:00,2023-12-23 17:00:00,2023-12-23 17:00:00
3a84ad43-def2-451f-a9e9-3f6f87a71aed,276,2023-10-01 00:00:00,1,142.5,113,17.1,0.0,confirmed,2023-12-20 00:00:00,2023-09-30 00:00:00,2023-09-30 00:00:00
3ab2b1a2-a8af-4b0c-955d-6dd70e5ea77e,25,2023-07-24 00:00:00,1,53.62,41,6.43,0.0,confirmed,2023-10-24 00:00:00,2023-07-23 12:00:00,2023-07-23 12:00:00
80d929e0-0c7d-4362-8d7d-125367746ed5,275,2023-06-24 00:00:00,3,457.86,126,54.94,0.0,confirmed,2023-08-16 00:00:00,2023-06-23 12:00:00,2023-06-23 12:00:00
3364bb47-a094-412f-99f4-2c43eddf030f,232,2024-03-07 00:00:00,10,1120.0,126,134.4,0.0,confirmed,2024-08-21 00:00:00,2024-03-06 21:00:00,2024-03-06 21:00:00
b49d2905-70c0-4c87-b042-a1bb9792dcb1,97,2023-07-04 00:00:00,6,997.5,50,119.7,0.0,confirmed,2023-09-22 00:00:00,2023-07-03 02:00:00,2023-07-03 02:00:00
2bb2fd1c-62b3-4851-b046-9d2deaccea3f,87,2023-12-31 00:00:00,4,1872.0,134,224.64,0.0,confirmed,2024-01-31 00:00:00,2023-12-30 09:00:00,2023-12-30 09:00:00
7c4db58e-32ae-4e27-9ad2-e30863b21309,38,2023-02-02 00:00:00,14,4620.0,50,554.4,462.0,cancelled,2023-05-20 00:00:00,2023-02-01 02:00:00,2023-02-01 02:00:00
2e4ccac3-d8c7-4f37-85da-507907116570,282,2023-04-03 00:00:00,13,4784.0,48,574.08,0.0,confirmed,2023-05-25 00:00:00,2023-04-02 13:00:00,2023-04-02 13:00:00
570c532c-4f60-4225-a2a9-895e8433f8f9,394,2024-01-07 00:00:00,6,346.5,58,41.58,34.65,cancelled,2024-03-29 00:00:00,2024-01-06 14:00:00,2024-01-06 14:00:00
e537f8e4-d4eb-4b06-a975-bb3ffca67477,268,2023-09-23 00:00:00,6,1254.0,132,150.48,0.0,confirmed,2024-02-04 00:00:00,2023-09-22 06:00:00,2023-09-22 06:00:00
fc7b5942-e734-4cd2-88ca-b70bd93ba82b,357,2023-11-11 00:00:00,4,608.0,65,72.96,0.0,confirmed,2023-12-11 00:00:00,2023-11-10 22:00:00,2023-11-10 22:00:00
570ebf9a-95b4-41ab-b6ad-a00558f791c5,430,2023-09-30 00:00:00,9,1656.0,74,198.72,165.6,cancelled,2024-02-10 00:00:00,2023-09-29 00:00:00,2023-09-29 00:00:00
23f87d30-f1e1-4c59-bcdd-11dc2a3b4db3,208,2024-07-03 00:00:00,13,5187.0,49,622.44,0.0,confirmed,2024-11-19 00:00:00,2024-07-02 20:00:00,2024-07-02 20:00:00
0e379173-7822-4f90-bffa-58eba78ba7ef,379,2023-08-20 00:00:00,2,220.0,56,26.4,0.0,confirmed,2024-01-13 00:00:00,2023-08-19 22:00:00,2023-08-19 22:00:00
f2fba53f-ec67-424d-899d-fac00c67bb35,106,2024-02-24 00:00:00,11,816.75,116,98.01,0.0,confirmed,2024-05-09 00:00:00,2024-02-23 07:00:00,2024-02-23 07:00:00
168b1192-465c-4b6c-933e-33bdee77a4d9,59,2023-09-09 00:00:00,7,1163.75,124,139.65,0.0,confirmed,2023-09-27 00:00:00,2023-09-08 14:00:00,2023-09-08 14:00:00
95139d17-fa39-497b-917c-382400bd549d,144,2024-07-30 00:00:00,9,1260.0,85,151.2,126.0,cancelled,2024-10-23 00:00:00,2024-07-29 10:00:00,2024-07-29 10:00:00
21b67597-814c-4937-a6df-98a50fc74d51,57,2023-05-10 00:00:00,9,1485.0,105,178.2,148.5,cancelled,2023-07-19 00:00:00,2023-05-09 14:00:00,2023-05-09 14:00:00
7b57e30a-3777-4e39-8848-035b7eac2913,324,2023-12-23 00:00:00,2,175.0,52,21.0,0.0,confirmed,2024-01-27 00:00:00,2023-12-22 21:00:00,2023-12-22 21:00:00
c81e45ce-3834-441a-8255-4d0315ec0018,45,2023-08-09 00:00:00,2,176.0,62,21.12,0.0,confirmed,2023-08-16 00:00:00,2023-08-08 10:00:00,2023-08-08 10:00:00
7a2ece3a-db82-4018-8f65-526c5a8ea88f,322,2024-03-13 00:00:00,6,420.72,90,50.49,0.0,confirmed,2024-05-06 00:00:00,2024-03-12 13:00:00,2024-03-12 13:00:00
ccecd23d-ca5b-41b8-a219-220931636bbb,289,2023-04-24 00:00:00,3,915.75,64,109.89,91.58,cancelled,2023-08-29 00:00:00,2023-04-23 17:00:00,2023-04-23 17:00:00
d9d4b584-95a7-454d-9df5-cbc52d4f7fab,185,2023-11-15 00:00:00,14,1568.0,78,188.16,0.0,confirmed,2023-12-29 00:00:00,2023-11-14 08:00:00,2023-11-14 08:00:00
01c60d5b-3f46-42c7-a647-9a04cbf6d2d7,270,2024-06-18 00:00:00,11,3410.0,130,409.2,0.0,confirmed,2024-10-12 00:00:00,2024-06-17 11:00:00,2024-06-17 11:00:00
f1b8455c-71bd-40a6-8fb2-337230f7c00d,384,2023-06-15 00:00:00,4,620.0,47,74.4,62.0,cancelled,2023-10-05 00:00:00,2023-06-14 09:00:00,2023-06-14 09:00:00
8aaee75e-edd9-41fb-8ae2-b4fe380fcbdf,188,2023-10-06 00:00:00,3,966.0,45,115.92,0.0,confirmed,2024-03-06 00:00:00,2023-10-05 19:00:00,2023-10-05 19:00:00
a12f9d4d-70e3-4dcd-b666-fdac770960d9,293,2023-08-23 00:00:00,14,4123.0,44,494.76,412.3,cancelled,2023-11-12 00:00:00,2023-08-22 07:00:00,2023-08-22 07:00:00
28f5ab8b-fc65-4b5c-973e-8443515d98ed,440,2023-11-19 00:00:00,3,630.0,98,75.6,0.0,confirmed,2024-02-23 00:00:00,2023-11-18 13:00:00,2023-11-18 13:00:00
7d52c9d4-2235-4370-8163-9ce3ed3c447a,471,2023-10-23 00:00:00,9,4743.0,88,569.16,474.3,cancelled,2024-02-19 00:00:00,2023-10-22 08:00:00,2023-10-22 08:00:00
d4eec59c-5d66-4678-8320-c2a3c86a45da,341,2023-09-03 00:00:00,4,330.0,80,39.6,33.0,cancelled,2024-01-26 00:00:00,2023-09-02 15:00:00,2023-09-05 15:00:00
96b95055-4d90-4e3b-adee-162fb348c4e5,320,2024-02-21 00:00:00,8,1008.0,42,120.96,100.8,cancelled,2024-03-01 00:00:00,2024-02-20 16:00:00,2024-02-20 16:00:00
5178d092-1d05-4da8-9049-09131ae1b675,87,2024-02-29 00:00:00,2,936.0,116,112.32,0.0,confirmed,2024-07-11 00:00:00,2024-02-28 18:00:00,2024-03-01 18:00:00
3321e92c-d10b-4f00-a5b6-77c12d6e0fba,330,2024-04-02 00:00:00,4,1736.0,43,208.32,173.6,cancelled,2024-07-16 00:00:00,2024-04-01 05:00:00,2024-04-01 05:00:00
a779acad-02c4-4de6-b579-6e7c4cb8ee15,327,2023-11-07 00:00:00,11,6138.0,43,736.56,0.0,confirmed,2024-03-19 00:00:00,2023-11-06 13:00:00,2023-11-06 13:00:00
cdcd50b4-f0f2-4ab2-a414-afc80f860e20,60,2024-02-22 00:00:00,5,660.0,93,79.2,0.0,confirmed,2024-03-19 00:00:00,2024-02-21 11:00:00,2024-02-21 11:00:00
ba158f03-7d67-4010-a8b4-51503492ef0c,137,2023-07-01 00:00:00,11,4180.0,144,501.6,0.0,confirmed,2023-10-06 00:00:00,2023-06-30 09:00:00,2023-06-30 09:00:00
38769e2b-a262-4a0f-b9f9-35d7b2a0fe10,469,2023-08-04 00:00:00,11,1149.5,136,137.94,114.95,cancelled,2024-01-07 00:00:00,2023-08-03 14:00:00,2023-08-03 14:00:00
21aee3ff-d755-499d-ad1a-3ad1759fd58f,284,2024-05-26 00:00:00,10,1760.0,116,211.2,0.0,confirmed,2024-08-28 00:00:00,2024-05-25 00:00:00,2024-05-25 00:00:00
1502abe1-3f8b-4622-871b-c4791d592c80,203,2024-03-19 00:00:00,5,595.0,42,71.4,59.5,cancelled,2024-08-27 00:00:00,2024-03-18 01:00:00,2024-03-18 01:00:00
6ce7cc5f-6740-4fb3-ac3f-f8e07306ead9,452,2023-04-02 00:00:00,2,115.5,56,13.86,11.55,cancelled,2023-09-28 00:00:00,2023-04-01 17:00:00,2023-04-11 17:00:00
efc96a89-12b9-4249-938d-abb4d5dc505e,146,2024-02-11 00:00:00,10,4042.5,103,485.1,0.0,confirmed,2024-04-13 00:00:00,2024-02-10 03:00:00,2024-02-10 03:00:00
53fa5466-5281-44fc-93ea-7c1038d2efc6,313,2024-01-20 00:00:00,7,2023.0,117,242.76,0.0,confirmed,2024-05-22 00:00:00,2024-01-19 11:00:00,2024-01-19 11:00:00
cbbe9227-1cc2-4709-8432-89eb6478df12,51,2023-09-28 00:00:00,4,924.0,44,110.88,0.0,confirmed,2023-11-19 00:00:00,2023-09-27 03:00:00,2023-09-30 03:00:00
5f36d674-df8e-48a8-965d-faaad9abdfd5,229,2023-07-05 00:00:00,14,2849.0,98,341.88,0.0,confirmed,2023-11-30 00:00:00,2023-07-04 18:00:00,2023-07-04 18:00:00
1aec4efc-f47b-44bb-8459-4e31d97207c7,218,2023-05-02 00:00:00,2,351.5,146,42.18,0.0,confirmed,2023-05-24 00:00:00,2023-05-01 11:00:00,2023-05-01 11:00:00
1fa2b9eb-20c4-4142-be5f-d18756838095,52,2024-05-03 00:00:00,13,2145.0,98,257.4,0.0,confirmed,2024-05-09 00:00:00,2024-05-02 06:00:00,2024-05-02 06:00:00
54b4c515-12f7-44a0-990a-e477e767303f,42,2023-06-21 00:00:00,4,918.0,137,110.16,0.0,confirmed,2023-09-22 00:00:00,2023-06-20 03:00:00,2023-06-20 03:00:00
d68df755-7bde-466c-8e3d-32e12298802d,412,2023-08-23 00:00:00,10,950.0,47,114.0,95.0,cancelled,2024-02-10 00:00:00,2023-08-22 15:00:00,2023-08-22 15:00:00
c46b4073-5b52-46c1-956f-0c062ba70369,97,2023-06-03 00:00:00,13,2161.25,47,259.35,0.0,confirmed,2023-08-04 00:00:00,2023-06-02 00:00:00,2023-06-02 00:00:00
792a258e-1aba-47fb-921f-551ea844b4ef,303,2023-07-28 00:00:00,3,456.0,120,54.72,0.0,confirmed,2023-08-20 00:00:00,2023-07-27 13:00:00,2023-07-27 13:00:00
3517b1b4-bb9b-4a28-a9cf-ac1f17dc9a06,258,2023-12-12 00:00:00,10,3515.0,60,421.8,0.0,confirmed,2024-05-10 00:00:00,2023-12-11 13:00:00,2023-12-11 13:00:00
84675b03-c423-480b-bc00-73267b311807,293,2024-01-26 00:00:00,6,1767.0,95,212.04,176.7,cancelled,2024-04-06 00:00:00,2024-01-25 23:00:00,2024-01-25 23:00:00
7f2f5b29-5aa7-465c-8ae6-43df8ee12df1,496,2024-04-15 00:00:00,12,4320.0,78,518.4,0.0,confirmed,2024-04-17 00:00:00,2024-04-14 06:00:00,2024-04-15 06:00:00
1ade2650-cae1-42c6-a54c-a6f46a35ec37,169,2023-09-10 00:00:00,8,1664.0,86,199.68,0.0,confirmed,2024-01-22 00:00:00,2023-09-09 12:00:00,2023-09-09 12:00:00
caa085f0-808d-4feb-aa9a-2e172f88089e,81,2023-09-26 00:00:00,5,715.0,89,85.8,0.0,confirmed,2023-10-09 00:00:00,2023-09-25 02:00:00,2023-10-04 02:00:00
4e1d9f2f-9c3e-42bf-a352-3c04f61e43a6,406,2023-08-04 00:00:00,5,1000.0,133,120.0,100.0,cancelled,2023-11-03 00:00:00,2023-08-03 07:00:00,2023-08-03 07:00:00
36da3bc1-6046-4cab-aef8-163d7ad1be22,422,2023-11-20 00:00:00,2,459.0,48,55.08,0.0,confirmed,2024-01-06 00:00:00,2023-11-19 15:00:00,2023-11-19 15:00:00
5751d2e3-71fc-4da7-b172-ae912c712754,394,2023-10-04 00:00:00,9,519.75,54,62.37,51.98,cancelled,2023-11-08 00:00:00,2023-10-03 15:00:00,2023-10-03 15:00:00
7e107d97-b934-4414-8a35-c168b66f4bc6,252,2023-07-28 00:00:00,4,1312.0,122,157.44,131.2,cancelled,2024-01-22 00:00:00,2023-07-27 12:00:00,2023-07-27 12:00:00
8b2716f3-4ce1-40d3-a483-79167c790cb6,189,2024-03-18 00:00:00,14,808.5,145,97.02,0.0,confirmed,2024-06-05 00:00:00,2024-03-17 12:00:00,2024-03-17 12:00:00
19933f46-e6db-4d4d-b0cd-7a781b6923a1,57,2023-06-16 00:00:00,13,2145.0,97,257.4,0.0,confirmed,2023-08-01 00:00:00,2023-06-15 18:00:00,2023-06-15 18:00:00
d4bbd866-d22d-4157-9bee-d36b331e2be0,295,2024-05-15 00:00:00,14,980.0,48,117.6,0.0,confirmed,2024-10-18 00:00:00,2024-05-14 10:00:00,2024-05-14 10:00:00
f09ac343-9018-42e5-9553-c186084c5b16,337,2024-01-20 00:00:00,6,2700.0,128,324.0,0.0,confirmed,2024-04-03 00:00:00,2024-01-19 18:00:00,2024-01-19 18:00:00
a8baa388-838d-4959-a24c-411695290a92,418,2024-09-01 00:00:00,11,3300.0,50,396.0,0.0,confirmed,2024-09-28 00:00:00,2024-08-31 17:00:00,2024-08-31 17:00:00
4c541336-d566-4bc4-ae09-bae47750a041,471,2023-10-03 00:00:00,6,3162.0,70,379.44,0.0,confirmed,2023-11-20 00:00:00,2023-10-02 13:00:00,2023-10-02 13:00:00
44aa2b5f-3e46-4df3-a5de-3a1de297e1cd,431,2023-09-07 00:00:00,8,572.0,65,68.64,0.0,confirmed,2024-01-07 00:00:00,2023-09-06 01:00:00,2023-09-06 01:00:00
97317234-ec0c-487f-ae9b-0b8c43bada71,152,2023-11-13 00:00:00,5,2025.0,103,243.0,0.0,confirmed,2024-01-09 00:00:00,2023-11-12 23:00:00,2023-11-12 23:00:00
1d25f8be-ebe4-46d4-bf58-0e8dbcda33b5,117,2023-03-29 00:00:00,2,320.0,95,38.4,32.0,cancelled,2023-07-02 00:00:00,2023-03-28 08:00:00,2023-03-28 08:00:00
df7438c4-f00c-4359-9f09-ee420b6480bf,450,2023-05-19 00:00:00,4,528.0,121,63.36,52.8,cancelled,2023-09-04 00:00:00,2023-05-18 23:00:00,2023-05-18 23:00:00
fe8e41f4-5b5e-43db-8b04-e12e5569424c,63,2023-02-05 00:00:00,1,286.0,127,34.32,28.6,cancelled,2023-04-10 00:00:00,2023-02-04 17:00:00,2023-02-14 17:00:00
9e373112-6c01-4ebb-9dd9-2c3a174f9181,388,2023-10-18 00:00:00,14,2380.0,44,285.6,238.0,cancelled,2023-12-06 00:00:00,2023-10-17 11:00:00,2023-10-17 11:00:00
718a7958-aa1c-4b4c-a648-9624ef15c5b2,279,2023-07-12 00:00:00,7,1274.0,78,152.88,0.0,confirmed,2023-09-12 00:00:00,2023-07-11 19:00:00,2023-07-17 19:00:00
6cb7b36e-b971-4a45-af46-dc9a65f7c802,210,2024-01-23 00:00:00,14,1771.0,60,212.52,0.0,confirmed,2024-04-14 00:00:00,2024-01-22 21:00:00,2024-01-29 21:00:00
d9810de8-c462-44dd-a6f4-87c539752ffd,245,2024-03-16 00:00:00,9,1701.0,143,204.12,0.0,confirmed,2024-04-12 00:00:00,2024-03-15 05:00:00,2024-03-15 05:00:00
32af60e3-361d-4c27-b96d-beb3d0c4d9bb,308,2023-12-13 00:00:00,3,742.5,101,89.1,0.0,confirmed,2024-01-19 00:00:00,2023-12-12 12:00:00,2023-12-12 12:00:00
5ac645cf-d915-463b-9f62-a65838070b3d,394,2023-07-11 00:00:00,8,462.0,108,55.44,0.0,confirmed,2023-07-13 00:00:00,2023-07-10 00:00:00,2023-07-10 00:00:00
ef37d7bb-54a6-4eba-b201-ca87c84cd02e,152,2023-08-23 00:00:00,6,2430.0,105,291.6,0.0,confirmed,2023-09-01 00:00:00,2023-08-22 09:00:00,2023-08-22 09:00:00
1de01bd0-f3d7-4fb3-a816-8ebe70529ee9,265,2023-05-22 00:00:00,3,990.0,103,118.8,0.0,confirmed,2023-09-13 00:00:00,2023-05-21 05:00:00,2023-05-21 05:00:00
d9abe36c-c36d-4a55-89f2-a7ab64a379ef,154,2024-01-26 00:00:00,8,880.0,115,105.6,0.0,confirmed,2024-05-05 00:00:00,2024-01-25 19:00:00,2024-01-25 19:00:00
233fb7ff-a351-4d07-b058-6389634378d7,299,2023-07-20 00:00:00,6,495.0,109,59.4,49.5,cancelled,2023-09-06 00:00:00,2023-07-19 18:00:00,2023-07-26 18:00:00
62b19fc4-037e-4ba2-9542-3020445166d6,51,2023-07-08 00:00:00,3,693.0,149,83.16,69.3,cancelled,2023-11-13 00:00:00,2023-07-07 21:00:00,2023-07-09 21:00:00
c7a842d0-225d-4d0e-9022-58212883d703,224,2024-06-17 00:00:00,4,418.0,71,50.16,0.0,confirmed,2024-08-13 00:00:00,2024-06-16 21:00:00,2024-06-16 21:00:00
7efbd9e9-b767-4ccc-a224-61f85989148a,399,2023-10-06 00:00:00,7,1457.75,72,174.93,0.0,confirmed,2023-10-21 00:00:00,2023-10-05 06:00:00,2023-10-05 06:00:00
9e42d483-57e1-4a06-8345-341bde14330d,209,2023-07-17 00:00:00,1,136.12,60,16.33,0.0,confirmed,2023-08-15 00:00:00,2023-07-16 16:00:00,2023-07-16 16:00:00
3cd7c77b-23e4-4d3c-8d1f-52cc722f5e9d,48,2023-12-06 00:00:00,9,891.0,124,106.92,0.0,confirmed,2024-02-23 00:00:00,2023-12-05 20:00:00,2023-12-05 20:00:00
ef8e4365-e822-457d-aebe-6221578df4b6,423,2023-11-21 00:00:00,3,630.0,55,75.6,0.0,confirmed,2024-03-31 00:00:00,2023-11-20 02:00:00,2023-11-20 02:00:00
46eb0794-2062-4027-9c5f-73ffd6da52ac,150,2023-08-13 00:00:00,4,561.0,105,67.32,56.1,cancelled,2023-12-01 00:00:00,2023-08-12 23:00:00,2023-08-12 23:00:00
fec61f15-d49d-47fc-946a-4b46a174e957,189,2024-03-28 00:00:00,2,115.5,60,13.86,11.55,cancelled,2024-08-30 00:00:00,2024-03-27 15:00:00,2024-03-27 15:00:00
b6aac701-de7d-4120-9125-4b518eec8a77,473,2023-11-28 00:00:00,1,285.0,104,34.2,0.0,confirmed,2023-12-13 00:00:00,2023-11-27 02:00:00,2023-11-27 02:00:00
fc018104-486a-4088-a46a-27be244cb4da,422,2023-11-30 00:00:00,4,918.0,65,110.16,0.0,confirmed,2024-01-26 00:00:00,2023-11-29 19:00:00,2023-11-29 19:00:00
f05a2529-a189-4d4c-a87d-3384551e044d,458,2024-08-19 00:00:00,6,1518.0,111,182.16,151.8,cancelled,2024-12-13 00:00:00,2024-08-18 20:00:00,2024-08-18 20:00:00
fdec492f-eddd-4e92-8ca1-9cc53596b03c,434,2024-02-01 00:00:00,5,2127.5,148,255.3,0.0,confirmed,2024-02-09 00:00:00,2024-01-31 04:00:00,2024-02-04 04:00:00
60de2d9e-e9eb-4015-bed9-785b4bd999c2,273,2023-07-02 00:00:00,2,180.0,92,21.6,0.0,confirmed,2023-07-06 00:00:00,2023-07-01 20:00:00,2023-07-01 20:00:00
081ffd7d-530a-4b51-97a9-2cc0ddb75f4a,484,2024-06-01 00:00:00,2,390.0,59,46.8,39.0,cancelled,2024-09-21 00:00:00,2024-05-31 18:00:00,2024-05-31 18:00:00
b38b6831-be46-45f8-8d17-911b6c117299,275,2023-07-18 00:00:00,9,1373.58,52,164.83,0.0,confirmed,2023-12-17 00:00:00,2023-07-17 12:00:00,2023-07-17 12:00:00
2493b5d6-1f08-4054-90c7-5e35ebc21f0a,92,2024-05-22 00:00:00,14,931.0,115,111.72,93.1,cancelled,2024-09-07 00:00:00,2024-05-21 17:00:00,2024-05-21 17:00:00
8d923e8b-340f-408b-92f2-25c43311fd0d,386,2024-06-26 00:00:00,14,1130.5,111,135.66,0.0,confirmed,2024-07-15 00:00:00,2024-06-25 13:00:00,2024-06-25 13:00:00
cdb4858f-1f50-419b-a15c-cc2f1d752cb6,123,2024-01-06 00:00:00,11,2142.25,100,257.07,0.0,confirmed,2024-02-14 00:00:00,2024-01-05 09:00:00,2024-01-05 09:00:00
aa10b01e-1dd2-4e54-a087-60fad03d7891,323,2024-02-11 00:00:00,13,2145.0,107,257.4,0.0,confirmed,2024-06-06 00:00:00,2024-02-10 02:00:00,2024-02-18 02:00:00
a1210ffb-66bc-46c4-a4f2-5c96a3830e4c,387,2024-04-12 00:00:00,3,342.0,57,41.04,0.0,confirmed,2024-04-28 00:00:00,2024-04-11 02:00:00,2024-04-11 02:00:00
c2cb0e83-de05-4073-93e4-d26f80cd5ea0,38,2023-01-26 00:00:00,6,1980.0,133,237.6,0.0,confirmed,2023-05-26 00:00:00,2023-01-25 05:00:00,2023-01-25 05:00:00
09535c92-273d-4e80-a944-ba02fbd52b49,242,2024-05-05 00:00:00,7,1232.0,96,147.84,0.0,confirmed,2024-06-03 00:00:00,2024-05-04 19:00:00,2024-05-04 19:00:00
ff9a1759-64fe-45bc-8d89-45fb733814ce,91,2023-10-02 00:00:00,10,1520.0,75,182.4,0.0,confirmed,2023-11-11 00:00:00,2023-10-01 17:00:00,2023-10-06 17:00:00
fffd712c-8685-4456-bd05-5049064d3394,461,2023-12-01 00:00:00,7,4480.0,113,537.6,0.0,confirmed,2023-12-19 00:00:00,2023-11-30 04:00:00,2023-11-30 04:00:00
1b50c28b-a7c4-44dc-be5f-b10e4caf8bcd,230,2023-05-21 00:00:00,12,7728.0,67,927.36,772.8,cancelled,2023-08-16 00:00:00,2023-05-20 12:00:00,2023-05-20 12:00:00
7d97df0f-16b0-457e-a148-c5fc7a99d153,91,2023-03-22 00:00:00,7,1064.0,107,127.68,0.0,confirmed,2023-07-27 00:00:00,2023-03-21 17:00:00,2023-03-21 17:00:00
53706cd9-2f20-4a44-a962-b4c4f249a97e,80,2024-02-03 00:00:00,13,5070.0,77,608.4,0.0,confirmed,2024-03-19 00:00:00,2024-02-02 22:00:00,2024-02-02 22:00:00
b420e63e-1a90-47f8-8b6e-3aa247f0759f,461,2023-04-05 00:00:00,3,1920.0,68,230.4,0.0,confirmed,2023-05-01 00:00:00,2023-04-04 04:00:00,2023-04-04 04:00:00
4eb9418a-b23a-4a43-9828-110848fb8c76,280,2024-03-05 00:00:00,5,1320.0,136,158.4,132.0,cancelled,2024-07-29 00:00:00,2024-03-04 12:00:00,2024-03-11 12:00:00
41f2b989-0350-4c36-ac68-d9f61a88e15e,64,2024-04-08 00:00:00,2,992.0,77,119.04,0.0,confirmed,2024-04-22 00:00:00,2024-04-07 06:00:00,2024-04-07 06:00:00
ca01ce44-e344-495c-a6a0-12aa0ba4f0af,493,2024-09-23 00:00:00,8,1540.0,139,184.8,0.0,confirmed,2024-10-19 00:00:00,2024-09-22 12:00:00,2024-09-22 12:00:00
a440d377-f5ab-4e97-b133-cbb52d1a137c,241,2023-11-28 00:00:00,7,924.0,127,110.88,92.4,cancelled,2024-02-05 00:00:00,2023-11-27 21:00:00,2023-11-27 21:00:00
cea0d340-f5be-4ce8-a46c-1c7223cd8816,445,2023-02-20 00:00:00,5,880.0,114,105.6,88.0,cancelled,2023-07-09 00:00:00,2023-02-19 04:00:00,2023-02-19 04:00:00
5e49fbc7-4211-477e-8afa-96f258a3618a,24,2023-08-28 00:00:00,4,720.0,108,86.4,72.0,cancelled,2023-11-04 00:00:00,2023-08-27 20:00:00,2023-08-27 20:00:00
026414c8-1fe7-4f8b-9a32-0eddd5af2de5,435,2024-08-31 00:00:00,9,1485.0,72,178.2,0.0,confirmed,2024-12-19 00:00:00,2024-08-30 21:00:00,2024-08-31 21:00:00
8176e68b-b6e0-4d68-a3da-48b8f44bc181,473,2023-06-03 00:00:00,12,3420.0,148,410.4,342.0,cancelled,2023-10-28 00:00:00,2023-06-02 11:00:00,2023-06-02 11:00:00
fefdab89-55be-43f3-bb1e-61e552c8d585,316,2023-08-17 00:00:00,6,1800.0,51,216.0,0.0,confirmed,2023-12-07 00:00:00,2023-08-16 00:00:00,2023-08-16 00:00:00
f4fa40ab-08fe-45a0-9926-c304a6368543,401,2023-08-28 00:00:00,10,2560.0,94,307.2,256.0,cancelled,2023-12-18 00:00:00,2023-08-27 03:00:00,2023-08-27 03:00:00
fe97c042-7beb-4bf3-86a8-b2b76633c623,406,2023-07-22 00:00:00,14,2800.0,59,336.0,0.0,confirmed,2023-08-26 00:00:00,2023-07-21 04:00:00,2023-07-21 04:00:00
d2a96e16-2a8b-4acc-b180-704ef4977e6a,478,2023-06-21 00:00:00,3,1470.0,90,176.4,147.0,cancelled,2023-10-11 00:00:00,2023-06-20 22:00:00,2023-06-20 22:00:00
8a615826-e2a2-4649-960a-cda8721e3320,210,2024-05-02 00:00:00,3,379.5,71,45.54,0.0,confirmed,2024-05-11 00:00:00,2024-05-01 00:00:00,2024-05-01 00:00:00
e9548cb9-ed9c-45f4-bed1-4ba94181467a,491,2023-09-10 00:00:00,1,238.0,85,28.56,23.8,cancelled,2024-02-26 00:00:00,2023-09-09 15:00:00,2023-09-09 15:00:00
682cd1fb-10e2-455e-914f-1eb13e65050a,319,2023-11-28 00:00:00,14,1905.68,135,228.68,0.0,confirmed,2024-03-21 00:00:00,2023-11-27 03:00:00,2023-11-27 03:00:00
39f6c1cd-d0a6-4fa2-a2cd-ede866eb299f,62,2024-03-05 00:00:00,2,224.0,62,26.88,22.4,cancelled,2024-05-28 00:00:00,2024-03-04 20:00:00,2024-03-04 20:00:00
15619aee-19e2-4fa1-8915-ac85db205491,130,2024-03-13 00:00:00,2,480.0,136,57.6,0.0,confirmed,2024-04-25 00:00:00,2024-03-12 23:00:00,2024-03-12 23:00:00
d0ca04c4-82ab-43e8-91af-a91a852bfa7a,404,2023-07-09 00:00:00,7,840.0,79,100.8,84.0,cancelled,2023-12-26 00:00:00,2023-07-08 01:00:00,2023-07-17 01:00:00
35952760-5d54-4fd4-a4f6-a3c048411b89,108,2024-04-30 00:00:00,12,544.56,149,65.35,0.0,confirmed,2024-08-10 00:00:00,2024-04-29 09:00:00,2024-04-29 09:00:00
810b820a-ed3a-41b2-9c66-0dcdc7d85ab2,491,2024-03-28 00:00:00,7,1666.0,137,199.92,0.0,confirmed,2024-04-04 00:00:00,2024-03-27 17:00:00,2024-03-27 17:00:00
19d164ed-0b3c-479c-ba87-5419bc45f5b7,372,2023-11-04 00:00:00,9,792.0,113,95.04,0.0,confirmed,2023-12-01 00:00:00,2023-11-03 01:00:00,2023-11-03 01:00:00
12190659-f208-4dd4-914f-4961c2bb2fa9,86,2023-09-21 00:00:00,14,4032.0,105,483.84,0.0,confirmed,2023-11-25 00:00:00,2023-09-20 19:00:00,2023-09-20 19:00:00
0fafd084-69a2-4399-a958-cf382ae487a4,476,2023-06-13 00:00:00,1,242.25,130,29.07,0.0,confirmed,2023-08-12 00:00:00,2023-06-12 20:00:00,2023-06-12 20:00:00
ee34d5a1-8c4c-42e3-a06c-d387e9be75ed,227,2024-01-05 00:00:00,12,1632.0,85,195.84,0.0,confirmed,2024-04-24 00:00:00,2024-01-04 11:00:00,2024-01-04 11:00:00
17618250-8a93-41e7-894c-500ce2f5c275,199,2023-11-25 00:00:00,12,1122.0,95,134.64,0.0,confirmed,2024-03-26 00:00:00,2023-11-24 13:00:00,2023-11-24 13:00:00
6d91e679-3555-49e3-b4a9-d38f2222a13f,139,2024-03-12 00:00:00,5,665.0,145,79.8,66.5,cancelled,2024-04-15 00:00:00,2024-03-11 12:00:00,2024-03-11 12:00:00
11030b79-9917-4a99-9849-e95ccca55c7f,224,2023-09-20 00:00:00,5,522.5,94,62.7,52.25,cancelled,2024-02-18 00:00:00,2023-09-19 08:00:00,2023-09-26 08:00:00
1893d9db-3f48-4af6-a0bf-404526df4990,162,2024-08-07 00:00:00,5,562.5,74,67.5,0.0,confirmed,2024-08-29 00:00:00,2024-08-06 02:00:00,2024-08-06 02:00:00
cbb8f6c7-a5c3-447c-8799-06e880165364,244,2023-12-03 00:00:00,1,165.0,97,19.8,16.5,cancelled,2024-02-12 00:00:00,2023-12-02 09:00:00,2023-12-02 09:00:00
12592e66-ce8b-4aa3-b248-4d6811716478,124,2023-05-23 00:00:00,6,816.0,65,97.92,0.0,confirmed,2023-09-13 00:00:00,2023-05-22 13:00:00,2023-05-22 13:00:00
df0bb5e0-4716-420b-a020-85e0e6344193,138,2024-01-05 00:00:00,10,1278.8,87,153.46,0.0,confirmed,2024-01-10 00:00:00,2024-01-04 00:00:00,2024-01-04 00:00:00
e4a16402-f253-4cf7-a960-04fdf2b204f3,164,2024-03-18 00:00:00,8,680.0,62,81.6,0.0,confirmed,2024-06-21 00:00:00,2024-03-17 16:00:00,2024-03-17 16:00:00
d4d58206-d4db-4e1b-afd4-39e838de79c7,470,2024-09-26 00:00:00,13,3289.0,56,394.68,328.9,cancelled,2024-12-11 00:00:00,2024-09-25 07:00:00,2024-09-25 07:00:00
8f52411a-3c18-4e8b-af81-c76c830eb2cb,485,2024-02-23 00:00:00,12,4788.0,147,574.56,0.0,confirmed,2024-04-26 00:00:00,2024-02-22 09:00:00,2024-02-22 09:00:00
4a372a4b-ef77-4581-aa7c-f91d2c30b401,26,2024-06-18 00:00:00,12,2880.0,103,345.6,288.0,cancelled,2024-09-21 00:00:00,2024-06-17 15:00:00,2024-06-17 15:00:00
4b939099-8e6e-41e2-b6ee-855f2046bd31,458,2024-07-01 00:00:00,9,2277.0,132,273.24,227.7,cancelled,2024-10-05 00:00:00,2024-06-30 19:00:00,2024-06-30 19:00:00
6531ec80-6170-4c97-b4ec-d101dc9e139b,364,2024-03-17 00:00:00,2,264.0,63,31.68,0.0,confirmed,2024-08-17 00:00:00,2024-03-16 15:00:00,2024-03-16 15:00:00
cb0cab6c-c0d2-4447-a0e6-7358818f52ab,136,2024-02-06 00:00:00,14,2061.5,66,247.38,0.0,confirmed,2024-04-02 00:00:00,2024-02-05 22:00:00,2024-02-05 22:00:00
456080c1-3c1b-45fa-a492-8f171a0837b7,276,2023-08-30 00:00:00,13,1852.5,103,222.3,0.0,confirmed,2024-01-15 00:00:00,2023-08-29 00:00:00,2023-08-29 00:00:00
6dc8ede5-0698-471f-8f83-c12eb148bd5f,143,2023-08-01 00:00:00,12,960.0,79,115.2,0.0,confirmed,2023-12-11 00:00:00,2023-07-31 22:00:00,2023-08-03 22:00:00
052fe31e-bac5-4b58-84af-40f25fa6db13,343,2024-01-10 00:00:00,7,1456.0,99,174.72,0.0,confirmed,2024-02-11 00:00:00,2024-01-09 15:00:00,2024-01-09 15:00:00
761d4458-562d-4909-b456-385163daebae,465,2023-12-27 00:00:00,8,1064.0,76,127.68,0.0,confirmed,2024-02-06 00:00:00,2023-12-26 04:00:00,2023-12-26 04:00:00
ab2bd517-2bd9-42cd-8d4a-b07575e915f4,354,2023-11-21 00:00:00,11,5390.0,81,646.8,0.0,confirmed,2023-12-28 00:00:00,2023-11-20 03:00:00,2023-11-20 03:00:00
9848e51e-3aac-42de-a2a3-16262dfe6e22,27,2024-01-26 00:00:00,14,5208.0,105,624.96,0.0,confirmed,2024-06-27 00:00:00,2024-01-25 15:00:00,2024-01-25 15:00:00
ac3ba36f-52cc-4de8-a912-b1dd3cd0987e,314,2023-11-17 00:00:00,5,1020.0,129,122.4,0.0,confirmed,2023-11-24 00:00:00,2023-11-16 16:00:00,2023-11-16 16:00:00
7faf6c09-cdd3-43fa-a1e7-f0883c81e661,470,2024-05-24 00:00:00,6,1518.0,131,182.16,0.0,confirmed,2024-07-30 00:00:00,2024-05-23 07:00:00,2024-05-23 07:00:00
18d778c3-48bb-435b-95f7-62d1de185b53,51,2023-07-10 00:00:00,11,2541.0,77,304.92,0.0,confirmed,2023-09-24 00:00:00,2023-07-09 20:00:00,2023-07-14 20:00:00
ac39217e-b92a-40ee-866e-dcf2b553181b,405,2023-08-14 00:00:00,13,1173.25,76,140.79,0.0,confirmed,2023-08-19 00:00:00,2023-08-13 20:00:00,2023-08-13 20:00:00
59d919b0-f044-4c9b-9fef-d7cffffdc070,299,2024-01-18 00:00:00,1,82.5,103,9.9,8.25,cancelled,2024-04-07 00:00:00,2024-01-17 15:00:00,2024-01-17 15:00:00
6d211330-d8a8-4527-988a-6aca570fa8a1,135,2023-12-11 00:00:00,11,1210.0,77,145.2,0.0,confirmed,2024-04-24 00:00:00,2023-12-10 23:00:00,2023-12-10 23:00:00
67ada260-4b8e-47f1-b6d4-ce54c368f02c,433,2023-11-13 00:00:00,4,1353.0,85,162.36,0.0,confirmed,2024-03-11 00:00:00,2023-11-12 06:00:00,2023-11-12 06:00:00
365ba605-8576-489c-92a2-cf16dc2318ab,277,2024-02-27 00:00:00,14,3332.0,62,399.84,0.0,confirmed,2024-06-20 00:00:00,2024-02-26 23:00:00,2024-02-26 23:00:00
696434ef-fcbb-4cd1-877b-fcb61637cbab,189,2024-03-08 00:00:00,13,750.75,44,90.09,0.0,confirmed,2024-06-11 00:00:00,2024-03-07 01:00:00,2024-03-07 01:00:00
ac5515db-99d8-4c73-84fd-64ac381db9a0,352,2024-03-20 00:00:00,14,3003.0,147,360.36,300.3,cancelled,2024-05-22 00:00:00,2024-03-19 16:00:00,2024-03-19 16:00:00
b171dce4-d096-4ac9-8035-06df85d5db33,70,2023-05-06 00:00:00,8,2048.0,49,245.76,0.0,confirmed,2023-07-25 00:00:00,2023-05-05 00:00:00,2023-05-05 00:00:00
d695bec2-5e02-47d5-adbd-17be90959e37,73,2023-05-28 00:00:00,8,1518.0,41,182.16,151.8,cancelled,2023-10-12 00:00:00,2023-05-27 13:00:00,2023-06-02 13:00:00
e494d1c3-72f5-4ebb-bb2e-ff5f12510de3,281,2024-01-18 00:00:00,11,1672.0,41,200.64,0.0,confirmed,2024-02-14 00:00:00,2024-01-17 14:00:00,2024-01-17 14:00:00
cb514d73-c934-4d9f-b7f2-43f7389e8755,77,2024-05-18 00:00:00,2,320.0,40,38.4,32.0,cancelled,2024-11-08 00:00:00,2024-05-17 05:00:00,2024-05-17 05:00:00
3a43b84b-133c-4023-9b8f-4d0f20995f6d,311,2024-03-09 00:00:00,12,2178.0,118,261.36,217.8,cancelled,2024-04-23 00:00:00,2024-03-08 18:00:00,2024-03-08 18:00:00
5df45270-7973-48fe-9f44-d1cd780921a8,314,2023-06-18 00:00:00,11,2244.0,76,269.28,0.0,confirmed,2023-10-30 00:00:00,2023-06-17 20:00:00,2023-06-17 20:00:00
c78da10a-3822-46d1-95b3-7c25099b389d,146,2024-05-06 00:00:00,4,1617.0,101,194.04,0.0,confirmed,2024-07-16 00:00:00,2024-05-05 21:00:00,2024-05-07 21:00:00
483a9a36-37b6-43f6-bf00-ff7f5dcf83b7,144,2024-04-08 00:00:00,14,1960.0,150,235.2,0.0,confirmed,2024-09-10 00:00:00,2024-04-07 10:00:00,2024-04-07 10:00:00
cba595e4-d180-47c7-a87d-00bbaee09475,201,2023-10-17 00:00:00,7,1568.0,120,188.16,0.0,confirmed,2024-02-13 00:00:00,2023-10-16 03:00:00,2023-10-16 03:00:00
a346d7b2-2a03-468b-8cdf-6782d56957a6,22,2024-07-19 00:00:00,12,741.0,61,88.92,0.0,confirmed,2024-09-26 00:00:00,2024-07-18 15:00:00,2024-07-18 15:00:00
2977c948-c9e7-4f11-81a4-c190e196b2bb,290,2023-05-13 00:00:00,2,280.0,149,33.6,0.0,confirmed,2023-06-02 00:00:00,2023-05-12 10:00:00,2023-05-12 10:00:00
a7dab36e-17cb-4ba1-98a9-58d5a64f9611,391,2023-11-22 00:00:00,13,1560.0,49,187.2,0.0,confirmed,2023-12-13 00:00:00,2023-11-21 22:00:00,2023-11-21 22:00:00
6eb4cfe2-c04b-49c0-b55d-836eafd742b2,86,2023-06-26 00:00:00,10,2880.0,67,345.6,0.0,confirmed,2023-10-18 00:00:00,2023-06-25 05:00:00,2023-06-25 05:00:00
3abfc28f-f0eb-4c29-a0b6-5d2e5d9e13b5,466,2023-04-14 00:00:00,13,2093.0,146,251.16,0.0,confirmed,2023-09-02 00:00:00,2023-04-13 05:00:00,2023-04-15 05:00:00
935e0031-4eb4-49a5-8ff6-fbc28b2733cd,84,2023-12-26 00:00:00,7,808.5,70,97.02,0.0,confirmed,2024-02-12 00:00:00,2023-12-25 15:00:00,2023-12-25 15:00:00
7bdad5ca-2c2f-4ff1-ae4b-b798da8cc909,277,2023-09-15 00:00:00,2,476.0,115,57.12,0.0,confirmed,2023-09-17 00:00:00,2023-09-14 23:00:00,2023-09-14 23:00:00
461dd42a-bd21-49a6-8b08-8075c5c4700b,183,2024-03-08 00:00:00,11,1001.0,105,120.12,100.1,cancelled,2024-06-07 00:00:00,2024-03-07 05:00:00,2024-03-07 05:00:00
0c0503cb-47f3-4448-993e-723e7a221aaa,58,2023-10-20 00:00:00,8,1736.0,55,208.32,0.0,confirmed,2024-03-11 00:00:00,2023-10-19 23:00:00,2023-10-19 23:00:00
76ecafcd-58fd-4207-928f-b781d686c270,312,2023-07-04 00:00:00,13,2681.25,138,321.75,0.0,confirmed,2023-09-07 00:00:00,2023-07-03 17:00:00,2023-07-03 17:00:00
5034d89b-583c-4688-80c3-e04802e70d7b,132,2024-04-03 00:00:00,14,4620.0,130,554.4,0.0,confirmed,2024-05-12 00:00:00,2024-04-02 23:00:00,2024-04-02 23:00:00
159b9c55-3f6e-446b-84d1-519c530242c0,409,2024-02-28 00:00:00,12,1767.0,47,212.04,0.0,confirmed,2024-04-06 00:00:00,2024-02-27 14:00:00,2024-02-28 14:00:00
6c47a598-811d-480f-9afc-faa52a10e85f,166,2023-12-11 00:00:00,9,2065.5,137,247.86,206.55,cancelled,2024-04-16 00:00:00,2023-12-10 19:00:00,2023-12-10 19:00:00
2db43aee-6b6a-449e-9a8e-c197bf25e224,321,2023-11-17 00:00:00,2,468.0,98,56.16,46.8,cancelled,2024-04-05 00:00:00,2023-11-16 20:00:00,2023-11-16 20:00:00
e224023e-e13e-4507-a191-fdf9f9cd888f,270,2024-05-16 00:00:00,14,4340.0,126,520.8,0.0,confirmed,2024-08-25 00:00:00,2024-05-15 00:00:00,2024-05-15 00:00:00
c10b2f78-0539-4db3-9139-1c1f16264fa2,199,2023-12-01 00:00:00,13,1215.5,111,145.86,0.0,confirmed,2024-02-17 00:00:00,2023-11-30 05:00:00,2023-11-30 05:00:00
6ccd27c4-67b5-4cc3-bcfc-2c4eec52f40a,331,2024-03-13 00:00:00,6,510.0,121,61.2,0.0,confirmed,2024-03-17 00:00:00,2024-03-12 00:00:00,2024-03-12 00:00:00
7ba9507f-3b92-4eca-ac25-2dca802c4599,137,2023-08-28 00:00:00,11,4180.0,81,501.6,0.0,confirmed,2024-02-06 00:00:00,2023-08-27 12:00:00,2023-08-27 12:00:00
b8b8e0d5-0fc8-4bb4-abbc-0756440fb85d,439,2023-08-30 00:00:00,3,552.0,67,66.24,0.0,confirmed,2024-01-12 00:00:00,2023-08-29 01:00:00,2023-08-29 01:00:00
0f36918d-5e94-4a26-950b-848b43e5908f,149,2023-08-03 00:00:00,7,3584.0,119,430.08,0.0,confirmed,2024-01-29 00:00:00,2023-08-02 19:00:00,2023-08-02 19:00:00
ecc3c2fb-4f5c-4f43-b04c-27500c7854b5,5,2023-10-19 00:00:00,4,780.0,69,93.6,0.0,confirmed,2023-10-30 00:00:00,2023-10-18 20:00:00,2023-10-18 20:00:00
2b1e3cd8-dd59-49d5-918a-a4082dfa243d,122,2024-05-20 00:00:00,9,3510.0,95,421.2,0.0,confirmed,2024-05-26 00:00:00,2024-05-19 00:00:00,2024-05-19 00:00:00
f1ae7cc4-cba4-4120-a663-fbe75da400e9,120,2024-03-22 00:00:00,3,199.5,140,23.94,0.0,confirmed,2024-08-21 00:00:00,2024-03-21 02:00:00,2024-03-21 02:00:00
d6560148-77f9-4a28-81eb-90224e15933f,228,2023-10-28 00:00:00,13,3003.0,104,360.36,300.3,cancelled,2024-03-15 00:00:00,2023-10-27 01:00:00,2023-10-27 01:00:00
f74d66ad-c85b-46f9-8254-c86ea5ac42fe,7,2024-07-27 00:00:00,13,4290.0,118,514.8,0.0,confirmed,2025-01-16 00:00:00,2024-07-26 15:00:00,2024-08-01 15:00:00
da3202e8-ce3f-4911-bc71-ce472cef3161,61,2023-08-19 00:00:00,6,866.28,136,103.95,0.0,confirmed,2023-12-28 00:00:00,2023-08-18 20:00:00,2023-08-18 20:00:00
87616ffe-ac11-44a3-bcaf-d0f1d5eee817,185,2023-08-09 00:00:00,8,896.0,72,107.52,89.6,cancelled,2023-08-23 00:00:00,2023-08-08 06:00:00,2023-08-08 06:00:00
61105814-d702-483c-af90-b89830a91415,122,2023-12-20 00:00:00,14,5460.0,134,655.2,0.0,confirmed,2024-06-06 00:00:00,2023-12-19 04:00:00,2023-12-19 04:00:00
3b4e4900-caf1-49cc-aeb0-235b92eb9f03,185,2023-03-25 00:00:00,14,1568.0,94,188.16,156.8,cancelled,2023-08-03 00:00:00,2023-03-24 19:00:00,2023-03-24 19:00:00
75a994c3-1931-4e6d-9e13-d13060407c2d,399,2023-06-24 00:00:00,1,208.25,42,24.99,0.0,confirmed,2023-09-17 00:00:00,2023-06-23 23:00:00,2023-07-03 23:00:00
b0bd0e96-2841-4562-9b72-e28b846b3118,159,2023-07-16 00:00:00,13,2080.0,97,249.6,0.0,confirmed,2023-09-20 00:00:00,2023-07-15 08:00:00,2023-07-15 08:00:00
f8609047-f36b-43d2-8231-0a6341677d61,6,2024-01-01 00:00:00,8,3024.0,70,362.88,302.4,cancelled,2024-03-05 00:00:00,2023-12-31 22:00:00,2023-12-31 22:00:00
a63eb5e1-b63f-4d50-8ca7-bd239e12cd5f,50,2024-02-23 00:00:00,9,1890.0,49,226.8,189.0,cancelled,2024-06-04 00:00:00,2024-02-22 00:00:00,2024-02-22 00:00:00
6134cb25-7c26-40e8-bf29-c695bbb4ee7f,259,2024-02-19 00:00:00,11,2079.0,149,249.48,0.0,confirmed,2024-05-03 00:00:00,2024-02-18 16:00:00,2024-02-18 16:00:00
bbf8f02a-f7ef-49a3-81e9-8e522e195a00,46,2023-07-28 00:00:00,2,209.0,46,25.08,0.0,confirmed,2023-08-15 00:00:00,2023-07-27 06:00:00,2023-07-27 06:00:00
1e6c9769-b269-4d32-a8a6-e7de6ae91086,353,2024-07-05 00:00:00,5,467.5,44,56.1,46.75,cancelled,2024-07-15 00:00:00,2024-07-04 16:00:00,2024-07-06 16:00:00
441c206d-4bc8-4c8d-b724-fb2b0cc4bcae,382,2023-10-22 00:00:00,14,3542.0,138,425.04,0.0,confirmed,2024-03-14 00:00:00,2023-10-21 12:00:00,2023-10-21 12:00:00
d87e0b52-9f1d-4508-a858-dd3d341ecc20,253,2023-08-25 00:00:00,9,1732.5,106,207.9,0.0,confirmed,2024-01-25 00:00:00,2023-08-24 20:00:00,2023-08-24 20:00:00
5783a1d0-0c1a-473f-b2e8-f9c9eba101f6,242,2024-02-10 00:00:00,5,880.0,146,105.6,0.0,confirmed,2024-03-20 00:00:00,2024-02-09 15:00:00,2024-02-09 15:00:00
827d9a8a-dc56-41d3-a27f-3ec3820f7042,423,2024-04-27 00:00:00,4,840.0,122,100.8,84.0,cancelled,2024-10-08 00:00:00,2024-04-26 05:00:00,2024-05-04 05:00:00
d1a57f79-9c1a-4d10-87b6-f35b8dfdf752,138,2024-02-01 00:00:00,13,1662.44,147,199.49,166.24,cancelled,2024-05-06 00:00:00,2024-01-31 13:00:00,2024-01-31 13:00:00
583ceb0d-84da-4d0d-ac5b-0b67ac7cabd2,378,2023-10-11 00:00:00,10,2240.0,104,268.8,224.0,cancelled,2024-01-15 00:00:00,2023-10-10 21:00:00,2023-10-13 21:00:00
3d12226a-db57-4d79-919f-e85302d3f915,294,2024-04-01 00:00:00,11,1619.75,51,194.37,0.0,confirmed,2024-05-21 00:00:00,2024-03-31 00:00:00,2024-03-31 00:00:00
038d6b2d-7f8f-4fe5-816c-f0c391fc1cee,342,2024-03-10 00:00:00,9,810.0,43,97.2,0.0,confirmed,2024-05-19 00:00:00,2024-03-09 04:00:00,2024-03-09 04:00:00
5f7d1b92-3a8b-41ea-bce6-122429b5e446,178,2024-07-22 00:00:00,11,2290.75,41,274.89,229.08,cancelled,2024-09-23 00:00:00,2024-07-21 18:00:00,2024-07-21 18:00:00
bfcf81b4-55be-414c-bdbe-e37d8046f7ee,419,2023-06-11 00:00:00,10,825.0,90,99.0,0.0,confirmed,2023-12-07 00:00:00,2023-06-10 09:00:00,2023-06-10 09:00:00
6182c9d5-1bf3-4695-8378-aab38982a87f,81,2023-12-07 00:00:00,13,1859.0,113,223.08,0.0,confirmed,2024-02-24 00:00:00,2023-12-06 15:00:00,2023-12-06 15:00:00
b0029a5f-2a4a-497a-a925-54e1d98b0e51,100,2024-02-13 00:00:00,9,1026.0,45,123.12,0.0,confirmed,2024-06-10 00:00:00,2024-02-12 01:00:00,2024-02-12 01:00:00
f50e7322-c14a-46f5-b7c9-c7067c3351c3,453,2023-12-21 00:00:00,1,270.0,81,32.4,27.0,cancelled,2024-04-20 00:00:00,2023-12-20 01:00:00,2023-12-20 01:00:00
5878aa39-4431-4977-8123-ce77d90d0df9,318,2024-08-27 00:00:00,13,1235.0,130,148.2,0.0,confirmed,2025-01-12 00:00:00,2024-08-26 16:00:00,2024-08-26 16:00:00
89335625-ab13-46f6-a813-3247328a5ce8,110,2024-07-12 00:00:00,1,190.0,89,22.8,0.0,confirmed,2024-12-22 00:00:00,2024-07-11 02:00:00,2024-07-15 02:00:00
5325b70c-5eb3-4c7c-85b3-05bbf3a5ae2e,87,2024-05-28 00:00:00,12,5616.0,59,673.92,0.0,confirmed,2024-08-13 00:00:00,2024-05-27 16:00:00,2024-05-29 16:00:00
8b39a17a-e83c-42ed-8007-e13fcb4eaab5,500,2023-08-07 00:00:00,2,805.0,146,96.6,0.0,confirmed,2023-09-12 00:00:00,2023-08-06 23:00:00,2023-08-16 23:00:00
76013792-d80d-4505-9543-42378c18b134,469,2023-11-28 00:00:00,11,1149.5,46,137.94,0.0,confirmed,2023-11-30 00:00:00,2023-11-27 22:00:00,2023-11-27 22:00:00
13e62852-40a3-4986-b967-055adec3c426,277,2024-02-12 00:00:00,7,1666.0,41,199.92,0.0,confirmed,2024-03-24 00:00:00,2024-02-11 10:00:00,2024-02-19 10:00:00
677a7aa3-19dc-4bb9-bb93-bedaeac2e537,262,2023-11-15 00:00:00,13,7644.0,121,917.28,0.0,confirmed,2024-01-19 00:00:00,2023-11-14 04:00:00,2023-11-22 04:00:00
a94d01a1-1b14-48bb-9c0f-fe5e5950448a,261,2023-10-13 00:00:00,14,3640.0,124,436.8,364.0,cancelled,2024-03-12 00:00:00,2023-10-12 04:00:00,2023-10-16 04:00:00
6bd62efc-a997-483f-8fc5-66b6683398bc,314,2024-02-23 00:00:00,13,2652.0,95,318.24,265.2,cancelled,2024-04-24 00:00:00,2024-02-22 23:00:00,2024-02-22 23:00:00
093aa960-a379-4572-99ef-c4856157ed7a,16,2023-12-15 00:00:00,6,2052.0,102,246.24,0.0,confirmed,2024-02-18 00:00:00,2023-12-14 19:00:00,2023-12-17 19:00:00
8bf7d4c3-c33a-402f-a220-4b33e73a1f66,312,2024-02-04 00:00:00,1,206.25,128,24.75,0.0,confirmed,2024-05-08 00:00:00,2024-02-03 05:00:00,2024-02-03 05:00:00
795cab0f-80b2-47d0-bf17-8cc50fb52617,365,2023-10-27 00:00:00,5,760.0,150,91.2,0.0,confirmed,2024-01-08 00:00:00,2023-10-26 11:00:00,2023-10-26 11:00:00
973b76ac-2c0e-4cf2-b812-e2bf843f6e07,438,2023-08-19 00:00:00,10,1650.0,61,198.0,0.0,confirmed,2023-08-31 00:00:00,2023-08-18 01:00:00,2023-08-18 01:00:00
5049cc72-a024-4498-be2d-2e18ff05a249,235,2023-12-13 00:00:00,7,3808.0,86,456.96,0.0,confirmed,2024-03-28 00:00:00,2023-12-12 22:00:00,2023-12-12 22:00:00
7f3d0321-5744-4143-833b-eec5487ee712,451,2023-11-25 00:00:00,9,4914.0,96,589.68,491.4,cancelled,2023-12-10 00:00:00,2023-11-24 05:00:00,2023-11-24 05:00:00
7c429dd9-693b-4046-ac39-828b37dddc31,92,2024-10-01 00:00:00,14,931.0,149,111.72,0.0,confirmed,2024-12-01 00:00:00,2024-09-30 15:00:00,2024-09-30 15:00:00
4ab00814-1951-4f18-9290-cc5f5fd062c3,133,2024-04-14 00:00:00,4,1716.0,127,205.92,0.0,confirmed,2024-05-15 00:00:00,2024-04-13 06:00:00,2024-04-13 06:00:00
b7f10d40-d538-4e95-8ab8-11e7482943b9,44,2023-08-12 00:00:00,14,924.0,88,110.88,0.0,confirmed,2023-09-17 00:00:00,2023-08-11 08:00:00,2023-08-11 08:00:00
67f8e953-7ddc-403f-a8be-645eb87237fd,279,2023-10-05 00:00:00,2,364.0,138,43.68,0.0,confirmed,2024-03-19 00:00:00,2023-10-04 16:00:00,2023-10-04 16:00:00
d9c36a6d-f2c8-49d6-a8fe-0e9068f5b55c,116,2023-08-25 00:00:00,11,998.25,68,119.79,0.0,confirmed,2023-08-31 00:00:00,2023-08-24 02:00:00,2023-08-24 02:00:00
df911cce-c5cb-4464-8b3d-a0351baa0311,156,2023-12-26 00:00:00,6,855.0,142,102.6,85.5,cancelled,2024-03-19 00:00:00,2023-12-25 01:00:00,2023-12-25 01:00:00
43510bfc-8ae3-4004-b125-4c482aed336e,467,2024-03-11 00:00:00,4,1024.0,148,122.88,102.4,cancelled,2024-07-13 00:00:00,2024-03-10 13:00:00,2024-03-10 13:00:00
e3496209-ee70-47b6-a34b-09a0aa8b356b,418,2024-03-23 00:00:00,7,2100.0,75,252.0,0.0,confirmed,2024-06-10 00:00:00,2024-03-22 14:00:00,2024-03-26 14:00:00
11efe2dc-b9d2-413c-8fb3-cbb29decbbe6,310,2024-03-12 00:00:00,11,1452.0,107,174.24,0.0,confirmed,2024-08-14 00:00:00,2024-03-11 18:00:00,2024-03-11 18:00:00
19f9b4fc-f057-49a9-b38f-028968f1d6b5,315,2023-11-13 00:00:00,12,7488.0,87,898.56,0.0,confirmed,2024-01-15 00:00:00,2023-11-12 23:00:00,2023-11-12 23:00:00
bc1c1add-aa6d-4ab2-9aeb-49f70ec3420a,213,2024-04-21 00:00:00,1,77.0,106,9.24,7.7,cancelled,2024-09-01 00:00:00,2024-04-20 16:00:00,2024-04-20 16:00:00
a64f8f69-79d4-4fbd-8d00-398b0648690a,282,2023-12-06 00:00:00,12,4416.0,121,529.92,0.0,confirmed,2024-03-05 00:00:00,2023-12-05 17:00:00,2023-12-05 17:00:00
1fd8dcf2-732b-43f6-9349-69bd0c480873,476,2024-03-01 00:00:00,8,1938.0,101,232.56,0.0,confirmed,2024-04-13 00:00:00,2024-02-29 07:00:00,2024-02-29 07:00:00
aee68291-127c-494d-a41e-a27d1ea0a730,383,2024-03-16 00:00:00,11,3872.0,82,464.64,0.0,confirmed,2024-06-14 00:00:00,2024-03-15 16:00:00,2024-03-15 16:00:00
e8dbd2e2-14e9-449b-b0ee-7731e4749246,194,2023-12-06 00:00:00,14,3906.0,106,468.72,0.0,confirmed,2024-05-01 00:00:00,2023-12-05 01:00:00,2023-12-05 01:00:00
6da27c2c-fc3c-49ba-acc3-6ec02763ca95,117,2023-10-25 00:00:00,1,160.0,104,19.2,0.0,confirmed,2023-12-05 00:00:00,2023-10-24 13:00:00,2023-10-24 13:00:00
f973944f-9bd3-4e72-b718-66b7e53930bc,401,2023-06-14 00:00:00,9,2304.0,113,276.48,0.0,confirmed,2023-08-26 00:00:00,2023-06-13 12:00:00,2023-06-13 12:00:00
97fc4d76-f345-439c-963c-f3a04c156abd,265,2023-07-17 00:00:00,2,660.0,113,79.2,0.0,confirmed,2023-08-26 00:00:00,2023-07-16 18:00:00,2023-07-16 18:00:00
c4ffb1fc-2076-43f1-8e4b-56d7725c63ff,263,2023-04-14 00:00:00,7,1078.0,98,129.36,107.8,cancelled,2023-07-28 00:00:00,2023-04-13 04:00:00,2023-04-13 04:00:00
00071e08-08f8-403a-bb27-c342d330c6c9,184,2023-08-31 00:00:00,1,263.5,70,31.62,26.35,cancelled,2023-09-15 00:00:00,2023-08-30 05:00:00,2023-08-30 05:00:00
f6a5e2fc-b785-4fc6-aed3-4f0744ba7634,254,2024-04-03 00:00:00,6,2700.0,90,324.0,0.0,confirmed,2024-05-06 00:00:00,2024-04-02 23:00:00,2024-04-02 23:00:00
3ee571fb-f041-4cad-8afc-983a58fb3099,324,2023-09-12 00:00:00,6,525.0,80,63.0,52.5,cancelled,2024-01-16 00:00:00,2023-09-11 23:00:00,2023-09-11 23:00:00
f3a53c97-ee11-4084-8167-be9743040b10,482,2024-02-14 00:00:00,3,792.0,116,95.04,0.0,confirmed,2024-07-30 00:00:00,2024-02-13 17:00:00,2024-02-17 17:00:00
ad271bd4-1044-41a3-8d91-2d0b1ff5fed8,465,2024-07-06 00:00:00,4,532.0,93,63.84,0.0,confirmed,2024-10-12 00:00:00,2024-07-05 08:00:00,2024-07-05 08:00:00
64be0684-b62a-43f4-a029-28e573fd9622,390,2024-01-13 00:00:00,9,1350.0,66,162.0,135.0,cancelled,2024-02-06 00:00:00,2024-01-12 08:00:00,2024-01-12 08:00:00
28987c00-357d-4d01-b0ea-67da4eb13ed0,135,2023-10-25 00:00:00,2,220.0,75,26.4,0.0,confirmed,2023-12-28 00:00:00,2023-10-24 10:00:00,2023-10-24 10:00:00
0c74c089-2ff2-428e-ae72-e7bd78a7a0d4,58,2023-04-03 00:00:00,6,1302.0,117,156.24,0.0,confirmed,2023-08-25 00:00:00,2023-04-02 20:00:00,2023-04-02 20:00:00
5bd3f8ba-4391-4af5-b877-cbc6819efbd0,188,2024-02-10 00:00:00,4,1288.0,68,154.56,128.8,cancelled,2024-07-13 00:00:00,2024-02-09 15:00:00,2024-02-09 15:00:00
b2f69a4c-790c-44a4-b960-0e8ae0bdad62,469,2024-01-06 00:00:00,5,522.5,101,62.7,0.0,confirmed,2024-05-31 00:00:00,2024-01-05 01:00:00,2024-01-05 01:00:00
32014705-7139-410b-a5fc-9e2a5925d18e,481,2023-07-29 00:00:00,14,1190.0,47,142.8,0.0,confirmed,2023-09-21 00:00:00,2023-07-28 18:00:00,2023-07-28 18:00:00
dbf59d40-f467-49f2-9b40-09ce14ba3326,377,2024-02-20 00:00:00,8,1386.0,132,166.32,138.6,cancelled,2024-06-04 00:00:00,2024-02-19 20:00:00,2024-02-19 20:00:00
c9630131-b4be-41e7-a074-6a8cf55a9cf8,48,2023-09-26 00:00:00,2,198.0,41,23.76,19.8,cancelled,2024-01-09 00:00:00,2023-09-25 08:00:00,2023-09-25 08:00:00
1cd4272a-d4e2-4840-9d9c-00bbcd2b5ff9,2,2023-04-05 00:00:00,3,900.0,112,108.0,0.0,confirmed,2023-05-15 00:00:00,2023-04-04 11:00:00,2023-04-04 11:00:00
c108ba91-6fb4-46d8-b60f-f845373eb7bb,64,2024-05-29 00:00:00,7,3472.0,57,416.64,347.2,cancelled,2024-10-11 00:00:00,2024-05-28 03:00:00,2024-05-28 03:00:00
c10d145f-97be-4896-b2d1-6f25f3ae022d,152,2023-11-10 00:00:00,9,3645.0,56,437.4,0.0,confirmed,2024-01-17 00:00:00,2023-11-09 09:00:00,2023-11-09 09:00:00
d78f02f5-e342-42fc-bdc0-45cfaf0c6508,458,2024-07-30 00:00:00,10,2530.0,77,303.6,0.0,confirmed,2024-12-13 00:00:00,2024-07-29 20:00:00,2024-07-29 20:00:00
aa535f96-e997-45c0-8455-8a47d57ee332,189,2023-11-27 00:00:00,2,115.5,136,13.86,0.0,confirmed,2024-01-09 00:00:00,2023-11-26 00:00:00,2023-11-26 00:00:00
5b7652dc-79a7-4f66-868f-581d502b597a,364,2024-05-03 00:00:00,8,1056.0,135,126.72,0.0,confirmed,2024-05-19 00:00:00,2024-05-02 08:00:00,2024-05-02 08:00:00
53864af6-bb3f-4c33-9e36-be7384627981,136,2024-03-20 00:00:00,12,1767.0,87,212.04,0.0,confirmed,2024-07-10 00:00:00,2024-03-19 13:00:00,2024-03-23 13:00:00
e4dd1b4f-840a-4ae8-b712-8a8f812935e0,217,2023-07-19 00:00:00,14,3458.0,68,414.96,0.0,confirmed,2023-12-24 00:00:00,2023-07-18 13:00:00,2023-07-18 13:00:00
f9e9627b-153e-495a-85b1-557235b72886,66,2024-03-10 00:00:00,14,4760.0,103,571.2,0.0,confirmed,2024-04-13 00:00:00,2024-03-09 01:00:00,2024-03-09 01:00:00
d1cc54ec-ba7e-4441-97cb-8bb95ff469bd,109,2024-02-15 00:00:00,7,4410.0,117,529.2,0.0,confirmed,2024-07-20 00:00:00,2024-02-14 11:00:00,2024-02-23 11:00:00
d1bc0ab3-ebc3-4c22-bd13-ee7ab97944df,493,2024-09-06 00:00:00,8,1540.0,142,184.8,0.0,confirmed,2025-02-18 00:00:00,2024-09-05 03:00:00,2024-09-05 03:00:00
13f5bc7e-841d-4350-bd54-b49246cc0f05,241,2024-04-16 00:00:00,7,924.0,92,110.88,92.4,cancelled,2024-09-21 00:00:00,2024-04-15 22:00:00,2024-04-15 22:00:00
18d69250-f8f9-4acf-abf3-8288e3ed002f,105,2024-03-08 00:00:00,9,693.0,113,83.16,0.0,confirmed,2024-04-16 00:00:00,2024-03-07 02:00:00,2024-03-13 02:00:00
7ef02121-b2f4-4d2a-ac6c-64c628fe9d01,139,2024-08-08 00:00:00,9,1197.0,43,143.64,0.0,confirmed,2024-11-14 00:00:00,2024-08-07 09:00:00,2024-08-07 09:00:00
dbeb6d9e-0c42-401c-aba3-0bc0d07956c4,67,2023-12-30 00:00:00,13,12480.0,105,1497.6,0.0,confirmed,2024-06-03 00:00:00,2023-12-29 17:00:00,2023-12-29 17:00:00
45677051-c610-405a-b2fb-66a1e3b754c7,358,2024-02-22 00:00:00,8,960.0,45,115.2,0.0,confirmed,2024-03-27 00:00:00,2024-02-21 20:00:00,2024-02-21 20:00:00
08435a48-ff5d-4a26-9a97-1c98d48feb88,18,2024-07-13 00:00:00,8,2728.0,122,327.36,272.8,cancelled,2024-10-08 00:00:00,2024-07-12 13:00:00,2024-07-12 13:00:00
f3bd76ac-efea-4aea-9902-08e072882b48,201,2023-08-01 00:00:00,11,2464.0,108,295.68,0.0,confirmed,2023-10-07 00:00:00,2023-07-31 05:00:00,2023-08-04 05:00:00
4aef0051-e714-48e6-af1b-1406eb987478,48,2024-03-26 00:00:00,4,396.0,41,47.52,0.0,confirmed,2024-04-06 00:00:00,2024-03-25 14:00:00,2024-03-25 14:00:00
86494e00-f090-4489-9544-a7799e7943e1,86,2023-07-23 00:00:00,12,3456.0,66,414.72,0.0,confirmed,2023-07-29 00:00:00,2023-07-22 21:00:00,2023-07-22 21:00:00
07220fcf-bbe7-4813-aaab-26fb075fd587,177,2023-11-15 00:00:00,3,1242.0,62,149.04,0.0,confirmed,2024-03-18 00:00:00,2023-11-14 12:00:00,2023-11-14 12:00:00
b1314f70-8a45-4c11-8ce1-ca024cc574fd,74,2023-11-29 00:00:00,3,396.0,117,47.52,39.6,cancelled,2024-02-12 00:00:00,2023-11-28 15:00:00,2023-11-28 15:00:00
38cf0031-144e-42e3-9e9b-b51af760baa7,54,2024-01-28 00:00:00,12,5328.0,145,639.36,532.8,cancelled,2024-05-05 00:00:00,2024-01-27 12:00:00,2024-01-27 12:00:00
a25d0274-dbb3-4e99-a5a6-82d8e5441d07,213,2024-06-06 00:00:00,14,1078.0,41,129.36,107.8,cancelled,2024-10-03 00:00:00,2024-06-05 00:00:00,2024-06-05 00:00:00
c8fb773e-60ab-45aa-8331-851287bfee76,44,2023-06-29 00:00:00,3,198.0,150,23.76,0.0,confirmed,2023-08-07 00:00:00,2023-06-28 01:00:00,2023-06-28 01:00:00
f3d8c373-a9d6-4351-9439-9cd40173b795,463,2024-02-09 00:00:00,10,1760.0,43,211.2,176.0,cancelled,2024-06-30 00:00:00,2024-02-08 19:00:00,2024-02-08 19:00:00
9e68be02-1b19-419f-894a-8656c77ae0bf,295,2024-07-14 00:00:00,1,70.0,93,8.4,7.0,cancelled,2024-12-21 00:00:00,2024-07-13 18:00:00,2024-07-16 18:00:00
998d24b8-4842-40d8-b3f4-b1f3c9c60b9c,298,2023-12-20 00:00:00,2,644.0,99,77.28,0.0,confirmed,2024-02-06 00:00:00,2023-12-19 07:00:00,2023-12-26 07:00:00
0dfefdd9-86a4-438c-8976-f35e40154516,170,2023-10-05 00:00:00,7,819.0,150,98.28,0.0,confirmed,2024-01-23 00:00:00,2023-10-04 10:00:00,2023-10-04 10:00:00
cfdfa34a-de2e-41fa-a4ca-6450414adb52,57,2023-02-06 00:00:00,5,825.0,101,99.0,0.0,confirmed,2023-02-22 00:00:00,2023-02-05 19:00:00,2023-02-06 19:00:00
82602a40-bdcd-46a0-bc15-619fda15049d,49,2023-02-21 00:00:00,9,882.0,140,105.84,88.2,cancelled,2023-07-29 00:00:00,2023-02-20 16:00:00,2023-02-20 16:00:00
6c0fecd1-1605-46f9-b8ce-df04f631d1d0,467,2023-07-13 00:00:00,13,3328.0,135,399.36,0.0,confirmed,2023-11-27 00:00:00,2023-07-12 15:00:00,2023-07-12 15:00:00
cb8e1e5c-bec8-4c29-a2a1-1725553da940,100,2024-07-29 00:00:00,10,1140.0,82,136.8,0.0,confirmed,2024-08-04 00:00:00,2024-07-28 20:00:00,2024-07-28 20:00:00
68f33b4e-479d-48ce-b873-9f976da0cbaf,83,2023-07-10 00:00:00,3,1872.0,75,224.64,0.0,confirmed,2023-12-15 00:00:00,2023-07-09 23:00:00,2023-07-09 23:00:00
cabb9642-6cd1-4331-a27e-ada5c156239c,445,2023-01-31 00:00:00,5,880.0,77,105.6,0.0,confirmed,2023-03-20 00:00:00,2023-01-30 02:00:00,2023-01-30 02:00:00
df7032f2-9b4e-4872-b40f-c1bf93602188,118,2024-08-20 00:00:00,1,320.0,150,38.4,32.0,cancelled,2024-10-28 00:00:00,2024-08-19 19:00:00,2024-08-19 19:00:00
354d8865-941c-4ea9-b0e6-53de147a1071,323,2024-01-28 00:00:00,6,990.0,65,118.8,0.0,confirmed,2024-04-14 00:00:00,2024-01-27 06:00:00,2024-01-27 06:00:00
13a46b1a-2739-4684-89ca-382c8281ae57,118,2024-06-09 00:00:00,2,640.0,49,76.8,64.0,cancelled,2024-11-30 00:00:00,2024-06-08 01:00:00,2024-06-16 01:00:00
3269898f-dcb1-4d57-9b2e-d84b026076f5,85,2023-06-16 00:00:00,2,308.0,108,36.96,30.8,cancelled,2023-10-25 00:00:00,2023-06-15 13:00:00,2023-06-15 13:00:00
1200d1f3-7b4e-42a2-842e-8ddf4b5221d2,336,2023-11-09 00:00:00,12,1824.0,73,218.88,0.0,confirmed,2024-04-13 00:00:00,2023-11-08 23:00:00,2023-11-08 23:00:00
cc2190e1-2b87-47ba-a589-16b9399e64da,85,2023-08-15 00:00:00,9,1386.0,98,166.32,0.0,confirmed,2023-11-19 00:00:00,2023-08-14 12:00:00,2023-08-14 12:00:00
581a56ec-5e41-448e-960c-fc6afd3074e8,116,2023-04-19 00:00:00,14,1270.5,85,152.46,127.05,cancelled,2023-08-13 00:00:00,2023-04-18 17:00:00,2023-04-18 17:00:00
40d55727-6f42-478e-85a4-5c3cc1c423ea,217,2023-07-27 00:00:00,5,1235.0,133,148.2,123.5,cancelled,2024-01-08 00:00:00,2023-07-26 01:00:00,2023-07-26 01:00:00
5a0d1f5d-52af-4989-9243-676e3bc4a01e,113,2023-01-23 00:00:00,11,1771.0,124,212.52,0.0,confirmed,2023-03-01 00:00:00,2023-01-22 03:00:00,2023-01-22 03:00:00
f51b70df-3f7c-4938-81fe-a27dfc69062f,424,2023-05-17 00:00:00,4,682.0,103,81.84,0.0,confirmed,2023-06-13 00:00:00,2023-05-16 10:00:00,2023-05-16 10:00:00
c1576623-d53f-4151-a1c5-ff8ee7a01ba5,208,2024-04-25 00:00:00,4,1596.0,67,191.52,159.6,cancelled,2024-06-08 00:00:00,2024-04-24 07:00:00,2024-04-24 07:00:00
1be4347d-4da6-44e7-9a5b-bb2f14b09442,446,2023-09-07 00:00:00,10,1592.5,112,191.1,0.0,confirmed,2023-10-05 00:00:00,2023-09-06 21:00:00,2023-09-06 21:00:00
9ea8481c-8157-4e91-8e96-00a89dbdda1c,138,2024-03-05 00:00:00,12,1534.56,116,184.15,153.46,cancelled,2024-05-14 00:00:00,2024-03-04 15:00:00,2024-03-04 15:00:00
6a594b75-130f-4653-8dc4-e1f3ee6de9b8,146,2023-11-27 00:00:00,1,404.25,45,48.51,40.43,cancelled,2024-04-24 00:00:00,2023-11-26 07:00:00,2023-11-26 07:00:00
999bad43-f730-4519-9c41-faa8c7871efb,257,2024-08-27 00:00:00,12,1254.0,63,150.48,0.0,confirmed,2024-09-08 00:00:00,2024-08-26 07:00:00,2024-08-26 07:00:00
e16c19f0-4834-4435-91fe-45926861bb46,29,2023-07-11 00:00:00,3,720.0,83,86.4,72.0,cancelled,2023-09-24 00:00:00,2023-07-10 20:00:00,2023-07-10 20:00:00
f0749907-1e77-42a4-bac9-6801a43863d5,485,2023-10-16 00:00:00,8,3192.0,66,383.04,0.0,confirmed,2024-01-29 00:00:00,2023-10-15 07:00:00,2023-10-15 07:00:00
7f58a408-270e-43fb-b70c-e1d627241b67,107,2023-11-09 00:00:00,1,99.0,72,11.88,0.0,confirmed,2023-12-18 00:00:00,2023-11-08 22:00:00,2023-11-08 22:00:00
ffa0341b-ce7a-4454-a0f5-ef33fbdfe1bb,354,2023-06-05 00:00:00,7,3430.0,125,411.6,0.0,confirmed,2023-10-18 00:00:00,2023-06-04 14:00:00,2023-06-11 14:00:00
55278e0c-8473-401d-85fb-dcb70d1d60f9,13,2024-02-24 00:00:00,4,896.0,128,107.52,0.0,confirmed,2024-03-19 00:00:00,2024-02-23 14:00:00,2024-02-23 14:00:00
2b660ebe-ea63-4090-a8ad-bb43bffebe9d,233,2023-09-05 00:00:00,7,404.25,116,48.51,0.0,confirmed,2023-10-23 00:00:00,2023-09-04 11:00:00,2023-09-04 11:00:00
7515ea3c-2b94-4950-8fcd-bc315e0fbb2e,416,2024-03-25 00:00:00,12,924.0,103,110.88,0.0,confirmed,2024-06-24 00:00:00,2024-03-24 13:00:00,2024-03-24 13:00:00
aa596a4c-7b6d-4826-9950-597982e66cd4,326,2023-10-22 00:00:00,5,412.5,64,49.5,0.0,confirmed,2023-12-08 00:00:00,2023-10-21 00:00:00,2023-10-21 00:00:00
ef41c3d1-96ad-4635-847b-abc7115a3823,344,2024-04-18 00:00:00,1,133.0,123,15.96,0.0,confirmed,2024-08-04 00:00:00,2024-04-17 03:00:00,2024-04-17 03:00:00
2ef8203c-84ae-4ce3-8b3d-3b17f5d75b7f,328,2023-12-15 00:00:00,14,3724.0,110,446.88,372.4,cancelled,2024-05-04 00:00:00,2023-12-14 09:00:00,2023-12-14 09:00:00
cc4062b4-a844-41e0-80b3-3b70eb73f7aa,236,2023-07-18 00:00:00,6,3276.0,87,393.12,327.6,cancelled,2023-12-07 00:00:00,2023-07-17 07:00:00,2023-07-17 07:00:00
ba6a62d4-23ec-4234-9679-1c424f3d6358,140,2024-04-07 00:00:00,10,1155.0,84,138.6,115.5,cancelled,2024-07-21 00:00:00,2024-04-06 21:00:00,2024-04-06 21:00:00
245b768a-358b-4a0e-8fad-cb5a7817bcc9,371,2023-10-30 00:00:00,9,1008.0,49,120.96,0.0,confirmed,2024-02-19 00:00:00,2023-10-29 21:00:00,2023-10-29 21:00:00
1d52181c-822d-44ac-b63b-f35e2466ce18,363,2024-05-28 00:00:00,14,2926.0,99,351.12,292.6,cancelled,2024-09-10 00:00:00,2024-05-27 05:00:00,2024-06-05 05:00:00
04d63887-26ec-4f53-ac21-6cd5551f0cbe,400,2024-05-11 00:00:00,13,1751.75,40,210.21,175.18,cancelled,2024-07-11 00:00:00,2024-05-10 16:00:00,2024-05-11 16:00:00
96c09454-dec9-4c02-9419-2757759f9716,135,2024-01-04 00:00:00,5,550.0,84,66.0,55.0,cancelled,2024-06-24 00:00:00,2024-01-03 16:00:00,2024-01-03 16:00:00
4d19f2c6-45a2-4a8c-a23f-112295b696bc,500,2023-03-19 00:00:00,13,5232.5,67,627.9,0.0,confirmed,2023-06-28 00:00:00,2023-03-18 05:00:00,2023-03-27 05:00:00
02fec896-dd68-4064-86dc-572e3d56363d,175,2023-08-10 00:00:00,7,665.0,40,79.8,0.0,confirmed,2023-10-18 00:00:00,2023-08-09 16:00:00,2023-08-09 16:00:00
b018b027-dc39-437f-a13a-4905e02a9a51,379,2023-09-05 00:00:00,2,220.0,43,26.4,0.0,confirmed,2024-01-17 00:00:00,2023-09-04 08:00:00,2023-09-04 08:00:00
8547cf04-9528-4d86-af0a-4443a49d514d,255,2023-12-14 00:00:00,11,2178.0,88,261.36,0.0,confirmed,2024-04-13 00:00:00,2023-12-13 04:00:00,2023-12-17 04:00:00
853d1fe3-7745-4da9-928a-092c260656a6,286,2023-08-17 00:00:00,6,1138.5,147,136.62,0.0,confirmed,2023-09-24 00:00:00,2023-08-16 08:00:00,2023-08-16 08:00:00
13d4e9b0-b2e0-477b-8ac1-a66b0083ca34,150,2024-04-18 00:00:00,5,701.25,149,84.15,0.0,confirmed,2024-06-30 00:00:00,2024-04-17 14:00:00,2024-04-17 14:00:00
babee167-4217-407e-a106-724138e574df,104,2023-06-30 00:00:00,1,91.0,138,10.92,9.1,cancelled,2023-11-05 00:00:00,2023-06-29 23:00:00,2023-06-29 23:00:00
5767f3af-e2a2-4197-b435-4c5c9e1c55f1,467,2023-06-17 00:00:00,6,1536.0,137,184.32,0.0,confirmed,2023-10-02 00:00:00,2023-06-16 18:00:00,2023-06-16 18:00:00
2777aac8-eee2-4cfb-b0a8-e6e49320e90b,166,2023-07-03 00:00:00,12,2754.0,143,330.48,275.4,cancelled,2023-10-04 00:00:00,2023-07-02 13:00:00,2023-07-02 13:00:00
36ba6495-f252-45a5-aa93-91fe61b27c06,66,2024-02-10 00:00:00,10,3400.0,113,408.0,0.0,confirmed,2024-03-13 00:00:00,2024-02-09 02:00:00,2024-02-09 02:00:00
c1dcf9d6-d32a-4b43-8d29-ff085fd8e846,232,2023-10-26 00:00:00,4,448.0,131,53.76,44.8,cancelled,2024-02-26 00:00:00,2023-10-25 04:00:00,2023-10-25 04:00:00
d39e4973-880b-4883-9c15-aa3789d9826f,404,2023-05-27 00:00:00,5,600.0,67,72.0,60.0,cancelled,2023-10-12 00:00:00,2023-05-26 16:00:00,2023-05-26 16:00:00
2b45bc39-c8b5-4930-a885-362ffb17d232,45,2023-09-16 00:00:00,5,440.0,80,52.8,0.0,confirmed,2023-11-07 00:00:00,2023-09-15 08:00:00,2023-09-15 08:00:00
46ddc33a-6298-4d03-8ff0-7bef9c7ddbeb,386,2024-07-09 00:00:00,2,161.5,132,19.38,0.0,confirmed,2024-08-08 00:00:00,2024-07-08 04:00:00,2024-07-08 04:00:00
a914b964-6237-47b5-8093-d70f80b3a9b5,100,2024-03-11 00:00:00,7,798.0,48,95.76,0.0,confirmed,2024-04-21 00:00:00,2024-03-10 22:00:00,2024-03-10 22:00:00
4503ce93-acaf-4eb4-8694-1cfdc831f705,225,2024-01-03 00:00:00,5,1852.5,119,222.3,0.0,confirmed,2024-02-14 00:00:00,2024-01-02 17:00:00,2024-01-02 17:00:00
42fe19f5-7d50-4fb3-a3e5-2e7555dec5bb,92,2023-12-28 00:00:00,12,798.0,89,95.76,0.0,confirmed,2024-01-09 00:00:00,2023-12-27 14:00:00,2023-12-27 14:00:00
4de31d4a-775f-40e0-a055-078788b6cef1,283,2023-12-24 00:00:00,2,286.0,72,34.32,0.0,confirmed,2024-05-24 00:00:00,2023-12-23 20:00:00,2023-12-31 20:00:00
5eb801db-9e78-4af7-bde9-48c4c2f00096,5,2024-02-28 00:00:00,5,975.0,41,117.0,0.0,confirmed,2024-03-01 00:00:00,2024-02-27 19:00:00,2024-02-27 19:00:00
5c1763f4-6e15-4515-b339-3cf8c2f7bd84,450,2023-08-20 00:00:00,4,528.0,53,63.36,0.0,confirmed,2023-10-06 00:00:00,2023-08-19 16:00:00,2023-08-19 16:00:00
142c0de6-5d53-4524-8e61-d96ff83526b1,291,2023-07-29 00:00:00,3,357.0,54,42.84,0.0,confirmed,2023-11-08 00:00:00,2023-07-28 21:00:00,2023-07-28 21:00:00
08590b83-88a4-453c-89a5-638aa18b15ab,280,2024-05-22 00:00:00,9,2376.0,131,285.12,0.0,confirmed,2024-10-19 00:00:00,2024-05-21 16:00:00,2024-05-21 16:00:00
488e242b-0403-4e35-888d-85edefdb2ead,256,2024-02-05 00:00:00,11,589.82,124,70.78,58.98,cancelled,2024-05-06 00:00:00,2024-02-04 14:00:00,2024-02-08 14:00:00
d1a045d9-4596-47bf-b432-f951777752f4,31,2023-08-19 00:00:00,10,850.0,146,102.0,0.0,confirmed,2023-12-08 00:00:00,2023-08-18 11:00:00,2023-08-18 11:00:00
9be48e02-06b3-4868-95cd-032354573540,122,2024-03-06 00:00:00,1,390.0,73,46.8,0.0,confirmed,2024-08-18 00:00:00,2024-03-05 22:00:00,2024-03-05 22:00:00
9ff86ca8-9842-49c0-84c0-80636ca423cc,281,2024-04-30 00:00:00,4,608.0,59,72.96,0.0,confirmed,2024-06-27 00:00:00,2024-04-29 03:00:00,2024-05-01 03:00:00
54477965-e9d0-4ba2-9eae-71bcb205eb7c,437,2024-02-14 00:00:00,4,880.0,66,105.6,0.0,confirmed,2024-02-16 00:00:00,2024-02-13 18:00:00,2024-02-13 18:00:00
67223df0-e640-4afb-b7d8-9d0be9d6c7e1,410,2024-04-03 00:00:00,6,798.0,145,95.76,79.8,cancelled,2024-06-06 00:00:00,2024-04-02 17:00:00,2024-04-02 17:00:00
d7b51f7f-d95b-40b8-86d9-09ea5ec5acb6,20,2023-07-29 00:00:00,6,798.0,94,95.76,0.0,confirmed,2023-09-23 00:00:00,2023-07-28 16:00:00,2023-07-28 16:00:00
78334228-7f93-4850-8766-0014e5739e99,232,2024-04-22 00:00:00,10,1120.0,53,134.4,0.0,confirmed,2024-08-16 00:00:00,2024-04-21 17:00:00,2024-04-21 17:00:00
169d2e88-eb01-4023-b1e8-50e6fb3b5092,187,2024-01-01 00:00:00,12,5382.0,144,645.84,0.0,confirmed,2024-06-18 00:00:00,2023-12-31 03:00:00,2024-01-05 03:00:00
9dc8fa1e-0744-4316-a20c-a7ca77d2f2c4,255,2024-02-17 00:00:00,7,1386.0,125,166.32,0.0,confirmed,2024-07-10 00:00:00,2024-02-16 01:00:00,2024-02-16 01:00:00
7ad88e3d-8e2b-47ce-a65f-48f1be0e71ec,466,2023-08-20 00:00:00,3,483.0,149,57.96,48.3,cancelled,2024-01-17 00:00:00,2023-08-19 12:00:00,2023-08-19 12:00:00
7d75af05-d82b-4e9c-83cf-486d8dae6ff3,341,2024-02-16 00:00:00,4,330.0,106,39.6,33.0,cancelled,2024-08-10 00:00:00,2024-02-15 23:00:00,2024-02-15 23:00:00
2e78c599-a6d0-470f-8a0a-102fe5ccaf8a,391,2023-11-21 00:00:00,6,720.0,51,86.4,0.0,confirmed,2024-01-14 00:00:00,2023-11-20 16:00:00,2023-11-20 16:00:00
782591ee-6f40-4fc6-8549-85ddf07e7c6a,470,2024-06-04 00:00:00,3,759.0,140,91.08,0.0,confirmed,2024-10-20 00:00:00,2024-06-03 07:00:00,2024-06-09 07:00:00
62cb0c7d-9334-47a5-a056-11a41c133b27,250,2024-06-13 00:00:00,10,2720.0,130,326.4,0.0,confirmed,2024-08-10 00:00:00,2024-06-12 17:00:00,2024-06-14 17:00:00
51e58cb1-5613-49dc-b586-4f0147f35eca,470,2024-04-13 00:00:00,1,253.0,133,30.36,0.0,confirmed,2024-08-09 00:00:00,2024-04-12 23:00:00,2024-04-12 23:00:00
edb549d2-32d0-4f16-a827-dc8004e193d9,235,2023-06-17 00:00:00,11,5984.0,122,718.08,598.4,cancelled,2023-11-19 00:00:00,2023-06-16 22:00:00,2023-06-18 22:00:00
66206ca6-dc37-40a9-96cd-309404c814a9,479,2024-03-31 00:00:00,9,5589.0,88,670.68,0.0,confirmed,2024-09-17 00:00:00,2024-03-30 03:00:00,2024-03-30 03:00:00
f431aa6c-5841-4b61-b7a1-6e0f0612496d,98,2024-03-06 00:00:00,11,2029.5,47,243.54,0.0,confirmed,2024-04-11 00:00:00,2024-03-05 22:00:00,2024-03-05 22:00:00
23e5f26c-9136-4b3e-bcf5-3d20296171dd,299,2023-08-28 00:00:00,9,742.5,76,89.1,74.25,cancelled,2023-10-31 00:00:00,2023-08-27 19:00:00,2023-08-27 19:00:00
df2fa305-c6de-41f3-bc11-940b39472a9a,288,2023-06-24 00:00:00,3,336.0,89,40.32,0.0,confirmed,2023-07-20 00:00:00,2023-06-23 19:00:00,2023-06-23 19:00:00
d9289fb2-2048-4d54-a7e6-ce396b11d351,428,2023-12-03 00:00:00,10,3780.0,119,453.6,0.0,confirmed,2024-03-03 00:00:00,2023-12-02 23:00:00,2023-12-02 23:00:00
15e6c38c-8eec-4f1c-b68b-b6851f39edc1,298,2024-01-13 00:00:00,1,322.0,139,38.64,0.0,confirmed,2024-03-29 00:00:00,2024-01-12 01:00:00,2024-01-12 01:00:00
b499247e-edf7-43c8-be24-6b42bca2c4a4,199,2023-09-18 00:00:00,8,748.0,73,89.76,0.0,confirmed,2023-10-27 00:00:00,2023-09-17 13:00:00,2023-09-25 13:00:00
056afa36-7aa7-4f94-99f4-dd811b288ca7,63,2023-11-20 00:00:00,13,3718.0,72,446.16,0.0,confirmed,2024-03-30 00:00:00,2023-11-19 11:00:00,2023-11-19 11:00:00
4ce944d2-d591-4fe6-a7d7-b6b335b139fe,103,2024-01-28 00:00:00,13,1950.0,147,234.0,0.0,confirmed,2024-06-12 00:00:00,2024-01-27 12:00:00,2024-01-27 12:00:00
1415c9f6-de53-4f00-afb8-5ac0f351d790,70,2023-08-03 00:00:00,12,3072.0,133,368.64,0.0,confirmed,2024-01-13 00:00:00,2023-08-02 07:00:00,2023-08-02 07:00:00
27842a02-e677-45d8-8796-1fd1341d6338,310,2024-02-06 00:00:00,13,1716.0,135,205.92,0.0,confirmed,2024-05-08 00:00:00,2024-02-05 18:00:00,2024-02-05 18:00:00
db53f325-4787-4290-a690-a077026ee743,90,2023-08-11 00:00:00,11,3432.0,64,411.84,0.0,confirmed,2023-08-29 00:00:00,2023-08-10 04:00:00,2023-08-10 04:00:00
e8ae6819-3954-4a1c-aa29-eff0974e3aad,459,2024-06-13 00:00:00,3,816.0,66,97.92,0.0,confirmed,2024-10-20 00:00:00,2024-06-12 10:00:00,2024-06-12 10:00:00
18852a4c-8bc7-423d-8b01-129bb8b3759d,319,2024-02-18 00:00:00,4,544.48,60,65.34,0.0,confirmed,2024-08-08 00:00:00,2024-02-17 19:00:00,2024-02-17 19:00:00
fda8768d-903b-47a1-9ab6-315693bfdd1d,167,2023-02-05 00:00:00,8,4056.0,69,486.72,0.0,confirmed,2023-05-25 00:00:00,2023-02-04 07:00:00,2023-02-04 07:00:00
50ddd921-c3d5-41d7-a4f1-081dad5790a3,11,2024-06-05 00:00:00,4,640.0,50,76.8,0.0,confirmed,2024-11-05 00:00:00,2024-06-04 12:00:00,2024-06-07 12:00:00
8010f0bb-fcd4-42fb-b791-e4d929fedfc2,265,2023-07-29 00:00:00,7,2310.0,77,277.2,0.0,confirmed,2023-08-24 00:00:00,2023-07-28 16:00:00,2023-08-05 16:00:00
5dfff210-55f0-4668-9d69-5aecd9724377,208,2024-02-19 00:00:00,14,5586.0,69,670.32,558.6,cancelled,2024-05-18 00:00:00,2024-02-18 21:00:00,2024-02-18 21:00:00
4ad6783e-099f-4255-ae90-59b877b36224,222,2024-02-11 00:00:00,11,2530.0,107,303.6,253.0,cancelled,2024-07-22 00:00:00,2024-02-10 19:00:00,2024-02-10 19:00:00
28dbe90e-d13e-48b5-abc2-72118918bfb9,20,2023-08-10 00:00:00,1,133.0,137,15.96,0.0,confirmed,2024-02-04 00:00:00,2023-08-09 17:00:00,2023-08-12 17:00:00
a8c64e77-79cc-49ab-9384-542c1cd4d91b,167,2023-02-20 00:00:00,3,1521.0,94,182.52,0.0,confirmed,2023-03-22 00:00:00,2023-02-19 13:00:00,2023-02-19 13:00:00
4da10a1f-280d-49d2-9d7e-6fcd58a87070,48,2023-11-24 00:00:00,5,495.0,51,59.4,0.0,confirmed,2024-01-27 00:00:00,2023-11-23 02:00:00,2023-11-23 02:00:00
435335db-813d-4bc3-8491-4a52fb9cbd6e,213,2024-03-24 00:00:00,13,1001.0,148,120.12,0.0,confirmed,2024-08-22 00:00:00,2024-03-23 03:00:00,2024-03-23 03:00:00
d3c1a403-cc89-4a8e-838a-67aecc5c3768,46,2023-05-11 00:00:00,12,1254.0,43,150.48,125.4,cancelled,2023-10-13 00:00:00,2023-05-10 22:00:00,2023-05-10 22:00:00
64d16f9a-157d-433d-ae17-a8bdc62b81d8,207,2024-02-21 00:00:00,4,456.0,65,54.72,0.0,confirmed,2024-07-27 00:00:00,2024-02-20 22:00:00,2024-02-20 22:00:00
3c4db9f6-b107-4f1b-94b0-5dc6b10ee956,172,2023-09-16 00:00:00,5,495.0,145,59.4,49.5,cancelled,2024-01-09 00:00:00,2023-09-15 14:00:00,2023-09-15 14:00:00
e5b54232-826e-453d-8091-2249dcab4b50,261,2024-01-11 00:00:00,10,2600.0,85,312.0,0.0,confirmed,2024-03-01 00:00:00,2024-01-10 05:00:00,2024-01-19 05:00:00
0e3e67b5-2219-42ba-b382-b512857b612e,192,2023-02-10 00:00:00,14,2156.0,62,258.72,0.0,confirmed,2023-05-03 00:00:00,2023-02-09 15:00:00,2023-02-09 15:00:00
4273deb3-db8d-40a2-8b60-58598a24c75b,261,2023-08-14 00:00:00,7,1820.0,47,218.4,182.0,cancelled,2023-11-07 00:00:00,2023-08-13 21:00:00,2023-08-13 21:00:00
de444c1a-fb9d-447a-bf92-13e16a914941,229,2023-03-15 00:00:00,9,1831.5,90,219.78,183.15,cancelled,2023-06-29 00:00:00,2023-03-14 20:00:00,2023-03-14 20:00:00
8a4aec80-5a01-4115-b163-2558c76ae5ca,267,2024-04-26 00:00:00,1,80.75,112,9.69,0.0,confirmed,2024-10-21 00:00:00,2024-04-25 02:00:00,2024-04-25 02:00:00
270a1948-3edb-4cc7-8346-6c6604eee7cf,83,2023-10-22 00:00:00,4,2496.0,141,299.52,249.6,cancelled,2024-03-19 00:00:00,2023-10-21 11:00:00,2023-10-23 11:00:00
e725bf04-b20f-4ee8-af85-1890bb3981f4,144,2024-05-25 00:00:00,3,420.0,116,50.4,42.0,cancelled,2024-09-21 00:00:00,2024-05-24 10:00:00,2024-05-24 10:00:00
c7329b19-da45-43d1-8130-e7ef0191ef4c,223,2024-05-21 00:00:00,13,1170.0,69,140.4,0.0,confirmed,2024-08-16 00:00:00,2024-05-20 11:00:00,2024-05-20 11:00:00
9f863ac6-9140-40cf-9d67-ff7a51c63af9,227,2023-12-30 00:00:00,9,1224.0,65,146.88,122.4,cancelled,2024-03-03 00:00:00,2023-12-29 23:00:00,2023-12-29 23:00:00
2becac88-2609-4dfd-8126-f3b7ff110bec,161,2023-10-16 00:00:00,10,2300.0,92,276.0,0.0,confirmed,2024-01-29 00:00:00,2023-10-15 19:00:00,2023-10-20 19:00:00
81367ddd-66d1-44d5-8545-a352cce5ee99,28,2024-06-20 00:00:00,5,1120.0,102,134.4,0.0,confirmed,2024-08-09 00:00:00,2024-06-19 20:00:00,2024-06-19 20:00:00
54cf6c02-ac19-42e6-b7fc-d96157a4274f,448,2023-05-16 00:00:00,5,665.0,104,79.8,0.0,confirmed,2023-07-27 00:00:00,2023-05-15 06:00:00,2023-05-15 06:00:00
350053d6-aff9-4b1e-ad42-f1f1128c24e3,308,2023-08-03 00:00:00,9,2227.5,127,267.3,222.75,cancelled,2023-08-05 00:00:00,2023-08-02 09:00:00,2023-08-04 09:00:00
af8a7e65-18de-4ced-8d69-cd0cacdd6da6,373,2024-02-10 00:00:00,11,2156.0,48,258.72,0.0,confirmed,2024-07-01 00:00:00,2024-02-09 02:00:00,2024-02-09 02:00:00
9a397186-7081-467d-992a-d88914078bf5,102,2024-06-30 00:00:00,4,342.0,108,41.04,34.2,cancelled,2024-11-01 00:00:00,2024-06-29 02:00:00,2024-06-29 02:00:00
b4525a12-5e22-4065-af04-b4859d2ad7c7,143,2023-12-25 00:00:00,7,560.0,83,67.2,0.0,confirmed,2024-02-26 00:00:00,2023-12-24 02:00:00,2023-12-24 02:00:00
39b860d4-f749-47cd-b957-854d214e1cdc,46,2023-11-07 00:00:00,12,1254.0,46,150.48,0.0,confirmed,2023-12-10 00:00:00,2023-11-06 03:00:00,2023-11-06 03:00:00
48698a5d-cfd6-4a71-899d-6791639337bd,409,2024-05-10 00:00:00,12,1767.0,142,212.04,0.0,confirmed,2024-10-16 00:00:00,2024-05-09 12:00:00,2024-05-18 12:00:00
8b7957c0-8ca9-459f-bc32-64b92882fa40,80,2024-05-21 00:00:00,9,3510.0,81,421.2,351.0,cancelled,2024-06-20 00:00:00,2024-05-20 21:00:00,2024-05-29 21:00:00
ecf5d077-a648-478c-b9b1-640622f77617,414,2024-06-12 00:00:00,8,792.0,128,95.04,0.0,confirmed,2024-08-01 00:00:00,2024-06-11 21:00:00,2024-06-18 21:00:00
5f59a19d-50bc-4d3e-9806-32132415c21f,93,2024-06-16 00:00:00,2,332.5,138,39.9,0.0,confirmed,2024-12-07 00:00:00,2024-06-15 13:00:00,2024-06-15 13:00:00
1fb79ab9-b476-4a5a-a01e-6104b1a3cc7f,48,2023-09-21 00:00:00,7,693.0,77,83.16,0.0,confirmed,2023-10-22 00:00:00,2023-09-20 11:00:00,2023-09-20 11:00:00
322bc9f0-9ea6-4b5b-96b7-8323c6d0445c,393,2024-09-14 00:00:00,4,920.0,96,110.4,92.0,cancelled,2025-02-06 00:00:00,2024-09-13 06:00:00,2024-09-13 06:00:00
a1a567ba-7336-4803-a780-8bfadd4c36c4,318,2023-12-23 00:00:00,5,475.0,111,57.0,0.0,confirmed,2024-06-09 00:00:00,2023-12-22 20:00:00,2023-12-22 20:00:00
58d35139-2932-4710-9f78-bdaca4ddef52,8,2023-05-13 00:00:00,9,816.75,93,98.01,0.0,confirmed,2023-06-02 00:00:00,2023-05-12 19:00:00,2023-05-12 19:00:00
b386dbe5-6645-42aa-a73c-afd3c94845cc,363,2024-07-09 00:00:00,6,1254.0,114,150.48,0.0,confirmed,2024-07-28 00:00:00,2024-07-08 01:00:00,2024-07-08 01:00:00
11b692a9-b4cc-421f-9e7e-89f080d6d1ad,495,2024-02-14 00:00:00,13,1950.0,40,234.0,0.0,confirmed,2024-02-16 00:00:00,2024-02-13 10:00:00,2024-02-13 10:00:00
1c60c21e-cdd5-4d9d-ad3e-1d246da906c0,498,2024-01-07 00:00:00,14,1960.0,78,235.2,0.0,confirmed,2024-03-26 00:00:00,2024-01-06 11:00:00,2024-01-06 11:00:00
6ea63e59-b681-455d-8d05-19cd6246fb33,341,2023-11-28 00:00:00,1,82.5,118,9.9,0.0,confirmed,2024-03-23 00:00:00,2023-11-27 13:00:00,2023-11-27 13:00:00
27e7f7b1-39ea-4ba7-bcf3-ee0ade2448f2,284,2024-02-23 00:00:00,11,1936.0,115,232.32,0.0,confirmed,2024-08-17 00:00:00,2024-02-22 12:00:00,2024-02-22 12:00:00
f2427d92-86e0-446e-b63c-b1c357471b80,302,2023-11-10 00:00:00,2,242.0,90,29.04,0.0,confirmed,2024-03-03 00:00:00,2023-11-09 00:00:00,2023-11-09 00:00:00
d7de2aa4-adaa-4179-a580-b30dc931524d,207,2024-06-08 00:00:00,5,570.0,84,68.4,57.0,cancelled,2024-10-01 00:00:00,2024-06-07 16:00:00,2024-06-13 16:00:00
f9232b16-34cd-4a05-8a82-ace9217526a2,29,2023-04-12 00:00:00,5,1200.0,147,144.0,120.0,cancelled,2023-09-26 00:00:00,2023-04-11 15:00:00,2023-04-11 15:00:00
010c236d-cff2-44b3-8f77-71c6178fa453,274,2024-03-27 00:00:00,10,1425.0,111,171.0,142.5,cancelled,2024-05-30 00:00:00,2024-03-26 10:00:00,2024-03-26 10:00:00
4a67eb48-834c-49ef-886a-d6b56e84b8a1,379,2023-08-04 00:00:00,13,1430.0,54,171.6,0.0,confirmed,2023-12-15 00:00:00,2023-08-03 22:00:00,2023-08-10 22:00:00
92634b7d-64e1-45e6-adee-f9414dffd97a,94,2024-04-25 00:00:00,7,1130.5,70,135.66,113.05,cancelled,2024-09-02 00:00:00,2024-04-24 18:00:00,2024-04-24 18:00:00
050b5b02-309b-4bfe-9dae-a0db4f5f2f59,247,2023-09-26 00:00:00,4,323.0,78,38.76,0.0,confirmed,2023-10-05 00:00:00,2023-09-25 01:00:00,2023-09-25 01:00:00
87b03878-738a-4cbe-8cee-3acd3cd437c4,387,2024-04-07 00:00:00,1,114.0,72,13.68,0.0,confirmed,2024-09-12 00:00:00,2024-04-06 11:00:00,2024-04-06 11:00:00
aa3b1315-edaf-4e14-a07b-60526597857c,316,2023-06-11 00:00:00,2,600.0,121,72.0,0.0,confirmed,2023-08-06 00:00:00,2023-06-10 05:00:00,2023-06-10 05:00:00
a40de6bb-7c10-4cca-8aff-cc6a6c1dc63f,150,2023-12-30 00:00:00,10,1402.5,136,168.3,0.0,confirmed,2024-04-12 00:00:00,2023-12-29 23:00:00,2023-12-31 23:00:00
4895edb3-c6eb-429a-a3e9-935635145830,123,2023-10-13 00:00:00,14,2726.5,69,327.18,0.0,confirmed,2024-02-22 00:00:00,2023-10-12 12:00:00,2023-10-12 12:00:00
af4e7025-8944-4eec-8d56-6414eb642ca5,95,2023-09-27 00:00:00,10,1275.0,109,153.0,0.0,confirmed,2023-10-30 00:00:00,2023-09-26 08:00:00,2023-09-26 08:00:00
c1c32035-0c28-485d-bdf3-0406a7d82e22,75,2024-08-11 00:00:00,11,1540.0,63,184.8,0.0,confirmed,2024-08-22 00:00:00,2024-08-10 16:00:00,2024-08-10 16:00:00
8e452b68-7dd6-4ca4-b045-d6945013641f,480,2023-11-22 00:00:00,1,112.0,118,13.44,11.2,cancelled,2024-03-12 00:00:00,2023-11-21 03:00:00,2023-11-21 03:00:00
71a89a08-253e-4627-9ecc-027d9d762f86,346,2023-11-03 00:00:00,13,2080.0,134,249.6,208.0,cancelled,2024-04-14 00:00:00,2023-11-02 15:00:00,2023-11-07 15:00:00
654d9378-f6e5-4bab-a9cc-027e98a877cc,378,2023-10-26 00:00:00,11,2464.0,56,295.68,0.0,confirmed,2024-02-28 00:00:00,2023-10-25 22:00:00,2023-10-25 22:00:00
d95d687f-d65c-4b64-acc8-08e60f6cf8f5,41,2023-10-22 00:00:00,8,646.0,76,77.52,0.0,confirmed,2024-01-18 00:00:00,2023-10-21 11:00:00,2023-10-21 11:00:00
a7000f41-cfc0-47fc-82dd-479f135b3c48,104,2023-12-20 00:00:00,4,364.0,128,43.68,36.4,cancelled,2024-02-14 00:00:00,2023-12-19 03:00:00,2023-12-19 03:00:00
04893db2-23e5-40ce-8d91-28add279f5fb,213,2024-02-24 00:00:00,5,385.0,85,46.2,0.0,confirmed,2024-03-28 00:00:00,2024-02-23 20:00:00,2024-02-27 20:00:00
57453210-b093-4921-92c7-87e1fe10cf3d,109,2023-10-16 00:00:00,11,6930.0,147,831.6,693.0,cancelled,2024-04-12 00:00:00,2023-10-15 04:00:00,2023-10-15 04:00:00
200fd7b5-7a64-4ac3-bf11-24771f696e4d,221,2023-03-17 00:00:00,4,960.0,124,115.2,0.0,confirmed,2023-07-31 00:00:00,2023-03-16 23:00:00,2023-03-16 23:00:00
23e1689d-00b9-44eb-a1ed-137c533cae9c,340,2023-08-21 00:00:00,6,924.0,97,110.88,0.0,confirmed,2023-11-23 00:00:00,2023-08-20 23:00:00,2023-08-28 23:00:00
410a3870-95f4-4b0f-a160-608bd6fcf41f,291,2023-10-18 00:00:00,10,1190.0,45,142.8,0.0,confirmed,2023-10-27 00:00:00,2023-10-17 18:00:00,2023-10-17 18:00:00
5d4b3ef5-46e3-4668-9838-e36204cabf07,451,2024-01-23 00:00:00,1,546.0,128,65.52,54.6,cancelled,2024-03-29 00:00:00,2024-01-22 14:00:00,2024-01-22 14:00:00
2da3e24b-bbee-49e1-a37a-d824022cee3d,278,2024-01-09 00:00:00,11,1694.0,140,203.28,169.4,cancelled,2024-03-07 00:00:00,2024-01-08 12:00:00,2024-01-08 12:00:00
503bdde7-f441-456b-8006-12940b025223,174,2024-04-15 00:00:00,13,3822.0,130,458.64,0.0,confirmed,2024-06-22 00:00:00,2024-04-14 13:00:00,2024-04-16 13:00:00
018d31b6-0983-4b73-bff2-b14f7c37e89d,31,2023-03-03 00:00:00,11,935.0,129,112.2,0.0,confirmed,2023-05-15 00:00:00,2023-03-02 03:00:00,2023-03-02 03:00:00
70682ec6-5da0-4057-b3cc-69c7c5588fc0,280,2024-03-08 00:00:00,2,528.0,120,63.36,0.0,confirmed,2024-05-02 00:00:00,2024-03-07 09:00:00,2024-03-07 09:00:00
95346092-a5ad-4575-86c9-54703bf73ff5,160,2023-12-07 00:00:00,5,935.0,82,112.2,0.0,confirmed,2024-02-13 00:00:00,2023-12-06 05:00:00,2023-12-06 05:00:00
169f6fbb-4fc1-4462-8c2b-00f949c4e5e9,173,2024-02-05 00:00:00,12,4464.0,80,535.68,0.0,confirmed,2024-03-28 00:00:00,2024-02-04 06:00:00,2024-02-04 06:00:00
f8e113c3-40c8-4186-966b-a492abb06116,274,2023-10-13 00:00:00,2,285.0,73,34.2,0.0,confirmed,2024-01-19 00:00:00,2023-10-12 06:00:00,2023-10-12 06:00:00
a663ef2a-6f20-4fb8-93ca-d51b3e2c5520,16,2023-05-26 00:00:00,13,4446.0,48,533.52,444.6,cancelled,2023-08-27 00:00:00,2023-05-25 19:00:00,2023-05-26 19:00:00
5302956f-340d-4924-9812-6ab3fd3d7947,126,2024-01-24 00:00:00,7,833.0,114,99.96,0.0,confirmed,2024-02-02 00:00:00,2024-01-23 11:00:00,2024-01-23 11:00:00
f3c2a25f-a2b6-4b70-b2be-4f4e460c4862,455,2023-10-06 00:00:00,7,1323.0,134,158.76,132.3,cancelled,2024-03-17 00:00:00,2023-10-05 06:00:00,2023-10-05 06:00:00
2f5b4f9c-0ae3-473f-8250-8cba5b781754,426,2024-07-29 00:00:00,7,952.84,84,114.34,0.0,confirmed,2024-09-03 00:00:00,2024-07-28 22:00:00,2024-07-28 22:00:00
883b42f5-d98d-43fa-ad0e-15c79a5faf55,106,2024-03-08 00:00:00,3,222.75,143,26.73,22.28,cancelled,2024-06-13 00:00:00,2024-03-07 22:00:00,2024-03-07 22:00:00
c3706398-6df6-48a2-968e-22c5fc95d342,107,2024-01-11 00:00:00,9,891.0,44,106.92,0.0,confirmed,2024-04-09 00:00:00,2024-01-10 08:00:00,2024-01-10 08:00:00
3e2f2d07-1ccf-485b-9ceb-6791817d5dcf,38,2023-03-20 00:00:00,2,660.0,143,79.2,66.0,cancelled,2023-06-07 00:00:00,2023-03-19 19:00:00,2023-03-29 19:00:00
d1f5e545-e701-4aa0-9936-98e73c09a3ee,413,2024-08-13 00:00:00,4,304.0,47,36.48,30.4,cancelled,2024-09-15 00:00:00,2024-08-12 17:00:00,2024-08-12 17:00:00
79517cfe-030e-41b1-b739-7dfb0f365054,273,2024-01-25 00:00:00,12,1080.0,56,129.6,0.0,confirmed,2024-05-25 00:00:00,2024-01-24 16:00:00,2024-01-25 16:00:00
c581a381-4d38-4400-8e76-57649aa8a255,96,2023-08-15 00:00:00,6,672.0,115,80.64,67.2,cancelled,2023-10-01 00:00:00,2023-08-14 04:00:00,2023-08-14 04:00:00
6ed6c937-da77-4cba-95af-b0bc6fdcfaf5,333,2024-04-17 00:00:00,3,966.0,135,115.92,0.0,confirmed,2024-09-09 00:00:00,2024-04-16 14:00:00,2024-04-16 14:00:00
e8d0728e-816e-402f-9b91-782464bfad08,242,2024-07-02 00:00:00,11,1936.0,133,232.32,193.6,cancelled,2024-12-15 00:00:00,2024-07-01 02:00:00,2024-07-01 02:00:00
8cec64f4-4b2a-4847-bac2-006e5ad53181,362,2023-07-12 00:00:00,7,1193.5,134,143.22,0.0,confirmed,2023-12-02 00:00:00,2023-07-11 13:00:00,2023-07-11 13:00:00
4e652706-b79a-46e3-923f-279b0a20f20f,126,2024-02-28 00:00:00,9,1071.0,140,128.52,0.0,confirmed,2024-04-24 00:00:00,2024-02-27 18:00:00,2024-02-29 18:00:00
e58b922b-a2dd-4fad-8765-1c2d7e5ba529,422,2024-05-04 00:00:00,9,2065.5,97,247.86,0.0,confirmed,2024-10-28 00:00:00,2024-05-03 09:00:00,2024-05-03 09:00:00
149fcd13-594c-4b2c-8192-e8692be2f2d9,51,2023-09-13 00:00:00,11,2541.0,58,304.92,254.1,cancelled,2023-09-21 00:00:00,2023-09-12 22:00:00,2023-09-12 22:00:00
89e93767-6a5a-4247-81ec-a317c7620a2b,254,2024-03-06 00:00:00,7,3150.0,52,378.0,315.0,cancelled,2024-05-20 00:00:00,2024-03-05 05:00:00,2024-03-05 05:00:00
2cd0199e-341a-47ca-a3f1-e2996a4ecbf2,315,2024-02-03 00:00:00,13,8112.0,95,973.44,0.0,confirmed,2024-02-11 00:00:00,2024-02-02 09:00:00,2024-02-02 09:00:00
1348a180-87bd-4da2-b594-a795670a7444,355,2024-01-15 00:00:00,10,2850.0,130,342.0,285.0,cancelled,2024-06-25 00:00:00,2024-01-14 17:00:00,2024-01-14 17:00:00
979c5cb0-a278-43b3-88b1-1edecd4226bf,181,2023-05-08 00:00:00,8,2912.0,117,349.44,291.2,cancelled,2023-10-07 00:00:00,2023-05-07 13:00:00,2023-05-07 13:00:00
2846752b-d2b1-4ff3-b38c-34cd23e74827,477,2024-02-24 00:00:00,7,481.25,83,57.75,48.12,cancelled,2024-05-20 00:00:00,2024-02-23 11:00:00,2024-03-02 11:00:00
32e75315-e278-466e-8383-23704e27d04e,349,2023-07-20 00:00:00,13,1001.0,43,120.12,100.1,cancelled,2023-12-15 00:00:00,2023-07-19 08:00:00,2023-07-19 08:00:00
0580269b-800c-42e7-9b4c-228b466a9e1f,174,2023-11-12 00:00:00,2,588.0,41,70.56,58.8,cancelled,2024-03-04 00:00:00,2023-11-11 10:00:00,2023-11-11 10:00:00
d3e22192-eb7c-4ff0-9e79-3c9a19d301d9,88,2023-11-18 00:00:00,2,437.0,148,52.44,0.0,confirmed,2024-03-23 00:00:00,2023-11-17 03:00:00,2023-11-17 03:00:00
79c3a99f-58a2-4f40-8cb0-244123b6e1ea,475,2023-10-18 00:00:00,3,300.0,68,36.0,0.0,confirmed,2024-03-14 00:00:00,2023-10-17 04:00:00,2023-10-17 04:00:00
677693b4-0b77-4b42-8c3f-c1aff8f234c3,121,2023-06-28 00:00:00,9,855.0,116,102.6,85.5,cancelled,2023-08-04 00:00:00,2023-06-27 12:00:00,2023-06-27 12:00:00
09173184-4ef4-47f4-9357-57495cdb0bae,200,2023-09-07 00:00:00,14,4273.5,130,512.82,0.0,confirmed,2023-10-07 00:00:00,2023-09-06 03:00:00,2023-09-06 03:00:00
0484e685-67ec-49e1-97cc-6c98352cdb16,422,2023-11-24 00:00:00,12,2754.0,106,330.48,0.0,confirmed,2024-02-15 00:00:00,2023-11-23 11:00:00,2023-11-23 11:00:00
f4dd257d-8b58-45c9-9b67-f805df21a7a2,466,2023-08-12 00:00:00,10,1610.0,42,193.2,0.0,confirmed,2023-08-15 00:00:00,2023-08-11 12:00:00,2023-08-11 12:00:00
bcf5f0c3-2be3-46ad-80bb-b19e48ebca64,33,2023-08-13 00:00:00,10,2380.0,102,285.6,0.0,confirmed,2023-12-21 00:00:00,2023-08-12 09:00:00,2023-08-12 09:00:00
d88ad07a-1cd9-45ba-969e-cbae1ae7ac87,68,2024-01-09 00:00:00,14,1848.0,69,221.76,0.0,confirmed,2024-02-26 00:00:00,2024-01-08 02:00:00,2024-01-08 02:00:00
89c67d71-2daf-44dd-abe8-a614f586b69e,7,2024-08-18 00:00:00,9,2970.0,146,356.4,297.0,cancelled,2025-01-14 00:00:00,2024-08-17 17:00:00,2024-08-17 17:00:00
cba24abd-6647-404b-aa75-f7e7d6320170,206,2024-04-24 00:00:00,10,2185.0,111,262.2,218.5,cancelled,2024-05-06 00:00:00,2024-04-23 18:00:00,2024-04-23 18:00:00
608f43f9-ddfb-4cc8-a2b8-1588d55ef882,465,2023-10-14 00:00:00,2,266.0,121,31.92,26.6,cancelled,2024-02-22 00:00:00,2023-10-13 08:00:00,2023-10-13 08:00:00
96dc5aac-053e-4d8b-823d-d037be0affd1,350,2024-04-04 00:00:00,11,2464.0,134,295.68,246.4,cancelled,2024-08-02 00:00:00,2024-04-03 10:00:00,2024-04-03 10:00:00
ae913aa4-3371-41fe-93a1-ee46667e3175,306,2024-01-30 00:00:00,7,882.0,116,105.84,0.0,confirmed,2024-06-19 00:00:00,2024-01-29 11:00:00,2024-01-29 11:00:00
cd5a98fe-7226-45f4-804d-06cbcd8f72a6,453,2024-03-01 00:00:00,4,1080.0,127,129.6,0.0,confirmed,2024-03-22 00:00:00,2024-02-29 07:00:00,2024-02-29 07:00:00
b796952e-0421-47c5-86c9-133c2a92580a,128,2023-10-13 00:00:00,2,133.0,88,15.96,13.3,cancelled,2023-10-19 00:00:00,2023-10-12 09:00:00,2023-10-12 09:00:00
7b6290ab-08df-43a1-98f1-668f78482e39,73,2023-10-03 00:00:00,10,1897.5,108,227.7,0.0,confirmed,2023-11-10 00:00:00,2023-10-02 16:00:00,2023-10-02 16:00:00
39762647-4400-4fb1-b56f-1f94d63ceaf8,276,2023-11-19 00:00:00,14,1995.0,144,239.4,0.0,confirmed,2024-05-04 00:00:00,2023-11-18 00:00:00,2023-11-18 00:00:00
b33db961-b046-4878-bd8b-2d478689cb81,463,2024-02-22 00:00:00,3,528.0,136,63.36,0.0,confirmed,2024-07-09 00:00:00,2024-02-21 09:00:00,2024-02-29 09:00:00
7eb77c88-9b8c-4c92-9ed4-a00956344e09,277,2024-01-30 00:00:00,6,1428.0,133,171.36,0.0,confirmed,2024-03-24 00:00:00,2024-01-29 21:00:00,2024-01-30 21:00:00
b36a7907-76bc-4208-8da1-8e2133394ced,230,2023-12-30 00:00:00,12,7728.0,54,927.36,0.0,confirmed,2024-06-20 00:00:00,2023-12-29 17:00:00,2023-12-29 17:00:00
b808809e-0221-4037-bc83-d4931626d10d,303,2023-09-09 00:00:00,10,1520.0,124,182.4,152.0,cancelled,2023-12-18 00:00:00,2023-09-08 23:00:00,2023-09-16 23:00:00
fbee41c7-fa55-4b97-a3aa-afcde9c23e18,461,2023-12-09 00:00:00,4,2560.0,135,307.2,256.0,cancelled,2024-03-05 00:00:00,2023-12-08 15:00:00,2023-12-08 15:00:00
da0fa7ee-b79f-48bc-8a86-171368917519,305,2024-03-12 00:00:00,8,1152.0,123,138.24,115.2,cancelled,2024-06-29 00:00:00,2024-03-11 10:00:00,2024-03-11 10:00:00
2e1919f2-40b6-4934-a333-f88f315a393b,243,2024-05-11 00:00:00,3,264.0,131,31.68,0.0,confirmed,2024-06-05 00:00:00,2024-05-10 18:00:00,2024-05-10 18:00:00
415e16e1-2775-45e5-9774-4b0f06d05f7f,111,2023-08-09 00:00:00,12,6336.0,49,760.32,633.6,cancelled,2023-10-30 00:00:00,2023-08-08 12:00:00,2023-08-08 12:00:00
8e07441b-7cc3-42c9-8f9f-dfe90f262538,370,2023-11-01 00:00:00,9,1667.25,134,200.07,0.0,confirmed,2024-04-08 00:00:00,2023-10-31 00:00:00,2023-11-02 00:00:00
04050eb6-f6d0-4a76-b752-43cb187f7d78,303,2023-11-05 00:00:00,9,1368.0,40,164.16,136.8,cancelled,2024-03-05 00:00:00,2023-11-04 04:00:00,2023-11-04 04:00:00
c4f201fd-1ad6-452e-8db7-3a1469ec46e7,87,2024-04-21 00:00:00,5,2340.0,65,280.8,0.0,confirmed,2024-06-20 00:00:00,2024-04-20 22:00:00,2024-04-20 22:00:00
564ac1d3-6be6-4b59-b6cb-b85ab5819fb0,439,2023-07-04 00:00:00,1,184.0,65,22.08,0.0,confirmed,2023-11-10 00:00:00,2023-07-03 06:00:00,2023-07-03 06:00:00
19d67abc-9c3e-4b45-bc6c-534c8f74fdb6,130,2024-07-02 00:00:00,12,2880.0,143,345.6,288.0,cancelled,2024-10-25 00:00:00,2024-07-01 04:00:00,2024-07-01 04:00:00
542b89c6-0193-4896-8db9-7c2efd4be70e,485,2024-04-10 00:00:00,2,798.0,40,95.76,79.8,cancelled,2024-08-04 00:00:00,2024-04-09 19:00:00,2024-04-16 19:00:00
0a36ac53-0712-4709-a880-e7f7f7572912,420,2023-04-29 00:00:00,4,1848.0,126,221.76,0.0,confirmed,2023-05-14 00:00:00,2023-04-28 06:00:00,2023-04-28 06:00:00
b04121bd-cf7f-4560-ad5c-1804b87222f2,192,2023-11-14 00:00:00,11,1694.0,132,203.28,0.0,confirmed,2023-11-24 00:00:00,2023-11-13 18:00:00,2023-11-13 18:00:00
1103901b-b23d-4213-8dfa-50fd6d04e919,458,2023-12-31 00:00:00,1,253.0,139,30.36,0.0,confirmed,2024-02-10 00:00:00,2023-12-30 18:00:00,2023-12-30 18:00:00
5aa9d8a1-0e83-40ac-92b1-abf94f13de9a,197,2024-07-24 00:00:00,8,2508.0,136,300.96,0.0,confirmed,2024-08-19 00:00:00,2024-07-23 21:00:00,2024-07-23 21:00:00
6de2e5ce-caa2-4f1c-8828-97f212496f4d,357,2024-02-21 00:00:00,12,1824.0,52,218.88,0.0,confirmed,2024-06-04 00:00:00,2024-02-20 11:00:00,2024-02-20 11:00:00
551e915b-425b-4fee-8fcd-ffbc300e0be4,411,2023-08-30 00:00:00,2,209.0,148,25.08,0.0,confirmed,2023-09-22 00:00:00,2023-08-29 05:00:00,2023-09-03 05:00:00
f72e4ae7-26db-40f3-bb0a-99867740b494,496,2024-04-27 00:00:00,10,3600.0,47,432.0,0.0,confirmed,2024-05-02 00:00:00,2024-04-26 20:00:00,2024-04-29 20:00:00
e7b24f42-67c7-4da4-b445-cad142cda148,349,2023-04-03 00:00:00,4,308.0,54,36.96,30.8,cancelled,2023-09-05 00:00:00,2023-04-02 03:00:00,2023-04-02 03:00:00
cedcb193-743a-444f-b1a1-9efb3a1e5047,424,2023-07-10 00:00:00,5,852.5,56,102.3,0.0,confirmed,2023-08-09 00:00:00,2023-07-09 10:00:00,2023-07-09 10:00:00
68cd20ed-397d-464b-a2c8-4ce78841932c,422,2024-04-07 00:00:00,9,2065.5,79,247.86,0.0,confirmed,2024-07-26 00:00:00,2024-04-06 14:00:00,2024-04-06 14:00:00
99fae87c-4775-4812-8964-6216a316f64d,246,2024-03-10 00:00:00,10,1710.0,116,205.2,0.0,confirmed,2024-06-17 00:00:00,2024-03-09 00:00:00,2024-03-09 00:00:00
8b277c90-fd49-4817-ab0d-5adca8507a3c,252,2023-07-29 00:00:00,10,3280.0,67,393.6,0.0,confirmed,2023-09-05 00:00:00,2023-07-28 16:00:00,2023-07-28 16:00:00
54a4dc4f-5abb-4bfc-9369-52ac8ac92d32,471,2023-10-29 00:00:00,8,4216.0,112,505.92,421.6,cancelled,2024-01-13 00:00:00,2023-10-28 16:00:00,2023-10-31 16:00:00
7009b935-4734-4fcf-b875-f76ab2cbaf69,214,2023-08-01 00:00:00,2,660.0,105,79.2,66.0,cancelled,2023-10-11 00:00:00,2023-07-31 18:00:00,2023-08-03 18:00:00
a974dde3-a700-4193-a84c-e939844602af,380,2024-05-07 00:00:00,9,5589.0,96,670.68,558.9,cancelled,2024-10-01 00:00:00,2024-05-06 21:00:00,2024-05-06 21:00:00
0b068d6a-9b8d-4f25-92f1-610feba1b4f7,420,2023-07-07 00:00:00,13,6006.0,132,720.72,600.6,cancelled,2023-11-13 00:00:00,2023-07-06 14:00:00,2023-07-13 14:00:00
b063f7ec-85e7-4bcd-bf85-ef70b7249fe5,219,2023-05-22 00:00:00,6,684.0,45,82.08,0.0,confirmed,2023-08-16 00:00:00,2023-05-21 17:00:00,2023-05-29 17:00:00
fcd9afdc-441d-4c31-9114-f2c007ddc744,112,2024-01-07 00:00:00,7,2772.0,120,332.64,0.0,confirmed,2024-02-19 00:00:00,2024-01-06 09:00:00,2024-01-06 09:00:00
f5cb61b2-5184-4d33-bab1-e1754dc328af,165,2023-11-18 00:00:00,13,2912.0,139,349.44,0.0,confirmed,2024-02-27 00:00:00,2023-11-17 17:00:00,2023-11-17 17:00:00
123a32f3-c14c-40e1-a3dc-45c58b458de4,465,2023-10-17 00:00:00,14,1862.0,126,223.44,186.2,cancelled,2023-11-28 00:00:00,2023-10-16 20:00:00,2023-10-16 20:00:00
a1bb14d0-f35d-4cb1-93c2-b9ac6cf8dc42,356,2023-10-25 00:00:00,2,666.0,109,79.92,66.6,cancelled,2024-04-09 00:00:00,2023-10-24 14:00:00,2023-10-24 14:00:00
413ce305-a30e-42d7-a968-dbcf26ca43e0,291,2023-07-13 00:00:00,14,1666.0,125,199.92,0.0,confirmed,2023-08-17 00:00:00,2023-07-12 05:00:00,2023-07-12 05:00:00
a7da488c-5d1e-4999-bc0a-8e1c4a224765,122,2024-07-25 00:00:00,8,3120.0,150,374.4,0.0,confirmed,2024-08-12 00:00:00,2024-07-24 03:00:00,2024-07-24 03:00:00
20fbd977-59cc-4f3a-a697-9bfa9e6e61af,335,2023-08-28 00:00:00,14,2261.0,76,271.32,0.0,confirmed,2024-02-10 00:00:00,2023-08-27 05:00:00,2023-08-27 05:00:00
cbce6188-d523-4291-9918-ee5308265335,354,2023-07-05 00:00:00,11,5390.0,95,646.8,0.0,confirmed,2023-12-06 00:00:00,2023-07-04 22:00:00,2023-07-04 22:00:00
77c10fc5-35e7-4e19-bce3-f855c5c537d7,411,2023-07-09 00:00:00,6,627.0,80,75.24,0.0,confirmed,2023-11-09 00:00:00,2023-07-08 04:00:00,2023-07-08 04:00:00
cadc59e5-46b0-400b-b14a-0e57c73db853,334,2023-11-28 00:00:00,13,1173.25,52,140.79,117.33,cancelled,2024-02-13 00:00:00,2023-11-27 15:00:00,2023-11-27 15:00:00
1454b89e-8280-4190-982f-57569df9567d,469,2023-12-20 00:00:00,4,418.0,119,50.16,41.8,cancelled,2024-03-17 00:00:00,2023-12-19 00:00:00,2023-12-19 00:00:00
e93ecd53-4cc8-4eaf-a230-8da803b841b3,447,2023-11-29 00:00:00,5,1530.0,84,183.6,153.0,cancelled,2024-03-26 00:00:00,2023-11-28 23:00:00,2023-11-28 23:00:00
3288b4f3-538e-4026-bde9-4d237313090e,247,2024-02-15 00:00:00,12,969.0,105,116.28,0.0,confirmed,2024-06-01 00:00:00,2024-02-14 16:00:00,2024-02-14 16:00:00
dcd9b6c8-28ec-49f5-bd00-6d10b1b9e5b8,500,2023-09-11 00:00:00,11,4427.5,83,531.3,442.75,cancelled,2023-12-07 00:00:00,2023-09-10 22:00:00,2023-09-10 22:00:00
7be25f3f-eae1-48e0-a8cb-93f4770f6e4f,1,2024-01-27 00:00:00,11,1881.0,79,225.72,0.0,confirmed,2024-02-24 00:00:00,2024-01-26 16:00:00,2024-01-26 16:00:00
b8bb7c5d-b1ca-42de-b738-a6ce9ba8d51c,256,2023-11-25 00:00:00,11,589.82,44,70.78,0.0,confirmed,2024-01-22 00:00:00,2023-11-24 18:00:00,2023-11-24 18:00:00
11d8c099-3bff-41d3-83ca-fcc6fe559432,156,2023-10-01 00:00:00,4,570.0,89,68.4,0.0,confirmed,2023-11-02 00:00:00,2023-09-30 18:00:00,2023-09-30 18:00:00
bf9eadf4-17e2-4abb-9c0a-01a4022d896d,149,2023-08-08 00:00:00,6,3072.0,92,368.64,307.2,cancelled,2023-12-21 00:00:00,2023-08-07 00:00:00,2023-08-15 00:00:00
bd6d793f-117b-4ef2-9f9a-57a3d8b0d54a,197,2024-07-03 00:00:00,7,2194.5,63,263.34,0.0,confirmed,2024-12-19 00:00:00,2024-07-02 14:00:00,2024-07-02 14:00:00
9bc5407e-e0b8-44b2-8bbe-5f9ac9be2458,491,2023-10-13 00:00:00,13,3094.0,69,371.28,0.0,confirmed,2024-01-20 00:00:00,2023-10-12 08:00:00,2023-10-12 08:00:00
860d1816-a4ba-47c7-af2e-f1f7cee9a688,126,2023-09-27 00:00:00,5,595.0,96,71.4,0.0,confirmed,2023-10-10 00:00:00,2023-09-26 09:00:00,2023-09-26 09:00:00
5f576de3-4d18-4715-a06b-9fab35f789f8,164,2023-12-02 00:00:00,13,1105.0,99,132.6,0.0,confirmed,2024-01-25 00:00:00,2023-12-01 19:00:00,2023-12-01 19:00:00
763cae87-d9a9-4b9c-a61c-7401733dc090,63,2023-10-31 00:00:00,3,858.0,55,102.96,85.8,cancelled,2024-03-18 00:00:00,2023-10-30 12:00:00,2023-10-30 12:00:00
9494c5c7-3595-4563-92f2-d6f6eceb1b7e,494,2024-01-17 00:00:00,10,3040.0,96,364.8,0.0,confirmed,2024-07-09 00:00:00,2024-01-16 07:00:00,2024-01-16 07:00:00
686d71fb-95b0-4a98-8b97-ed1f8f6ec9c5,404,2023-10-12 00:00:00,3,360.0,42,43.2,0.0,confirmed,2024-03-06 00:00:00,2023-10-11 00:00:00,2023-10-11 00:00:00
19a867c8-8f2a-4a55-9702-72bee5eeb115,226,2023-05-18 00:00:00,13,3120.0,62,374.4,312.0,cancelled,2023-10-20 00:00:00,2023-05-17 10:00:00,2023-05-17 10:00:00
176aa8ac-cc95-42cd-995e-bf8f9388d81a,97,2023-10-21 00:00:00,9,1496.25,48,179.55,149.62,cancelled,2024-02-21 00:00:00,2023-10-20 16:00:00,2023-10-20 16:00:00
8c0acb9a-5737-4912-a5cd-be01400f45af,187,2024-04-27 00:00:00,10,4485.0,57,538.2,0.0,confirmed,2024-06-13 00:00:00,2024-04-26 03:00:00,2024-04-26 03:00:00
db6f5192-8c06-4952-b600-20af68710669,327,2023-09-18 00:00:00,6,3348.0,64,401.76,334.8,cancelled,2023-11-22 00:00:00,2023-09-17 06:00:00,2023-09-17 06:00:00
f4a4735e-81ae-41b1-b760-72baade03449,69,2024-04-21 00:00:00,5,562.5,80,67.5,0.0,confirmed,2024-08-30 00:00:00,2024-04-20 15:00:00,2024-04-20 15:00:00
115d69c6-c315-4b9c-9d0c-a4d545856674,383,2024-06-14 00:00:00,10,3520.0,54,422.4,0.0,confirmed,2024-08-08 00:00:00,2024-06-13 01:00:00,2024-06-13 01:00:00
b9b3a600-76f1-461b-8f97-68de1e91053b,76,2024-03-07 00:00:00,8,952.0,56,114.24,0.0,confirmed,2024-06-23 00:00:00,2024-03-06 02:00:00,2024-03-06 02:00:00
2590b784-773e-41c8-ad48-d6781f14f504,175,2023-05-15 00:00:00,12,1140.0,116,136.8,0.0,confirmed,2023-07-06 00:00:00,2023-05-14 07:00:00,2023-05-14 07:00:00
e0f435f9-50e4-40db-8a03-9ed0cd80fbb6,124,2023-09-06 00:00:00,14,1904.0,76,228.48,0.0,confirmed,2023-10-13 00:00:00,2023-09-05 04:00:00,2023-09-05 04:00:00
4c8c5767-4d53-4672-87cb-8324b5c5a70f,473,2023-06-06 00:00:00,3,855.0,77,102.6,0.0,confirmed,2023-09-30 00:00:00,2023-06-05 17:00:00,2023-06-05 17:00:00
dade9eb0-a011-407b-8d51-7eb5a587929d,341,2023-11-11 00:00:00,14,1155.0,137,138.6,0.0,confirmed,2023-12-08 00:00:00,2023-11-10 11:00:00,2023-11-10 11:00:00
26d1140b-e010-4db2-a10b-96f8dc281579,464,2023-09-18 00:00:00,6,960.0,88,115.2,0.0,confirmed,2023-10-18 00:00:00,2023-09-17 02:00:00,2023-09-17 02:00:00
e711b92e-dfb5-48ca-8f6d-fc31149e751c,444,2023-02-14 00:00:00,6,1632.0,60,195.84,0.0,confirmed,2023-07-14 00:00:00,2023-02-13 20:00:00,2023-02-15 20:00:00
b28a64d4-e9e6-47e3-8525-44f6b2d2e21c,435,2024-06-14 00:00:00,4,660.0,147,79.2,66.0,cancelled,2024-06-26 00:00:00,2024-06-13 09:00:00,2024-06-20 09:00:00
ecce0046-febd-4044-801f-54c502884411,261,2023-05-04 00:00:00,8,2080.0,130,249.6,0.0,confirmed,2023-06-14 00:00:00,2023-05-03 17:00:00,2023-05-03 17:00:00
fa7e2d80-5e77-4841-a3fd-7b3195896f5d,424,2023-10-10 00:00:00,9,1534.5,86,184.14,0.0,confirmed,2023-10-22 00:00:00,2023-10-09 02:00:00,2023-10-09 02:00:00
039db245-fc0d-4dae-8595-5885a798542e,308,2023-04-18 00:00:00,14,3465.0,122,415.8,0.0,confirmed,2023-09-30 00:00:00,2023-04-17 23:00:00,2023-04-17 23:00:00
72d73655-93fd-4f6c-b21e-91be0f2f20a1,144,2023-10-31 00:00:00,9,1260.0,97,151.2,126.0,cancelled,2024-02-22 00:00:00,2023-10-30 07:00:00,2023-10-30 07:00:00
1043bf23-9342-4d66-b060-2d964238ae46,174,2023-10-18 00:00:00,6,1764.0,95,211.68,0.0,confirmed,2023-11-27 00:00:00,2023-10-17 10:00:00,2023-10-17 10:00:00
caf63ada-44c7-4e0d-9e14-f8b01ea567cb,119,2023-10-28 00:00:00,13,1547.0,81,185.64,154.7,cancelled,2023-12-22 00:00:00,2023-10-27 16:00:00,2023-10-28 16:00:00
fd5b8c75-b34b-4286-8d23-1fa6855a5f0d,475,2023-12-08 00:00:00,8,800.0,106,96.0,80.0,cancelled,2024-03-16 00:00:00,2023-12-07 20:00:00,2023-12-07 20:00:00
96366481-cc9d-41fa-bf9c-ec53e0618ff7,208,2024-05-20 00:00:00,12,4788.0,137,574.56,0.0,confirmed,2024-07-15 00:00:00,2024-05-19 16:00:00,2024-05-19 16:00:00
341f065e-9d81-4e26-8007-4e1430dd2fac,340,2024-04-15 00:00:00,11,1694.0,149,203.28,0.0,confirmed,2024-08-05 00:00:00,2024-04-14 11:00:00,2024-04-14 11:00:00
8d95cefc-1880-4016-8f03-81642e069914,189,2024-02-21 00:00:00,13,750.75,131,90.09,0.0,confirmed,2024-07-23 00:00:00,2024-02-20 10:00:00,2024-02-20 10:00:00
c441d2d6-8cd7-44c8-bf1f-aecd81e88913,242,2023-12-15 00:00:00,12,2112.0,53,253.44,0.0,confirmed,2024-05-14 00:00:00,2023-12-14 10:00:00,2023-12-14 10:00:00
7a56c0b1-83f3-434b-8cb8-34b019923a28,491,2023-09-01 00:00:00,6,1428.0,60,171.36,0.0,confirmed,2023-11-10 00:00:00,2023-08-31 17:00:00,2023-08-31 17:00:00
a4f487a3-d637-489b-a4ca-94cb7c290129,192,2023-11-24 00:00:00,11,1694.0,130,203.28,0.0,confirmed,2024-01-20 00:00:00,2023-11-23 22:00:00,2023-11-25 22:00:00
fc6dbace-1967-426a-8319-039dbc2600c0,419,2023-12-28 00:00:00,6,495.0,95,59.4,0.0,confirmed,2024-01-31 00:00:00,2023-12-27 17:00:00,2023-12-27 17:00:00
6d01b497-c09b-480f-9920-81d494dfe079,216,2023-09-24 00:00:00,3,624.0,106,74.88,62.4,cancelled,2023-10-31 00:00:00,2023-09-23 21:00:00,2023-09-23 21:00:00
c3f3f1c8-9d54-4d32-abe2-2de2fd5ee4e6,38,2023-08-24 00:00:00,8,2640.0,80,316.8,0.0,confirmed,2024-01-20 00:00:00,2023-08-23 06:00:00,2023-08-23 06:00:00
cc2e90b4-3264-487a-8c4c-d63654a56be6,177,2023-08-25 00:00:00,2,828.0,105,99.36,82.8,cancelled,2023-11-15 00:00:00,2023-08-24 07:00:00,2023-08-25 07:00:00
bf6e9287-7cb4-4e8a-b75d-006bd31a768d,180,2023-05-08 00:00:00,6,2880.0,145,345.6,0.0,confirmed,2023-08-26 00:00:00,2023-05-07 04:00:00,2023-05-07 04:00:00
3e5365d7-326a-466e-b30d-932b324f5fcf,471,2023-10-09 00:00:00,8,4216.0,134,505.92,0.0,confirmed,2024-03-12 00:00:00,2023-10-08 12:00:00,2023-10-08 12:00:00
cbf9e907-2813-4af8-8c73-5867d9dea35d,124,2023-07-19 00:00:00,6,816.0,68,97.92,81.6,cancelled,2023-10-01 00:00:00,2023-07-18 16:00:00,2023-07-18 16:00:00
d6def80f-edad-4360-802a-411537df866e,216,2023-10-01 00:00:00,6,1248.0,92,149.76,0.0,confirmed,2023-11-11 00:00:00,2023-09-30 05:00:00,2023-09-30 05:00:00
90335fc7-c336-49e7-8a10-574f7850a8ea,385,2023-10-21 00:00:00,7,1568.0,56,188.16,0.0,confirmed,2023-11-08 00:00:00,2023-10-20 08:00:00,2023-10-20 08:00:00
aebbdd37-d9dc-42b2-b8c9-dda8ff44fda3,245,2024-01-16 00:00:00,4,756.0,90,90.72,0.0,confirmed,2024-05-25 00:00:00,2024-01-15 03:00:00,2024-01-17 03:00:00
b9b88392-4aaa-423f-a5f9-75e1fc47ec3f,167,2023-04-03 00:00:00,9,4563.0,147,547.56,456.3,cancelled,2023-06-04 00:00:00,2023-04-02 09:00:00,2023-04-05 09:00:00
c77b7034-db80-4b27-9397-a94e65acdda6,343,2023-11-23 00:00:00,11,2288.0,66,274.56,228.8,cancelled,2024-05-13 00:00:00,2023-11-22 05:00:00,2023-11-22 05:00:00
226ee962-f1e5-4327-b7d3-b3edc0970c45,281,2023-11-17 00:00:00,2,304.0,112,36.48,30.4,cancelled,2024-03-01 00:00:00,2023-11-16 02:00:00,2023-11-16 02:00:00
a5a2ff4b-7e76-4eaa-89d8-981b20aafa4f,153,2024-03-15 00:00:00,8,2400.0,118,288.0,0.0,confirmed,2024-04-27 00:00:00,2024-03-14 06:00:00,2024-03-14 06:00:00
3de4c14a-f13c-4ddb-b003-61c7255b994f,337,2023-08-07 00:00:00,10,4500.0,126,540.0,0.0,confirmed,2023-09-02 00:00:00,2023-08-06 07:00:00,2023-08-06 07:00:00
d957b45c-d450-4eb8-8940-ea1e1d8aa664,337,2023-09-14 00:00:00,7,3150.0,77,378.0,0.0,confirmed,2023-10-24 00:00:00,2023-09-13 07:00:00,2023-09-13 07:00:00
076b1a82-3c40-4eb9-a6e8-e718722388c8,106,2024-01-31 00:00:00,7,519.75,48,62.37,0.0,confirmed,2024-03-07 00:00:00,2024-01-30 00:00:00,2024-01-30 00:00:00
75b9d9e7-0c15-4382-89ca-3df204465a02,337,2024-03-18 00:00:00,4,1800.0,47,216.0,0.0,confirmed,2024-07-28 00:00:00,2024-03-17 17:00:00,2024-03-17 17:00:00
599cf527-e3c7-490f-895b-0bbad4f1aaac,89,2024-05-27 00:00:00,11,940.5,43,112.86,94.05,cancelled,2024-09-13 00:00:00,2024-05-26 08:00:00,2024-05-26 08:00:00
bf0bef9d-227a-499c-8126-525a53ee5cdf,344,2023-11-04 00:00:00,1,133.0,114,15.96,0.0,confirmed,2024-04-25 00:00:00,2023-11-03 15:00:00,2023-11-03 15:00:00
6a86d3fa-1d1e-483c-9695-8060c9de85d4,33,2023-06-04 00:00:00,5,1190.0,123,142.8,119.0,cancelled,2023-09-15 00:00:00,2023-06-03 21:00:00,2023-06-03 21:00:00
bc32f868-0b99-4f38-84fe-ce2dd75fa0fd,178,2024-03-10 00:00:00,12,2499.0,116,299.88,0.0,confirmed,2024-06-17 00:00:00,2024-03-09 17:00:00,2024-03-09 17:00:00
ce709c04-b22b-4494-a452-88d6e2704593,133,2023-09-02 00:00:00,2,858.0,114,102.96,0.0,confirmed,2023-09-15 00:00:00,2023-09-01 05:00:00,2023-09-06 05:00:00
871956ce-3c70-4bca-8d58-98c32c3c2147,324,2024-01-13 00:00:00,6,525.0,87,63.0,0.0,confirmed,2024-02-02 00:00:00,2024-01-12 23:00:00,2024-01-12 23:00:00
4978975d-c1fa-4f54-b35d-7df98b547df1,353,2024-04-26 00:00:00,6,561.0,63,67.32,0.0,confirmed,2024-08-06 00:00:00,2024-04-25 01:00:00,2024-04-25 01:00:00
421f5de0-1fd0-486c-bcf6-95ba1bbfedd2,119,2024-01-16 00:00:00,12,1428.0,120,171.36,0.0,confirmed,2024-03-01 00:00:00,2024-01-15 08:00:00,2024-01-15 08:00:00
20810f60-bcd2-4250-8ddc-a5554c5e844a,385,2024-05-23 00:00:00,7,1568.0,112,188.16,0.0,confirmed,2024-07-12 00:00:00,2024-05-22 20:00:00,2024-05-22 20:00:00
09287c47-4596-4f36-b6dd-610843ba6c8b,334,2024-02-13 00:00:00,6,541.5,116,64.98,54.15,cancelled,2024-03-02 00:00:00,2024-02-12 01:00:00,2024-02-12 01:00:00
32719b68-b7b1-4dcb-aad0-006ee9a71a99,169,2024-02-08 00:00:00,1,208.0,102,24.96,20.8,cancelled,2024-04-23 00:00:00,2024-02-07 21:00:00,2024-02-12 21:00:00
0408d4cf-d5ce-4c8d-830a-106df6944428,35,2023-12-01 00:00:00,12,2940.0,89,352.8,0.0,confirmed,2024-01-28 00:00:00,2023-11-30 15:00:00,2023-12-10 15:00:00
774a21fa-f9d5-475f-8411-b9c2e7278e49,172,2023-10-29 00:00:00,13,1287.0,130,154.44,0.0,confirmed,2023-12-24 00:00:00,2023-10-28 08:00:00,2023-10-28 08:00:00
23de2893-6d41-442e-9898-8a2565a1a275,72,2023-05-18 00:00:00,11,2970.0,56,356.4,0.0,confirmed,2023-07-05 00:00:00,2023-05-17 16:00:00,2023-05-17 16:00:00
c4eddfec-a1a4-4862-afbd-648abdce0239,304,2024-02-12 00:00:00,9,990.0,109,118.8,0.0,confirmed,2024-02-25 00:00:00,2024-02-11 21:00:00,2024-02-11 21:00:00
bfaa2717-0715-4a88-81c5-7f664b241847,409,2024-04-26 00:00:00,12,1767.0,113,212.04,176.7,cancelled,2024-06-28 00:00:00,2024-04-25 22:00:00,2024-04-25 22:00:00
7e467264-f9e1-4c40-9ab9-9ddcda07c1ae,419,2023-09-03 00:00:00,9,742.5,112,89.1,0.0,confirmed,2023-11-23 00:00:00,2023-09-02 20:00:00,2023-09-08 20:00:00
4457bca4-a894-4ee8-85db-85d415d748bb,440,2023-11-14 00:00:00,2,420.0,58,50.4,0.0,confirmed,2024-02-06 00:00:00,2023-11-13 04:00:00,2023-11-13 04:00:00
e8760174-3d6e-45ab-b858-5393485ba629,289,2023-11-14 00:00:00,10,3052.5,85,366.3,0.0,confirmed,2023-11-23 00:00:00,2023-11-13 05:00:00,2023-11-13 05:00:00
2b497342-e45c-4cee-840f-e88e757de702,427,2023-04-04 00:00:00,5,380.0,140,45.6,38.0,cancelled,2023-09-01 00:00:00,2023-04-03 19:00:00,2023-04-12 19:00:00
86c3e606-badc-43f5-b68f-ade50c47e37f,326,2023-12-18 00:00:00,8,660.0,41,79.2,66.0,cancelled,2024-03-09 00:00:00,2023-12-17 01:00:00,2023-12-17 01:00:00
419fb3e5-8fc1-43c7-a0bc-425dac500ab4,23,2024-01-21 00:00:00,3,357.0,122,42.84,35.7,cancelled,2024-05-19 00:00:00,2024-01-20 08:00:00,2024-01-20 08:00:00
e3b2247e-8e32-444d-8696-64838a51e08c,499,2023-03-31 00:00:00,9,792.0,146,95.04,0.0,confirmed,2023-04-26 00:00:00,2023-03-30 12:00:00,2023-03-30 12:00:00
b670ddf4-84a2-4895-8521-de9c452da95c,464,2023-04-09 00:00:00,1,160.0,132,19.2,16.0,cancelled,2023-07-08 00:00:00,2023-04-08 00:00:00,2023-04-08 00:00:00
390cabd2-b766-427b-a855-0140f42fb4b5,285,2024-06-02 00:00:00,3,371.25,88,44.55,37.12,cancelled,2024-06-15 00:00:00,2024-06-01 11:00:00,2024-06-01 11:00:00
524204a8-61fd-48f8-b2e6-2f76445e72b2,211,2023-10-27 00:00:00,7,1400.0,107,168.0,140.0,cancelled,2024-03-19 00:00:00,2023-10-26 17:00:00,2023-10-26 17:00:00
bae65171-82e2-466f-bc99-5cb0962758bd,136,2024-01-05 00:00:00,9,1325.25,120,159.03,132.53,cancelled,2024-03-05 00:00:00,2024-01-04 15:00:00,2024-01-04 15:00:00
3889d8b2-6f87-4ab2-932e-4dcd98c7d750,404,2023-02-26 00:00:00,4,480.0,65,57.6,48.0,cancelled,2023-07-31 00:00:00,2023-02-25 00:00:00,2023-02-27 00:00:00
7c8eec1c-492c-4148-9df5-15d1ffac5f23,494,2024-04-01 00:00:00,11,3344.0,126,401.28,0.0,confirmed,2024-07-20 00:00:00,2024-03-31 15:00:00,2024-04-02 15:00:00
06ae78d6-2c1f-4d29-bba2-c6809726ae8f,445,2023-02-11 00:00:00,4,704.0,68,84.48,0.0,confirmed,2023-03-10 00:00:00,2023-02-10 02:00:00,2023-02-14 02:00:00
97c8020e-5589-4017-932f-d768e420a5c6,71,2023-10-05 00:00:00,4,340.0,69,40.8,34.0,cancelled,2023-11-22 00:00:00,2023-10-04 07:00:00,2023-10-04 07:00:00
fd403d98-311d-4d37-9413-d7813851f181,180,2023-12-03 00:00:00,9,4320.0,85,518.4,0.0,confirmed,2024-01-05 00:00:00,2023-12-02 20:00:00,2023-12-02 20:00:00
0f2b1a77-76e1-4161-92b0-92dc0f199a7e,405,2023-09-15 00:00:00,1,90.25,50,10.83,0.0,confirmed,2023-09-26 00:00:00,2023-09-14 02:00:00,2023-09-14 02:00:00
63944c9e-46e7-4473-a908-b8ea6126192e,374,2023-10-02 00:00:00,2,512.0,131,61.44,0.0,confirmed,2023-10-19 00:00:00,2023-10-01 23:00:00,2023-10-01 23:00:00
422c1e0f-da8e-4b5d-9d38-148440dd1772,135,2024-02-20 00:00:00,12,1320.0,84,158.4,132.0,cancelled,2024-07-15 00:00:00,2024-02-19 15:00:00,2024-02-19 15:00:00
db9e70e6-aaa1-44e4-88be-1c60cd9662d8,290,2023-09-20 00:00:00,9,1260.0,80,151.2,0.0,confirmed,2024-02-19 00:00:00,2023-09-19 06:00:00,2023-09-19 06:00:00
989119a4-b8c4-4829-a360-274d9abd65b8,44,2023-02-05 00:00:00,1,66.0,126,7.92,0.0,confirmed,2023-03-04 00:00:00,2023-02-04 02:00:00,2023-02-04 02:00:00
07c9158c-97dc-47b1-85c9-2556f19c92f0,431,2024-03-04 00:00:00,11,786.5,83,94.38,78.65,cancelled,2024-05-30 00:00:00,2024-03-03 17:00:00,2024-03-03 17:00:00
98318ab2-0057-4f89-ae83-90e73216f622,316,2023-04-19 00:00:00,1,300.0,93,36.0,0.0,confirmed,2023-09-02 00:00:00,2023-04-18 06:00:00,2023-04-18 06:00:00
483af98d-c7d9-4687-82af-b4c5beed8703,116,2023-09-09 00:00:00,9,816.75,75,98.01,0.0,confirmed,2023-09-24 00:00:00,2023-09-08 04:00:00,2023-09-08 04:00:00
36b36c00-9306-4ad6-940b-9f3944c1ec04,318,2024-01-06 00:00:00,9,855.0,150,102.6,0.0,confirmed,2024-03-26 00:00:00,2024-01-05 22:00:00,2024-01-05 22:00:00
defc2789-a494-471d-8b87-6fe6d7ad9d81,100,2024-03-08 00:00:00,10,1140.0,56,136.8,114.0,cancelled,2024-07-04 00:00:00,2024-03-07 17:00:00,2024-03-16 17:00:00
ba65600c-7466-4857-bb25-9008449ff200,404,2023-09-01 00:00:00,11,1320.0,139,158.4,0.0,confirmed,2023-09-09 00:00:00,2023-08-31 12:00:00,2023-08-31 12:00:00
780eec5f-0188-4cad-ad67-0f8174a2ce99,38,2023-10-22 00:00:00,3,990.0,42,118.8,0.0,confirmed,2024-03-08 00:00:00,2023-10-21 10:00:00,2023-10-21 10:00:00
0393b6ad-395c-4bf1-9657-77c284ee67f4,266,2023-12-09 00:00:00,12,1530.0,95,183.6,0.0,confirmed,2024-04-03 00:00:00,2023-12-08 14:00:00,2023-12-08 14:00:00
0b70a336-c9c3-486a-a87d-c42f8fd4ebcd,107,2024-04-12 00:00:00,12,1188.0,110,142.56,0.0,confirmed,2024-10-06 00:00:00,2024-04-11 08:00:00,2024-04-11 08:00:00
18e22ae9-1995-401a-a037-62d474ad123f,376,2023-07-05 00:00:00,12,1584.0,111,190.08,158.4,cancelled,2023-09-16 00:00:00,2023-07-04 12:00:00,2023-07-04 12:00:00
3a8faca6-405c-4175-aee4-d3f75cbcd20b,418,2024-03-31 00:00:00,6,1800.0,132,216.0,0.0,confirmed,2024-05-30 00:00:00,2024-03-30 06:00:00,2024-04-09 06:00:00
308cbaf5-20db-48bc-8a35-9c0b2c63ad5a,168,2024-07-12 00:00:00,14,4200.0,124,504.0,0.0,confirmed,2024-10-03 00:00:00,2024-07-11 02:00:00,2024-07-19 02:00:00
a878a22e-225c-42c1-ba4d-67eb657861e6,139,2024-02-05 00:00:00,8,1064.0,76,127.68,106.4,cancelled,2024-06-01 00:00:00,2024-02-04 05:00:00,2024-02-04 05:00:00
af1725c4-eb26-4cb6-b727-c362bdefdc6b,27,2024-04-08 00:00:00,10,3720.0,134,446.4,372.0,cancelled,2024-09-23 00:00:00,2024-04-07 05:00:00,2024-04-07 05:00:00
4239cd39-541e-4136-bd0c-5d48f6b7fdff,205,2024-03-31 00:00:00,3,855.0,129,102.6,0.0,confirmed,2024-08-25 00:00:00,2024-03-30 05:00:00,2024-04-01 05:00:00
14cd833e-7fd6-43f4-b584-ef3aa8b2cdfd,94,2023-11-24 00:00:00,2,323.0,149,38.76,0.0,confirmed,2024-03-07 00:00:00,2023-11-23 10:00:00,2023-11-23 10:00:00
95de4ea1-9ea3-42bf-9afd-5cd610fda4ad,181,2023-09-12 00:00:00,5,1820.0,116,218.4,0.0,confirmed,2023-09-30 00:00:00,2023-09-11 03:00:00,2023-09-11 03:00:00
c76f6cfc-6a4b-4f67-b172-6c2124b63cea,234,2024-05-06 00:00:00,1,52.25,86,6.27,0.0,confirmed,2024-05-21 00:00:00,2024-05-05 18:00:00,2024-05-05 18:00:00
da042336-5b8f-43f0-b379-6e8fccb961fb,134,2023-10-03 00:00:00,14,7168.0,116,860.16,0.0,confirmed,2024-03-11 00:00:00,2023-10-02 07:00:00,2023-10-02 07:00:00
f731b854-ee8e-4f07-9a4b-c7343afed969,277,2024-04-03 00:00:00,3,714.0,144,85.68,0.0,confirmed,2024-09-03 00:00:00,2024-04-02 14:00:00,2024-04-04 14:00:00
e5045bed-1038-4d09-9e3a-cf584cd93abc,317,2024-04-16 00:00:00,14,2744.0,142,329.28,274.4,cancelled,2024-08-03 00:00:00,2024-04-15 05:00:00,2024-04-15 05:00:00
b1666d30-a9ac-4d03-8173-b7ac963ffd03,473,2024-02-16 00:00:00,5,1425.0,44,171.0,0.0,confirmed,2024-04-02 00:00:00,2024-02-15 21:00:00,2024-02-15 21:00:00
437fad8d-d5e7-431f-ae68-27b9bb283d75,270,2023-10-05 00:00:00,7,2170.0,130,260.4,0.0,confirmed,2024-01-12 00:00:00,2023-10-04 15:00:00,2023-10-05 15:00:00
d10b24da-a951-479d-bc0d-17389a5e14a7,47,2023-12-02 00:00:00,2,161.5,73,19.38,0.0,confirmed,2024-04-12 00:00:00,2023-12-01 08:00:00,2023-12-01 08:00:00
b5fd45aa-87bb-4449-be27-89707763dd89,174,2024-03-31 00:00:00,10,2940.0,66,352.8,0.0,confirmed,2024-05-08 00:00:00,2024-03-30 04:00:00,2024-03-30 04:00:00
6fac81f6-2762-4a50-9080-ea68bf6fa354,9,2023-06-06 00:00:00,8,616.0,115,73.92,0.0,confirmed,2023-11-25 00:00:00,2023-06-05 13:00:00,2023-06-05 13:00:00
ed9fdf34-0910-4bc0-8b7b-059f477305d0,473,2023-09-15 00:00:00,9,2565.0,49,307.8,256.5,cancelled,2024-03-02 00:00:00,2023-09-14 16:00:00,2023-09-14 16:00:00
1fd5832f-0045-41b5-92ff-0eb0afcac315,359,2024-05-21 00:00:00,9,631.08,40,75.73,63.11,cancelled,2024-09-07 00:00:00,2024-05-20 10:00:00,2024-05-20 10:00:00
c2dfb12c-0bf4-4826-b4e4-d6910520f795,215,2023-07-11 00:00:00,10,1500.0,97,180.0,0.0,confirmed,2023-08-20 00:00:00,2023-07-10 09:00:00,2023-07-10 09:00:00
8a83a9de-3fea-4bd5-9b1c-fb74c1a42a95,18,2024-05-26 00:00:00,6,2046.0,66,245.52,0.0,confirmed,2024-06-11 00:00:00,2024-05-25 09:00:00,2024-05-25 09:00:00
08bc1c0f-9693-4a82-a0e2-2156c6f4c20b,385,2024-03-24 00:00:00,14,3136.0,83,376.32,0.0,confirmed,2024-07-23 00:00:00,2024-03-23 08:00:00,2024-03-23 08:00:00
835b711b-7354-436a-8a67-ae0a00fc0df7,96,2024-03-03 00:00:00,2,224.0,105,26.88,22.4,cancelled,2024-03-08 00:00:00,2024-03-02 16:00:00,2024-03-03 16:00:00
c6a6cfd2-3e77-46b9-9011-b4e1a3732119,280,2023-10-07 00:00:00,3,792.0,70,95.04,79.2,cancelled,2024-01-09 00:00:00,2023-10-06 14:00:00,2023-10-06 14:00:00
2e8dcf1f-c7a2-4330-a385-28ea9956f146,260,2023-10-26 00:00:00,3,399.0,123,47.88,39.9,cancelled,2024-03-28 00:00:00,2023-10-25 13:00:00,2023-10-25 13:00:00
6f8ff480-7750-44c5-a8d2-5585aa0e7bdc,441,2023-09-01 00:00:00,4,740.0,65,88.8,74.0,cancelled,2024-01-21 00:00:00,2023-08-31 22:00:00,2023-08-31 22:00:00
6fb2509a-2690-45ed-9007-a4bc4806e894,367,2024-02-07 00:00:00,5,1317.5,133,158.1,0.0,confirmed,2024-07-18 00:00:00,2024-02-06 18:00:00,2024-02-06 18:00:00
6c39c857-8339-49df-9a31-e8b5d6b0d639,159,2023-02-28 00:00:00,6,960.0,100,115.2,0.0,confirmed,2023-03-17 00:00:00,2023-02-27 13:00:00,2023-02-27 13:00:00
5927f4db-8b5e-4d55-a718-3c4c5491cb60,481,2023-09-09 00:00:00,10,850.0,54,102.0,0.0,confirmed,2024-02-27 00:00:00,2023-09-08 12:00:00,2023-09-08 12:00:00
a10fed3f-0641-48d3-ab1e-bc5250c5f171,492,2024-03-07 00:00:00,6,1344.0,99,161.28,134.4,cancelled,2024-06-24 00:00:00,2024-03-06 09:00:00,2024-03-06 09:00:00
909c1559-49d1-4a66-952a-ce547c7b0542,257,2024-07-31 00:00:00,13,1358.5,122,163.02,0.0,confirmed,2024-12-05 00:00:00,2024-07-30 07:00:00,2024-07-30 07:00:00
a7b36fd8-c0bf-45ea-bcf2-78de2aeca4fc,186,2024-01-27 00:00:00,6,767.28,136,92.07,0.0,confirmed,2024-03-23 00:00:00,2024-01-26 00:00:00,2024-01-26 00:00:00
19cac5f6-cf85-4107-beb7-90c1d9b3c2aa,50,2024-04-08 00:00:00,3,630.0,67,75.6,0.0,confirmed,2024-09-26 00:00:00,2024-04-07 20:00:00,2024-04-07 20:00:00
17b4a398-48c7-489d-b23a-b1cd6cd5b67e,378,2023-07-28 00:00:00,14,3136.0,72,376.32,313.6,cancelled,2023-09-01 00:00:00,2023-07-27 17:00:00,2023-07-27 17:00:00
66c06fd6-b9c4-4acd-b327-7544e22664a4,199,2023-12-21 00:00:00,5,467.5,148,56.1,0.0,confirmed,2024-05-28 00:00:00,2023-12-20 22:00:00,2023-12-20 22:00:00
8aabd1b9-ed5c-4ff6-8643-6ebcf62f914b,83,2023-09-20 00:00:00,4,2496.0,123,299.52,0.0,confirmed,2023-10-04 00:00:00,2023-09-19 17:00:00,2023-09-19 17:00:00
d614c3e5-19f2-4ba4-b86b-945de2ef1409,201,2023-08-09 00:00:00,3,672.0,59,80.64,67.2,cancelled,2023-12-29 00:00:00,2023-08-08 07:00:00,2023-08-08 07:00:00
5928b9c4-0106-4c9b-b5b5-c8a7e68c11bf,470,2024-03-26 00:00:00,9,2277.0,90,273.24,0.0,confirmed,2024-04-14 00:00:00,2024-03-25 14:00:00,2024-04-01 14:00:00
3d7c2722-e9af-40c0-a739-a96835ad113d,337,2024-02-05 00:00:00,8,3600.0,119,432.0,0.0,confirmed,2024-07-15 00:00:00,2024-02-04 07:00:00,2024-02-04 07:00:00
6f553e8b-2293-4636-99fd-519242bed55a,179,2024-02-23 00:00:00,2,1024.0,127,122.88,102.4,cancelled,2024-05-30 00:00:00,2024-02-22 14:00:00,2024-03-01 14:00:00
b3790371-e792-4df1-95ca-07e562584e32,242,2024-05-03 00:00:00,12,2112.0,46,253.44,211.2,cancelled,2024-09-04 00:00:00,2024-05-02 12:00:00,2024-05-02 12:00:00
336b42dc-8f75-48c9-b448-1590b2d56dc9,177,2023-12-11 00:00:00,10,4140.0,124,496.8,0.0,confirmed,2024-01-20 00:00:00,2023-12-10 12:00:00,2023-12-17 12:00:00
900aba9c-3e5c-4e78-9569-927f22856c2a,468,2024-03-27 00:00:00,4,181.52,81,21.78,0.0,confirmed,2024-05-13 00:00:00,2024-03-26 20:00:00,2024-03-26 20:00:00
1275f7f9-5288-4c47-a6a9-5add899d9b6e,69,2023-07-09 00:00:00,14,1575.0,98,189.0,0.0,confirmed,2023-08-08 00:00:00,2023-07-08 18:00:00,2023-07-08 18:00:00
e227ab2d-682b-408f-a097-40f91b55e128,91,2023-09-23 00:00:00,1,152.0,99,18.24,15.2,cancelled,2023-11-25 00:00:00,2023-09-22 06:00:00,2023-09-22 06:00:00
890785dd-7bc8-48f1-bcd7-0994c88880b7,201,2023-09-30 00:00:00,13,2912.0,59,349.44,291.2,cancelled,2023-10-17 00:00:00,2023-09-29 11:00:00,2023-09-29 11:00:00
7c996a1e-30f3-42a1-9071-9e660c2fa6bf,209,2023-11-23 00:00:00,1,136.12,141,16.33,0.0,confirmed,2024-03-24 00:00:00,2023-11-22 12:00:00,2023-11-22 12:00:00
3908be38-648e-43ae-8674-1aa99e27ccc9,146,2024-05-20 00:00:00,4,1617.0,101,194.04,0.0,confirmed,2024-05-31 00:00:00,2024-05-19 16:00:00,2024-05-19 16:00:00
931f1817-1f3a-4565-943b-13afc6238ca2,39,2023-07-06 00:00:00,6,792.0,125,95.04,0.0,confirmed,2023-12-12 00:00:00,2023-07-05 10:00:00,2023-07-05 10:00:00
eb09f7c5-66c5-45c0-8f5e-42a5b0ed391c,234,2024-05-26 00:00:00,5,261.25,107,31.35,0.0,confirmed,2024-10-27 00:00:00,2024-05-25 04:00:00,2024-05-25 04:00:00
edb5c5f3-753d-495a-b756-35cb0a3798d0,174,2024-02-17 00:00:00,11,3234.0,93,388.08,0.0,confirmed,2024-05-31 00:00:00,2024-02-16 05:00:00,2024-02-16 05:00:00
18694f21-f91f-481f-8a65-86bf2289c134,451,2023-11-02 00:00:00,2,1092.0,56,131.04,109.2,cancelled,2024-01-26 00:00:00,2023-11-01 23:00:00,2023-11-01 23:00:00
12f53c21-faca-4330-adf2-4b4197f74bf5,383,2024-01-18 00:00:00,7,2464.0,79,295.68,246.4,cancelled,2024-05-31 00:00:00,2024-01-17 20:00:00,2024-01-17 20:00:00
5a67a1ce-4942-4e8a-8183-b8c26359dd49,299,2023-09-20 00:00:00,8,660.0,76,79.2,66.0,cancelled,2023-11-25 00:00:00,2023-09-19 14:00:00,2023-09-19 14:00:00
2215cc9c-6d1c-42d0-89fe-113856e4a2a5,482,2024-01-20 00:00:00,1,264.0,130,31.68,26.4,cancelled,2024-07-16 00:00:00,2024-01-19 15:00:00,2024-01-19 15:00:00
89bc546b-85d5-4526-b4d7-289dd6e1a5f4,91,2023-05-24 00:00:00,6,912.0,99,109.44,0.0,confirmed,2023-05-28 00:00:00,2023-05-23 03:00:00,2023-05-26 03:00:00
9f75935f-22cc-4096-8c04-3bd416cd96ae,92,2024-03-21 00:00:00,4,266.0,40,31.92,26.6,cancelled,2024-09-11 00:00:00,2024-03-20 22:00:00,2024-03-20 22:00:00
44de8e2d-f9a7-4bc8-ab04-544044506b80,227,2024-02-04 00:00:00,9,1224.0,108,146.88,0.0,confirmed,2024-06-26 00:00:00,2024-02-03 21:00:00,2024-02-03 21:00:00
e699d152-1380-4907-8af5-edf6a3175aee,464,2023-07-11 00:00:00,11,1760.0,114,211.2,0.0,confirmed,2023-11-09 00:00:00,2023-07-10 19:00:00,2023-07-10 19:00:00
89bea6a5-2c1b-43b5-a548-b36e9cc34c1e,425,2024-01-15 00:00:00,4,884.0,41,106.08,88.4,cancelled,2024-06-22 00:00:00,2024-01-14 07:00:00,2024-01-22 07:00:00
06799f13-47a0-4f65-8299-89d1aeb8e758,180,2023-05-17 00:00:00,4,1920.0,54,230.4,0.0,confirmed,2023-07-25 00:00:00,2023-05-16 21:00:00,2023-05-16 21:00:00
5b280f38-13de-4572-8a77-0e561976fa80,5,2024-05-07 00:00:00,10,1950.0,74,234.0,0.0,confirmed,2024-10-01 00:00:00,2024-05-06 05:00:00,2024-05-06 05:00:00
648636ec-62ec-4167-ba07-bc36341eff2a,264,2023-09-04 00:00:00,10,1100.0,93,132.0,0.0,confirmed,2023-10-12 00:00:00,2023-09-03 20:00:00,2023-09-03 20:00:00
c316dd34-83e8-478b-b4c4-d0b8cf3b43b2,442,2023-11-06 00:00:00,8,2112.0,43,253.44,0.0,confirmed,2024-04-08 00:00:00,2023-11-05 17:00:00,2023-11-05 17:00:00
75d2dc75-f326-412b-bdf0-8b05dc48bdac,372,2024-03-05 00:00:00,4,352.0,73,42.24,0.0,confirmed,2024-08-29 00:00:00,2024-03-04 03:00:00,2024-03-04 03:00:00
8379d843-cf0e-4175-a51f-ced329df7e03,259,2023-11-26 00:00:00,7,1323.0,84,158.76,0.0,confirmed,2024-02-08 00:00:00,2023-11-25 11:00:00,2023-11-25 11:00:00
31e70244-e889-428a-8853-91e8c03faa61,42,2023-08-10 00:00:00,13,2983.5,134,358.02,0.0,confirmed,2024-01-01 00:00:00,2023-08-09 18:00:00,2023-08-09 18:00:00
a25ed503-b0b2-4133-a093-a0b4664f876e,336,2023-12-10 00:00:00,14,2128.0,143,255.36,0.0,confirmed,2024-01-29 00:00:00,2023-12-09 22:00:00,2023-12-09 22:00:00
e9405a11-18b5-4d4b-8ffd-fd69df7bebed,284,2024-04-14 00:00:00,14,2464.0,61,295.68,0.0,confirmed,2024-08-14 00:00:00,2024-04-13 15:00:00,2024-04-13 15:00:00
edb44923-0c64-4991-a88b-621a83cee737,187,2023-09-20 00:00:00,7,3139.5,140,376.74,0.0,confirmed,2023-12-18 00:00:00,2023-09-19 21:00:00,2023-09-27 21:00:00
93d92b5a-ab7b-43d8-87e1-60c2c16a6451,278,2023-12-25 00:00:00,5,770.0,88,92.4,0.0,confirmed,2024-05-14 00:00:00,2023-12-24 06:00:00,2023-12-31 06:00:00
deed85a0-fecf-4620-90f9-4c63300ce2ce,30,2024-06-13 00:00:00,6,1386.0,140,166.32,0.0,confirmed,2024-07-21 00:00:00,2024-06-12 09:00:00,2024-06-12 09:00:00
78f76138-4313-4a77-ad29-5b88f02ae55f,381,2023-08-06 00:00:00,7,2464.0,78,295.68,0.0,confirmed,2023-10-07 00:00:00,2023-08-05 19:00:00,2023-08-05 19:00:00
85e01e7b-8f0d-4a1f-a69f-106146280c3a,479,2023-12-31 00:00:00,14,8694.0,97,1043.28,869.4,cancelled,2024-06-20 00:00:00,2023-12-30 14:00:00,2023-12-31 14:00:00
ee715644-2089-4b25-a642-3a0719dc5880,282,2023-04-01 00:00:00,6,2208.0,125,264.96,0.0,confirmed,2023-08-04 00:00:00,2023-03-31 11:00:00,2023-03-31 11:00:00
e590c26c-af4b-4c8c-9e7b-0d1fcb6a86ff,238,2024-06-18 00:00:00,14,12880.0,68,1545.6,0.0,confirmed,2024-07-28 00:00:00,2024-06-17 17:00:00,2024-06-17 17:00:00
414b0ae4-e464-4289-9d9e-ebfd0fc2e1b4,492,2023-11-14 00:00:00,10,2240.0,56,268.8,0.0,confirmed,2024-01-17 00:00:00,2023-11-13 04:00:00,2023-11-13 04:00:00
f3e0d751-29c3-4eb1-9ac5-6b1b7fb2241c,332,2023-05-12 00:00:00,11,968.0,52,116.16,0.0,confirmed,2023-06-28 00:00:00,2023-05-11 19:00:00,2023-05-11 19:00:00
2a52d288-3e32-4b1f-ba7e-04c2cf564ea5,449,2024-03-04 00:00:00,8,1980.0,80,237.6,0.0,confirmed,2024-06-01 00:00:00,2024-03-03 00:00:00,2024-03-03 00:00:00
07c8e30d-115b-4214-8ebd-04d8c898b260,34,2024-07-15 00:00:00,12,2736.0,52,328.32,0.0,confirmed,2024-07-27 00:00:00,2024-07-14 10:00:00,2024-07-14 10:00:00
12788655-8be3-49c7-9cd2-90ad6e6a2cba,383,2023-12-04 00:00:00,8,2816.0,99,337.92,281.6,cancelled,2024-02-05 00:00:00,2023-12-03 15:00:00,2023-12-03 15:00:00
71fd03c9-4d13-4d59-bd08-d2eb546ea60c,449,2023-12-17 00:00:00,3,742.5,125,89.1,74.25,cancelled,2024-03-04 00:00:00,2023-12-16 04:00:00,2023-12-16 04:00:00
2eeecaba-b611-4af4-afac-d29565c7e01d,382,2023-10-23 00:00:00,11,2783.0,126,333.96,0.0,confirmed,2024-03-25 00:00:00,2023-10-22 07:00:00,2023-10-22 07:00:00
89256fdd-293b-45a4-95bd-31db19e6afc1,278,2023-06-08 00:00:00,3,462.0,132,55.44,0.0,confirmed,2023-07-31 00:00:00,2023-06-07 05:00:00,2023-06-07 05:00:00
75949014-9021-4287-bca4-55fac4ab59eb,323,2023-09-03 00:00:00,2,330.0,112,39.6,0.0,confirmed,2023-09-08 00:00:00,2023-09-02 12:00:00,2023-09-02 12:00:00
e3a4bc94-4f89-4a47-a06d-330fef807604,270,2024-07-03 00:00:00,7,2170.0,112,260.4,0.0,confirmed,2024-09-01 00:00:00,2024-07-02 12:00:00,2024-07-02 12:00:00
576d3629-26ef-4c19-a19f-eb373437fbfc,487,2023-08-15 00:00:00,6,445.5,117,53.46,0.0,confirmed,2023-10-27 00:00:00,2023-08-14 11:00:00,2023-08-14 11:00:00
dcf719e7-b3a7-4e99-845f-462b48243b25,302,2024-01-25 00:00:00,11,1331.0,71,159.72,0.0,confirmed,2024-06-22 00:00:00,2024-01-24 22:00:00,2024-01-24 22:00:00
e1c4f80d-24a3-49bd-b82c-04dce5275762,470,2024-03-17 00:00:00,3,759.0,145,91.08,75.9,cancelled,2024-06-19 00:00:00,2024-03-16 11:00:00,2024-03-16 11:00:00
82756f25-4120-48c0-a905-421bc4348e0e,323,2023-11-24 00:00:00,7,1155.0,134,138.6,0.0,confirmed,2024-01-27 00:00:00,2023-11-23 06:00:00,2023-11-23 06:00:00
b82b2c60-bfd1-48b3-944e-922780cf090f,369,2024-05-20 00:00:00,9,841.5,77,100.98,0.0,confirmed,2024-07-14 00:00:00,2024-05-19 15:00:00,2024-05-29 15:00:00
227e55da-8487-41eb-8b4e-fb934e5676f5,471,2023-08-05 00:00:00,5,2635.0,42,316.2,263.5,cancelled,2023-12-01 00:00:00,2023-08-04 20:00:00,2023-08-04 20:00:00
33f12f51-4edd-421f-8da6-648927a11016,186,2023-12-01 00:00:00,6,767.28,79,92.07,76.73,cancelled,2024-03-21 00:00:00,2023-11-30 17:00:00,2023-11-30 17:00:00
1dd562ad-dea9-41a2-9d15-2718216da4da,72,2023-10-15 00:00:00,5,1350.0,52,162.0,0.0,confirmed,2023-12-29 00:00:00,2023-10-14 22:00:00,2023-10-14 22:00:00
efde7b29-f14f-49b5-bd86-5378262483e1,480,2023-10-10 00:00:00,10,1120.0,58,134.4,0.0,confirmed,2024-01-26 00:00:00,2023-10-09 18:00:00,2023-10-09 18:00:00
9f5d239b-db8d-41d2-861d-be2824884b22,85,2023-12-17 00:00:00,3,462.0,94,55.44,0.0,confirmed,2024-02-13 00:00:00,2023-12-16 09:00:00,2023-12-16 09:00:00
36d52122-0316-4d50-b928-0d7bb052c65d,250,2024-05-29 00:00:00,6,1632.0,125,195.84,163.2,cancelled,2024-11-15 00:00:00,2024-05-28 23:00:00,2024-05-28 23:00:00
4f224def-c6fb-4b7f-9eef-510250d0a00c,284,2024-07-29 00:00:00,4,704.0,99,84.48,0.0,confirmed,2024-08-02 00:00:00,2024-07-28 01:00:00,2024-07-28 01:00:00
5e358558-662b-48dd-ab2c-8807d8a033c3,405,2023-10-21 00:00:00,12,1083.0,87,129.96,0.0,confirmed,2024-02-19 00:00:00,2023-10-20 18:00:00,2023-10-20 18:00:00
441b646c-28d5-467a-a674-8e3eeacad773,252,2023-10-05 00:00:00,2,656.0,143,78.72,0.0,confirmed,2023-10-12 00:00:00,2023-10-04 06:00:00,2023-10-04 06:00:00
8676ab3d-6b9a-496d-bb73-8b1e87f0ac8d,41,2023-10-31 00:00:00,13,1049.75,48,125.97,0.0,confirmed,2023-11-06 00:00:00,2023-10-30 23:00:00,2023-10-30 23:00:00
e7d5cead-7f82-48a8-9084-f7f84a97be1f,302,2024-04-20 00:00:00,12,1452.0,75,174.24,0.0,confirmed,2024-04-26 00:00:00,2024-04-19 06:00:00,2024-04-19 06:00:00
17ae164c-2250-4cd2-b749-ca938f060fc9,235,2023-10-18 00:00:00,11,5984.0,98,718.08,598.4,cancelled,2023-12-12 00:00:00,2023-10-17 11:00:00,2023-10-17 11:00:00
b9e15cd6-5030-4018-80ad-62c95fe817fb,284,2024-07-07 00:00:00,1,176.0,97,21.12,0.0,confirmed,2024-08-24 00:00:00,2024-07-06 14:00:00,2024-07-13 14:00:00
009f7ac0-8225-46f2-ad60-d173a980bd9b,107,2024-06-05 00:00:00,11,1089.0,89,130.68,0.0,confirmed,2024-11-30 00:00:00,2024-06-04 13:00:00,2024-06-04 13:00:00
e003bd41-2c6d-4518-b489-559da6624cb0,468,2024-04-20 00:00:00,10,453.8,112,54.46,45.38,cancelled,2024-04-30 00:00:00,2024-04-19 16:00:00,2024-04-19 16:00:00
dd2e05b8-948c-4f25-b35f-ac04f7bbda45,198,2023-10-13 00:00:00,13,5824.0,136,698.88,582.4,cancelled,2024-01-21 00:00:00,2023-10-12 05:00:00,2023-10-19 05:00:00
5e517737-8df6-42fa-a627-093e2cfb210e,131,2023-07-22 00:00:00,10,3200.0,90,384.0,0.0,confirmed,2023-08-12 00:00:00,2023-07-21 17:00:00,2023-07-21 17:00:00
d6b1e369-db1e-4413-bdf3-0eb30bc26c76,147,2024-03-13 00:00:00,14,1463.0,49,175.56,0.0,confirmed,2024-07-14 00:00:00,2024-03-12 13:00:00,2024-03-17 13:00:00
1a6c2bb3-07e2-4166-927a-4d5915bc7e32,497,2024-01-05 00:00:00,11,2464.0,124,295.68,0.0,confirmed,2024-03-07 00:00:00,2024-01-04 00:00:00,2024-01-14 00:00:00
a4fede85-d014-4ea2-9882-eddaa9d17bfe,33,2023-06-17 00:00:00,14,3332.0,117,399.84,333.2,cancelled,2023-10-19 00:00:00,2023-06-16 22:00:00,2023-06-16 22:00:00
25d3834a-790c-4161-8f51-83d87f7cf226,100,2024-04-14 00:00:00,11,1254.0,72,150.48,0.0,confirmed,2024-09-25 00:00:00,2024-04-13 04:00:00,2024-04-13 04:00:00
2dcfe575-daa3-4f5a-8fe1-d6b8da260bdb,342,2023-11-23 00:00:00,3,270.0,66,32.4,27.0,cancelled,2024-05-20 00:00:00,2023-11-22 18:00:00,2023-11-22 18:00:00
f3c1563a-4d70-43e9-8e1f-5b4bf7208e37,218,2023-08-29 00:00:00,12,2109.0,89,253.08,0.0,confirmed,2023-11-20 00:00:00,2023-08-28 18:00:00,2023-08-28 18:00:00
a4b4a6b3-4292-421e-9588-dcb631ffdbf6,334,2023-07-12 00:00:00,14,1263.5,69,151.62,0.0,confirmed,2023-09-13 00:00:00,2023-07-11 09:00:00,2023-07-15 09:00:00
3fa35613-5b3b-458b-b0b2-6bf3013de0cd,353,2024-05-07 00:00:00,14,1309.0,85,157.08,0.0,confirmed,2024-09-30 00:00:00,2024-05-06 07:00:00,2024-05-11 07:00:00
a73e61a8-1da3-4efe-a3e6-e3846585ac51,66,2023-10-30 00:00:00,12,4080.0,150,489.6,0.0,confirmed,2023-11-03 00:00:00,2023-10-29 19:00:00,2023-10-29 19:00:00
90c93d9c-de5f-4e9d-96e0-ebe9420b37e7,411,2023-08-01 00:00:00,4,418.0,53,50.16,0.0,confirmed,2024-01-09 00:00:00,2023-07-31 15:00:00,2023-07-31 15:00:00
89a33e82-9224-4bbd-b3ed-53abc6709a04,186,2024-02-18 00:00:00,2,255.76,118,30.69,0.0,confirmed,2024-03-03 00:00:00,2024-02-17 15:00:00,2024-02-17 15:00:00
5090a52f-9cb7-4e82-8870-88ee413b24a8,322,2024-02-26 00:00:00,8,560.96,64,67.32,0.0,confirmed,2024-06-26 00:00:00,2024-02-25 17:00:00,2024-03-06 17:00:00
13df4963-6206-4741-bd92-6f0b8cf8b732,354,2023-08-28 00:00:00,13,6370.0,85,764.4,0.0,confirmed,2024-01-01 00:00:00,2023-08-27 13:00:00,2023-08-27 13:00:00
26f59d1c-d142-4af0-9b26-3ccf301ae0e0,172,2023-10-03 00:00:00,10,990.0,71,118.8,0.0,confirmed,2024-01-01 00:00:00,2023-10-02 22:00:00,2023-10-02 22:00:00
6156ab26-876f-4cb7-a25b-e047ceb8ba4a,377,2024-01-25 00:00:00,5,866.25,42,103.95,86.62,cancelled,2024-04-08 00:00:00,2024-01-24 12:00:00,2024-01-24 12:00:00
f1705606-46b2-4ed2-8c8b-49002189d39d,68,2024-07-21 00:00:00,14,1848.0,107,221.76,184.8,cancelled,2024-09-28 00:00:00,2024-07-20 14:00:00,2024-07-23 14:00:00
cb41ea9e-c38c-46c2-b4de-39c9b21415fc,61,2024-02-06 00:00:00,10,1443.8,134,173.26,0.0,confirmed,2024-06-28 00:00:00,2024-02-05 18:00:00,2024-02-13 18:00:00
820851ec-a75e-45ee-828a-45f40f5cac84,112,2024-02-14 00:00:00,2,792.0,115,95.04,79.2,cancelled,2024-05-26 00:00:00,2024-02-13 09:00:00,2024-02-13 09:00:00
b5abf078-b82d-45ee-80fb-dce0715a0766,192,2023-05-19 00:00:00,10,1540.0,71,184.8,154.0,cancelled,2023-08-26 00:00:00,2023-05-18 08:00:00,2023-05-18 08:00:00
19b767ba-69e4-4f88-9d48-37a67c1b5630,120,2023-12-28 00:00:00,5,332.5,122,39.9,33.25,cancelled,2024-01-09 00:00:00,2023-12-27 10:00:00,2023-12-27 10:00:00
8dee26e2-92b7-475c-996f-173eda048e53,47,2023-10-01 00:00:00,8,646.0,130,77.52,0.0,confirmed,2024-01-15 00:00:00,2023-09-30 06:00:00,2023-09-30 06:00:00
6530dbd6-cd75-456e-8ac3-c18780b75f7a,238,2024-02-24 00:00:00,1,920.0,72,110.4,0.0,confirmed,2024-05-02 00:00:00,2024-02-23 13:00:00,2024-02-24 13:00:00
1710c4cd-c11e-412b-afc8-11845bc01842,279,2023-05-05 00:00:00,11,2002.0,46,240.24,200.2,cancelled,2023-09-06 00:00:00,2023-05-04 16:00:00,2023-05-04 16:00:00
1fff7ba6-1cb9-4aef-9bcb-6f2551b488f3,18,2024-06-10 00:00:00,11,3751.0,78,450.12,0.0,confirmed,2024-07-10 00:00:00,2024-06-09 15:00:00,2024-06-09 15:00:00
008dee33-2d26-4d3e-b607-aaf33cdb3b0f,54,2024-01-20 00:00:00,9,3996.0,79,479.52,399.6,cancelled,2024-06-06 00:00:00,2024-01-19 03:00:00,2024-01-19 03:00:00
9e8c12f6-0a56-42f5-acb0-4c4f8036ab58,54,2024-03-05 00:00:00,12,5328.0,82,639.36,532.8,cancelled,2024-08-06 00:00:00,2024-03-04 01:00:00,2024-03-10 01:00:00
5ff21390-8967-4d1f-8428-e734193c6d51,174,2023-08-17 00:00:00,6,1764.0,134,211.68,0.0,confirmed,2023-11-02 00:00:00,2023-08-16 05:00:00,2023-08-19 05:00:00
05593e4d-99d8-4cba-ba9c-592f589733a2,161,2023-11-20 00:00:00,3,690.0,144,82.8,0.0,confirmed,2024-05-09 00:00:00,2023-11-19 04:00:00,2023-11-28 04:00:00
b2720dca-c5c7-45d5-b58e-a8c99694c656,466,2023-11-28 00:00:00,13,2093.0,88,251.16,0.0,confirmed,2023-12-08 00:00:00,2023-11-27 14:00:00,2023-11-27 14:00:00
8d3d9268-b4b3-49af-9273-f9bfad144bf5,168,2024-06-02 00:00:00,10,3000.0,97,360.0,0.0,confirmed,2024-07-13 00:00:00,2024-06-01 15:00:00,2024-06-01 15:00:00
b99ad8d1-4b42-4e20-9eb1-bb58c8341f92,72,2023-11-11 00:00:00,8,2160.0,55,259.2,0.0,confirmed,2023-12-07 00:00:00,2023-11-10 22:00:00,2023-11-10 22:00:00
9b23035d-e6f1-4558-87b6-26d7c84a9ad6,480,2023-10-28 00:00:00,11,1232.0,87,147.84,0.0,confirmed,2023-11-03 00:00:00,2023-10-27 23:00:00,2023-10-27 23:00:00
66b60526-f790-4039-ad32-3542e1337979,497,2024-01-21 00:00:00,10,2240.0,131,268.8,0.0,confirmed,2024-06-09 00:00:00,2024-01-20 10:00:00,2024-01-25 10:00:00
85336229-8a2c-4df6-a05a-613819198b7e,390,2024-02-16 00:00:00,12,1800.0,118,216.0,0.0,confirmed,2024-06-20 00:00:00,2024-02-15 19:00:00,2024-02-15 19:00:00
53b7956b-8a9c-452d-8bcb-e45027344727,308,2023-03-07 00:00:00,1,247.5,66,29.7,0.0,confirmed,2023-04-15 00:00:00,2023-03-06 05:00:00,2023-03-06 05:00:00
00998be2-ca49-4dd8-886e-a652688b4166,90,2023-09-30 00:00:00,3,936.0,76,112.32,93.6,cancelled,2023-12-12 00:00:00,2023-09-29 00:00:00,2023-09-29 00:00:00
51b97f88-18a5-43f3-bbd7-4b017e95c0f5,143,2023-10-04 00:00:00,2,160.0,115,19.2,0.0,confirmed,2024-02-15 00:00:00,2023-10-03 00:00:00,2023-10-03 00:00:00
ee440b7a-674f-478b-b310-451a9597627f,173,2024-04-03 00:00:00,14,5208.0,115,624.96,0.0,confirmed,2024-09-27 00:00:00,2024-04-02 13:00:00,2024-04-02 13:00:00
be318957-88d8-491a-b4b6-9d7a0b63e524,6,2023-08-01 00:00:00,7,2646.0,121,317.52,264.6,cancelled,2023-10-31 00:00:00,2023-07-31 20:00:00,2023-07-31 20:00:00
e2878ef4-b714-468b-886e-e16b0e8372f2,125,2023-07-10 00:00:00,9,2016.0,148,241.92,201.6,cancelled,2023-12-04 00:00:00,2023-07-09 14:00:00,2023-07-09 14:00:00
d055f904-5f6c-47b2-8dbf-ece3380757b2,327,2024-06-30 00:00:00,2,1116.0,82,133.92,0.0,confirmed,2024-08-07 00:00:00,2024-06-29 20:00:00,2024-06-29 20:00:00
5007f45c-7393-4697-9c67-0bd77a9d6ae9,351,2023-10-02 00:00:00,9,2079.0,103,249.48,207.9,cancelled,2023-12-02 00:00:00,2023-10-01 09:00:00,2023-10-01 09:00:00
ffabd5e7-00ea-45b4-876f-43cc1bca1eb8,41,2023-07-27 00:00:00,8,646.0,93,77.52,64.6,cancelled,2024-01-20 00:00:00,2023-07-26 17:00:00,2023-07-26 17:00:00
efc4b408-fbb6-446e-acd3-1492d531ab05,499,2023-07-08 00:00:00,9,792.0,115,95.04,0.0,confirmed,2023-08-06 00:00:00,2023-07-07 04:00:00,2023-07-07 04:00:00
20e6c9f9-62f8-4b57-b2da-887276f1b3c2,499,2023-03-10 00:00:00,2,176.0,117,21.12,0.0,confirmed,2023-05-31 00:00:00,2023-03-09 20:00:00,2023-03-09 20:00:00
29f9994a-1ae4-402b-ac4c-f664b3f2bc0f,4,2023-11-23 00:00:00,2,570.0,132,68.4,0.0,confirmed,2024-03-17 00:00:00,2023-11-22 01:00:00,2023-11-22 01:00:00
ea590b41-ccfc-494f-9c27-b3037959e659,174,2023-09-06 00:00:00,2,588.0,71,70.56,58.8,cancelled,2023-10-17 00:00:00,2023-09-05 23:00:00,2023-09-05 23:00:00
3a774ac2-89d3-429c-b2dd-6dbe97f4bfa1,439,2023-06-25 00:00:00,1,184.0,55,22.08,0.0,confirmed,2023-08-10 00:00:00,2023-06-24 17:00:00,2023-06-24 17:00:00
0216f876-3ac1-4291-973a-2c275019ad32,244,2023-08-22 00:00:00,13,2145.0,103,257.4,214.5,cancelled,2023-10-24 00:00:00,2023-08-21 20:00:00,2023-08-21 20:00:00
52b20322-39e7-44df-bea0-b2ea96e61da3,387,2024-05-04 00:00:00,2,228.0,42,27.36,0.0,confirmed,2024-08-06 00:00:00,2024-05-03 01:00:00,2024-05-03 01:00:00
68285d41-3568-44cc-bcca-0d714f9b374f,61,2024-03-17 00:00:00,5,721.9,115,86.63,72.19,cancelled,2024-07-11 00:00:00,2024-03-16 14:00:00,2024-03-16 14:00:00
e6e86bec-2710-4c85-ba55-f5f62d2faecc,93,2024-02-02 00:00:00,8,1330.0,42,159.6,0.0,confirmed,2024-04-10 00:00:00,2024-02-01 00:00:00,2024-02-01 00:00:00
e6d6425f-f62e-4bd5-8827-c00e035bad61,300,2024-04-01 00:00:00,2,304.0,53,36.48,0.0,confirmed,2024-05-28 00:00:00,2024-03-31 00:00:00,2024-03-31 00:00:00
a1979da9-051a-4b62-8aeb-5ec55845a360,173,2024-03-03 00:00:00,4,1488.0,51,178.56,0.0,confirmed,2024-04-13 00:00:00,2024-03-02 14:00:00,2024-03-02 14:00:00
6859361d-1d3c-48aa-9cbb-2ff86af10ab9,390,2023-07-11 00:00:00,10,1500.0,135,180.0,0.0,confirmed,2023-10-18 00:00:00,2023-07-10 20:00:00,2023-07-10 20:00:00
eedc6f28-5774-4ba2-a729-c16ca2899171,227,2024-02-07 00:00:00,1,136.0,65,16.32,0.0,confirmed,2024-03-19 00:00:00,2024-02-06 17:00:00,2024-02-06 17:00:00
314f3955-6bb3-4b6a-aa13-aa2f5d8c3f7c,411,2024-01-28 00:00:00,5,522.5,142,62.7,0.0,confirmed,2024-04-29 00:00:00,2024-01-27 13:00:00,2024-01-27 13:00:00
b1082b2c-f227-4bfe-a67c-8f525cf99b24,237,2024-01-29 00:00:00,7,2240.0,84,268.8,0.0,confirmed,2024-03-03 00:00:00,2024-01-28 07:00:00,2024-01-28 07:00:00
1a9ee5e7-bc4c-4252-bea9-17da9fa8b9cd,97,2023-10-10 00:00:00,1,166.25,51,19.95,0.0,confirmed,2023-10-17 00:00:00,2023-10-09 09:00:00,2023-10-09 09:00:00
392e9679-79e6-4eef-9121-1906b2eae356,47,2024-04-24 00:00:00,7,565.25,123,67.83,56.53,cancelled,2024-09-19 00:00:00,2024-04-23 08:00:00,2024-04-23 08:00:00
fe919240-1fd5-4862-ad76-cae5c66aa57b,278,2023-09-30 00:00:00,2,308.0,135,36.96,0.0,confirmed,2023-12-20 00:00:00,2023-09-29 04:00:00,2023-09-29 04:00:00
cf8f0b0c-d844-42a0-b84e-8ad5135921d6,375,2023-08-05 00:00:00,11,1270.5,130,152.46,127.05,cancelled,2024-01-21 00:00:00,2023-08-04 16:00:00,2023-08-04 16:00:00
0db89cf4-0aea-41d6-9ed5-43d801da7ff0,374,2023-05-19 00:00:00,7,1792.0,76,215.04,179.2,cancelled,2023-08-20 00:00:00,2023-05-18 20:00:00,2023-05-22 20:00:00
4a2d014c-6ade-421a-a258-58945cfcd868,51,2023-06-17 00:00:00,6,1386.0,55,166.32,0.0,confirmed,2023-09-23 00:00:00,2023-06-16 05:00:00,2023-06-16 05:00:00
8dce9efc-dc6e-41e8-8c95-be77f8546f87,50,2024-03-07 00:00:00,3,630.0,61,75.6,0.0,confirmed,2024-05-06 00:00:00,2024-03-06 21:00:00,2024-03-06 21:00:00
196823c0-101b-4c85-88dc-566cee84aec4,39,2023-10-13 00:00:00,2,264.0,126,31.68,0.0,confirmed,2023-12-12 00:00:00,2023-10-12 07:00:00,2023-10-12 07:00:00
fc205be6-7c2a-4c45-825c-5bf4861c55f7,269,2024-08-13 00:00:00,5,1105.0,105,132.6,0.0,confirmed,2024-10-01 00:00:00,2024-08-12 00:00:00,2024-08-12 00:00:00
cc875373-7f86-4a94-9f48-2e1635b5f353,295,2023-10-01 00:00:00,10,700.0,143,84.0,0.0,confirmed,2024-03-19 00:00:00,2023-09-30 20:00:00,2023-09-30 20:00:00
072da501-4755-4476-8887-238fa9a08b8b,307,2023-12-05 00:00:00,9,1764.0,128,211.68,0.0,confirmed,2023-12-19 00:00:00,2023-12-04 03:00:00,2023-12-12 03:00:00
a1538497-368c-4567-9612-f2a75b3a4b6b,13,2023-12-05 00:00:00,3,672.0,45,80.64,0.0,confirmed,2024-03-22 00:00:00,2023-12-04 10:00:00,2023-12-04 10:00:00
fa7619c2-5f80-4a1e-9026-3bb91ef5f64d,205,2024-02-29 00:00:00,7,1995.0,128,239.4,0.0,confirmed,2024-04-15 00:00:00,2024-02-28 15:00:00,2024-02-28 15:00:00
e2cd3363-a8c0-473c-a5f1-5a3024c041ff,219,2023-11-05 00:00:00,2,228.0,146,27.36,22.8,cancelled,2024-02-03 00:00:00,2023-11-04 15:00:00,2023-11-11 15:00:00
dab68f18-0d58-42ed-9fa5-2cfb8adec8ed,368,2024-04-28 00:00:00,12,1920.0,61,230.4,0.0,confirmed,2024-10-16 00:00:00,2024-04-27 05:00:00,2024-04-27 05:00:00
b3ccf7b9-fd37-4b9c-9f5e-a419606f8a86,141,2023-09-18 00:00:00,9,1113.75,80,133.65,111.38,cancelled,2023-12-28 00:00:00,2023-09-17 18:00:00,2023-09-27 18:00:00
49c2f7fa-4ef1-42b9-9cdf-6772622d6fe5,25,2023-08-07 00:00:00,5,268.1,136,32.17,0.0,confirmed,2024-01-10 00:00:00,2023-08-06 08:00:00,2023-08-14 08:00:00
1451dfb3-bff7-4573-974f-9fdcb5d159f0,181,2023-02-15 00:00:00,10,3640.0,98,436.8,0.0,confirmed,2023-08-01 00:00:00,2023-02-14 14:00:00,2023-02-14 14:00:00
fbef0402-b2aa-4e09-9c7e-7cc1d3b3fb1c,3,2023-07-30 00:00:00,14,6468.0,123,776.16,0.0,confirmed,2023-08-07 00:00:00,2023-07-29 11:00:00,2023-07-29 11:00:00
1b9793a5-838b-4c50-8714-b8b50d71761b,321,2024-01-02 00:00:00,11,2574.0,121,308.88,0.0,confirmed,2024-05-15 00:00:00,2024-01-01 22:00:00,2024-01-05 22:00:00
f7e80bb4-5979-4cef-92d7-4a4bd414bfec,394,2023-10-24 00:00:00,1,57.75,81,6.93,0.0,confirmed,2023-12-09 00:00:00,2023-10-23 13:00:00,2023-10-23 13:00:00
8642a36a-0640-48fb-802a-25378e0a1c1e,393,2024-09-13 00:00:00,10,2300.0,100,276.0,0.0,confirmed,2024-11-11 00:00:00,2024-09-12 11:00:00,2024-09-12 11:00:00
36bde60d-40ad-4ac4-a538-38501c8bf529,135,2024-01-04 00:00:00,14,1540.0,44,184.8,0.0,confirmed,2024-02-05 00:00:00,2024-01-03 15:00:00,2024-01-06 15:00:00
00657298-3db3-41fa-9cda-f7ec92ee57f5,231,2023-09-17 00:00:00,2,305.24,118,36.63,0.0,confirmed,2023-10-11 00:00:00,2023-09-16 01:00:00,2023-09-16 01:00:00
197e4e11-f6b7-4847-b5b6-36fc4113d724,125,2023-07-26 00:00:00,8,1792.0,85,215.04,179.2,cancelled,2024-01-13 00:00:00,2023-07-25 14:00:00,2023-07-25 14:00:00
6bd9a8b1-4092-4be2-ab06-c16799f66e67,356,2023-07-30 00:00:00,13,4329.0,102,519.48,432.9,cancelled,2023-12-16 00:00:00,2023-07-29 22:00:00,2023-07-29 22:00:00
e60d1723-487a-4901-a6f0-ab8705144788,294,2023-11-28 00:00:00,9,1325.25,135,159.03,132.53,cancelled,2024-05-07 00:00:00,2023-11-27 13:00:00,2023-11-27 13:00:00
e8215c30-4089-4992-881b-75c5d7b59a4e,143,2023-10-12 00:00:00,2,160.0,108,19.2,16.0,cancelled,2024-01-28 00:00:00,2023-10-11 08:00:00,2023-10-17 08:00:00
820ec2f8-c6ab-429c-a8cb-2068fee87a2a,272,2023-09-16 00:00:00,14,7203.0,129,864.36,720.3,cancelled,2024-02-22 00:00:00,2023-09-15 06:00:00,2023-09-15 06:00:00
d179a643-42f7-4e37-9881-faf9c47db51d,187,2024-03-11 00:00:00,6,2691.0,111,322.92,269.1,cancelled,2024-04-20 00:00:00,2024-03-10 06:00:00,2024-03-10 06:00:00
c50599f5-a1b2-4c75-8e5c-2851f586e387,242,2024-04-18 00:00:00,8,1408.0,144,168.96,140.8,cancelled,2024-09-25 00:00:00,2024-04-17 02:00:00,2024-04-23 02:00:00
b5b5eabd-c434-4bd8-a4fb-cc55eff6d10e,436,2024-09-03 00:00:00,10,1350.0,132,162.0,135.0,cancelled,2024-11-25 00:00:00,2024-09-02 09:00:00,2024-09-02 09:00:00
c700c9dc-6a60-4860-a989-5883e956608b,291,2024-03-12 00:00:00,11,1309.0,132,157.08,0.0,confirmed,2024-06-21 00:00:00,2024-03-11 19:00:00,2024-03-11 19:00:00
a11ddf3e-4e4e-4246-9056-863a895e3930,122,2024-01-09 00:00:00,7,2730.0,117,327.6,0.0,confirmed,2024-01-12 00:00:00,2024-01-08 06:00:00,2024-01-08 06:00:00
25d2b766-1e72-4985-97a2-c5a5b1ac4c8d,314,2024-01-25 00:00:00,9,1836.0,130,220.32,183.6,cancelled,2024-04-12 00:00:00,2024-01-24 16:00:00,2024-01-24 16:00:00
94e93ee5-e23c-4a09-97d7-e23896b56b7c,386,2024-03-16 00:00:00,1,80.75,135,9.69,0.0,confirmed,2024-03-29 00:00:00,2024-03-15 16:00:00,2024-03-15 16:00:00
51ffc3db-535d-42a6-b2ea-e6cafbac3e91,251,2024-01-31 00:00:00,1,189.75,52,22.77,0.0,confirmed,2024-03-11 00:00:00,2024-01-30 16:00:00,2024-01-30 16:00:00
28098ea2-0ec5-4e0b-91b7-c9f208d8e244,460,2023-12-04 00:00:00,14,7728.0,150,927.36,0.0,confirmed,2023-12-18 00:00:00,2023-12-03 00:00:00,2023-12-03 00:00:00
95fd04d2-a883-45f1-ae27-6145384f322f,77,2023-09-18 00:00:00,6,960.0,136,115.2,0.0,confirmed,2023-11-04 00:00:00,2023-09-17 07:00:00,2023-09-17 07:00:00
67669575-0d06-4a6c-a1f3-f17a653b74fb,173,2024-02-07 00:00:00,13,4836.0,92,580.32,483.6,cancelled,2024-07-12 00:00:00,2024-02-06 01:00:00,2024-02-12 01:00:00
9857efd5-28a7-4601-859c-57bb9a71cc0b,436,2024-06-14 00:00:00,5,675.0,53,81.0,67.5,cancelled,2024-10-06 00:00:00,2024-06-13 16:00:00,2024-06-15 16:00:00
286b587b-0e87-4ec5-8c4e-74f3066a84d7,120,2023-11-07 00:00:00,8,532.0,88,63.84,0.0,confirmed,2023-11-25 00:00:00,2023-11-06 17:00:00,2023-11-06 17:00:00
0adc58d0-4c95-44b1-9291-edca5f477157,264,2023-04-04 00:00:00,5,550.0,89,66.0,0.0,confirmed,2023-07-18 00:00:00,2023-04-03 05:00:00,2023-04-03 05:00:00
39a3c38d-9b16-4709-8f4f-9b6c39566dec,292,2023-07-22 00:00:00,3,1890.0,62,226.8,0.0,confirmed,2023-10-29 00:00:00,2023-07-21 06:00:00,2023-07-21 06:00:00
7a7489ed-e2cb-4cf9-b1a7-8416145a11f7,364,2024-05-27 00:00:00,11,1452.0,44,174.24,145.2,cancelled,2024-08-24 00:00:00,2024-05-26 10:00:00,2024-05-26 10:00:00
4148f307-610b-403a-8620-c151941e1b41,54,2023-09-08 00:00:00,11,4884.0,47,586.08,0.0,confirmed,2023-12-27 00:00:00,2023-09-07 01:00:00,2023-09-07 01:00:00
f43d492f-609c-4761-b533-4557773edd0c,306,2024-06-05 00:00:00,10,1260.0,148,151.2,126.0,cancelled,2024-11-16 00:00:00,2024-06-04 23:00:00,2024-06-04 23:00:00
bfa64d7a-6a08-4b53-8301-00b29effce31,36,2024-07-02 00:00:00,2,544.0,86,65.28,0.0,confirmed,2024-09-11 00:00:00,2024-07-01 12:00:00,2024-07-01 12:00:00
5ac2941b-c361-4419-9027-8a2d33f70c68,72,2023-09-19 00:00:00,10,2700.0,131,324.0,0.0,confirmed,2024-02-25 00:00:00,2023-09-18 16:00:00,2023-09-18 16:00:00
7a652895-b7cf-406e-a746-d83d3442211a,499,2023-07-15 00:00:00,1,88.0,42,10.56,0.0,confirmed,2023-09-28 00:00:00,2023-07-14 14:00:00,2023-07-14 14:00:00
9721c442-4155-48f4-90a8-08b354bab1f2,439,2024-03-16 00:00:00,14,2576.0,122,309.12,257.6,cancelled,2024-05-19 00:00:00,2024-03-15 17:00:00,2024-03-15 17:00:00
9467df05-9418-451b-9a7e-47a2740ee024,8,2023-03-15 00:00:00,6,544.5,125,65.34,0.0,confirmed,2023-08-19 00:00:00,2023-03-14 09:00:00,2023-03-14 09:00:00
61a0f207-0421-4ce8-9ab3-1dc7c41c8604,334,2023-11-27 00:00:00,10,902.5,91,108.3,0.0,confirmed,2024-01-27 00:00:00,2023-11-26 20:00:00,2023-11-26 20:00:00
e3a55404-e04e-4707-bbf6-b4c440c55578,301,2024-03-20 00:00:00,12,841.44,41,100.97,0.0,confirmed,2024-06-08 00:00:00,2024-03-19 22:00:00,2024-03-19 22:00:00
a85cc9de-9c4e-4379-b4f0-71fd9702512b,232,2024-03-19 00:00:00,1,112.0,97,13.44,0.0,confirmed,2024-04-26 00:00:00,2024-03-18 02:00:00,2024-03-18 02:00:00
08a5fa38-bd6d-4613-925a-bd3616a52aba,471,2024-04-23 00:00:00,6,3162.0,86,379.44,0.0,confirmed,2024-05-16 00:00:00,2024-04-22 17:00:00,2024-04-22 17:00:00
13c8ffd5-0578-41b5-8386-1522cc3af4c3,353,2024-02-15 00:00:00,7,654.5,126,78.54,65.45,cancelled,2024-07-13 00:00:00,2024-02-14 01:00:00,2024-02-14 01:00:00
8cbe54e3-2608-4033-80f5-789719660146,88,2023-11-01 00:00:00,3,655.5,106,78.66,65.55,cancelled,2024-02-06 00:00:00,2023-10-31 08:00:00,2023-10-31 08:00:00
d42726db-89f1-4823-b8d5-4416481fb146,276,2023-08-29 00:00:00,8,1140.0,137,136.8,0.0,confirmed,2023-11-06 00:00:00,2023-08-28 12:00:00,2023-08-28 12:00:00
2e89ceef-8c83-4385-b9aa-2bdcec4c4453,43,2024-01-17 00:00:00,3,198.0,143,23.76,0.0,confirmed,2024-02-04 00:00:00,2024-01-16 11:00:00,2024-01-16 11:00:00
9495d168-5756-498b-9f90-21b5f175acbd,249,2024-03-14 00:00:00,4,418.0,133,50.16,0.0,confirmed,2024-03-27 00:00:00,2024-03-13 02:00:00,2024-03-13 02:00:00
ce58389a-e714-48b3-b476-2e5ff18af30f,258,2023-11-19 00:00:00,12,4218.0,109,506.16,421.8,cancelled,2024-04-18 00:00:00,2023-11-18 15:00:00,2023-11-18 15:00:00
4900d8bd-fe45-433e-aec8-7f7d731bef55,293,2023-06-08 00:00:00,7,2061.5,124,247.38,206.15,cancelled,2023-11-01 00:00:00,2023-06-07 07:00:00,2023-06-07 07:00:00
a99a01fe-606c-45b1-8d7a-5a92a35f7b62,130,2024-02-12 00:00:00,2,480.0,146,57.6,48.0,cancelled,2024-06-30 00:00:00,2024-02-11 07:00:00,2024-02-11 07:00:00
b164f1ea-7301-4323-bbe9-a821f254fc7d,12,2024-05-24 00:00:00,4,608.0,57,72.96,60.8,cancelled,2024-09-20 00:00:00,2024-05-23 10:00:00,2024-05-23 10:00:00
62167419-85c0-471b-bdb7-cd37f91eeb18,339,2024-04-09 00:00:00,8,784.0,91,94.08,0.0,confirmed,2024-05-02 00:00:00,2024-04-08 17:00:00,2024-04-08 17:00:00
08fd17e0-444f-4034-b2a3-9b98f0d10744,58,2023-06-29 00:00:00,2,434.0,123,52.08,0.0,confirmed,2023-10-28 00:00:00,2023-06-28 10:00:00,2023-06-28 10:00:00
8e124545-a95f-4922-9c7c-304b672338c8,127,2023-12-07 00:00:00,9,630.0,90,75.6,0.0,confirmed,2024-01-27 00:00:00,2023-12-06 20:00:00,2023-12-06 20:00:00
efbb32cd-2935-4830-b7a1-32d767b8e49c,105,2023-09-20 00:00:00,7,539.0,61,64.68,0.0,confirmed,2023-10-05 00:00:00,2023-09-19 12:00:00,2023-09-19 12:00:00
2d27dac4-256a-451f-9409-21dfcac6a583,95,2023-11-25 00:00:00,12,1530.0,99,183.6,153.0,cancelled,2024-05-19 00:00:00,2023-11-24 00:00:00,2023-11-24 00:00:00
c759c1b1-dbd7-48f2-9ac0-646e4f91907a,102,2024-04-22 00:00:00,9,769.5,88,92.34,0.0,confirmed,2024-05-22 00:00:00,2024-04-21 21:00:00,2024-04-21 21:00:00
9ca97525-5d91-42ca-aa38-b4d1e1352457,16,2023-11-04 00:00:00,1,342.0,110,41.04,34.2,cancelled,2024-04-17 00:00:00,2023-11-03 12:00:00,2023-11-03 12:00:00
d95d76c2-ed58-4f14-891c-200bb13f6c43,58,2023-03-23 00:00:00,7,1519.0,50,182.28,151.9,cancelled,2023-07-27 00:00:00,2023-03-22 15:00:00,2023-03-22 15:00:00
b54df633-f1b9-48db-923e-52dd1d40b154,192,2023-03-07 00:00:00,14,2156.0,82,258.72,0.0,confirmed,2023-03-15 00:00:00,2023-03-06 20:00:00,2023-03-06 20:00:00
2044d39f-39b2-4b1d-a930-de7345b12025,191,2023-12-16 00:00:00,1,437.0,63,52.44,0.0,confirmed,2024-01-15 00:00:00,2023-12-15 01:00:00,2023-12-15 01:00:00
aae2581d-68fa-4ecc-adb8-563e5a060588,65,2023-09-08 00:00:00,6,858.0,79,102.96,0.0,confirmed,2024-01-26 00:00:00,2023-09-07 02:00:00,2023-09-07 02:00:00
a8030992-6997-4574-a1a3-d981a5511b14,391,2024-02-14 00:00:00,6,720.0,87,86.4,0.0,confirmed,2024-03-19 00:00:00,2024-02-13 09:00:00,2024-02-13 09:00:00
1bc141d8-8c41-4192-83de-591d078119d4,280,2024-05-04 00:00:00,11,2904.0,123,348.48,290.4,cancelled,2024-09-16 00:00:00,2024-05-03 02:00:00,2024-05-03 02:00:00
256f6b6c-22bf-4deb-ae68-1e9f189d44f3,499,2023-07-16 00:00:00,1,88.0,112,10.56,8.8,cancelled,2023-11-05 00:00:00,2023-07-15 21:00:00,2023-07-15 21:00:00
e0e1b2ec-a1bb-436a-aebb-2cf9db59cda2,51,2023-07-22 00:00:00,1,231.0,83,27.72,0.0,confirmed,2023-10-10 00:00:00,2023-07-21 23:00:00,2023-07-21 23:00:00
6bfeedc8-ed56-4404-bada-6587a8eb50e7,357,2024-03-18 00:00:00,1,152.0,77,18.24,0.0,confirmed,2024-08-26 00:00:00,2024-03-17 05:00:00,2024-03-17 05:00:00
17a7bfb8-67a8-403b-b525-fb1761c9a41f,486,2023-06-15 00:00:00,6,528.0,89,63.36,0.0,confirmed,2023-08-13 00:00:00,2023-06-14 16:00:00,2023-06-15 16:00:00
574d9c3b-6ffc-45ab-8401-442ff5fb7916,273,2024-02-17 00:00:00,1,90.0,136,10.8,0.0,confirmed,2024-03-15 00:00:00,2024-02-16 17:00:00,2024-02-16 17:00:00
39c43116-93b3-4a21-9fcf-117f20682af4,37,2023-12-19 00:00:00,1,294.0,129,35.28,0.0,confirmed,2024-06-11 00:00:00,2023-12-18 12:00:00,2023-12-18 12:00:00
9bd8791e-0130-4d87-ab3d-97259f6f3275,71,2023-10-16 00:00:00,11,935.0,148,112.2,0.0,confirmed,2023-11-15 00:00:00,2023-10-15 15:00:00,2023-10-15 15:00:00
19749b5f-ae59-4884-ac2d-324b141ef3db,363,2024-06-01 00:00:00,12,2508.0,130,300.96,0.0,confirmed,2024-06-06 00:00:00,2024-05-31 21:00:00,2024-05-31 21:00:00
9e62562a-9d5d-40bc-863e-2a5d413f52af,399,2024-02-16 00:00:00,10,2082.5,52,249.9,0.0,confirmed,2024-05-26 00:00:00,2024-02-15 09:00:00,2024-02-15 09:00:00
20bd768f-4ff3-4e27-a1f3-4f733f313de8,139,2024-06-09 00:00:00,9,1197.0,143,143.64,119.7,cancelled,2024-10-29 00:00:00,2024-06-08 23:00:00,2024-06-08 23:00:00
f2d0c8df-1859-4411-ae73-7b025243673f,465,2023-11-03 00:00:00,4,532.0,105,63.84,53.2,cancelled,2023-12-13 00:00:00,2023-11-02 11:00:00,2023-11-02 11:00:00
d9d1f044-d9a8-42ac-a16b-91f01b8a9442,80,2024-08-06 00:00:00,8,3120.0,134,374.4,0.0,confirmed,2024-08-22 00:00:00,2024-08-05 02:00:00,2024-08-05 02:00:00
9253aaf2-a822-405d-91b0-38549969b03e,68,2024-02-13 00:00:00,7,924.0,67,110.88,92.4,cancelled,2024-06-12 00:00:00,2024-02-12 14:00:00,2024-02-12 14:00:00
974ee456-43a1-4bb3-bc07-ff1647be7781,115,2024-04-19 00:00:00,12,5040.0,132,604.8,0.0,confirmed,2024-05-19 00:00:00,2024-04-18 00:00:00,2024-04-18 00:00:00
22d28495-68cf-4bac-83b6-c3cd6806e19c,75,2024-04-28 00:00:00,2,280.0,49,33.6,0.0,confirmed,2024-10-03 00:00:00,2024-04-27 02:00:00,2024-05-02 02:00:00
39fbdd40-68f1-47c3-885c-ee51df58df99,296,2024-01-26 00:00:00,14,1001.0,64,120.12,100.1,cancelled,2024-04-11 00:00:00,2024-01-25 13:00:00,2024-01-25 13:00:00
41827fb8-5362-4474-afd9-d3449220ab59,446,2023-11-27 00:00:00,4,637.0,81,76.44,0.0,confirmed,2024-03-23 00:00:00,2023-11-26 10:00:00,2023-11-26 10:00:00
9d4f98da-2336-420a-b7f8-50fd87722f89,116,2023-02-07 00:00:00,9,816.75,109,98.01,81.68,cancelled,2023-03-12 00:00:00,2023-02-06 13:00:00,2023-02-06 13:00:00
f862b84a-70c4-4da8-b383-b2441a1465ea,86,2023-11-20 00:00:00,9,2592.0,80,311.04,0.0,confirmed,2024-03-30 00:00:00,2023-11-19 10:00:00,2023-11-19 10:00:00
6c054b0b-ff73-4445-9e8e-57226c5df4ac,266,2023-10-25 00:00:00,12,1530.0,48,183.6,153.0,cancelled,2024-04-18 00:00:00,2023-10-24 07:00:00,2023-10-24 07:00:00
6d15485f-ff99-49c5-960f-2f715573df01,284,2024-05-18 00:00:00,6,1056.0,46,126.72,0.0,confirmed,2024-08-11 00:00:00,2024-05-17 12:00:00,2024-05-17 12:00:00
c02cad49-9a45-4da8-b50f-4a27b6cae417,266,2023-10-15 00:00:00,14,1785.0,59,214.2,0.0,confirmed,2023-11-07 00:00:00,2023-10-14 06:00:00,2023-10-14 06:00:00
a761be0c-e8ce-4eef-8ef6-7eeaaf00fcc1,169,2023-08-26 00:00:00,6,1248.0,68,149.76,0.0,confirmed,2023-09-23 00:00:00,2023-08-25 18:00:00,2023-09-04 18:00:00
57081543-837b-4a27-8722-135b165004c7,403,2024-05-23 00:00:00,1,70.0,87,8.4,7.0,cancelled,2024-08-13 00:00:00,2024-05-22 19:00:00,2024-05-22 19:00:00
683e395b-20f8-4f8d-9ff7-f43e7b3fc9bf,490,2024-09-02 00:00:00,14,3192.0,93,383.04,0.0,confirmed,2025-01-07 00:00:00,2024-09-01 23:00:00,2024-09-01 23:00:00
0fa83667-bdde-4950-b822-6dc0ca09efa2,309,2023-09-27 00:00:00,6,940.5,125,112.86,0.0,confirmed,2023-12-29 00:00:00,2023-09-26 10:00:00,2023-09-26 10:00:00
214950c0-ae5e-44fd-9a35-2b79d8674cd6,341,2023-11-24 00:00:00,11,907.5,118,108.9,0.0,confirmed,2023-12-16 00:00:00,2023-11-23 13:00:00,2023-11-23 13:00:00
1007896e-6a3f-4155-a04e-f87b16aaa94f,311,2024-06-06 00:00:00,6,1089.0,83,130.68,0.0,confirmed,2024-07-24 00:00:00,2024-06-05 00:00:00,2024-06-05 00:00:00
c12fe0b1-30c3-47e1-aa17-dad040dde218,90,2023-06-25 00:00:00,7,2184.0,75,262.08,0.0,confirmed,2023-10-05 00:00:00,2023-06-24 05:00:00,2023-06-24 05:00:00
797a869d-d5e3-4f67-b5ba-796a29eb39d8,97,2023-04-24 00:00:00,3,498.75,91,59.85,49.88,cancelled,2023-07-18 00:00:00,2023-04-23 22:00:00,2023-04-23 22:00:00
7fcf944f-e260-438e-9fe8-3fe1fa2398e5,252,2024-03-20 00:00:00,12,3936.0,96,472.32,393.6,cancelled,2024-03-27 00:00:00,2024-03-19 15:00:00,2024-03-19 15:00:00
a95ad3f7-c464-4cef-9206-c9cc490849d7,360,2024-06-29 00:00:00,9,598.5,67,71.82,0.0,confirmed,2024-11-24 00:00:00,2024-06-28 03:00:00,2024-06-28 03:00:00
a4dad075-4354-4334-bc4d-65270a214a65,488,2023-11-02 00:00:00,11,2728.0,150,327.36,272.8,cancelled,2024-03-13 00:00:00,2023-11-01 18:00:00,2023-11-01 18:00:00
fbd34d89-42ec-447b-b24f-5f03ade1665e,151,2024-04-22 00:00:00,14,4018.0,50,482.16,0.0,confirmed,2024-04-24 00:00:00,2024-04-21 22:00:00,2024-04-21 22:00:00
a6bcd053-b59a-47c1-a596-b92462b5fc79,73,2023-06-25 00:00:00,4,759.0,109,91.08,0.0,confirmed,2023-08-23 00:00:00,2023-06-24 05:00:00,2023-06-24 05:00:00
e54707a9-8628-428e-a537-4d6abb52451c,424,2023-12-11 00:00:00,11,1875.5,54,225.06,187.55,cancelled,2024-04-14 00:00:00,2023-12-10 14:00:00,2023-12-10 14:00:00
5ae0bd59-8ad0-40c4-9f04-33f521170d33,237,2024-02-21 00:00:00,10,3200.0,137,384.0,320.0,cancelled,2024-08-06 00:00:00,2024-02-20 05:00:00,2024-02-20 05:00:00
9752174f-b42d-4195-b3fd-66986e0f8ae9,101,2024-03-29 00:00:00,2,140.24,101,16.83,0.0,confirmed,2024-04-14 00:00:00,2024-03-28 12:00:00,2024-03-28 12:00:00
03837eb5-8bd7-49da-af64-aff402588b24,28,2024-07-05 00:00:00,13,2912.0,111,349.44,0.0,confirmed,2024-12-15 00:00:00,2024-07-04 17:00:00,2024-07-04 17:00:00
8f3d4d4d-7a90-4b73-b3f8-71d6fda00c5c,236,2023-11-21 00:00:00,4,2184.0,138,262.08,218.4,cancelled,2024-05-03 00:00:00,2023-11-20 03:00:00,2023-11-20 03:00:00
eed693db-f3e8-4a5d-a7cd-0a3ffc995a2e,239,2023-05-25 00:00:00,9,594.0,131,71.28,0.0,confirmed,2023-07-29 00:00:00,2023-05-24 09:00:00,2023-06-03 09:00:00
9d6a709b-46db-4e8a-9cc0-c45f395f76ee,39,2023-03-29 00:00:00,8,1056.0,93,126.72,0.0,confirmed,2023-04-24 00:00:00,2023-03-28 09:00:00,2023-03-28 09:00:00
e137ed09-3e33-4c7c-8302-a1fcece696ab,132,2024-02-08 00:00:00,1,330.0,148,39.6,0.0,confirmed,2024-03-04 00:00:00,2024-02-07 14:00:00,2024-02-07 14:00:00
af5be0f1-ba9b-45cf-bc90-2f1d6931a808,319,2024-01-16 00:00:00,6,816.72,93,98.01,0.0,confirmed,2024-01-29 00:00:00,2024-01-15 22:00:00,2024-01-15 22:00:00
5cf4e133-01ff-4e87-84b7-b769de918757,101,2024-06-26 00:00:00,7,490.84,133,58.9,0.0,confirmed,2024-07-15 00:00:00,2024-06-25 01:00:00,2024-06-25 01:00:00
f32ffe98-c9c0-4dd5-b0f0-18ded252c432,78,2024-03-11 00:00:00,3,313.5,142,37.62,0.0,confirmed,2024-03-27 00:00:00,2024-03-10 08:00:00,2024-03-18 08:00:00
44196aec-55e0-46ab-9bac-a88ae5ad2c47,345,2024-01-31 00:00:00,4,448.0,100,53.76,0.0,confirmed,2024-02-28 00:00:00,2024-01-30 10:00:00,2024-01-30 10:00:00
7b98a9fd-2f90-4510-b3d7-6f220d9fc230,331,2024-03-10 00:00:00,2,170.0,103,20.4,17.0,cancelled,2024-05-22 00:00:00,2024-03-09 21:00:00,2024-03-09 21:00:00
4a320afb-a511-458b-b11c-c6ad808581f5,138,2024-01-09 00:00:00,6,767.28,92,92.07,0.0,confirmed,2024-03-10 00:00:00,2024-01-08 07:00:00,2024-01-12 07:00:00
e02b2d8f-d8aa-4d76-bff0-13742125c112,441,2023-08-14 00:00:00,9,1665.0,65,199.8,0.0,confirmed,2024-02-05 00:00:00,2023-08-13 00:00:00,2023-08-13 00:00:00
e94cb3a7-5178-494c-a301-d052a00bf05a,232,2023-08-20 00:00:00,14,1568.0,66,188.16,156.8,cancelled,2024-01-13 00:00:00,2023-08-19 02:00:00,2023-08-19 02:00:00
2c21983b-8148-414e-a84d-dc9ab8255617,285,2024-03-23 00:00:00,5,618.75,106,74.25,0.0,confirmed,2024-06-25 00:00:00,2024-03-22 15:00:00,2024-03-22 15:00:00
16c7e6fc-cb14-40da-b1c8-97db6b7f1abf,25,2023-12-20 00:00:00,7,375.34,48,45.04,0.0,confirmed,2024-02-12 00:00:00,2023-12-19 12:00:00,2023-12-19 12:00:00
073995ef-d4b5-40ab-ba5d-927b7cbb9dc7,241,2024-02-12 00:00:00,2,264.0,40,31.68,0.0,confirmed,2024-02-21 00:00:00,2024-02-11 16:00:00,2024-02-11 16:00:00
5ba176e5-e41d-4f1d-81df-bcc72dbef659,252,2023-12-08 00:00:00,7,2296.0,133,275.52,229.6,cancelled,2024-02-26 00:00:00,2023-12-07 17:00:00,2023-12-07 17:00:00
d078483e-3c39-4f89-9014-32e923da9cca,38,2023-08-08 00:00:00,9,2970.0,47,356.4,297.0,cancelled,2023-09-05 00:00:00,2023-08-07 01:00:00,2023-08-07 01:00:00
acdc3cdf-4b36-4ebb-a979-4eb197cedc1f,350,2024-01-22 00:00:00,7,1568.0,90,188.16,0.0,confirmed,2024-07-15 00:00:00,2024-01-21 08:00:00,2024-01-21 08:00:00
d142c616-7590-46d3-80f8-7bcaeb120599,328,2023-09-25 00:00:00,6,1596.0,81,191.52,0.0,confirmed,2023-11-15 00:00:00,2023-09-24 16:00:00,2023-09-24 16:00:00
3e5f3b5c-695b-44f8-9996-0dc86fffd3ca,269,2024-07-19 00:00:00,3,663.0,118,79.56,0.0,confirmed,2024-11-28 00:00:00,2024-07-18 08:00:00,2024-07-18 08:00:00
e37400c5-eb7a-44c0-91f0-4aa54424d29f,387,2024-04-06 00:00:00,13,1482.0,122,177.84,0.0,confirmed,2024-07-09 00:00:00,2024-04-05 15:00:00,2024-04-05 15:00:00
9285d667-16f5-4687-92a1-7f654cc0d250,73,2023-06-28 00:00:00,6,1138.5,118,136.62,113.85,cancelled,2023-12-18 00:00:00,2023-06-27 03:00:00,2023-06-28 03:00:00
7c7a76e0-e936-4c40-ab40-c351dbcb57d3,90,2023-09-14 00:00:00,14,4368.0,55,524.16,0.0,confirmed,2023-10-09 00:00:00,2023-09-13 13:00:00,2023-09-13 13:00:00
a115c21c-7121-4fea-913c-ecc186fb346e,448,2023-06-28 00:00:00,14,1862.0,61,223.44,0.0,confirmed,2023-08-28 00:00:00,2023-06-27 19:00:00,2023-06-27 19:00:00
1e4be1eb-d3ca-4696-ab7f-8df11382a95d,82,2023-08-31 00:00:00,11,6512.0,78,781.44,651.2,cancelled,2024-01-01 00:00:00,2023-08-30 13:00:00,2023-08-30 13:00:00
fe8680bf-5672-4509-974a-70904c98131f,50,2024-02-02 00:00:00,10,2100.0,77,252.0,0.0,confirmed,2024-06-13 00:00:00,2024-02-01 09:00:00,2024-02-01 09:00:00
8deeae13-45a6-4c86-8867-c104ad650ae0,110,2024-03-27 00:00:00,11,2090.0,85,250.8,0.0,confirmed,2024-08-23 00:00:00,2024-03-26 15:00:00,2024-03-26 15:00:00
c32fcaac-02f2-4a60-ae8f-0e4ba928dc99,367,2023-12-02 00:00:00,6,1581.0,57,189.72,0.0,confirmed,2024-01-18 00:00:00,2023-12-01 04:00:00,2023-12-01 04:00:00
02177cfd-9837-45b7-8967-abfbdf5b7af3,163,2023-03-05 00:00:00,12,8280.0,122,993.6,0.0,confirmed,2023-03-21 00:00:00,2023-03-04 01:00:00,2023-03-04 01:00:00
0c16042c-b36f-4e2d-85b9-09b613c248ce,220,2023-11-29 00:00:00,6,594.0,123,71.28,0.0,confirmed,2024-05-01 00:00:00,2023-11-28 09:00:00,2023-11-28 09:00:00
1e8a426b-8617-4d57-9f90-9095b8f073aa,273,2023-11-24 00:00:00,2,180.0,68,21.6,0.0,confirmed,2023-12-12 00:00:00,2023-11-23 06:00:00,2023-11-23 06:00:00
9beab6c3-701b-4f2d-b390-f6a3b6bb2881,468,2023-11-30 00:00:00,13,589.94,109,70.79,58.99,cancelled,2024-04-05 00:00:00,2023-11-29 21:00:00,2023-11-29 21:00:00
5313424d-1399-458c-9bb2-a7433dc818cf,112,2024-01-19 00:00:00,5,1980.0,89,237.6,0.0,confirmed,2024-04-13 00:00:00,2024-01-18 23:00:00,2024-01-18 23:00:00
3a1e9cbe-5e6e-40a3-bcdf-88105dbbb43c,249,2023-11-28 00:00:00,8,836.0,58,100.32,0.0,confirmed,2023-12-08 00:00:00,2023-11-27 20:00:00,2023-11-27 20:00:00
70760922-00fc-46b8-85d0-be3f1ecb0854,45,2023-06-13 00:00:00,1,88.0,100,10.56,0.0,confirmed,2023-11-27 00:00:00,2023-06-12 03:00:00,2023-06-12 03:00:00
876b067b-0c04-4bd1-9703-381835050c5a,185,2023-11-10 00:00:00,8,896.0,68,107.52,89.6,cancelled,2024-05-05 00:00:00,2023-11-09 04:00:00,2023-11-14 04:00:00
9a0abcec-202e-43df-9842-ec79dd32ccce,375,2024-03-23 00:00:00,11,1270.5,66,152.46,127.05,cancelled,2024-05-26 00:00:00,2024-03-22 14:00:00,2024-03-22 14:00:00
52822ff1-8a63-4813-a09c-9e592e0065af,433,2023-07-24 00:00:00,10,3382.5,65,405.9,0.0,confirmed,2023-11-19 00:00:00,2023-07-23 10:00:00,2023-07-23 10:00:00
eeb766f8-6e98-4236-80bc-534922690152,196,2023-05-31 00:00:00,10,1897.5,107,227.7,0.0,confirmed,2023-10-09 00:00:00,2023-05-30 01:00:00,2023-05-30 01:00:00
14b96d10-ef74-4cc6-9dc5-c5b4be8e5979,53,2024-04-07 00:00:00,6,1428.0,145,171.36,142.8,cancelled,2024-07-05 00:00:00,2024-04-06 16:00:00,2024-04-16 16:00:00
731b0470-e80f-44c3-9f3b-70af16123cc3,454,2024-06-06 00:00:00,2,416.0,120,49.92,0.0,confirmed,2024-08-18 00:00:00,2024-06-05 04:00:00,2024-06-08 04:00:00
9c6a8b87-ac49-40ef-8b1c-0d2bbf9efac0,273,2024-02-05 00:00:00,9,810.0,125,97.2,81.0,cancelled,2024-06-24 00:00:00,2024-02-04 02:00:00,2024-02-04 02:00:00
d7dd71bc-3865-45f2-9a18-25cb73a03d7d,349,2023-10-29 00:00:00,7,539.0,64,64.68,0.0,confirmed,2024-01-02 00:00:00,2023-10-28 06:00:00,2023-10-28 06:00:00
bbbbf936-58d1-40dd-92dc-16409a61ba01,409,2024-05-03 00:00:00,6,883.5,114,106.02,0.0,confirmed,2024-07-15 00:00:00,2024-05-02 10:00:00,2024-05-03 10:00:00
1e590f7d-d82f-4d40-a91c-bf5295b16707,469,2023-09-21 00:00:00,13,1358.5,104,163.02,0.0,confirmed,2023-10-13 00:00:00,2023-09-20 09:00:00,2023-09-20 09:00:00
ead8fcfa-fad6-4dc2-8b76-218bb33a8d52,272,2023-07-30 00:00:00,11,5659.5,61,679.14,565.95,cancelled,2023-08-18 00:00:00,2023-07-29 11:00:00,2023-07-29 11:00:00
653ee777-2cf3-4501-83ec-874a09a1e4b7,292,2023-11-21 00:00:00,12,7560.0,80,907.2,0.0,confirmed,2024-01-25 00:00:00,2023-11-20 00:00:00,2023-11-20 00:00:00
4507d9ae-fdda-4791-aef0-d2b20c47817b,252,2023-11-27 00:00:00,11,3608.0,118,432.96,0.0,confirmed,2024-02-18 00:00:00,2023-11-26 23:00:00,2023-11-26 23:00:00
b915f735-3192-401c-91ce-d184e92794f8,173,2024-04-18 00:00:00,7,2604.0,112,312.48,0.0,confirmed,2024-08-07 00:00:00,2024-04-17 22:00:00,2024-04-17 22:00:00
29940486-cf03-4d13-8969-a9e2287081f7,269,2024-05-12 00:00:00,10,2210.0,140,265.2,221.0,cancelled,2024-08-16 00:00:00,2024-05-11 17:00:00,2024-05-11 17:00:00
0bde7bc0-420b-46a4-a0c2-a7180a28a671,130,2024-08-12 00:00:00,1,240.0,118,28.8,0.0,confirmed,2025-01-26 00:00:00,2024-08-11 05:00:00,2024-08-11 05:00:00
2d8cc460-0b04-4452-a09e-a58ad8d0391c,271,2024-05-20 00:00:00,13,2912.0,141,349.44,0.0,confirmed,2024-06-22 00:00:00,2024-05-19 09:00:00,2024-05-19 09:00:00
1cceb925-f432-4d46-96d8-44f59da24fd1,200,2023-11-18 00:00:00,6,1831.5,67,219.78,0.0,confirmed,2023-11-30 00:00:00,2023-11-17 06:00:00,2023-11-17 06:00:00
583ec5d8-8a2f-47e9-9718-eebd88dccde0,351,2024-02-16 00:00:00,13,3003.0,114,360.36,0.0,confirmed,2024-04-02 00:00:00,2024-02-15 18:00:00,2024-02-15 18:00:00
3a098356-e13a-4f03-81ff-739d1a1a0999,195,2024-04-04 00:00:00,13,864.5,76,103.74,0.0,confirmed,2024-05-08 00:00:00,2024-04-03 21:00:00,2024-04-03 21:00:00
f750c386-2430-4f7e-88d2-900b8e8c4d7c,340,2023-08-17 00:00:00,11,1694.0,57,203.28,0.0,confirmed,2023-11-28 00:00:00,2023-08-16 21:00:00,2023-08-19 21:00:00
d1cc95fd-37bb-488a-bfb2-b79a5e27bb82,107,2024-01-17 00:00:00,5,495.0,137,59.4,0.0,confirmed,2024-07-05 00:00:00,2024-01-16 16:00:00,2024-01-16 16:00:00
a732ac7b-468a-4269-9ca2-e46e9300fbd2,205,2024-01-25 00:00:00,14,3990.0,67,478.8,0.0,confirmed,2024-06-10 00:00:00,2024-01-24 18:00:00,2024-01-24 18:00:00
a1828a00-e320-4ec4-85d3-9f60677efe11,483,2023-10-08 00:00:00,11,786.5,136,94.38,0.0,confirmed,2023-10-20 00:00:00,2023-10-07 18:00:00,2023-10-07 18:00:00
d01b128f-9ea4-4ca1-b571-eff44ecc7ddb,356,2024-03-08 00:00:00,9,2997.0,111,359.64,0.0,confirmed,2024-06-05 00:00:00,2024-03-07 13:00:00,2024-03-07 13:00:00
262f0cc0-b76e-4f0e-b83f-723596462bf2,206,2024-06-07 00:00:00,10,2185.0,77,262.2,0.0,confirmed,2024-07-19 00:00:00,2024-06-06 17:00:00,2024-06-13 17:00:00
78ae429b-c4df-4bde-b1b6-c2c56b22a9db,424,2023-09-25 00:00:00,11,1875.5,78,225.06,0.0,confirmed,2024-02-18 00:00:00,2023-09-24 08:00:00,2023-09-24 08:00:00
8c7f0291-cf23-4767-8745-7ccc3c4ee578,313,2024-01-11 00:00:00,6,1734.0,100,208.08,0.0,confirmed,2024-03-28 00:00:00,2024-01-10 00:00:00,2024-01-10 00:00:00
84ce5c9a-d1b0-49e0-bcc4-1899b3fc8627,184,2023-10-25 00:00:00,1,263.5,74,31.62,0.0,confirmed,2024-02-24 00:00:00,2023-10-24 17:00:00,2023-10-24 17:00:00
2e68700d-c149-4df0-b775-1d3342f2b51f,208,2024-05-03 00:00:00,10,3990.0,86,478.8,0.0,confirmed,2024-06-19 00:00:00,2024-05-02 04:00:00,2024-05-02 04:00:00
8e4397dd-2ee4-458e-a67b-2c599be6dc5f,69,2023-11-29 00:00:00,3,337.5,140,40.5,0.0,confirmed,2024-05-08 00:00:00,2023-11-28 04:00:00,2023-11-28 04:00:00
75da5074-1d41-43be-9c04-ea446ff8bb96,248,2023-07-08 00:00:00,1,300.0,80,36.0,30.0,cancelled,2023-09-27 00:00:00,2023-07-07 05:00:00,2023-07-07 05:00:00
0e8d0c54-62d7-4e3e-a115-c8e4fc8e4ec6,357,2023-08-25 00:00:00,11,1672.0,57,200.64,0.0,confirmed,2023-10-19 00:00:00,2023-08-24 21:00:00,2023-08-24 21:00:00
e75b6be4-4a69-4bce-80cb-17e3126fc8a9,454,2024-04-04 00:00:00,1,208.0,78,24.96,0.0,confirmed,2024-06-30 00:00:00,2024-04-03 05:00:00,2024-04-03 05:00:00
5012d41e-7c1d-4b94-996a-e81fccae5125,403,2024-01-06 00:00:00,8,560.0,120,67.2,0.0,confirmed,2024-04-08 00:00:00,2024-01-05 19:00:00,2024-01-05 19:00:00
961d441b-59ae-438b-9f56-1ef177114083,101,2024-05-14 00:00:00,8,560.96,95,67.32,56.1,cancelled,2024-10-10 00:00:00,2024-05-13 03:00:00,2024-05-13 03:00:00
f0b3906f-f50a-436f-ae3f-989af43483fb,316,2023-11-04 00:00:00,13,3900.0,137,468.0,390.0,cancelled,2024-04-14 00:00:00,2023-11-03 11:00:00,2023-11-03 11:00:00
aca1e2af-2342-4a63-8720-a42f4f907524,255,2023-05-31 00:00:00,3,594.0,62,71.28,59.4,cancelled,2023-11-16 00:00:00,2023-05-30 13:00:00,2023-05-30 13:00:00
c4149ea5-23c9-4d35-aa9c-870a766ff217,153,2024-08-31 00:00:00,3,900.0,79,108.0,0.0,confirmed,2025-02-08 00:00:00,2024-08-30 18:00:00,2024-08-30 18:00:00
87a4eaa7-e341-4e7f-8769-458d54b95e38,278,2023-06-11 00:00:00,7,1078.0,77,129.36,107.8,cancelled,2023-09-17 00:00:00,2023-06-10 21:00:00,2023-06-10 21:00:00
b422066d-226f-4b46-9a06-81a3a1158516,366,2023-10-31 00:00:00,2,322.0,51,38.64,0.0,confirmed,2023-11-03 00:00:00,2023-10-30 09:00:00,2023-11-01 09:00:00
0e0d0be2-ef75-4878-aba0-05de055cc4b8,166,2023-05-24 00:00:00,5,1147.5,41,137.7,0.0,confirmed,2023-06-27 00:00:00,2023-05-23 19:00:00,2023-05-23 19:00:00
0072923b-f4eb-4194-84ed-0caf02ac6869,207,2024-04-09 00:00:00,3,342.0,116,41.04,0.0,confirmed,2024-09-15 00:00:00,2024-04-08 04:00:00,2024-04-08 04:00:00
28f7dcce-e781-43ec-8dc7-bf6306fa5616,311,2024-05-06 00:00:00,10,1815.0,132,217.8,0.0,confirmed,2024-10-15 00:00:00,2024-05-05 15:00:00,2024-05-05 15:00:00
5a43bdc4-8df7-4047-8075-d750c8dd51b7,33,2023-04-01 00:00:00,8,1904.0,77,228.48,190.4,cancelled,2023-06-18 00:00:00,2023-03-31 04:00:00,2023-03-31 04:00:00
5150b446-f0fb-4fab-893b-e9121c683bbf,492,2024-07-30 00:00:00,1,224.0,124,26.88,0.0,confirmed,2024-11-24 00:00:00,2024-07-29 03:00:00,2024-07-29 03:00:00
87a36a8d-6c29-4c75-bd3e-01ebc926598d,456,2023-10-29 00:00:00,14,6601.0,41,792.12,0.0,confirmed,2024-04-01 00:00:00,2023-10-28 12:00:00,2023-10-28 12:00:00
0ebb5863-1ed0-4019-9cfe-e454e1dd72f5,398,2023-06-14 00:00:00,7,952.0,62,114.24,95.2,cancelled,2023-11-12 00:00:00,2023-06-13 13:00:00,2023-06-13 13:00:00
c9ad908e-f8b3-499a-bae2-215b202ecb3b,120,2023-06-24 00:00:00,2,133.0,61,15.96,13.3,cancelled,2023-10-06 00:00:00,2023-06-23 05:00:00,2023-06-23 05:00:00
13d4fc00-58ba-4e4a-952b-efc43073a28f,38,2023-06-16 00:00:00,8,2640.0,73,316.8,0.0,confirmed,2023-11-30 00:00:00,2023-06-15 08:00:00,2023-06-15 08:00:00
2fb993f1-17a9-4ab2-bb69-564681de69ad,89,2023-11-12 00:00:00,13,1111.5,47,133.38,0.0,confirmed,2024-02-24 00:00:00,2023-11-11 20:00:00,2023-11-11 20:00:00
e7f76f85-329a-4ac2-9159-de113c3abeed,276,2023-10-28 00:00:00,3,427.5,50,51.3,0.0,confirmed,2024-01-27 00:00:00,2023-10-27 09:00:00,2023-10-27 09:00:00
01c3d1ef-1be4-4ffe-9c6d-f8be87f70780,109,2023-10-14 00:00:00,14,8820.0,54,1058.4,882.0,cancelled,2024-04-06 00:00:00,2023-10-13 10:00:00,2023-10-13 10:00:00
8111ec69-e326-4e1e-a36d-c596e7fc6bee,104,2023-08-02 00:00:00,9,819.0,70,98.28,81.9,cancelled,2023-12-03 00:00:00,2023-08-01 00:00:00,2023-08-01 00:00:00
5c60888b-ca7e-46bc-804f-3f3fa4448dfb,272,2023-04-28 00:00:00,6,3087.0,61,370.44,308.7,cancelled,2023-09-19 00:00:00,2023-04-27 23:00:00,2023-04-29 23:00:00
4833758b-054d-4109-8b61-851d4f1c6e40,237,2023-11-10 00:00:00,4,1280.0,68,153.6,0.0,confirmed,2024-02-25 00:00:00,2023-11-09 01:00:00,2023-11-09 01:00:00
ba56e169-93f3-46fb-90b0-b20a98ea0040,42,2023-04-17 00:00:00,9,2065.5,96,247.86,0.0,confirmed,2023-08-15 00:00:00,2023-04-16 18:00:00,2023-04-16 18:00:00
b6e6c253-e5a7-41b8-8380-aa3cedd3901b,262,2023-10-29 00:00:00,8,4704.0,87,564.48,470.4,cancelled,2024-04-19 00:00:00,2023-10-28 20:00:00,2023-11-06 20:00:00
81f004c0-3476-4e58-be95-cf9973f54424,409,2023-12-02 00:00:00,11,1619.75,131,194.37,0.0,confirmed,2024-01-21 00:00:00,2023-12-01 11:00:00,2023-12-01 11:00:00
067642b3-1981-4a91-9d58-bbe88910473a,272,2023-12-06 00:00:00,6,3087.0,43,370.44,308.7,cancelled,2024-03-20 00:00:00,2023-12-05 23:00:00,2023-12-05 23:00:00
6e2ca224-79fa-46cc-8d37-88415081b200,443,2023-09-29 00:00:00,8,1596.0,68,191.52,0.0,confirmed,2023-11-30 00:00:00,2023-09-28 10:00:00,2023-09-28 10:00:00
1b4ad5bc-aec5-4473-aeb5-75b867fc771a,324,2023-09-01 00:00:00,14,1225.0,106,147.0,0.0,confirmed,2024-01-03 00:00:00,2023-08-31 15:00:00,2023-08-31 15:00:00
62a66943-c1c0-4b71-aaa8-b6fb40e6ef01,346,2023-11-19 00:00:00,7,1120.0,54,134.4,112.0,cancelled,2024-04-02 00:00:00,2023-11-18 10:00:00,2023-11-18 10:00:00
5e1348e4-607d-46a5-804f-637d5425c592,93,2024-03-26 00:00:00,6,997.5,75,119.7,0.0,confirmed,2024-04-05 00:00:00,2024-03-25 09:00:00,2024-03-25 09:00:00
27e1dc78-8535-4a71-8d8b-b5ed18290fda,478,2023-10-11 00:00:00,8,3920.0,61,470.4,0.0,confirmed,2023-10-18 00:00:00,2023-10-10 16:00:00,2023-10-13 16:00:00
2f67658f-5feb-4877-9b62-c0705b4db8fe,262,2023-06-30 00:00:00,9,5292.0,140,635.04,0.0,confirmed,2023-09-12 00:00:00,2023-06-29 18:00:00,2023-06-29 18:00:00
21bec3e9-65bf-4ef0-8105-fc9906890ecd,195,2024-04-22 00:00:00,14,931.0,55,111.72,0.0,confirmed,2024-08-04 00:00:00,2024-04-21 13:00:00,2024-04-21 13:00:00
7cf63e8a-0aad-49c3-96f1-38fc136097d3,465,2023-12-21 00:00:00,11,1463.0,96,175.56,0.0,confirmed,2024-05-30 00:00:00,2023-12-20 15:00:00,2023-12-20 15:00:00
0f64627f-8958-42fe-8bfc-c669faaa2049,1,2024-02-07 00:00:00,2,342.0,117,41.04,0.0,confirmed,2024-03-20 00:00:00,2024-02-06 18:00:00,2024-02-06 18:00:00
9a87f097-cbe7-4827-a323-00f8441b880a,164,2024-04-06 00:00:00,13,1105.0,123,132.6,110.5,cancelled,2024-07-30 00:00:00,2024-04-05 22:00:00,2024-04-05 22:00:00
dd8c9eed-ad74-49f1-8d36-fd36f841c3ff,188,2024-02-21 00:00:00,4,1288.0,80,154.56,0.0,confirmed,2024-03-01 00:00:00,2024-02-20 21:00:00,2024-02-20 21:00:00
78ad7096-3853-4ff9-8eb4-915081384b19,162,2024-06-02 00:00:00,14,1575.0,131,189.0,157.5,cancelled,2024-08-14 00:00:00,2024-06-01 18:00:00,2024-06-01 18:00:00
06095245-7a24-4b97-8ddf-5da9d4da273d,17,2023-07-26 00:00:00,6,1632.0,150,195.84,0.0,confirmed,2024-01-21 00:00:00,2023-07-25 21:00:00,2023-07-25 21:00:00
95d5dd67-c2c9-46ce-ba91-0fdbd72e2613,88,2023-08-25 00:00:00,11,2403.5,98,288.42,240.35,cancelled,2023-11-26 00:00:00,2023-08-24 22:00:00,2023-08-24 22:00:00
78ace228-9ff5-426b-bc61-7b5e4ce62dd3,6,2023-10-17 00:00:00,8,3024.0,102,362.88,302.4,cancelled,2023-12-19 00:00:00,2023-10-16 22:00:00,2023-10-16 22:00:00
624f77a3-d01c-438b-b8fd-4ebb31860f01,474,2023-10-24 00:00:00,7,2415.0,48,289.8,0.0,confirmed,2024-01-17 00:00:00,2023-10-23 18:00:00,2023-10-23 18:00:00
bd43b38c-6bee-4d29-a9e0-6cf016cdf6a4,250,2024-03-21 00:00:00,13,3536.0,143,424.32,0.0,confirmed,2024-05-23 00:00:00,2024-03-20 19:00:00,2024-03-20 19:00:00
0c2713b4-bed0-4816-96ce-5ce9c56bbdb5,371,2024-01-13 00:00:00,13,1456.0,110,174.72,0.0,confirmed,2024-05-04 00:00:00,2024-01-12 01:00:00,2024-01-12 01:00:00
e65c686a-abad-4216-add3-fb0293047a69,398,2023-06-14 00:00:00,4,544.0,73,65.28,54.4,cancelled,2023-10-20 00:00:00,2023-06-13 20:00:00,2023-06-13 20:00:00
3b856dbe-7dca-40fa-832c-9c3bee53d866,187,2023-09-02 00:00:00,2,897.0,144,107.64,89.7,cancelled,2023-09-10 00:00:00,2023-09-01 08:00:00,2023-09-01 08:00:00
be8ade66-fb4d-40dd-b44e-1bf3d58628f1,140,2023-12-31 00:00:00,3,346.5,108,41.58,34.65,cancelled,2024-03-25 00:00:00,2023-12-30 10:00:00,2023-12-30 10:00:00
dab39d4e-6a88-4466-9933-3e624cebd878,19,2023-12-14 00:00:00,4,352.0,50,42.24,0.0,confirmed,2024-04-25 00:00:00,2023-12-13 01:00:00,2023-12-13 01:00:00
d9e4b3c4-0b3e-4f5c-8fdf-323a5540480e,419,2023-06-27 00:00:00,14,1155.0,75,138.6,0.0,confirmed,2023-11-09 00:00:00,2023-06-26 03:00:00,2023-06-30 03:00:00
69e61ab1-14eb-426e-85a1-48918e6ed0d3,203,2024-04-05 00:00:00,12,1428.0,128,171.36,0.0,confirmed,2024-06-03 00:00:00,2024-04-04 07:00:00,2024-04-04 07:00:00
a62a5149-5e0a-4ab0-b240-37f7c0cdf71d,423,2024-01-22 00:00:00,7,1470.0,96,176.4,0.0,confirmed,2024-02-14 00:00:00,2024-01-21 03:00:00,2024-01-21 03:00:00
dfffa797-46b5-4028-9501-865d9b6aa12e,379,2023-10-01 00:00:00,7,770.0,84,92.4,0.0,confirmed,2024-03-04 00:00:00,2023-09-30 09:00:00,2023-09-30 09:00:00
185adcb6-437a-48ab-baf9-361e25f24d57,87,2024-06-21 00:00:00,7,3276.0,81,393.12,327.6,cancelled,2024-10-27 00:00:00,2024-06-20 17:00:00,2024-06-22 17:00:00
ac029ef4-303f-4f26-b752-9efc72153244,183,2024-05-29 00:00:00,12,1092.0,144,131.04,109.2,cancelled,2024-06-02 00:00:00,2024-05-28 18:00:00,2024-05-28 18:00:00
387ab3c0-7674-4d49-87dd-345a3c535f1e,400,2024-07-06 00:00:00,12,1617.0,105,194.04,161.7,cancelled,2024-11-11 00:00:00,2024-07-05 13:00:00,2024-07-05 13:00:00
731453ab-d38b-4c0e-8b20-c7574db50f75,119,2024-02-24 00:00:00,14,1666.0,95,199.92,0.0,confirmed,2024-04-06 00:00:00,2024-02-23 13:00:00,2024-02-28 13:00:00
615404f0-c897-44f0-82c2-80264da861b9,77,2023-10-08 00:00:00,11,1760.0,74,211.2,176.0,cancelled,2024-01-23 00:00:00,2023-10-07 02:00:00,2023-10-07 02:00:00
30feb3bf-0a8f-44da-b8c6-fb502a112dd2,405,2023-03-21 00:00:00,2,180.5,85,21.66,0.0,confirmed,2023-04-05 00:00:00,2023-03-20 01:00:00,2023-03-20 01:00:00
305cfe33-3051-4922-bbcd-acd1db748ca7,156,2023-11-04 00:00:00,8,1140.0,78,136.8,0.0,confirmed,2023-11-17 00:00:00,2023-11-03 00:00:00,2023-11-03 00:00:00
40e6dd78-62b9-42f6-b96e-3dd8338341c9,137,2023-02-09 00:00:00,7,2660.0,88,319.2,266.0,cancelled,2023-05-08 00:00:00,2023-02-08 03:00:00,2023-02-08 03:00:00
28ea7bd4-5b17-4546-a737-0c6e9bd83ac1,353,2024-08-24 00:00:00,5,467.5,96,56.1,0.0,confirmed,2024-09-06 00:00:00,2024-08-23 03:00:00,2024-08-23 03:00:00
808250db-55b3-4859-b3ce-b0225f130908,212,2023-11-19 00:00:00,3,160.86,101,19.3,0.0,confirmed,2024-04-09 00:00:00,2023-11-18 03:00:00,2023-11-27 03:00:00
dc5ec16c-40f9-44c4-a68e-98e25eec0701,176,2024-08-15 00:00:00,4,660.0,88,79.2,0.0,confirmed,2024-09-10 00:00:00,2024-08-14 19:00:00,2024-08-14 19:00:00
8e4683d2-3b8c-4ed4-a3f9-bb4c95aad103,500,2023-04-17 00:00:00,3,1207.5,49,144.9,0.0,confirmed,2023-06-02 00:00:00,2023-04-16 07:00:00,2023-04-16 07:00:00
d9c4086f-8a75-4850-8c39-5da2ec708e01,420,2023-07-10 00:00:00,14,6468.0,140,776.16,646.8,cancelled,2023-11-10 00:00:00,2023-07-09 21:00:00,2023-07-10 21:00:00
52c7b93c-11d3-47ee-b5cb-8685fd994013,3,2024-02-13 00:00:00,3,1386.0,122,166.32,0.0,confirmed,2024-07-10 00:00:00,2024-02-12 18:00:00,2024-02-12 18:00:00
920207b3-58c9-4217-a434-e2abb797aab2,149,2023-08-28 00:00:00,13,6656.0,51,798.72,0.0,confirmed,2023-10-23 00:00:00,2023-08-27 01:00:00,2023-08-27 01:00:00
0c263cd4-e6c0-461c-9d92-47ebe6248ffa,265,2023-06-16 00:00:00,10,3300.0,135,396.0,0.0,confirmed,2023-09-25 00:00:00,2023-06-15 23:00:00,2023-06-15 23:00:00
6af65b0d-c973-4c24-884e-b948aeae3545,67,2023-10-01 00:00:00,3,2880.0,144,345.6,288.0,cancelled,2024-03-23 00:00:00,2023-09-30 13:00:00,2023-09-30 13:00:00
181e1ca8-950d-4a1c-91c0-4650bbf2493e,180,2023-11-11 00:00:00,12,5760.0,136,691.2,576.0,cancelled,2024-03-27 00:00:00,2023-11-10 17:00:00,2023-11-10 17:00:00
10252f93-6d73-4c6a-963f-5bfcbff515f5,316,2023-04-02 00:00:00,1,300.0,146,36.0,30.0,cancelled,2023-07-31 00:00:00,2023-04-01 13:00:00,2023-04-01 13:00:00
8de10520-af24-4deb-846f-b096635e57ec,103,2024-05-08 00:00:00,10,1500.0,72,180.0,0.0,confirmed,2024-07-01 00:00:00,2024-05-07 15:00:00,2024-05-07 15:00:00
4f4a7d3a-06fa-46f2-9aa6-ef72c6b392c5,323,2024-01-04 00:00:00,12,1980.0,74,237.6,0.0,confirmed,2024-02-06 00:00:00,2024-01-03 19:00:00,2024-01-03 19:00:00
fe3f2670-ea07-4b87-9e41-872de30bbb61,386,2024-04-06 00:00:00,2,161.5,76,19.38,0.0,confirmed,2024-05-28 00:00:00,2024-04-05 09:00:00,2024-04-05 09:00:00
dc799749-cdc3-4539-a55d-8d9fe9094f02,278,2023-11-18 00:00:00,5,770.0,124,92.4,77.0,cancelled,2024-01-02 00:00:00,2023-11-17 23:00:00,2023-11-17 23:00:00
e0b19670-d1af-4ba8-995a-06fc5fa7717b,194,2023-07-26 00:00:00,9,2511.0,60,301.32,251.1,cancelled,2023-10-17 00:00:00,2023-07-25 15:00:00,2023-07-25 15:00:00
ab2ee489-2fc8-4ddd-b4c1-0c85e329c4b6,144,2023-12-11 00:00:00,4,560.0,64,67.2,0.0,confirmed,2024-05-06 00:00:00,2023-12-10 03:00:00,2023-12-10 03:00:00
8ba7d58f-fc3c-4a1e-982f-f42bf3950289,216,2023-12-26 00:00:00,10,2080.0,142,249.6,208.0,cancelled,2024-05-25 00:00:00,2023-12-25 22:00:00,2023-12-25 22:00:00
99e3b88b-605e-4407-a84c-452e9c8a8ad3,256,2024-02-08 00:00:00,12,643.44,96,77.21,0.0,confirmed,2024-03-17 00:00:00,2024-02-07 03:00:00,2024-02-07 03:00:00
6179afbb-1f8b-4207-ae98-98ca4dff34d9,151,2024-08-12 00:00:00,2,574.0,89,68.88,57.4,cancelled,2024-11-17 00:00:00,2024-08-11 01:00:00,2024-08-11 01:00:00
c63708c0-8987-4faa-8ad1-69c50efe95d1,354,2023-03-24 00:00:00,1,490.0,50,58.8,0.0,confirmed,2023-05-20 00:00:00,2023-03-23 19:00:00,2023-03-23 19:00:00
10fe1ff9-031d-4356-b7c4-320bf1d5c085,92,2024-07-22 00:00:00,5,332.5,87,39.9,33.25,cancelled,2024-11-05 00:00:00,2024-07-21 05:00:00,2024-07-21 05:00:00
13bd2ec8-b309-4d5a-868b-bda3e40490aa,352,2023-07-27 00:00:00,13,2788.5,145,334.62,0.0,confirmed,2023-09-25 00:00:00,2023-07-26 14:00:00,2023-07-26 14:00:00
9b6deb31-f668-41a4-a977-d2d3a89562dc,62,2023-07-05 00:00:00,9,1008.0,48,120.96,0.0,confirmed,2023-11-14 00:00:00,2023-07-04 06:00:00,2023-07-04 06:00:00
a1b259ff-6b72-4d77-a4d4-f6cd3622d8c0,480,2023-07-13 00:00:00,4,448.0,112,53.76,44.8,cancelled,2023-12-17 00:00:00,2023-07-12 02:00:00,2023-07-12 02:00:00
36d96f07-1f43-42b3-8eea-a4db7b2baf3f,127,2023-07-29 00:00:00,1,70.0,47,8.4,0.0,confirmed,2023-09-03 00:00:00,2023-07-28 22:00:00,2023-07-28 22:00:00
405cf193-7e32-4ab6-b1be-dddd7e179eff,374,2023-12-09 00:00:00,7,1792.0,58,215.04,179.2,cancelled,2024-03-12 00:00:00,2023-12-08 15:00:00,2023-12-11 15:00:00
893e86ff-2626-44f3-986d-c839985857d2,416,2024-04-03 00:00:00,2,154.0,129,18.48,0.0,confirmed,2024-07-10 00:00:00,2024-04-02 20:00:00,2024-04-02 20:00:00
ac0bfded-3f77-4796-a075-259bc6569e6e,417,2023-09-09 00:00:00,14,3920.0,86,470.4,0.0,confirmed,2024-01-23 00:00:00,2023-09-08 13:00:00,2023-09-18 13:00:00
e2f55715-5a65-4236-a02a-1f6a45362f27,467,2023-09-25 00:00:00,9,2304.0,127,276.48,0.0,confirmed,2023-12-11 00:00:00,2023-09-24 16:00:00,2023-09-24 16:00:00
5893f6e9-a718-4293-aaaa-ddf01e86a796,119,2024-04-30 00:00:00,1,119.0,47,14.28,0.0,confirmed,2024-06-19 00:00:00,2024-04-29 20:00:00,2024-04-29 20:00:00
7ac031af-39a5-4fa4-aad6-aaa9ee0e094a,63,2023-07-28 00:00:00,4,1144.0,77,137.28,114.4,cancelled,2023-10-31 00:00:00,2023-07-27 14:00:00,2023-07-27 14:00:00
f6df4ab5-a135-4e8d-97d5-431c7823747b,146,2024-06-30 00:00:00,7,2829.75,57,339.57,282.98,cancelled,2024-12-07 00:00:00,2024-06-29 09:00:00,2024-06-29 09:00:00
85d645e7-ebd3-45d6-bad9-3f5198340db9,82,2023-08-27 00:00:00,13,7696.0,124,923.52,0.0,confirmed,2023-09-21 00:00:00,2023-08-26 19:00:00,2023-08-26 19:00:00
493e0763-b3d9-47ce-9534-f6e944790f63,18,2024-03-01 00:00:00,3,1023.0,106,122.76,0.0,confirmed,2024-07-28 00:00:00,2024-02-29 17:00:00,2024-02-29 17:00:00
b617282d-8b79-4908-b84a-5e80afbde375,149,2023-05-05 00:00:00,4,2048.0,72,245.76,0.0,confirmed,2023-06-12 00:00:00,2023-05-04 21:00:00,2023-05-14 21:00:00
db6f5875-b386-49ae-8462-738041eb983a,240,2024-04-16 00:00:00,9,3168.0,60,380.16,0.0,confirmed,2024-04-21 00:00:00,2024-04-15 09:00:00,2024-04-16 09:00:00
2fc4a1c9-0217-4010-8ec4-6fae6a9da092,399,2023-10-07 00:00:00,3,624.75,101,74.97,0.0,confirmed,2024-01-24 00:00:00,2023-10-06 02:00:00,2023-10-06 02:00:00
77906cdb-cb26-4ddc-ba71-6ebdabb52fc9,114,2023-09-12 00:00:00,1,165.0,149,19.8,16.5,cancelled,2024-01-17 00:00:00,2023-09-11 08:00:00,2023-09-11 08:00:00
53bbe385-f266-4b6b-8696-2f5e96c04522,34,2024-09-01 00:00:00,4,912.0,86,109.44,91.2,cancelled,2024-09-22 00:00:00,2024-08-31 04:00:00,2024-08-31 04:00:00
b38c45cb-8e74-40e5-80c9-36431c5ceee0,48,2023-09-09 00:00:00,4,396.0,48,47.52,39.6,cancelled,2024-02-09 00:00:00,2023-09-08 11:00:00,2023-09-08 11:00:00
91421afe-2696-4f13-be83-598d3e643956,314,2023-05-11 00:00:00,6,1224.0,72,146.88,0.0,confirmed,2023-07-01 00:00:00,2023-05-10 07:00:00,2023-05-13 07:00:00
819d53af-99f8-4b22-8cec-1acf767f685e,359,2024-05-23 00:00:00,9,631.08,73,75.73,0.0,confirmed,2024-11-17 00:00:00,2024-05-22 13:00:00,2024-05-22 13:00:00
92630af9-a0d9-453b-a0aa-b483c28be3be,67,2024-01-19 00:00:00,9,8640.0,44,1036.8,864.0,cancelled,2024-04-25 00:00:00,2024-01-18 21:00:00,2024-01-18 21:00:00
098bab39-1ff7-4ae0-8190-7aa31efd87ad,377,2024-02-11 00:00:00,8,1386.0,67,166.32,0.0,confirmed,2024-05-27 00:00:00,2024-02-10 16:00:00,2024-02-10 16:00:00
c9f78b13-b9d1-4e53-814a-6e144aad8679,102,2024-02-20 00:00:00,5,427.5,112,51.3,42.75,cancelled,2024-08-03 00:00:00,2024-02-19 08:00:00,2024-02-19 08:00:00
9c1b35be-9d94-4251-8b78-8df911de1435,148,2024-02-10 00:00:00,3,511.5,70,61.38,51.15,cancelled,2024-06-07 00:00:00,2024-02-09 09:00:00,2024-02-13 09:00:00
de5b8592-7eb8-4ffc-a735-ac05eac19fb6,210,2024-07-10 00:00:00,1,126.5,90,15.18,0.0,confirmed,2024-10-17 00:00:00,2024-07-09 04:00:00,2024-07-09 04:00:00
0b33a899-6125-4053-995e-a1a7494646ba,434,2023-10-22 00:00:00,6,2553.0,120,306.36,255.3,cancelled,2023-12-28 00:00:00,2023-10-21 05:00:00,2023-10-21 05:00:00
8c24d242-dca6-43d6-a9d4-0ed9030e376a,441,2024-02-08 00:00:00,5,925.0,61,111.0,0.0,confirmed,2024-04-28 00:00:00,2024-02-07 12:00:00,2024-02-07 12:00:00
ac821b9c-0a6b-405e-bfdb-d46bddbbc00e,69,2023-12-18 00:00:00,5,562.5,94,67.5,0.0,confirmed,2024-05-29 00:00:00,2023-12-17 01:00:00,2023-12-17 01:00:00
a6c8852c-d324-45c5-86c7-3cc7ded41cdc,459,2024-09-03 00:00:00,13,3536.0,84,424.32,353.6,cancelled,2025-02-15 00:00:00,2024-09-02 07:00:00,2024-09-02 07:00:00
4a8f0b09-4385-4f19-a56c-3f8d2cf03fdb,213,2024-01-10 00:00:00,6,462.0,75,55.44,0.0,confirmed,2024-01-17 00:00:00,2024-01-09 07:00:00,2024-01-09 07:00:00
0a1d5148-4c80-4f55-9292-06587a7330d9,452,2023-08-20 00:00:00,12,693.0,109,83.16,0.0,confirmed,2023-09-29 00:00:00,2023-08-19 16:00:00,2023-08-19 16:00:00
3bcc2b61-8a96-423d-8831-38177acf6715,439,2023-08-12 00:00:00,11,2024.0,105,242.88,0.0,confirmed,2024-01-30 00:00:00,2023-08-11 18:00:00,2023-08-13 18:00:00
ac48e648-96fb-40ef-824d-0937a0a9b250,15,2024-01-17 00:00:00,12,2772.0,95,332.64,277.2,cancelled,2024-05-12 00:00:00,2024-01-16 17:00:00,2024-01-16 17:00:00
4416b487-f92c-460e-8f05-002f3221ebb3,498,2024-07-21 00:00:00,9,1260.0,101,151.2,0.0,confirmed,2024-11-24 00:00:00,2024-07-20 13:00:00,2024-07-20 13:00:00
81f2330c-f1bb-4808-97df-ef6749c87908,380,2024-01-13 00:00:00,5,3105.0,80,372.6,310.5,cancelled,2024-01-26 00:00:00,2024-01-12 05:00:00,2024-01-12 05:00:00
000a6518-4aaf-4d00-9cf5-be65230172d3,446,2024-01-29 00:00:00,6,955.5,125,114.66,0.0,confirmed,2024-06-09 00:00:00,2024-01-28 06:00:00,2024-01-30 06:00:00
3be1e349-8204-4a60-a02b-cfec86a2ef92,192,2023-05-29 00:00:00,10,1540.0,125,184.8,0.0,confirmed,2023-06-17 00:00:00,2023-05-28 12:00:00,2023-05-28 12:00:00
bef9bcdd-96a0-4114-b028-20ad67f25a59,159,2023-10-10 00:00:00,14,2240.0,109,268.8,0.0,confirmed,2023-11-20 00:00:00,2023-10-09 15:00:00,2023-10-09 15:00:00
018686f4-bbb0-4f99-9030-35211f9aca31,11,2024-06-06 00:00:00,10,1600.0,142,192.0,160.0,cancelled,2024-06-28 00:00:00,2024-06-05 01:00:00,2024-06-05 01:00:00
915643c1-24f3-4163-934f-f3db182524d7,377,2024-02-26 00:00:00,10,1732.5,145,207.9,173.25,cancelled,2024-07-19 00:00:00,2024-02-25 07:00:00,2024-02-25 07:00:00
c6e3ba0c-b607-4b24-8629-85233f577b60,144,2024-06-15 00:00:00,2,280.0,126,33.6,28.0,cancelled,2024-09-23 00:00:00,2024-06-14 18:00:00,2024-06-14 18:00:00
220c2d7f-41f0-4fd6-b6b7-8edd87a614f1,300,2024-06-14 00:00:00,12,1824.0,46,218.88,182.4,cancelled,2024-07-11 00:00:00,2024-06-13 07:00:00,2024-06-13 07:00:00
0032e565-b6ff-456f-ba38-719dec04c637,120,2023-10-18 00:00:00,10,665.0,98,79.8,66.5,cancelled,2023-10-27 00:00:00,2023-10-17 19:00:00,2023-10-17 19:00:00
e5ab5af6-458e-4ea9-9c1d-e6c878044371,253,2024-01-18 00:00:00,9,1732.5,45,207.9,0.0,confirmed,2024-04-28 00:00:00,2024-01-17 22:00:00,2024-01-17 22:00:00
c7fe2f50-026b-4e6e-8b68-98cea71d401b,298,2023-05-29 00:00:00,7,2254.0,101,270.48,225.4,cancelled,2023-08-25 00:00:00,2023-05-28 18:00:00,2023-05-28 18:00:00
98e7e686-a7c3-498a-b59c-a4653a853e28,223,2024-04-20 00:00:00,5,450.0,141,54.0,0.0,confirmed,2024-06-02 00:00:00,2024-04-19 05:00:00,2024-04-19 05:00:00
20f29d4c-3a25-4817-a554-fd4d8080d6a0,464,2023-04-06 00:00:00,14,2240.0,58,268.8,0.0,confirmed,2023-09-26 00:00:00,2023-04-05 07:00:00,2023-04-05 07:00:00
b734887d-81ec-46a9-b4c9-60a0af9cefea,108,2024-09-05 00:00:00,2,90.76,123,10.89,0.0,confirmed,2024-09-20 00:00:00,2024-09-04 16:00:00,2024-09-04 16:00:00
9ff06631-3283-4cd5-a12a-80beb8fab1c1,97,2023-02-11 00:00:00,8,1330.0,62,159.6,133.0,cancelled,2023-05-01 00:00:00,2023-02-10 06:00:00,2023-02-10 06:00:00
066ca3ff-fdd0-4b82-93df-52dfb5f9f241,284,2024-03-21 00:00:00,5,880.0,51,105.6,0.0,confirmed,2024-03-24 00:00:00,2024-03-20 08:00:00,2024-03-20 08:00:00
81150fae-eabb-4603-beb8-85f41890fa92,210,2024-02-26 00:00:00,5,632.5,89,75.9,0.0,confirmed,2024-06-25 00:00:00,2024-02-25 11:00:00,2024-02-25 11:00:00
9b0eec32-91c8-4d32-9cba-b2dec143804d,41,2023-12-26 00:00:00,6,484.5,146,58.14,0.0,confirmed,2024-02-02 00:00:00,2023-12-25 19:00:00,2023-12-25 19:00:00
55c86ed2-c2ca-4073-a21f-4c544af3a741,452,2023-06-03 00:00:00,3,173.25,117,20.79,0.0,confirmed,2023-08-12 00:00:00,2023-06-02 21:00:00,2023-06-07 21:00:00
fd00d9e4-8300-4059-b3fc-b23891fe8543,493,2024-04-19 00:00:00,7,1347.5,110,161.7,0.0,confirmed,2024-10-03 00:00:00,2024-04-18 15:00:00,2024-04-18 15:00:00
5a0e9108-8e76-4887-b179-267c44eea53f,337,2024-01-23 00:00:00,12,5400.0,62,648.0,540.0,cancelled,2024-03-05 00:00:00,2024-01-22 12:00:00,2024-01-29 12:00:00
be06a1b9-dd2d-455c-b2f9-17116b255357,221,2023-09-08 00:00:00,11,2640.0,147,316.8,0.0,confirmed,2023-11-10 00:00:00,2023-09-07 05:00:00,2023-09-07 05:00:00
f646ca72-b871-4e22-8934-2c5af52317b3,113,2023-04-12 00:00:00,2,322.0,77,38.64,0.0,confirmed,2023-06-12 00:00:00,2023-04-11 11:00:00,2023-04-19 11:00:00
1d5d1352-a5f1-4054-b661-b00147b53c68,307,2024-04-19 00:00:00,8,1568.0,93,188.16,156.8,cancelled,2024-08-23 00:00:00,2024-04-18 16:00:00,2024-04-18 16:00:00
7da4d3c0-97ad-4fd6-a1fb-cf864fbbc06f,297,2024-03-07 00:00:00,10,1925.0,119,231.0,0.0,confirmed,2024-06-27 00:00:00,2024-03-06 12:00:00,2024-03-06 12:00:00
c89433d2-fea7-483e-a289-480adcf8e535,14,2023-10-20 00:00:00,14,1155.0,106,138.6,0.0,confirmed,2023-11-04 00:00:00,2023-10-19 14:00:00,2023-10-27 14:00:00
95d78816-950f-4b0f-baf5-7a295ce29b59,360,2024-03-14 00:00:00,10,665.0,40,79.8,0.0,confirmed,2024-06-07 00:00:00,2024-03-13 01:00:00,2024-03-13 01:00:00
585114ab-4ac0-461e-9512-1f48b07c4b8d,177,2023-09-28 00:00:00,12,4968.0,43,596.16,496.8,cancelled,2024-02-06 00:00:00,2023-09-27 08:00:00,2023-09-27 08:00:00
acddacf3-c08a-4fcf-85e6-85f25f6ddd71,379,2023-09-22 00:00:00,6,660.0,43,79.2,0.0,confirmed,2023-12-02 00:00:00,2023-09-21 17:00:00,2023-09-21 17:00:00
506273b4-d527-4bf7-bb04-6128acadba48,6,2023-07-01 00:00:00,14,5292.0,66,635.04,0.0,confirmed,2023-11-24 00:00:00,2023-06-30 14:00:00,2023-07-03 14:00:00
0f2a7c3e-a7bb-4b2f-9dff-64af3785af27,23,2024-01-20 00:00:00,12,1428.0,80,171.36,0.0,confirmed,2024-05-23 00:00:00,2024-01-19 02:00:00,2024-01-28 02:00:00
4a200d99-c5d9-4a02-87bf-168fab45750f,242,2024-03-03 00:00:00,2,352.0,83,42.24,0.0,confirmed,2024-06-01 00:00:00,2024-03-02 19:00:00,2024-03-02 19:00:00
a34f4ffc-c1e5-4cc6-ac08-b0340fb2a31b,296,2023-08-21 00:00:00,10,715.0,131,85.8,0.0,confirmed,2023-09-19 00:00:00,2023-08-20 07:00:00,2023-08-20 07:00:00
a337e01d-9a01-4863-9362-efc94310c94d,126,2024-03-18 00:00:00,4,476.0,101,57.12,47.6,cancelled,2024-05-24 00:00:00,2024-03-17 16:00:00,2024-03-17 16:00:00
85e8c807-494d-4d0a-86f8-f35ad5cf4afb,282,2023-12-09 00:00:00,1,368.0,146,44.16,0.0,confirmed,2024-05-21 00:00:00,2023-12-08 03:00:00,2023-12-08 03:00:00
4d165d13-7d46-4e0a-88b6-a52c199b1f6a,350,2024-03-01 00:00:00,14,3136.0,121,376.32,0.0,confirmed,2024-03-07 00:00:00,2024-02-29 15:00:00,2024-02-29 15:00:00
12b72742-eeed-471a-a008-6dbf8bdea4a7,217,2023-09-20 00:00:00,9,2223.0,42,266.76,0.0,confirmed,2024-03-07 00:00:00,2023-09-19 00:00:00,2023-09-19 00:00:00
8d979ed2-2619-4623-9820-abb9d35c4cdb,229,2023-09-15 00:00:00,14,2849.0,81,341.88,0.0,confirmed,2024-02-27 00:00:00,2023-09-14 21:00:00,2023-09-14 21:00:00
0638fd84-2de1-456a-8808-0b86519e128d,76,2024-07-19 00:00:00,7,833.0,92,99.96,0.0,confirmed,2024-09-03 00:00:00,2024-07-18 00:00:00,2024-07-18 00:00:00
f18f2e52-df15-455a-b2cf-1148db111b76,361,2024-01-23 00:00:00,8,462.0,127,55.44,46.2,cancelled,2024-06-23 00:00:00,2024-01-22 17:00:00,2024-01-24 17:00:00
918071c4-0d86-436f-a231-64f3e19c11f7,160,2023-11-10 00:00:00,10,1870.0,77,224.4,0.0,confirmed,2023-12-28 00:00:00,2023-11-09 22:00:00,2023-11-09 22:00:00
ff3091c1-4000-4ece-9876-bfe346311f7f,383,2024-09-08 00:00:00,1,352.0,82,42.24,0.0,confirmed,2024-10-10 00:00:00,2024-09-07 15:00:00,2024-09-07 15:00:00
b2112dfc-ccbc-474a-880c-7ffc66144b1e,47,2024-02-03 00:00:00,9,726.75,44,87.21,72.67,cancelled,2024-06-22 00:00:00,2024-02-02 18:00:00,2024-02-09 18:00:00
d6639641-3400-4d47-b7cc-bf1614a8102f,308,2023-10-19 00:00:00,13,3217.5,40,386.1,0.0,confirmed,2023-10-30 00:00:00,2023-10-18 14:00:00,2023-10-18 14:00:00
cda893f2-456e-4845-be9b-f660ba89928c,431,2023-11-13 00:00:00,5,357.5,62,42.9,0.0,confirmed,2024-03-11 00:00:00,2023-11-12 06:00:00,2023-11-13 06:00:00
7ecda230-de3f-44ba-8145-0a7d25ddcc09,109,2023-09-14 00:00:00,5,3150.0,139,378.0,0.0,confirmed,2023-09-29 00:00:00,2023-09-13 12:00:00,2023-09-13 12:00:00
46fdf1e2-9a0e-417e-918b-c9e218bf3d71,479,2023-12-25 00:00:00,2,1242.0,118,149.04,124.2,cancelled,2024-03-15 00:00:00,2023-12-24 06:00:00,2023-12-24 06:00:00
1bd0c940-c26d-441e-bd13-7c4cdcd7eaea,171,2023-10-18 00:00:00,6,330.0,72,39.6,0.0,confirmed,2024-01-20 00:00:00,2023-10-17 12:00:00,2023-10-17 12:00:00
d49f0c8a-ec27-43bc-82c3-2d1aa473a7fe,433,2023-06-11 00:00:00,13,4397.25,92,527.67,439.73,cancelled,2023-06-22 00:00:00,2023-06-10 21:00:00,2023-06-10 21:00:00
0ecd1aee-eb90-4c8f-bf8b-019a0db1bf91,420,2023-11-16 00:00:00,2,924.0,84,110.88,0.0,confirmed,2024-02-01 00:00:00,2023-11-15 19:00:00,2023-11-15 19:00:00
84b1af00-448e-4ab8-b4a3-951776ca9f0e,200,2023-11-21 00:00:00,10,3052.5,86,366.3,305.25,cancelled,2024-02-24 00:00:00,2023-11-20 00:00:00,2023-11-20 00:00:00
8ac9562f-d563-4289-bc37-1cf2bfd133d4,489,2024-05-06 00:00:00,2,143.0,76,17.16,14.3,cancelled,2024-08-20 00:00:00,2024-05-05 22:00:00,2024-05-05 22:00:00
bd60258b-a75a-4819-bc10-5e5613b28b81,489,2023-11-28 00:00:00,13,929.5,128,111.54,0.0,confirmed,2023-11-30 00:00:00,2023-11-27 09:00:00,2023-11-27 09:00:00
585b1156-b1de-458d-8830-dea4b4d646d1,262,2023-10-25 00:00:00,12,7056.0,104,846.72,0.0,confirmed,2024-03-07 00:00:00,2023-10-24 16:00:00,2023-10-29 16:00:00
30771080-b952-4e55-a5b8-5f0b62f78dd8,357,2024-04-30 00:00:00,12,1824.0,101,218.88,0.0,confirmed,2024-05-21 00:00:00,2024-04-29 09:00:00,2024-04-29 09:00:00
36ba5c9f-5c57-41d8-bad2-edf559b58eb1,211,2023-12-11 00:00:00,11,2200.0,67,264.0,0.0,confirmed,2023-12-20 00:00:00,2023-12-10 06:00:00,2023-12-10 06:00:00
1de0bd7a-7e56-4656-aaa6-124327a63efd,107,2023-09-23 00:00:00,6,594.0,99,71.28,59.4,cancelled,2024-03-13 00:00:00,2023-09-22 08:00:00,2023-09-22 08:00:00
64aecc21-637d-4213-9c76-be0be95b1a18,44,2023-02-12 00:00:00,9,594.0,69,71.28,0.0,confirmed,2023-02-14 00:00:00,2023-02-11 21:00:00,2023-02-11 21:00:00
d240174e-bcd8-4597-9a83-3c44edf05849,461,2023-08-28 00:00:00,8,5120.0,89,614.4,0.0,confirmed,2023-10-25 00:00:00,2023-08-27 17:00:00,2023-08-27 17:00:00
17d4b4f0-4aca-4892-849d-f6c4d7612649,394,2024-01-20 00:00:00,3,173.25,110,20.79,0.0,confirmed,2024-03-25 00:00:00,2024-01-19 09:00:00,2024-01-19 09:00:00
a12381ba-8cec-4fe7-a75e-f02eaca20740,39,2023-08-08 00:00:00,4,528.0,89,63.36,52.8,cancelled,2023-12-05 00:00:00,2023-08-07 22:00:00,2023-08-09 22:00:00
0144cdd2-8139-41ea-81db-212d1c739a75,172,2023-07-22 00:00:00,11,1089.0,80,130.68,0.0,confirmed,2023-08-20 00:00:00,2023-07-21 00:00:00,2023-07-21 00:00:00
14228d59-05af-4843-b67c-9d7b3af45d60,126,2023-08-18 00:00:00,13,1547.0,106,185.64,0.0,confirmed,2023-12-18 00:00:00,2023-08-17 00:00:00,2023-08-17 00:00:00
dbcf9a06-271d-42ae-b5c5-1f7c63d2516f,80,2024-06-25 00:00:00,5,1950.0,87,234.0,195.0,cancelled,2024-10-11 00:00:00,2024-06-24 22:00:00,2024-07-01 22:00:00
ef34691d-8869-41b1-82f7-a097306283ff,313,2023-11-22 00:00:00,11,3179.0,85,381.48,0.0,confirmed,2024-05-06 00:00:00,2023-11-21 23:00:00,2023-11-21 23:00:00
c81a3c24-2d54-4f23-b1d7-06e397598b18,459,2023-12-15 00:00:00,11,2992.0,42,359.04,0.0,confirmed,2024-06-08 00:00:00,2023-12-14 21:00:00,2023-12-14 21:00:00
5971d91f-5483-4bf7-8413-c370b7416252,270,2024-05-04 00:00:00,4,1240.0,131,148.8,124.0,cancelled,2024-10-17 00:00:00,2024-05-03 16:00:00,2024-05-03 16:00:00
ae756346-367c-4197-93d6-6dcb9fbb7316,309,2023-09-21 00:00:00,1,156.75,69,18.81,0.0,confirmed,2023-11-10 00:00:00,2023-09-20 23:00:00,2023-09-20 23:00:00
90ba4744-6cdf-4032-ba3f-92f347141e0f,288,2023-04-04 00:00:00,7,784.0,113,94.08,0.0,confirmed,2023-08-03 00:00:00,2023-04-03 15:00:00,2023-04-03 15:00:00
7d60eb0c-b304-43b2-b924-4adfee0dbab4,25,2023-08-20 00:00:00,2,107.24,80,12.87,0.0,confirmed,2023-10-04 00:00:00,2023-08-19 11:00:00,2023-08-19 11:00:00
5203c3bd-8acf-446d-addf-eab21be2ff45,329,2023-12-17 00:00:00,13,2843.75,142,341.25,0.0,confirmed,2024-02-12 00:00:00,2023-12-16 03:00:00,2023-12-16 03:00:00
3f5ecaee-c83e-429f-aed1-e6d606b0ec25,69,2023-09-16 00:00:00,14,1575.0,145,189.0,0.0,confirmed,2024-02-20 00:00:00,2023-09-15 08:00:00,2023-09-15 08:00:00
68bc24d0-0882-41f2-8563-56285961598f,63,2023-06-16 00:00:00,9,2574.0,49,308.88,0.0,confirmed,2023-10-06 00:00:00,2023-06-15 12:00:00,2023-06-15 12:00:00
189a6b3a-865b-4a69-9d8f-b2e316663b67,423,2024-03-14 00:00:00,3,630.0,118,75.6,63.0,cancelled,2024-07-27 00:00:00,2024-03-13 10:00:00,2024-03-13 10:00:00
2148d96e-bad2-4b42-9772-e103195fd8ff,128,2023-09-04 00:00:00,6,399.0,127,47.88,0.0,confirmed,2023-12-22 00:00:00,2023-09-03 20:00:00,2023-09-03 20:00:00
1f92c1f4-fefe-490f-8201-8720f89a138f,230,2023-07-02 00:00:00,8,5152.0,83,618.24,0.0,confirmed,2023-11-28 00:00:00,2023-07-01 21:00:00,2023-07-01 21:00:00
57a47bea-820c-4cd7-acf7-d5f6f91e605b,340,2023-12-24 00:00:00,7,1078.0,150,129.36,0.0,confirmed,2024-04-17 00:00:00,2023-12-23 10:00:00,2023-12-30 10:00:00
4ba74465-c658-4ee6-8391-d947a83f84f9,368,2023-10-14 00:00:00,8,1280.0,113,153.6,0.0,confirmed,2024-01-01 00:00:00,2023-10-13 20:00:00,2023-10-13 20:00:00
05962ccf-cf35-4505-995c-628736c0f2a9,420,2023-08-14 00:00:00,9,4158.0,75,498.96,0.0,confirmed,2023-12-23 00:00:00,2023-08-13 19:00:00,2023-08-13 19:00:00
a55817ce-6772-4188-9663-7f0fde0ff5df,408,2024-03-17 00:00:00,3,511.5,75,61.38,0.0,confirmed,2024-04-24 00:00:00,2024-03-16 06:00:00,2024-03-16 06:00:00
ff1e74c1-f0f1-4f9d-95d0-7fc1ea459bac,162,2024-03-10 00:00:00,8,900.0,65,108.0,0.0,confirmed,2024-03-31 00:00:00,2024-03-09 05:00:00,2024-03-09 05:00:00
b1b232fd-f60a-4091-8589-c95ccb47f34d,222,2023-10-06 00:00:00,10,2300.0,76,276.0,0.0,confirmed,2023-11-02 00:00:00,2023-10-05 23:00:00,2023-10-05 23:00:00
1ddab45b-144c-4a4a-9c6f-b204d1a5148c,140,2024-06-24 00:00:00,8,924.0,86,110.88,0.0,confirmed,2024-07-24 00:00:00,2024-06-23 03:00:00,2024-06-23 03:00:00
f32a9654-1c0e-4f94-81c9-c3f9d2114204,347,2024-04-15 00:00:00,5,2640.0,59,316.8,0.0,confirmed,2024-04-17 00:00:00,2024-04-14 17:00:00,2024-04-14 17:00:00
3210973f-2c85-4d0b-bd26-5a4a10b1da69,100,2024-09-29 00:00:00,2,228.0,114,27.36,0.0,confirmed,2025-01-27 00:00:00,2024-09-28 11:00:00,2024-09-28 11:00:00
35085a64-77ab-4ba4-9772-5e3d3c6e3417,403,2024-06-27 00:00:00,12,840.0,40,100.8,0.0,confirmed,2024-08-02 00:00:00,2024-06-26 06:00:00,2024-06-26 06:00:00
7cf79ecc-ba0d-4744-a435-87fb53b06fa3,489,2023-08-24 00:00:00,5,357.5,108,42.9,35.75,cancelled,2023-10-23 00:00:00,2023-08-23 12:00:00,2023-08-25 12:00:00
9e0a3d16-27b8-44df-8155-c16ef6e73b52,371,2023-09-22 00:00:00,13,1456.0,145,174.72,145.6,cancelled,2023-12-01 00:00:00,2023-09-21 02:00:00,2023-09-21 02:00:00
50ed7d34-5056-4e1c-9a2d-ae3481c805e1,46,2023-09-07 00:00:00,2,209.0,66,25.08,0.0,confirmed,2024-02-16 00:00:00,2023-09-06 21:00:00,2023-09-09 21:00:00
d73da9a7-4dd5-47e9-808e-c80bebb5f1b0,53,2024-02-22 00:00:00,7,1666.0,56,199.92,0.0,confirmed,2024-03-06 00:00:00,2024-02-21 09:00:00,2024-02-21 09:00:00
5fc5f623-3340-4968-b5c6-8b14f2b54084,206,2023-12-11 00:00:00,11,2403.5,89,288.42,0.0,confirmed,2024-01-01 00:00:00,2023-12-10 15:00:00,2023-12-10 15:00:00
897d42a5-c0b8-4229-9f01-9f442ed8e662,247,2024-03-23 00:00:00,10,807.5,50,96.9,0.0,confirmed,2024-05-06 00:00:00,2024-03-22 03:00:00,2024-03-22 03:00:00
520ae264-aa22-40ca-b82c-dab201aa7b28,483,2023-11-02 00:00:00,3,214.5,135,25.74,0.0,confirmed,2024-03-08 00:00:00,2023-11-01 06:00:00,2023-11-07 06:00:00
ca75b5bb-96c1-4acc-954c-ba50ecf01101,237,2023-08-21 00:00:00,1,320.0,61,38.4,0.0,confirmed,2023-10-11 00:00:00,2023-08-20 19:00:00,2023-08-20 19:00:00
ad87ba05-74e6-4b75-a62d-e3fb131e834f,454,2024-09-27 00:00:00,7,1456.0,129,174.72,0.0,confirmed,2024-10-27 00:00:00,2024-09-26 14:00:00,2024-09-26 14:00:00
1795c78b-3c11-4801-acb8-22d81f1433db,91,2023-10-11 00:00:00,3,456.0,135,54.72,0.0,confirmed,2023-11-20 00:00:00,2023-10-10 13:00:00,2023-10-10 13:00:00
8d8e0bdd-557c-414d-a0fd-9a01fc3f6172,416,2024-07-10 00:00:00,14,1078.0,131,129.36,107.8,cancelled,2024-12-29 00:00:00,2024-07-09 19:00:00,2024-07-09 19:00:00
f8f611d1-dc20-4bc1-acda-3f33cdc1391a,165,2023-09-22 00:00:00,14,3136.0,118,376.32,0.0,confirmed,2024-03-19 00:00:00,2023-09-21 18:00:00,2023-09-21 18:00:00
d922e648-1839-4787-ae13-3b2bfeff2c38,323,2024-02-06 00:00:00,1,165.0,146,19.8,0.0,confirmed,2024-07-07 00:00:00,2024-02-05 10:00:00,2024-02-05 10:00:00
b480524d-1f15-4eba-9bb3-b9cbc35c0c19,423,2024-05-24 00:00:00,2,420.0,80,50.4,42.0,cancelled,2024-11-13 00:00:00,2024-05-23 06:00:00,2024-05-23 06:00:00
53a2dc72-42e5-4b13-8779-b7e1586dd354,365,2023-05-27 00:00:00,2,304.0,134,36.48,0.0,confirmed,2023-07-05 00:00:00,2023-05-26 12:00:00,2023-05-26 12:00:00
ed6e439f-5084-4544-b517-4e30093a5a01,329,2023-06-06 00:00:00,13,2843.75,143,341.25,284.38,cancelled,2023-08-30 00:00:00,2023-06-05 23:00:00,2023-06-05 23:00:00
32d75232-7657-40d5-b4cf-f5a8463ed451,149,2023-08-02 00:00:00,12,6144.0,50,737.28,0.0,confirmed,2024-01-01 00:00:00,2023-08-01 08:00:00,2023-08-01 08:00:00
ad53351e-df41-4264-b5ad-c76881aeadb8,365,2023-10-02 00:00:00,3,456.0,73,54.72,45.6,cancelled,2024-02-08 00:00:00,2023-10-01 12:00:00,2023-10-11 12:00:00
e16732a5-9d1d-453e-82c6-00ee0b08cbb6,236,2023-03-31 00:00:00,3,1638.0,46,196.56,163.8,cancelled,2023-08-05 00:00:00,2023-03-30 07:00:00,2023-03-30 07:00:00
1f277bfc-70a0-48f1-823f-392c18a35b5c,137,2023-05-23 00:00:00,1,380.0,49,45.6,0.0,confirmed,2023-07-08 00:00:00,2023-05-22 07:00:00,2023-05-22 07:00:00
0eda0b1d-9e6a-49c4-98bd-791798d11682,170,2023-07-08 00:00:00,5,585.0,121,70.2,0.0,confirmed,2023-08-30 00:00:00,2023-07-07 21:00:00,2023-07-07 21:00:00
89babf96-bdee-4907-9a81-c51b2eb0b03f,306,2024-03-11 00:00:00,8,1008.0,113,120.96,0.0,confirmed,2024-05-31 00:00:00,2024-03-10 02:00:00,2024-03-16 02:00:00
114d5568-8688-4566-84e2-99cfae595a22,7,2024-05-31 00:00:00,8,2640.0,135,316.8,0.0,confirmed,2024-11-26 00:00:00,2024-05-30 06:00:00,2024-05-30 06:00:00
dd4e20e1-aac5-43f6-ad74-91097fd55053,100,2024-08-10 00:00:00,4,456.0,59,54.72,0.0,confirmed,2024-12-13 00:00:00,2024-08-09 11:00:00,2024-08-09 11:00:00
98f42a39-2a12-4215-8d9f-b6b122fbc0c7,493,2024-03-22 00:00:00,1,192.5,125,23.1,0.0,confirmed,2024-07-20 00:00:00,2024-03-21 06:00:00,2024-03-27 06:00:00
cb49bc09-b27a-4988-b710-f59cca0c8a89,343,2024-03-02 00:00:00,1,208.0,138,24.96,20.8,cancelled,2024-03-11 00:00:00,2024-03-01 07:00:00,2024-03-01 07:00:00
78000357-f394-4569-9842-b20af5d30e56,202,2023-11-18 00:00:00,6,3024.0,141,362.88,302.4,cancelled,2024-02-12 00:00:00,2023-11-17 10:00:00,2023-11-17 10:00:00
e7c3846f-c169-4d5c-936b-953e94138d6e,123,2023-12-05 00:00:00,4,779.0,132,93.48,0.0,confirmed,2024-04-13 00:00:00,2023-12-04 19:00:00,2023-12-04 19:00:00
40f2c7e3-ba24-4a1b-87db-cbbb9fd469a0,76,2024-04-17 00:00:00,1,119.0,85,14.28,11.9,cancelled,2024-04-26 00:00:00,2024-04-16 06:00:00,2024-04-16 06:00:00
f85f5c48-9d32-453e-b157-7a13349a5e29,26,2023-12-22 00:00:00,2,480.0,79,57.6,48.0,cancelled,2024-05-28 00:00:00,2023-12-21 21:00:00,2023-12-21 21:00:00
5808fd49-f85d-4529-b277-36bd703e47f5,142,2023-07-20 00:00:00,6,924.0,46,110.88,92.4,cancelled,2023-10-25 00:00:00,2023-07-19 06:00:00,2023-07-19 06:00:00
b025f534-28c0-437f-84f4-582723b8a975,13,2024-02-20 00:00:00,5,1120.0,56,134.4,112.0,cancelled,2024-06-02 00:00:00,2024-02-19 10:00:00,2024-02-19 10:00:00
12463e52-cf68-4909-8a66-dee67cef3db3,145,2023-08-26 00:00:00,6,561.0,111,67.32,0.0,confirmed,2023-09-01 00:00:00,2023-08-25 21:00:00,2023-08-27 21:00:00
0d168d27-a531-495f-9c2b-14d73cd55690,117,2023-10-03 00:00:00,9,1440.0,114,172.8,144.0,cancelled,2023-12-29 00:00:00,2023-10-02 13:00:00,2023-10-02 13:00:00
ed521e44-4c62-48ae-8994-c7d057fe0f23,29,2023-05-08 00:00:00,9,2160.0,128,259.2,0.0,confirmed,2023-10-31 00:00:00,2023-05-07 11:00:00,2023-05-15 11:00:00
966e7977-5477-49e7-9b74-09ec86098986,314,2023-12-02 00:00:00,12,2448.0,50,293.76,0.0,confirmed,2024-01-06 00:00:00,2023-12-01 11:00:00,2023-12-07 11:00:00
54e2872f-602c-472a-b1bd-9d6a9d94b86a,460,2024-01-02 00:00:00,1,552.0,69,66.24,0.0,confirmed,2024-02-27 00:00:00,2024-01-01 11:00:00,2024-01-01 11:00:00
846b0f4a-a9c6-41af-af21-50b999be547c,343,2023-10-13 00:00:00,8,1664.0,133,199.68,166.4,cancelled,2024-02-10 00:00:00,2023-10-12 11:00:00,2023-10-12 11:00:00
78c266f2-7aa5-4b93-8125-521c6db8ad34,50,2024-08-11 00:00:00,13,2730.0,51,327.6,0.0,confirmed,2025-01-30 00:00:00,2024-08-10 03:00:00,2024-08-10 03:00:00
7ef8f14d-d88c-4063-99f2-b5835cdea7aa,149,2023-09-15 00:00:00,8,4096.0,52,491.52,409.6,cancelled,2024-02-21 00:00:00,2023-09-14 17:00:00,2023-09-18 17:00:00
f3d92df5-3e88-4a66-8fa2-d83db81c72c8,91,2023-06-30 00:00:00,10,1520.0,41,182.4,0.0,confirmed,2023-10-23 00:00:00,2023-06-29 19:00:00,2023-06-29 19:00:00
5523c1fe-6816-43a0-8bdb-2391a3d21bce,52,2024-03-14 00:00:00,2,330.0,60,39.6,33.0,cancelled,2024-08-07 00:00:00,2024-03-13 02:00:00,2024-03-13 02:00:00
543f8e66-5b01-42ce-8830-3bda7073a0e2,497,2024-02-18 00:00:00,8,1792.0,102,215.04,0.0,confirmed,2024-03-16 00:00:00,2024-02-17 22:00:00,2024-02-17 22:00:00
f58b7a1c-372d-4c10-8df2-5a58ffe6ec5d,178,2024-08-28 00:00:00,10,2082.5,141,249.9,0.0,confirmed,2025-01-12 00:00:00,2024-08-27 19:00:00,2024-08-27 19:00:00
1e795a6d-0e0f-4978-9838-d18c05cf26bf,103,2024-03-03 00:00:00,4,600.0,115,72.0,0.0,confirmed,2024-04-20 00:00:00,2024-03-02 14:00:00,2024-03-12 14:00:00
85a6487c-58ba-4327-9295-dc586c0d5153,97,2023-04-19 00:00:00,10,1662.5,65,199.5,0.0,confirmed,2023-08-11 00:00:00,2023-04-18 04:00:00,2023-04-18 04:00:00
4a9d27c0-a25d-46fd-8720-56b7faafa35a,32,2023-10-20 00:00:00,7,5474.0,65,656.88,0.0,confirmed,2024-01-05 00:00:00,2023-10-19 10:00:00,2023-10-19 10:00:00
a54dfa0e-4c91-46b5-81a8-c8d12b7c3961,13,2023-10-25 00:00:00,11,2464.0,108,295.68,246.4,cancelled,2024-01-06 00:00:00,2023-10-24 19:00:00,2023-10-24 19:00:00
195c79d3-f648-4042-bab7-26591cdcfd29,123,2023-11-12 00:00:00,10,1947.5,139,233.7,0.0,confirmed,2024-02-10 00:00:00,2023-11-11 23:00:00,2023-11-11 23:00:00
36a6132e-f645-4219-ad36-b1afb24b7d1a,370,2024-03-16 00:00:00,7,1296.75,60,155.61,0.0,confirmed,2024-05-02 00:00:00,2024-03-15 20:00:00,2024-03-15 20:00:00
b515657e-86c7-49a7-8578-e5c0bca3458b,21,2023-11-07 00:00:00,7,2061.5,69,247.38,0.0,confirmed,2023-12-11 00:00:00,2023-11-06 07:00:00,2023-11-16 07:00:00
b600f1ac-7840-4f32-abd3-53fcf3e53cfe,432,2024-03-10 00:00:00,11,2464.0,70,295.68,0.0,confirmed,2024-03-12 00:00:00,2024-03-09 15:00:00,2024-03-09 15:00:00
5223d44d-2d38-4c39-9f6d-fa30ff2c8666,495,2023-10-16 00:00:00,8,1200.0,68,144.0,0.0,confirmed,2024-03-12 00:00:00,2023-10-15 22:00:00,2023-10-15 22:00:00
ca408d18-c051-4d27-805e-758df2ae0c75,261,2023-08-04 00:00:00,3,780.0,146,93.6,0.0,confirmed,2023-09-05 00:00:00,2023-08-03 01:00:00,2023-08-03 01:00:00
c5b4992c-e46e-415b-8868-8752259d2bc3,295,2024-06-20 00:00:00,3,210.0,88,25.2,0.0,confirmed,2024-11-10 00:00:00,2024-06-19 09:00:00,2024-06-19 09:00:00
e7cb0f98-92a7-4472-87f8-c67827e6b726,82,2023-08-01 00:00:00,6,3552.0,75,426.24,355.2,cancelled,2023-09-24 00:00:00,2023-07-31 01:00:00,2023-08-04 01:00:00
a52e2d2b-c925-4a9e-9980-bdaf5b1cd897,192,2023-04-10 00:00:00,4,616.0,54,73.92,0.0,confirmed,2023-05-29 00:00:00,2023-04-09 23:00:00,2023-04-09 23:00:00
c703a4dd-f938-4361-979c-dc0c3955a327,211,2023-10-11 00:00:00,12,2400.0,127,288.0,0.0,confirmed,2023-12-20 00:00:00,2023-10-10 15:00:00,2023-10-10 15:00:00
99f1e02a-c98c-41eb-83c2-3e54befacaa2,370,2024-05-17 00:00:00,5,926.25,127,111.15,92.62,cancelled,2024-08-31 00:00:00,2024-05-16 01:00:00,2024-05-16 01:00:00
e53a7447-873b-40d0-bfa0-5f8347e1a9eb,19,2023-11-09 00:00:00,3,264.0,46,31.68,26.4,cancelled,2024-02-08 00:00:00,2023-11-08 09:00:00,2023-11-08 09:00:00
c56b729c-6ab9-4ae6-bbba-86ca84366d3c,447,2023-12-18 00:00:00,6,1836.0,99,220.32,0.0,confirmed,2024-02-20 00:00:00,2023-12-17 13:00:00,2023-12-17 13:00:00
0f77ecc8-473b-4cfa-8c3d-a15699d52ce2,370,2024-05-03 00:00:00,9,1667.25,89,200.07,166.73,cancelled,2024-07-16 00:00:00,2024-05-02 03:00:00,2024-05-02 03:00:00
2efb692a-34a1-4ee9-b65f-a1bd62421e76,127,2023-08-10 00:00:00,6,420.0,124,50.4,0.0,confirmed,2024-01-19 00:00:00,2023-08-09 11:00:00,2023-08-09 11:00:00
69e1e328-5dc4-4115-b517-1236f8628b02,460,2024-01-21 00:00:00,12,6624.0,113,794.88,0.0,confirmed,2024-07-09 00:00:00,2024-01-20 10:00:00,2024-01-20 10:00:00
182053ff-d5e2-419a-a919-51fab70476c3,70,2023-09-14 00:00:00,11,2816.0,92,337.92,281.6,cancelled,2023-12-13 00:00:00,2023-09-13 16:00:00,2023-09-21 16:00:00
643f20e1-4a35-4dff-81d3-90fbfcc8b155,497,2024-06-15 00:00:00,12,2688.0,128,322.56,0.0,confirmed,2024-12-09 00:00:00,2024-06-14 23:00:00,2024-06-15 23:00:00
c36e8252-ccec-4b13-b6f8-380a0bb8fc6a,344,2023-10-15 00:00:00,10,1330.0,49,159.6,0.0,confirmed,2023-10-29 00:00:00,2023-10-14 10:00:00,2023-10-14 10:00:00
777cdcd0-f91a-4407-920b-b73103e5ec49,356,2023-10-25 00:00:00,10,3330.0,43,399.6,333.0,cancelled,2024-01-07 00:00:00,2023-10-24 16:00:00,2023-10-26 16:00:00
c98e0c16-07fb-4acd-8a0e-94874d2e6066,486,2023-11-02 00:00:00,7,616.0,98,73.92,61.6,cancelled,2024-01-19 00:00:00,2023-11-01 10:00:00,2023-11-01 10:00:00
d78b21a6-340a-4ad2-af17-12753256e8f7,475,2023-11-27 00:00:00,9,900.0,116,108.0,0.0,confirmed,2024-05-05 00:00:00,2023-11-26 19:00:00,2023-11-26 19:00:00
be6cfcbf-9d1e-4da1-af5c-2b72757998c5,333,2024-06-09 00:00:00,5,1610.0,63,193.2,0.0,confirmed,2024-08-17 00:00:00,2024-06-08 21:00:00,2024-06-18 21:00:00
d64260a4-c1b1-4924-b000-9fc4e02b3ae0,169,2023-08-31 00:00:00,3,624.0,46,74.88,62.4,cancelled,2023-12-08 00:00:00,2023-08-30 20:00:00,2023-08-30 20:00:00
5b463fd5-b5c5-4b42-8b37-76e2e48cad5f,485,2023-10-02 00:00:00,9,3591.0,109,430.92,359.1,cancelled,2024-02-05 00:00:00,2023-10-01 13:00:00,2023-10-06 13:00:00
c6b757ca-d4ba-4f70-9c9a-3d7279d1d5c9,390,2023-08-17 00:00:00,14,2100.0,60,252.0,0.0,confirmed,2023-11-28 00:00:00,2023-08-16 23:00:00,2023-08-16 23:00:00
427c473c-db12-42b4-af07-10ef9498a851,212,2023-11-17 00:00:00,4,214.48,91,25.74,0.0,confirmed,2024-03-29 00:00:00,2023-11-16 05:00:00,2023-11-16 05:00:00
2b501151-63a7-4348-966f-f336066e0d7c,198,2024-03-22 00:00:00,9,4032.0,71,483.84,0.0,confirmed,2024-07-03 00:00:00,2024-03-21 12:00:00,2024-03-23 12:00:00
6029a383-5592-4209-a14f-dc17817cef03,395,2024-01-26 00:00:00,10,5600.0,119,672.0,0.0,confirmed,2024-02-15 00:00:00,2024-01-25 17:00:00,2024-01-25 17:00:00
5620e2d6-4168-4bd5-91f9-0eda3ba8a49e,245,2024-03-06 00:00:00,3,567.0,118,68.04,0.0,confirmed,2024-05-28 00:00:00,2024-03-05 16:00:00,2024-03-05 16:00:00
1b5d6696-d246-4daf-b290-ac6fb36db050,148,2024-03-10 00:00:00,6,1023.0,91,122.76,0.0,confirmed,2024-07-30 00:00:00,2024-03-09 22:00:00,2024-03-09 22:00:00
45ffe744-e439-43df-abf1-2755b33b9c57,140,2024-04-11 00:00:00,1,115.5,52,13.86,11.55,cancelled,2024-05-05 00:00:00,2024-04-10 10:00:00,2024-04-10 10:00:00
f0100306-f983-4a82-a86a-bca78de83d63,332,2023-10-17 00:00:00,8,704.0,145,84.48,70.4,cancelled,2024-01-09 00:00:00,2023-10-16 18:00:00,2023-10-16 18:00:00
bb2ccebc-6ca3-4107-8515-7e698587ddac,336,2023-12-12 00:00:00,1,152.0,92,18.24,15.2,cancelled,2024-03-31 00:00:00,2023-12-11 15:00:00,2023-12-11 15:00:00
70140aad-f4ab-4c2d-8b12-84776265d462,377,2024-06-07 00:00:00,3,519.75,84,62.37,51.98,cancelled,2024-08-22 00:00:00,2024-06-06 05:00:00,2024-06-06 05:00:00
5934528c-8e40-4704-bf4a-94dd7c65cf7b,444,2023-09-03 00:00:00,6,1632.0,40,195.84,0.0,confirmed,2024-01-11 00:00:00,2023-09-02 09:00:00,2023-09-02 09:00:00
9346ed96-065c-405f-8504-707f71e3c281,304,2024-03-01 00:00:00,10,1100.0,68,132.0,110.0,cancelled,2024-05-29 00:00:00,2024-02-29 08:00:00,2024-02-29 08:00:00
492069ba-7412-438b-b2a9-fc4b4c31a28c,31,2023-06-26 00:00:00,13,1105.0,62,132.6,0.0,confirmed,2023-08-20 00:00:00,2023-06-25 18:00:00,2023-06-27 18:00:00
6d941065-245a-4f90-9db4-70cf5f55f2ec,45,2023-06-13 00:00:00,12,1056.0,148,126.72,105.6,cancelled,2023-09-11 00:00:00,2023-06-12 11:00:00,2023-06-12 11:00:00
4af506da-834e-463e-bb13-dccc9bef992b,10,2024-05-05 00:00:00,10,3840.0,62,460.8,384.0,cancelled,2024-09-26 00:00:00,2024-05-04 21:00:00,2024-05-04 21:00:00
027a0b4e-d387-4b5b-bc62-eed902bdf5ef,408,2024-10-03 00:00:00,9,1534.5,145,184.14,0.0,confirmed,2024-12-08 00:00:00,2024-10-02 03:00:00,2024-10-02 03:00:00
0611d64e-9e0e-4238-98f2-f84b2e4ee8dc,88,2023-06-17 00:00:00,13,2840.5,84,340.86,284.05,cancelled,2023-09-02 00:00:00,2023-06-16 07:00:00,2023-06-23 07:00:00
b5ff1e03-3a57-44ee-ba1c-e8554461be91,112,2023-07-30 00:00:00,1,396.0,143,47.52,0.0,confirmed,2023-12-21 00:00:00,2023-07-29 22:00:00,2023-07-29 22:00:00
646f869c-862b-4eaf-8413-a6ffd4b6f88f,93,2024-06-14 00:00:00,4,665.0,79,79.8,66.5,cancelled,2024-11-11 00:00:00,2024-06-13 22:00:00,2024-06-13 22:00:00
61f9f544-2a5f-472b-a510-62bd569b8c36,44,2023-09-10 00:00:00,5,330.0,95,39.6,33.0,cancelled,2024-02-05 00:00:00,2023-09-09 11:00:00,2023-09-09 11:00:00
aa8d2c03-3e10-48b2-80d3-50192efe940f,453,2023-12-03 00:00:00,5,1350.0,103,162.0,0.0,confirmed,2024-02-02 00:00:00,2023-12-02 01:00:00,2023-12-02 01:00:00
1d03e443-15fe-4d5d-9c58-b056650d5bde,462,2023-08-10 00:00:00,9,1890.0,102,226.8,189.0,cancelled,2023-11-12 00:00:00,2023-08-09 22:00:00,2023-08-09 22:00:00
3410a54e-5834-466e-9814-0bb46f91441e,156,2023-10-23 00:00:00,13,1852.5,109,222.3,185.25,cancelled,2024-04-02 00:00:00,2023-10-22 17:00:00,2023-10-22 17:00:00
3acae69d-84f2-47a3-833d-0f679c8f2055,163,2023-04-22 00:00:00,14,9660.0,117,1159.2,0.0,confirmed,2023-06-11 00:00:00,2023-04-21 22:00:00,2023-05-01 22:00:00
373098f2-b153-426a-9081-fe624575c4a4,108,2024-05-05 00:00:00,11,499.18,67,59.9,0.0,confirmed,2024-06-10 00:00:00,2024-05-04 19:00:00,2024-05-04 19:00:00
a162b700-de9b-449e-9d94-3b0b7bbb4609,73,2023-08-16 00:00:00,6,1138.5,96,136.62,113.85,cancelled,2024-02-05 00:00:00,2023-08-15 16:00:00,2023-08-19 16:00:00
ec0a9492-1059-4a32-958b-8e65ab3baabc,267,2023-11-25 00:00:00,2,161.5,111,19.38,16.15,cancelled,2024-03-07 00:00:00,2023-11-24 01:00:00,2023-11-24 01:00:00
95ac0cd6-fa73-42c6-93b7-d4d702854cc6,114,2023-12-31 00:00:00,13,2145.0,100,257.4,0.0,confirmed,2024-01-12 00:00:00,2023-12-30 08:00:00,2024-01-01 08:00:00
4d1f203f-fb30-47f6-b711-451fa57aebaf,115,2024-07-06 00:00:00,8,3360.0,129,403.2,0.0,confirmed,2024-10-14 00:00:00,2024-07-05 04:00:00,2024-07-05 04:00:00
f4cc16d9-e386-4e23-9746-7c3b357aa348,188,2023-10-17 00:00:00,9,2898.0,66,347.76,0.0,confirmed,2024-02-05 00:00:00,2023-10-16 04:00:00,2023-10-16 04:00:00
73923e99-5e43-4196-8857-198e0b4d4349,470,2024-02-03 00:00:00,8,2024.0,89,242.88,0.0,confirmed,2024-04-18 00:00:00,2024-02-02 10:00:00,2024-02-10 10:00:00
5c4099ff-8524-460c-9a87-88d5380ed514,209,2023-09-26 00:00:00,6,816.72,80,98.01,0.0,confirmed,2024-03-19 00:00:00,2023-09-25 03:00:00,2023-09-25 03:00:00
86c07db9-af83-4d6b-a037-edb463b91a1b,281,2023-11-13 00:00:00,14,2128.0,127,255.36,0.0,confirmed,2023-11-23 00:00:00,2023-11-12 17:00:00,2023-11-12 17:00:00
bfcf142e-4a17-4635-a789-055cfc62b6d1,452,2023-07-16 00:00:00,11,635.25,123,76.23,0.0,confirmed,2023-07-20 00:00:00,2023-07-15 00:00:00,2023-07-15 00:00:00
4943e7cd-fa1a-4cf3-96ae-2e1cb2b73c76,399,2024-01-23 00:00:00,12,2499.0,125,299.88,0.0,confirmed,2024-04-18 00:00:00,2024-01-22 06:00:00,2024-01-22 06:00:00
b0f715fa-ab9e-4380-92b0-fd8324e22acf,55,2023-12-01 00:00:00,2,310.0,104,37.2,0.0,confirmed,2023-12-28 00:00:00,2023-11-30 08:00:00,2023-11-30 08:00:00
a57f7b9c-6ce9-4924-8f7f-b61077ce2fec,344,2023-10-11 00:00:00,5,665.0,117,79.8,66.5,cancelled,2023-12-23 00:00:00,2023-10-10 06:00:00,2023-10-10 06:00:00
8a6e16bc-7b6d-4a5c-aca1-bbd2b807d89e,478,2023-12-19 00:00:00,9,4410.0,111,529.2,0.0,confirmed,2024-02-06 00:00:00,2023-12-18 04:00:00,2023-12-19 04:00:00
39b8892d-46b9-42ed-a2dd-f3d1c2d07879,337,2024-02-17 00:00:00,9,4050.0,55,486.0,405.0,cancelled,2024-07-23 00:00:00,2024-02-16 12:00:00,2024-02-16 12:00:00
000c7cce-3dbb-409a-85b3-058c4242515f,470,2024-04-08 00:00:00,10,2530.0,149,303.6,253.0,cancelled,2024-08-04 00:00:00,2024-04-07 17:00:00,2024-04-07 17:00:00
227b4eac-6ab4-4773-bbea-72186deb0243,38,2023-10-21 00:00:00,3,990.0,51,118.8,0.0,confirmed,2024-03-24 00:00:00,2023-10-20 20:00:00,2023-10-20 20:00:00
7186aa46-ec94-42e2-ad96-84165d1ffd14,225,2024-07-05 00:00:00,8,2964.0,136,355.68,0.0,confirmed,2024-12-06 00:00:00,2024-07-04 05:00:00,2024-07-06 05:00:00
161da683-c4f6-4e12-917e-ad27e8524c74,224,2024-03-01 00:00:00,10,1045.0,123,125.4,0.0,confirmed,2024-03-14 00:00:00,2024-02-29 11:00:00,2024-02-29 11:00:00
61d68b8d-5885-4b66-9af2-0647497be508,441,2024-01-25 00:00:00,1,185.0,92,22.2,0.0,confirmed,2024-06-07 00:00:00,2024-01-24 03:00:00,2024-01-24 03:00:00
fd1e5038-6719-4c33-840a-0cfbc529b1fa,313,2023-11-23 00:00:00,13,3757.0,120,450.84,0.0,confirmed,2024-01-11 00:00:00,2023-11-22 07:00:00,2023-11-22 07:00:00
4a96bee4-a9ca-4a50-89f1-b1c96dbaa84d,193,2024-04-10 00:00:00,10,1955.0,81,234.6,0.0,confirmed,2024-05-18 00:00:00,2024-04-09 09:00:00,2024-04-09 09:00:00
ce834476-6019-4e04-8ced-df8c73d6db5c,409,2024-04-06 00:00:00,1,147.25,95,17.67,0.0,confirmed,2024-05-21 00:00:00,2024-04-05 02:00:00,2024-04-05 02:00:00
32e25b91-bb62-419e-9905-e08788aa3c57,73,2023-07-18 00:00:00,5,948.75,148,113.85,0.0,confirmed,2023-08-03 00:00:00,2023-07-17 15:00:00,2023-07-17 15:00:00
90e7c3f7-63c0-46cc-86f3-f64be695764f,200,2024-02-08 00:00:00,2,610.5,60,73.26,0.0,confirmed,2024-03-23 00:00:00,2024-02-07 04:00:00,2024-02-07 04:00:00
e329bc1c-6fb8-45b3-a482-799c8d62bbd1,115,2024-05-14 00:00:00,9,3780.0,61,453.6,378.0,cancelled,2024-11-07 00:00:00,2024-05-13 04:00:00,2024-05-13 04:00:00
51e5ac5d-6f63-4013-ab8d-15b9be42864e,406,2024-01-26 00:00:00,3,600.0,85,72.0,60.0,cancelled,2024-04-23 00:00:00,2024-01-25 10:00:00,2024-01-25 10:00:00
ba717bb0-adba-4a56-b7a1-0e46ea129c7f,126,2023-11-20 00:00:00,3,357.0,58,42.84,35.7,cancelled,2024-01-30 00:00:00,2023-11-19 23:00:00,2023-11-19 23:00:00
32e3eb67-daa1-4ad2-9990-40a18f5fc613,117,2023-09-20 00:00:00,5,800.0,63,96.0,0.0,confirmed,2023-11-06 00:00:00,2023-09-19 15:00:00,2023-09-19 15:00:00
cd33606e-b9b3-4754-8c4f-e65550752bc4,237,2023-10-02 00:00:00,6,1920.0,56,230.4,0.0,confirmed,2024-01-19 00:00:00,2023-10-01 13:00:00,2023-10-01 13:00:00
5fbbad26-672f-4555-995d-c492d64851ac,189,2023-11-19 00:00:00,9,519.75,97,62.37,0.0,confirmed,2024-03-22 00:00:00,2023-11-18 17:00:00,2023-11-18 17:00:00
9be20c90-c7bd-4551-958f-c6d62691deb0,498,2024-04-29 00:00:00,7,980.0,122,117.6,0.0,confirmed,2024-10-18 00:00:00,2024-04-28 03:00:00,2024-05-01 03:00:00
89a17f56-7291-411f-a532-ea15c8ebc5a5,294,2024-02-17 00:00:00,12,1767.0,87,212.04,0.0,confirmed,2024-03-10 00:00:00,2024-02-16 11:00:00,2024-02-20 11:00:00
d6b8e2e2-dd12-43da-81f1-fffd60eb0071,442,2024-05-31 00:00:00,8,2112.0,48,253.44,211.2,cancelled,2024-10-30 00:00:00,2024-05-30 23:00:00,2024-05-30 23:00:00
3761f765-004a-4396-82b3-06bd09e09fb4,168,2024-03-22 00:00:00,9,2700.0,75,324.0,270.0,cancelled,2024-07-08 00:00:00,2024-03-21 22:00:00,2024-03-21 22:00:00
8f0f7311-2d65-4a32-b455-3b801e8f303e,233,2023-06-13 00:00:00,5,288.75,108,34.65,0.0,confirmed,2023-09-02 00:00:00,2023-06-12 16:00:00,2023-06-12 16:00:00
cecef4f3-e7a0-48b5-94fa-39f4c3f10004,301,2024-06-19 00:00:00,3,210.36,148,25.24,0.0,confirmed,2024-08-06 00:00:00,2024-06-18 11:00:00,2024-06-18 11:00:00
aa174513-1015-47ad-9265-f5e3bce6ae3b,306,2024-03-08 00:00:00,11,1386.0,40,166.32,138.6,cancelled,2024-07-04 00:00:00,2024-03-07 05:00:00,2024-03-07 05:00:00
ac99bb31-be76-4c85-ba71-5b83a52d3081,339,2024-01-01 00:00:00,10,980.0,78,117.6,0.0,confirmed,2024-05-05 00:00:00,2023-12-31 03:00:00,2023-12-31 03:00:00
f07546be-6d60-4df0-a27a-5d5a4b91a567,98,2024-07-08 00:00:00,13,2398.5,76,287.82,0.0,confirmed,2024-11-29 00:00:00,2024-07-07 01:00:00,2024-07-07 01:00:00
69326465-03ce-4d9d-8460-27a41fa35b85,461,2023-10-06 00:00:00,5,3200.0,110,384.0,0.0,confirmed,2023-11-01 00:00:00,2023-10-05 09:00:00,2023-10-13 09:00:00
aa146861-4298-48b9-93d7-090219c0a246,465,2024-05-09 00:00:00,8,1064.0,78,127.68,0.0,confirmed,2024-06-15 00:00:00,2024-05-08 00:00:00,2024-05-15 00:00:00
4d024c08-650e-4dd0-9d90-5e8abcf56fe1,301,2024-01-18 00:00:00,4,280.48,69,33.66,0.0,confirmed,2024-03-10 00:00:00,2024-01-17 04:00:00,2024-01-17 04:00:00
9eda8e17-b147-49ae-b495-7085b6c79ced,105,2024-05-04 00:00:00,1,77.0,75,9.24,0.0,confirmed,2024-05-20 00:00:00,2024-05-03 12:00:00,2024-05-03 12:00:00
4e2d15c4-f4be-4af8-ad97-34e6333757b0,50,2024-05-14 00:00:00,2,420.0,115,50.4,0.0,confirmed,2024-07-22 00:00:00,2024-05-13 06:00:00,2024-05-13 06:00:00
f3694c10-eab5-451b-aa44-4cbdc6e02d72,254,2023-10-29 00:00:00,10,4500.0,93,540.0,0.0,confirmed,2023-11-20 00:00:00,2023-10-28 21:00:00,2023-10-28 21:00:00
4ba43049-08b4-406e-8972-fe071cedca0a,249,2024-02-20 00:00:00,13,1358.5,135,163.02,135.85,cancelled,2024-07-11 00:00:00,2024-02-19 03:00:00,2024-02-19 03:00:00
1587c598-232b-4122-ba2f-fff775b57539,99,2023-09-30 00:00:00,12,1683.0,41,201.96,0.0,confirmed,2023-10-20 00:00:00,2023-09-29 23:00:00,2023-09-29 23:00:00
05c7cb21-c289-4f4a-8268-2867da0a6ca0,245,2023-11-07 00:00:00,5,945.0,114,113.4,0.0,confirmed,2023-12-12 00:00:00,2023-11-06 08:00:00,2023-11-06 08:00:00
8ea3e1ba-9ff6-42fb-a5f6-e6aa12b0d19e,212,2023-10-24 00:00:00,6,321.72,126,38.61,32.17,cancelled,2024-01-11 00:00:00,2023-10-23 16:00:00,2023-10-23 16:00:00
cebb9e24-ccdd-4257-bbed-0f0813194fa1,42,2023-05-05 00:00:00,5,1147.5,43,137.7,114.75,cancelled,2023-09-08 00:00:00,2023-05-04 12:00:00,2023-05-09 12:00:00
f17028ae-1ed6-4666-8fb9-3dfe6486f997,142,2023-09-18 00:00:00,11,1694.0,68,203.28,0.0,confirmed,2024-01-14 00:00:00,2023-09-17 23:00:00,2023-09-25 23:00:00
49b224b3-6ea9-4f6a-a0c8-3d66402ce5d1,341,2023-09-20 00:00:00,13,1072.5,94,128.7,0.0,confirmed,2023-11-12 00:00:00,2023-09-19 00:00:00,2023-09-19 00:00:00
45fb9181-1a7b-4b89-8663-048b5046aebc,491,2024-03-31 00:00:00,5,1190.0,109,142.8,0.0,confirmed,2024-04-28 00:00:00,2024-03-30 04:00:00,2024-03-30 04:00:00
f9b8b45f-7e57-415a-9bdf-cc3b94e356ed,225,2024-09-17 00:00:00,7,2593.5,83,311.22,0.0,confirmed,2025-02-22 00:00:00,2024-09-16 14:00:00,2024-09-16 14:00:00
5da8f6c2-41fb-4394-8885-012ff2f6999b,426,2023-12-11 00:00:00,8,1088.96,137,130.68,0.0,confirmed,2024-05-16 00:00:00,2023-12-10 19:00:00,2023-12-10 19:00:00
977dcdd9-486b-430a-8ece-8de87512a4eb,52,2024-05-07 00:00:00,12,1980.0,92,237.6,0.0,confirmed,2024-06-12 00:00:00,2024-05-06 15:00:00,2024-05-10 15:00:00
3ee1972c-8f5a-4511-b9db-7573b963bd10,124,2023-12-31 00:00:00,3,408.0,79,48.96,40.8,cancelled,2024-05-16 00:00:00,2023-12-30 00:00:00,2023-12-30 00:00:00
5fca792f-0832-41b3-812a-63d3282ac5d7,382,2024-04-28 00:00:00,13,3289.0,144,394.68,0.0,confirmed,2024-09-20 00:00:00,2024-04-27 13:00:00,2024-04-27 13:00:00
99010e67-b7b1-4601-91ac-72e5446f0727,365,2023-05-17 00:00:00,12,1824.0,79,218.88,0.0,confirmed,2023-09-01 00:00:00,2023-05-16 20:00:00,2023-05-16 20:00:00
8ba0e9f9-e11e-4923-839a-09807120265b,497,2023-10-23 00:00:00,10,2240.0,97,268.8,0.0,confirmed,2024-04-05 00:00:00,2023-10-22 01:00:00,2023-10-22 01:00:00
58d02100-56ca-424c-8ac8-4a52cb24ede2,208,2024-06-12 00:00:00,14,5586.0,99,670.32,0.0,confirmed,2024-11-18 00:00:00,2024-06-11 19:00:00,2024-06-11 19:00:00
5d3331c0-dcbd-4d57-b5a5-35cf78b59c78,211,2024-01-18 00:00:00,13,2600.0,85,312.0,0.0,confirmed,2024-06-13 00:00:00,2024-01-17 09:00:00,2024-01-17 09:00:00
ca251ec6-6672-476d-a563-35af70d61efb,262,2023-03-20 00:00:00,3,1764.0,73,211.68,0.0,confirmed,2023-03-23 00:00:00,2023-03-19 10:00:00,2023-03-19 10:00:00
d5dbace5-aa44-40c1-9264-db755f418e68,141,2023-04-26 00:00:00,3,371.25,121,44.55,37.12,cancelled,2023-10-21 00:00:00,2023-04-25 11:00:00,2023-04-25 11:00:00
7129bb43-156b-4be0-8a7e-0c2aa6574016,338,2023-11-10 00:00:00,5,840.0,91,100.8,84.0,cancelled,2024-01-27 00:00:00,2023-11-09 16:00:00,2023-11-09 16:00:00
f9113676-860f-4c6f-8ba9-ac4758a3ce56,356,2023-09-11 00:00:00,10,3330.0,144,399.6,333.0,cancelled,2024-01-22 00:00:00,2023-09-10 17:00:00,2023-09-10 17:00:00
3b19c07f-8776-488e-a9ee-351a1059f09a,283,2024-04-18 00:00:00,13,1859.0,114,223.08,185.9,cancelled,2024-07-18 00:00:00,2024-04-17 14:00:00,2024-04-17 14:00:00
33db18df-b1ca-49e3-86e8-f8e3a5537cc4,482,2024-05-10 00:00:00,5,1320.0,61,158.4,0.0,confirmed,2024-08-08 00:00:00,2024-05-09 04:00:00,2024-05-09 04:00:00
92c0bd6a-fa22-4a50-ac96-7ea932e0c459,345,2024-01-25 00:00:00,2,224.0,104,26.88,0.0,confirmed,2024-04-29 00:00:00,2024-01-24 09:00:00,2024-01-24 09:00:00
991c8c7c-70b1-44f8-804d-655b6383aece,220,2023-12-08 00:00:00,3,297.0,103,35.64,0.0,confirmed,2023-12-16 00:00:00,2023-12-07 00:00:00,2023-12-07 00:00:00
0e720ac5-105d-4f0e-856b-007ed29341cf,445,2023-05-01 00:00:00,8,1408.0,129,168.96,140.8,cancelled,2023-08-05 00:00:00,2023-04-30 08:00:00,2023-04-30 08:00:00
4e12c547-f043-4f89-b782-1985d7970f69,41,2023-09-06 00:00:00,6,484.5,81,58.14,0.0,confirmed,2023-12-24 00:00:00,2023-09-05 11:00:00,2023-09-10 11:00:00
f45f231c-5cfa-467a-b220-a899fee33aa7,381,2023-05-26 00:00:00,13,4576.0,129,549.12,0.0,confirmed,2023-08-09 00:00:00,2023-05-25 12:00:00,2023-05-25 12:00:00
eaab8a37-62bc-4003-ae93-d1f35b10c12d,68,2024-03-18 00:00:00,13,1716.0,80,205.92,0.0,confirmed,2024-04-27 00:00:00,2024-03-17 11:00:00,2024-03-18 11:00:00
5fd6d131-1815-40c3-98c3-47fb3c96e3ae,452,2023-04-02 00:00:00,8,462.0,114,55.44,46.2,cancelled,2023-08-22 00:00:00,2023-04-01 08:00:00,2023-04-10 08:00:00
988dfcf9-621a-4aad-8d9c-8565b394a0f8,398,2023-03-13 00:00:00,7,952.0,148,114.24,95.2,cancelled,2023-08-20 00:00:00,2023-03-12 17:00:00,2023-03-12 17:00:00
f95dfcc6-734d-443b-bb82-ea8fc9d5380b,404,2023-10-02 00:00:00,7,840.0,133,100.8,84.0,cancelled,2023-12-13 00:00:00,2023-10-01 23:00:00,2023-10-01 23:00:00
ed9db5d7-6103-491c-877c-6051b5866e7d,211,2024-01-07 00:00:00,12,2400.0,98,288.0,0.0,confirmed,2024-03-04 00:00:00,2024-01-06 11:00:00,2024-01-06 11:00:00
fb30acf8-19d4-456a-8655-b2257aaab18f,428,2023-12-29 00:00:00,3,1134.0,92,136.08,0.0,confirmed,2024-06-17 00:00:00,2023-12-28 14:00:00,2023-12-28 14:00:00
eb86e75d-ae3a-49d7-9381-35b1f137de25,33,2023-10-10 00:00:00,7,1666.0,145,199.92,0.0,confirmed,2023-11-22 00:00:00,2023-10-09 15:00:00,2023-10-09 15:00:00
cf10e013-3c55-4285-9c37-4a94e34d156c,418,2024-07-13 00:00:00,12,3600.0,81,432.0,0.0,confirmed,2024-08-19 00:00:00,2024-07-12 02:00:00,2024-07-12 02:00:00
2ef0548d-9d4e-4d60-af55-e863b571e716,372,2023-10-31 00:00:00,4,352.0,67,42.24,35.2,cancelled,2024-01-24 00:00:00,2023-10-30 17:00:00,2023-10-30 17:00:00
b6f8d88f-d677-4485-a740-80ae3bbb6aac,399,2023-08-01 00:00:00,1,208.25,132,24.99,20.83,cancelled,2023-11-28 00:00:00,2023-07-31 14:00:00,2023-07-31 14:00:00
7bc550b6-4bfb-42ad-81cc-a4ec5f023827,318,2024-06-06 00:00:00,11,1045.0,126,125.4,0.0,confirmed,2024-06-14 00:00:00,2024-06-05 20:00:00,2024-06-05 20:00:00
7055dba1-1554-4ea2-b95f-848d170e3f2b,134,2024-01-27 00:00:00,12,6144.0,94,737.28,614.4,cancelled,2024-03-22 00:00:00,2024-01-26 23:00:00,2024-01-26 23:00:00
e40b1f36-2e02-40c7-974e-895af4fcdfff,111,2023-08-15 00:00:00,5,2640.0,127,316.8,0.0,confirmed,2023-12-23 00:00:00,2023-08-14 17:00:00,2023-08-14 17:00:00
8c7d3798-e8ad-4dbb-97a9-0a3c5cb15e03,409,2023-10-06 00:00:00,10,1472.5,73,176.7,0.0,confirmed,2024-03-27 00:00:00,2023-10-05 15:00:00,2023-10-05 15:00:00
86c12249-7d67-4ccc-9e98-6de1ed773a6c,117,2023-08-05 00:00:00,1,160.0,62,19.2,0.0,confirmed,2023-12-04 00:00:00,2023-08-04 22:00:00,2023-08-04 22:00:00
f46115c0-346c-4ef9-ae30-48b7b37c1212,123,2023-10-29 00:00:00,8,1558.0,148,186.96,155.8,cancelled,2024-04-20 00:00:00,2023-10-28 01:00:00,2023-10-28 01:00:00
7564e2c4-af0a-4509-828a-c88eb6bfdfa7,417,2023-11-28 00:00:00,3,840.0,57,100.8,0.0,confirmed,2024-03-14 00:00:00,2023-11-27 09:00:00,2023-11-28 09:00:00
b3c980c1-ebd4-498a-93e6-03184bfd4c53,482,2024-08-03 00:00:00,11,2904.0,99,348.48,290.4,cancelled,2024-09-20 00:00:00,2024-08-02 10:00:00,2024-08-02 10:00:00
0d9b94d2-65c9-4bc0-a07b-e73a425848a4,126,2024-02-14 00:00:00,12,1428.0,88,171.36,0.0,confirmed,2024-06-17 00:00:00,2024-02-13 00:00:00,2024-02-13 00:00:00
ef250193-b8e6-4be5-b937-e419a362a8aa,141,2023-04-05 00:00:00,6,742.5,86,89.1,74.25,cancelled,2023-08-25 00:00:00,2023-04-04 02:00:00,2023-04-10 02:00:00
7b5ac9bf-651a-4e67-904f-e71ccc409fcf,318,2024-05-01 00:00:00,10,950.0,65,114.0,95.0,cancelled,2024-08-29 00:00:00,2024-04-30 08:00:00,2024-04-30 08:00:00
36ce84df-e338-4b4a-a4e5-cf01c079d7e5,290,2023-03-13 00:00:00,7,980.0,107,117.6,0.0,confirmed,2023-08-11 00:00:00,2023-03-12 22:00:00,2023-03-12 22:00:00
2c9b5fcc-1e46-458f-8a65-67d95c9a14db,388,2023-10-19 00:00:00,10,1700.0,55,204.0,170.0,cancelled,2024-02-15 00:00:00,2023-10-18 21:00:00,2023-10-18 21:00:00
82d181a5-0ce9-4702-95fa-f72f9720e291,464,2023-03-04 00:00:00,10,1600.0,113,192.0,0.0,confirmed,2023-03-26 00:00:00,2023-03-03 10:00:00,2023-03-13 10:00:00
9d07db46-7973-4cf6-88ae-a9001c5df5e0,276,2024-03-28 00:00:00,12,1710.0,63,205.2,0.0,confirmed,2024-08-13 00:00:00,2024-03-27 15:00:00,2024-03-27 15:00:00
e3931484-ffac-432c-bda0-ec31e7c40a98,21,2024-06-13 00:00:00,1,294.5,83,35.34,0.0,confirmed,2024-07-10 00:00:00,2024-06-12 04:00:00,2024-06-12 04:00:00
4ec939df-6a74-4d34-9f5c-0ec2d666f881,65,2023-11-18 00:00:00,7,1001.0,45,120.12,0.0,confirmed,2023-11-28 00:00:00,2023-11-17 09:00:00,2023-11-17 09:00:00
711480ba-306a-42d9-afbc-0667d98f3fe0,332,2023-08-19 00:00:00,7,616.0,134,73.92,0.0,confirmed,2023-09-04 00:00:00,2023-08-18 17:00:00,2023-08-28 17:00:00
7bf5b7bd-4aa4-4e0b-a813-ed1e73ff9abe,11,2024-02-10 00:00:00,7,1120.0,112,134.4,0.0,confirmed,2024-02-21 00:00:00,2024-02-09 19:00:00,2024-02-09 19:00:00
f6aac1f1-c128-4d53-9537-b723e6fbcbaf,425,2024-01-14 00:00:00,14,3094.0,129,371.28,0.0,confirmed,2024-05-16 00:00:00,2024-01-13 17:00:00,2024-01-21 17:00:00
a2f5f644-e13f-48f1-9217-35c73dd6af4e,142,2023-10-12 00:00:00,5,770.0,89,92.4,77.0,cancelled,2024-02-11 00:00:00,2023-10-11 04:00:00,2023-10-11 04:00:00
ae30c28c-4299-4aa2-93bb-6dea46881490,319,2024-03-09 00:00:00,8,1088.96,136,130.68,108.9,cancelled,2024-07-13 00:00:00,2024-03-08 20:00:00,2024-03-08 20:00:00
7da60032-1861-4572-884e-d8d658c02f45,490,2024-08-05 00:00:00,9,2052.0,58,246.24,205.2,cancelled,2025-01-23 00:00:00,2024-08-04 06:00:00,2024-08-04 06:00:00
a730e757-822b-43df-93e0-fef702370310,413,2024-04-18 00:00:00,7,532.0,87,63.84,0.0,confirmed,2024-06-30 00:00:00,2024-04-17 08:00:00,2024-04-17 08:00:00
fb0bcb2e-9f9f-4299-878f-4b35fa2a9347,137,2023-07-31 00:00:00,12,4560.0,100,547.2,0.0,confirmed,2023-12-31 00:00:00,2023-07-30 20:00:00,2023-07-30 20:00:00
49b48522-59cc-42ed-8364-c28a3d8f8d22,295,2024-07-13 00:00:00,3,210.0,104,25.2,0.0,confirmed,2024-09-01 00:00:00,2024-07-12 02:00:00,2024-07-12 02:00:00
056947b2-b546-4044-9562-d7a4b2abe48d,99,2023-08-18 00:00:00,5,701.25,142,84.15,0.0,confirmed,2024-01-20 00:00:00,2023-08-17 11:00:00,2023-08-17 11:00:00
acf3790b-d45d-4b95-906c-87555c3ad712,474,2024-06-13 00:00:00,5,1725.0,99,207.0,172.5,cancelled,2024-09-13 00:00:00,2024-06-12 13:00:00,2024-06-12 13:00:00
042d9f3d-f8e1-4cbf-95c5-1fd5b69adffd,87,2024-04-25 00:00:00,11,5148.0,52,617.76,0.0,confirmed,2024-06-02 00:00:00,2024-04-24 08:00:00,2024-04-25 08:00:00
a9ef0ee7-6151-48df-9f10-ef964024c93f,181,2023-03-02 00:00:00,5,1820.0,103,218.4,0.0,confirmed,2023-05-10 00:00:00,2023-03-01 13:00:00,2023-03-01 13:00:00
ac5967c4-4104-4c56-9861-0854094fc323,473,2024-01-18 00:00:00,9,2565.0,49,307.8,0.0,confirmed,2024-03-09 00:00:00,2024-01-17 05:00:00,2024-01-17 05:00:00
570fd8c9-c23d-465e-99ef-92546ce4ffc6,185,2023-04-29 00:00:00,3,336.0,133,40.32,33.6,cancelled,2023-09-29 00:00:00,2023-04-28 04:00:00,2023-04-28 04:00:00
eae846d0-020a-4fbc-afc6-953064d66cb7,491,2023-12-26 00:00:00,14,3332.0,132,399.84,0.0,confirmed,2024-01-15 00:00:00,2023-12-25 20:00:00,2023-12-25 20:00:00
c50e1c0b-0363-4860-8abe-85000daa398b,51,2023-03-27 00:00:00,1,231.0,47,27.72,23.1,cancelled,2023-07-06 00:00:00,2023-03-26 23:00:00,2023-03-28 23:00:00
942d6c6d-b437-4e6b-8c88-1a720b03c66a,97,2023-08-08 00:00:00,13,2161.25,119,259.35,0.0,confirmed,2023-10-08 00:00:00,2023-08-07 14:00:00,2023-08-07 14:00:00
c1d304f3-14a0-480c-8547-f3451512f084,497,2024-01-02 00:00:00,9,2016.0,62,241.92,201.6,cancelled,2024-06-18 00:00:00,2024-01-01 00:00:00,2024-01-01 00:00:00
53101423-c492-40eb-8627-1c7e986d2eef,498,2024-08-08 00:00:00,6,840.0,82,100.8,84.0,cancelled,2024-11-06 00:00:00,2024-08-07 19:00:00,2024-08-07 19:00:00
fd8ff2fa-3d28-4ba1-af26-4abdab2526c5,103,2024-01-22 00:00:00,2,300.0,105,36.0,0.0,confirmed,2024-06-17 00:00:00,2024-01-21 22:00:00,2024-01-21 22:00:00
4bbe40ac-2c52-4c34-8eaa-cb8fecd78ee9,322,2023-10-18 00:00:00,7,490.84,67,58.9,49.08,cancelled,2024-03-14 00:00:00,2023-10-17 01:00:00,2023-10-17 01:00:00
e97c69c6-d5f3-44cc-af97-299cf6a954c2,277,2023-09-26 00:00:00,6,1428.0,98,171.36,142.8,cancelled,2024-03-09 00:00:00,2023-09-25 18:00:00,2023-09-25 18:00:00
7ae88c89-e0f4-42be-b2ab-f874f9365439,345,2023-05-18 00:00:00,13,1456.0,74,174.72,145.6,cancelled,2023-07-27 00:00:00,2023-05-17 04:00:00,2023-05-27 04:00:00
51cb9351-bc0e-404d-b941-630896fff723,4,2024-03-09 00:00:00,11,3135.0,91,376.2,0.0,confirmed,2024-09-01 00:00:00,2024-03-08 18:00:00,2024-03-08 18:00:00
44b1db59-16d4-4f13-b14d-65caed766b0b,49,2023-11-17 00:00:00,9,882.0,48,105.84,0.0,confirmed,2024-01-06 00:00:00,2023-11-16 16:00:00,2023-11-16 16:00:00
4f9b4657-75f9-4562-a109-4204810b9a8d,42,2023-10-19 00:00:00,11,2524.5,55,302.94,0.0,confirmed,2024-02-05 00:00:00,2023-10-18 00:00:00,2023-10-18 00:00:00
32faffb1-89ce-4145-a401-cdb1f25d33f2,82,2023-10-19 00:00:00,8,4736.0,101,568.32,0.0,confirmed,2024-03-29 00:00:00,2023-10-18 01:00:00,2023-10-19 01:00:00
66043806-a11c-4d85-93db-233789a56aa3,126,2023-08-16 00:00:00,1,119.0,46,14.28,11.9,cancelled,2023-12-14 00:00:00,2023-08-15 22:00:00,2023-08-15 22:00:00
111f5fdb-aa82-4c9a-a754-def5c0a5c05b,40,2023-09-14 00:00:00,5,990.0,52,118.8,0.0,confirmed,2024-02-11 00:00:00,2023-09-13 22:00:00,2023-09-17 22:00:00
db5160c3-544a-4f3d-831a-b6bf8e553534,488,2023-09-26 00:00:00,11,2728.0,122,327.36,272.8,cancelled,2024-02-24 00:00:00,2023-09-25 00:00:00,2023-09-25 00:00:00
c7e0b581-1132-44fc-b543-5384f1e71ee4,366,2024-05-22 00:00:00,4,644.0,68,77.28,0.0,confirmed,2024-11-15 00:00:00,2024-05-21 19:00:00,2024-05-28 19:00:00
bfbe6c73-39dc-40a6-8844-5389c21e95fb,379,2023-12-07 00:00:00,11,1210.0,85,145.2,0.0,confirmed,2024-01-14 00:00:00,2023-12-06 08:00:00,2023-12-06 08:00:00
8e1bec26-f3b8-4ad0-a69b-b8c5a7d71b23,400,2024-05-25 00:00:00,5,673.75,77,80.85,67.38,cancelled,2024-10-16 00:00:00,2024-05-24 06:00:00,2024-05-24 06:00:00
b83ac3a5-ed69-4291-ba3f-018c81757efa,217,2023-04-19 00:00:00,11,2717.0,91,326.04,0.0,confirmed,2023-09-30 00:00:00,2023-04-18 11:00:00,2023-04-18 11:00:00
5cd1e32c-670f-48b8-a78b-c4b3e597f4db,460,2024-05-24 00:00:00,2,1104.0,100,132.48,0.0,confirmed,2024-11-01 00:00:00,2024-05-23 18:00:00,2024-05-23 18:00:00
b525e4d6-4ac8-4cc7-9dd4-0d6623a63316,99,2023-09-01 00:00:00,14,1963.5,140,235.62,196.35,cancelled,2023-09-13 00:00:00,2023-08-31 16:00:00,2023-09-05 16:00:00
1eea7fed-4bc7-4341-97f2-0965e20d2392,500,2023-04-18 00:00:00,2,805.0,150,96.6,80.5,cancelled,2023-09-04 00:00:00,2023-04-17 01:00:00,2023-04-17 01:00:00
e75348ee-5e71-48d8-8ed6-6654e08dc9c6,103,2024-03-05 00:00:00,4,600.0,84,72.0,0.0,confirmed,2024-05-23 00:00:00,2024-03-04 21:00:00,2024-03-04 21:00:00
510c7bfd-1830-4803-9259-f8e3f6d171d4,488,2023-10-26 00:00:00,12,2976.0,94,357.12,0.0,confirmed,2024-01-12 00:00:00,2023-10-25 16:00:00,2023-10-25 16:00:00
5319aab6-03e9-493b-a0b8-dd6360405fad,283,2024-04-23 00:00:00,8,1144.0,97,137.28,0.0,confirmed,2024-09-24 00:00:00,2024-04-22 14:00:00,2024-05-02 14:00:00
d58592f8-b4d0-4d03-a56e-81079c015483,355,2023-11-17 00:00:00,10,2850.0,70,342.0,0.0,confirmed,2023-11-20 00:00:00,2023-11-16 20:00:00,2023-11-16 20:00:00
22767216-8a81-43d1-90fa-9238147a33d2,348,2023-09-26 00:00:00,14,770.0,134,92.4,0.0,confirmed,2023-11-30 00:00:00,2023-09-25 19:00:00,2023-09-25 19:00:00
4fddd26f-cad1-4964-8f5d-3f5047869489,342,2023-11-08 00:00:00,9,810.0,87,97.2,0.0,confirmed,2023-12-14 00:00:00,2023-11-07 09:00:00,2023-11-07 09:00:00
b075bfa4-c824-4be7-87ae-67a84507035b,45,2023-09-01 00:00:00,13,1144.0,72,137.28,0.0,confirmed,2023-09-09 00:00:00,2023-08-31 05:00:00,2023-08-31 05:00:00
0607c399-0388-43fa-afae-8b4749d2f856,186,2024-04-06 00:00:00,8,1023.04,46,122.76,0.0,confirmed,2024-07-01 00:00:00,2024-04-05 17:00:00,2024-04-05 17:00:00
1dcf8f9c-ae86-4d5d-a1e2-2d05b8c9b0ae,85,2023-11-11 00:00:00,1,154.0,58,18.48,0.0,confirmed,2024-04-06 00:00:00,2023-11-10 22:00:00,2023-11-10 22:00:00
b05793eb-7550-4d1a-8e82-cacee3287333,494,2024-02-05 00:00:00,6,1824.0,124,218.88,182.4,cancelled,2024-04-13 00:00:00,2024-02-04 11:00:00,2024-02-04 11:00:00
7fa01af6-7639-4936-8c08-5886ab0120a6,159,2023-09-10 00:00:00,14,2240.0,84,268.8,0.0,confirmed,2023-10-23 00:00:00,2023-09-09 02:00:00,2023-09-09 02:00:00
a45366aa-2f69-4a1f-b44a-1e9870d25c0e,127,2024-04-13 00:00:00,11,770.0,120,92.4,0.0,confirmed,2024-08-10 00:00:00,2024-04-12 09:00:00,2024-04-12 09:00:00
70e47ba1-5540-47a7-bf9b-e77b41894f3a,45,2023-12-10 00:00:00,4,352.0,71,42.24,35.2,cancelled,2024-04-14 00:00:00,2023-12-09 15:00:00,2023-12-09 15:00:00
fb36a4ef-3a4a-49e2-8d40-4de8bfc87417,79,2023-10-12 00:00:00,1,144.38,114,17.33,0.0,confirmed,2024-03-28 00:00:00,2023-10-11 04:00:00,2023-10-11 04:00:00
799e3ee5-9e60-4a27-8d2b-ba6006d9f9fe,267,2023-11-22 00:00:00,8,646.0,123,77.52,64.6,cancelled,2024-05-10 00:00:00,2023-11-21 08:00:00,2023-11-27 08:00:00
2f20e371-fd9d-4e1f-9974-260b729fb30a,167,2023-04-17 00:00:00,11,5577.0,128,669.24,0.0,confirmed,2023-05-12 00:00:00,2023-04-16 00:00:00,2023-04-16 00:00:00
a25f7b4e-1d54-4953-9f7c-08cce6464710,199,2023-07-01 00:00:00,11,1028.5,45,123.42,0.0,confirmed,2023-08-17 00:00:00,2023-06-30 10:00:00,2023-06-30 10:00:00
9d1752a3-289a-48a5-a6e7-8b27aea6f61d,259,2024-01-27 00:00:00,11,2079.0,92,249.48,0.0,confirmed,2024-02-16 00:00:00,2024-01-26 21:00:00,2024-01-26 21:00:00
6c0bed12-5de5-4dbb-a519-3078ef2af4e3,481,2023-07-02 00:00:00,12,1020.0,147,122.4,0.0,confirmed,2023-09-09 00:00:00,2023-07-01 00:00:00,2023-07-09 00:00:00
1d7136e9-c98c-474f-a183-a021a3a7beb7,227,2024-02-28 00:00:00,8,1088.0,148,130.56,108.8,cancelled,2024-06-10 00:00:00,2024-02-27 23:00:00,2024-02-27 23:00:00
9dcc3d9f-4023-4772-bb40-b895f67d07cb,57,2023-08-03 00:00:00,9,1485.0,78,178.2,0.0,confirmed,2023-09-15 00:00:00,2023-08-02 17:00:00,2023-08-02 17:00:00
3da5894c-1f58-4409-8b00-a99c92d3f9e6,373,2023-05-18 00:00:00,14,2744.0,58,329.28,0.0,confirmed,2023-06-20 00:00:00,2023-05-17 17:00:00,2023-05-17 17:00:00
b5f50d9c-3dfa-4f9f-ad55-ab38bc26c87d,211,2024-03-05 00:00:00,1,200.0,88,24.0,20.0,cancelled,2024-08-20 00:00:00,2024-03-04 09:00:00,2024-03-04 09:00:00
37ed99aa-c987-4c5f-8779-cf8c2adf70a0,192,2023-04-17 00:00:00,6,924.0,60,110.88,92.4,cancelled,2023-08-05 00:00:00,2023-04-16 09:00:00,2023-04-19 09:00:00
785c363d-209f-415a-9ce4-76e3ed46ccba,110,2024-02-17 00:00:00,14,2660.0,103,319.2,0.0,confirmed,2024-03-25 00:00:00,2024-02-16 17:00:00,2024-02-16 17:00:00
e30e3431-4bf5-4336-81dc-6881d11a2716,364,2024-06-24 00:00:00,13,1716.0,96,205.92,0.0,confirmed,2024-09-30 00:00:00,2024-06-23 20:00:00,2024-06-23 20:00:00
8735f448-a337-47f0-a4c9-a02c58fca0a8,350,2024-06-05 00:00:00,14,3136.0,110,376.32,0.0,confirmed,2024-11-17 00:00:00,2024-06-04 08:00:00,2024-06-04 08:00:00
7723a8df-648d-46c0-991e-010448b06926,54,2024-03-18 00:00:00,6,2664.0,118,319.68,266.4,cancelled,2024-07-28 00:00:00,2024-03-17 01:00:00,2024-03-17 01:00:00
93e5722d-9390-4fa3-b432-c188ac451c67,451,2024-07-29 00:00:00,11,6006.0,73,720.72,0.0,confirmed,2024-10-11 00:00:00,2024-07-28 07:00:00,2024-07-28 07:00:00
f8820171-0a37-431d-b3ca-5f6e4e41c0d3,356,2023-07-03 00:00:00,6,1998.0,116,239.76,199.8,cancelled,2023-11-17 00:00:00,2023-07-02 12:00:00,2023-07-02 12:00:00
e4195cf6-c60b-46f0-b8f8-5c22c87525c7,243,2023-11-26 00:00:00,11,968.0,48,116.16,96.8,cancelled,2024-03-03 00:00:00,2023-11-25 06:00:00,2023-11-25 06:00:00
03e4b126-4e9e-4803-ad21-cb5d772e384c,99,2023-11-19 00:00:00,6,841.5,130,100.98,0.0,confirmed,2024-03-22 00:00:00,2023-11-18 23:00:00,2023-11-19 23:00:00
cef8b671-c568-41c5-ad96-d0c5090420f0,474,2024-01-13 00:00:00,2,690.0,108,82.8,0.0,confirmed,2024-03-24 00:00:00,2024-01-12 05:00:00,2024-01-12 05:00:00
6d663ad8-d0f2-4261-bd4b-92ee1e39695c,155,2023-06-17 00:00:00,13,1859.0,55,223.08,185.9,cancelled,2023-12-04 00:00:00,2023-06-16 04:00:00,2023-06-16 04:00:00
448f516b-b8f6-4801-925c-d1692709e1db,421,2024-06-28 00:00:00,2,1230.0,146,147.6,0.0,confirmed,2024-07-12 00:00:00,2024-06-27 16:00:00,2024-06-27 16:00:00
1bc6904d-cb21-4017-b79a-59cecd5f8516,468,2024-03-05 00:00:00,4,181.52,50,21.78,0.0,confirmed,2024-04-24 00:00:00,2024-03-04 10:00:00,2024-03-04 10:00:00
b855b00b-f02d-4e0e-8d12-0391a57b9229,14,2024-07-23 00:00:00,12,990.0,96,118.8,0.0,confirmed,2024-09-22 00:00:00,2024-07-22 01:00:00,2024-07-22 01:00:00
79701095-d436-4330-bb77-a15d8574ede0,192,2023-06-06 00:00:00,5,770.0,148,92.4,77.0,cancelled,2023-10-15 00:00:00,2023-06-05 07:00:00,2023-06-05 07:00:00
385ed425-7c3c-4a5c-a056-968dd953cf25,330,2023-10-14 00:00:00,11,4774.0,126,572.88,0.0,confirmed,2023-10-20 00:00:00,2023-10-13 18:00:00,2023-10-13 18:00:00
d2fbb39e-afaf-40d7-8b8b-b3ecd7a4185b,372,2023-12-27 00:00:00,14,1232.0,99,147.84,123.2,cancelled,2024-06-17 00:00:00,2023-12-26 01:00:00,2024-01-05 01:00:00
9c135822-9738-4dde-8e5a-f16fa948cdc8,37,2023-10-26 00:00:00,1,294.0,56,35.28,0.0,confirmed,2023-11-23 00:00:00,2023-10-25 13:00:00,2023-10-25 13:00:00
b7821660-bace-4716-9691-8d64fee16e02,434,2024-03-30 00:00:00,13,5531.5,45,663.78,553.15,cancelled,2024-09-07 00:00:00,2024-03-29 06:00:00,2024-04-08 06:00:00
ed2fad97-f4fb-4c16-ad9f-0aebd8bcf2fa,215,2023-05-14 00:00:00,13,1950.0,111,234.0,195.0,cancelled,2023-10-11 00:00:00,2023-05-13 13:00:00,2023-05-15 13:00:00
0c9ff015-d94c-46ab-89c6-a04d81697f00,281,2023-12-04 00:00:00,14,2128.0,129,255.36,0.0,confirmed,2023-12-13 00:00:00,2023-12-03 04:00:00,2023-12-03 04:00:00
86bbc608-9656-493c-9d47-e47fe9429966,107,2024-05-12 00:00:00,2,198.0,149,23.76,0.0,confirmed,2024-07-02 00:00:00,2024-05-11 18:00:00,2024-05-11 18:00:00
0d7c660d-a7a3-4fce-bfdb-eebe68eaef8c,124,2023-08-18 00:00:00,5,680.0,138,81.6,0.0,confirmed,2023-10-25 00:00:00,2023-08-17 21:00:00,2023-08-17 21:00:00
0d46fec1-ddb9-404e-a935-b590c841ccd9,5,2023-10-16 00:00:00,2,390.0,147,46.8,0.0,confirmed,2023-11-30 00:00:00,2023-10-15 19:00:00,2023-10-15 19:00:00
4b8528e2-bc36-48cc-908f-d7853491de6b,127,2024-02-25 00:00:00,3,210.0,58,25.2,21.0,cancelled,2024-06-30 00:00:00,2024-02-24 14:00:00,2024-02-24 14:00:00
c60784ec-8f73-4c76-86e9-44af390e5213,247,2024-02-08 00:00:00,7,565.25,101,67.83,0.0,confirmed,2024-04-07 00:00:00,2024-02-07 16:00:00,2024-02-07 16:00:00
02f864ea-716f-4135-b68e-18bd6f624df8,17,2023-02-25 00:00:00,2,544.0,70,65.28,0.0,confirmed,2023-03-01 00:00:00,2023-02-24 08:00:00,2023-02-28 08:00:00
58da5e5e-3285-43ae-a251-1ae5ba12dcfd,282,2023-08-27 00:00:00,1,368.0,126,44.16,0.0,confirmed,2023-11-22 00:00:00,2023-08-26 06:00:00,2023-08-26 06:00:00
1d688b0e-4ca2-4c8a-ab84-a1ef539bef36,152,2023-08-06 00:00:00,11,4455.0,143,534.6,445.5,cancelled,2023-10-16 00:00:00,2023-08-05 21:00:00,2023-08-05 21:00:00
07e8ebbe-5822-4bf7-a60a-a2530f152692,89,2023-10-20 00:00:00,4,342.0,62,41.04,34.2,cancelled,2024-02-28 00:00:00,2023-10-19 17:00:00,2023-10-19 17:00:00
48b9f690-517e-4d7a-b996-b6a859f4ec69,492,2024-03-12 00:00:00,14,3136.0,93,376.32,0.0,confirmed,2024-09-01 00:00:00,2024-03-11 10:00:00,2024-03-11 10:00:00
09d8f80b-7c53-4136-819a-52a54e02a053,474,2024-02-07 00:00:00,8,2760.0,47,331.2,0.0,confirmed,2024-02-10 00:00:00,2024-02-06 06:00:00,2024-02-06 06:00:00
70f97d5e-1b04-4763-95aa-0e4727ea73ea,269,2024-02-08 00:00:00,7,1547.0,88,185.64,0.0,confirmed,2024-05-21 00:00:00,2024-02-07 04:00:00,2024-02-07 04:00:00
58ad50cf-a134-4842-a046-317ade6fedd5,62,2024-01-03 00:00:00,11,1232.0,146,147.84,123.2,cancelled,2024-02-08 00:00:00,2024-01-02 14:00:00,2024-01-02 14:00:00
3b18d9be-85da-4e5f-8f84-a4880356ab60,104,2024-01-16 00:00:00,13,1183.0,95,141.96,0.0,confirmed,2024-04-24 00:00:00,2024-01-15 11:00:00,2024-01-15 11:00:00
78076d22-2be4-46e3-af60-7aeb5598a3cf,103,2024-05-31 00:00:00,13,1950.0,87,234.0,0.0,confirmed,2024-07-01 00:00:00,2024-05-30 13:00:00,2024-05-30 13:00:00
b8c3e88a-0c73-4a06-b11e-f50908db04b2,228,2023-11-24 00:00:00,10,2310.0,137,277.2,0.0,confirmed,2024-03-20 00:00:00,2023-11-23 13:00:00,2023-11-23 13:00:00
20eff60e-1f64-4a10-bc3f-973cb683b08c,427,2023-06-22 00:00:00,4,304.0,93,36.48,30.4,cancelled,2023-07-01 00:00:00,2023-06-21 18:00:00,2023-06-21 18:00:00
061243f2-4139-4b7b-bf07-44b91f483fd2,248,2023-10-03 00:00:00,4,1200.0,72,144.0,0.0,confirmed,2024-03-02 00:00:00,2023-10-02 00:00:00,2023-10-02 00:00:00
ba36417d-141e-43cd-b499-2421af24d5b6,201,2023-07-06 00:00:00,9,2016.0,83,241.92,0.0,confirmed,2023-08-20 00:00:00,2023-07-05 09:00:00,2023-07-05 09:00:00
afd002cd-22ba-4456-8bdd-5687b113f966,122,2024-05-25 00:00:00,6,2340.0,99,280.8,0.0,confirmed,2024-07-01 00:00:00,2024-05-24 22:00:00,2024-05-24 22:00:00
7948b307-01e8-4653-adee-1205bfa8e371,120,2024-02-12 00:00:00,10,665.0,40,79.8,0.0,confirmed,2024-04-30 00:00:00,2024-02-11 00:00:00,2024-02-11 00:00:00
7ab165f6-7c83-4ea2-80af-4607690820ba,402,2023-09-17 00:00:00,14,981.68,78,117.8,0.0,confirmed,2023-10-19 00:00:00,2023-09-16 05:00:00,2023-09-16 05:00:00
7684da43-f3f4-4194-b1c2-00413405e9ed,237,2024-03-26 00:00:00,6,1920.0,119,230.4,0.0,confirmed,2024-05-13 00:00:00,2024-03-25 15:00:00,2024-03-26 15:00:00
4181a79e-c1ab-4ff1-ac4e-fac4c856dc6e,260,2023-11-05 00:00:00,12,1596.0,51,191.52,0.0,confirmed,2023-12-31 00:00:00,2023-11-04 17:00:00,2023-11-04 17:00:00
52880fbe-4161-4a2e-8779-caf410b7e924,398,2023-10-15 00:00:00,4,544.0,73,65.28,0.0,confirmed,2024-01-30 00:00:00,2023-10-14 19:00:00,2023-10-14 19:00:00
e222b44c-9d83-46c3-a9f9-4b7690297680,355,2024-01-05 00:00:00,6,1710.0,61,205.2,0.0,confirmed,2024-06-12 00:00:00,2024-01-04 22:00:00,2024-01-04 22:00:00
d0b20974-dc92-4a11-a1ad-f219ca8a67ca,144,2024-08-10 00:00:00,11,1540.0,54,184.8,154.0,cancelled,2024-12-10 00:00:00,2024-08-09 10:00:00,2024-08-09 10:00:00
019ef1e5-8cf7-43fb-a5e4-eef56c0676c5,322,2024-03-06 00:00:00,10,701.2,63,84.14,0.0,confirmed,2024-05-01 00:00:00,2024-03-05 13:00:00,2024-03-05 13:00:00
1a0c0456-83a9-4929-b4ca-01ecfad2e288,152,2023-06-25 00:00:00,14,5670.0,82,680.4,0.0,confirmed,2023-11-17 00:00:00,2023-06-24 14:00:00,2023-06-24 14:00:00
4333641f-c0f1-4620-9772-4e13e582f899,380,2023-12-18 00:00:00,10,6210.0,44,745.2,0.0,confirmed,2023-12-31 00:00:00,2023-12-17 09:00:00,2023-12-21 09:00:00
5ca65a02-31cf-4680-901a-87d887c80f06,338,2023-08-31 00:00:00,5,840.0,46,100.8,84.0,cancelled,2024-01-24 00:00:00,2023-08-30 22:00:00,2023-08-30 22:00:00
a02a52ed-21c1-4739-9fb3-cbfe4ee605bb,498,2024-05-05 00:00:00,7,980.0,97,117.6,98.0,cancelled,2024-09-27 00:00:00,2024-05-04 13:00:00,2024-05-06 13:00:00
17221bba-fa4d-4dd5-8a1f-4f02e3bece34,16,2023-08-06 00:00:00,3,1026.0,115,123.12,0.0,confirmed,2023-12-25 00:00:00,2023-08-05 01:00:00,2023-08-05 01:00:00
f56c5e65-8933-4fb4-8182-6cd4df798679,56,2023-08-31 00:00:00,4,1024.0,47,122.88,102.4,cancelled,2024-01-15 00:00:00,2023-08-30 16:00:00,2023-08-30 16:00:00
cc26fe40-acdf-4173-9f15-f96a61e71503,406,2024-01-18 00:00:00,5,1000.0,89,120.0,0.0,confirmed,2024-01-22 00:00:00,2024-01-17 13:00:00,2024-01-21 13:00:00
c8984dbe-4a26-40b8-9c75-511368daa426,258,2024-01-12 00:00:00,10,3515.0,119,421.8,0.0,confirmed,2024-06-05 00:00:00,2024-01-11 04:00:00,2024-01-11 04:00:00
1142b8d9-61c9-4dd3-8d1a-50def488e8e0,179,2023-10-22 00:00:00,9,4608.0,142,552.96,0.0,confirmed,2023-11-22 00:00:00,2023-10-21 20:00:00,2023-10-21 20:00:00
194ba822-8f98-42b9-8758-fe66876bf72b,310,2024-04-01 00:00:00,5,660.0,108,79.2,0.0,confirmed,2024-04-25 00:00:00,2024-03-31 23:00:00,2024-04-08 23:00:00
df74591d-2b51-4e4e-b72d-85a269a147e9,249,2023-08-05 00:00:00,3,313.5,51,37.62,31.35,cancelled,2023-11-06 00:00:00,2023-08-04 00:00:00,2023-08-04 00:00:00
cf8e38ee-37eb-4819-9f11-580af5cce7fa,94,2024-08-21 00:00:00,10,1615.0,82,193.8,161.5,cancelled,2024-12-15 00:00:00,2024-08-20 02:00:00,2024-08-20 02:00:00
79c9436b-a98d-4777-ac5b-630993bdd0c4,371,2023-06-01 00:00:00,9,1008.0,134,120.96,0.0,confirmed,2023-09-14 00:00:00,2023-05-31 04:00:00,2023-05-31 04:00:00
578b98b3-f969-4e38-bb56-7fd8985ac8c1,82,2023-08-22 00:00:00,14,8288.0,103,994.56,0.0,confirmed,2023-12-19 00:00:00,2023-08-21 11:00:00,2023-08-21 11:00:00
f6241286-a7ce-4111-994e-ee370bf65e7e,494,2023-12-31 00:00:00,13,3952.0,128,474.24,0.0,confirmed,2024-01-06 00:00:00,2023-12-30 20:00:00,2023-12-30 20:00:00
9095d301-a0b1-4d63-b144-f52144004447,446,2023-05-15 00:00:00,4,637.0,84,76.44,63.7,cancelled,2023-08-28 00:00:00,2023-05-14 09:00:00,2023-05-14 09:00:00
874f4f82-e329-4ad1-a403-080c189c7487,260,2023-07-21 00:00:00,11,1463.0,40,175.56,0.0,confirmed,2023-11-07 00:00:00,2023-07-20 18:00:00,2023-07-20 18:00:00
d5cf85ed-1e0e-4116-870f-7a235acffb68,259,2024-07-09 00:00:00,13,2457.0,69,294.84,0.0,confirmed,2024-09-13 00:00:00,2024-07-08 09:00:00,2024-07-08 09:00:00
5c0f07a5-84b5-4ed0-921c-9a34a056a65f,458,2024-08-02 00:00:00,7,1771.0,137,212.52,0.0,confirmed,2024-12-02 00:00:00,2024-08-01 16:00:00,2024-08-01 16:00:00
dcd9c3c6-aed7-4889-b926-3427054e0bee,226,2024-02-12 00:00:00,4,960.0,129,115.2,0.0,confirmed,2024-03-14 00:00:00,2024-02-11 04:00:00,2024-02-11 04:00:00
55eb2d61-c3a7-438f-bc06-2f0019ae3b51,144,2023-12-22 00:00:00,5,700.0,50,84.0,70.0,cancelled,2024-05-20 00:00:00,2023-12-21 15:00:00,2023-12-21 15:00:00
0d99e002-de16-4e0c-9067-390d8249edc4,329,2023-06-17 00:00:00,2,437.5,86,52.5,0.0,confirmed,2023-09-10 00:00:00,2023-06-16 19:00:00,2023-06-16 19:00:00
97dd9388-095f-4099-b78a-4c99d3a3e273,166,2024-02-17 00:00:00,6,1377.0,118,165.24,137.7,cancelled,2024-07-17 00:00:00,2024-02-16 16:00:00,2024-02-16 16:00:00
7e1815a9-bd03-4861-b18a-e046d4a2cf35,306,2024-01-16 00:00:00,4,504.0,43,60.48,0.0,confirmed,2024-02-18 00:00:00,2024-01-15 16:00:00,2024-01-16 16:00:00
5141e568-772f-41d6-8440-c9f64b9a82c2,86,2024-04-11 00:00:00,5,1440.0,80,172.8,0.0,confirmed,2024-09-20 00:00:00,2024-04-10 14:00:00,2024-04-10 14:00:00
896aeb8e-8969-442b-b202-cdfb102f1be3,142,2023-08-07 00:00:00,9,1386.0,50,166.32,0.0,confirmed,2023-08-24 00:00:00,2023-08-06 23:00:00,2023-08-06 23:00:00
38c2d2c7-ca14-4146-9517-d3a4756b2d26,199,2023-03-01 00:00:00,10,935.0,97,112.2,0.0,confirmed,2023-04-09 00:00:00,2023-02-28 05:00:00,2023-02-28 05:00:00
e67d05b1-3a2d-4c4d-b55a-e9f1ac06e1d9,93,2024-01-21 00:00:00,6,997.5,62,119.7,0.0,confirmed,2024-06-12 00:00:00,2024-01-20 14:00:00,2024-01-24 14:00:00
3b9abe06-24bc-4ee8-82ca-e16624bd0500,287,2023-11-06 00:00:00,6,540.0,142,64.8,0.0,confirmed,2023-12-13 00:00:00,2023-11-05 05:00:00,2023-11-05 05:00:00
2c620de4-604e-430e-8808-0b925fc3a374,186,2024-04-05 00:00:00,7,895.16,47,107.42,89.52,cancelled,2024-09-04 00:00:00,2024-04-04 10:00:00,2024-04-04 10:00:00
4144a376-ed1d-40d9-a520-8e67de107754,127,2023-10-24 00:00:00,10,700.0,86,84.0,70.0,cancelled,2024-02-16 00:00:00,2023-10-23 05:00:00,2023-10-23 05:00:00
e1201d32-c4c8-4736-ba3d-27a7bbd6afbe,171,2023-08-04 00:00:00,14,770.0,122,92.4,0.0,confirmed,2023-10-10 00:00:00,2023-08-03 14:00:00,2023-08-03 14:00:00
8015fdf0-d855-4687-844b-9244569eedac,134,2024-06-02 00:00:00,4,2048.0,52,245.76,0.0,confirmed,2024-09-16 00:00:00,2024-06-01 13:00:00,2024-06-01 13:00:00
74776b0d-bb2b-49ca-9222-060fb6c4b42c,247,2023-09-07 00:00:00,3,242.25,114,29.07,24.23,cancelled,2023-12-02 00:00:00,2023-09-06 16:00:00,2023-09-06 16:00:00
f29ede28-6ee4-4252-9db9-89ac5fbe5f59,119,2024-03-03 00:00:00,8,952.0,147,114.24,0.0,confirmed,2024-03-06 00:00:00,2024-03-02 20:00:00,2024-03-02 20:00:00
3c279dcd-ee01-424c-b2ef-afcef4f6e965,150,2024-03-28 00:00:00,4,561.0,66,67.32,0.0,confirmed,2024-06-12 00:00:00,2024-03-27 07:00:00,2024-03-27 07:00:00
cd165ced-743d-4117-9029-6144690bc5e8,227,2023-11-20 00:00:00,6,816.0,118,97.92,81.6,cancelled,2024-01-27 00:00:00,2023-11-19 11:00:00,2023-11-19 11:00:00
6b1fc66d-e1b6-4138-9cbc-c06181ef6df0,373,2023-08-05 00:00:00,9,1764.0,51,211.68,176.4,cancelled,2024-01-04 00:00:00,2023-08-04 09:00:00,2023-08-04 09:00:00
4b3f5fc0-5af7-49e0-964a-0d7ef54a1c72,240,2024-07-02 00:00:00,4,1408.0,53,168.96,140.8,cancelled,2024-12-04 00:00:00,2024-07-01 02:00:00,2024-07-09 02:00:00
a0f410b4-eb03-43e0-abfa-aa16d5e72f57,88,2023-07-02 00:00:00,10,2185.0,91,262.2,0.0,confirmed,2023-08-27 00:00:00,2023-07-01 18:00:00,2023-07-01 18:00:00
8f6eb97e-87c0-4f1d-bd3c-db53c497be5c,464,2023-08-18 00:00:00,12,1920.0,52,230.4,0.0,confirmed,2023-08-25 00:00:00,2023-08-17 07:00:00,2023-08-17 07:00:00
5cf05f03-8405-4301-b37d-ee4bcd5da98e,391,2023-10-13 00:00:00,9,1080.0,117,129.6,0.0,confirmed,2024-03-25 00:00:00,2023-10-12 02:00:00,2023-10-12 02:00:00
ed79c621-ea95-4d81-98a8-c38010a94e69,495,2024-05-19 00:00:00,9,1350.0,74,162.0,0.0,confirmed,2024-10-17 00:00:00,2024-05-18 20:00:00,2024-05-18 20:00:00
41be4208-3a04-4f92-91b7-b5ec59b3e61a,182,2024-07-23 00:00:00,5,1150.0,86,138.0,0.0,confirmed,2025-01-11 00:00:00,2024-07-22 01:00:00,2024-07-22 01:00:00
9c886ab3-9431-49f7-b2f7-cee184cc107c,138,2024-01-28 00:00:00,10,1278.8,47,153.46,0.0,confirmed,2024-06-20 00:00:00,2024-01-27 09:00:00,2024-02-01 09:00:00
668fd20f-81d0-4589-88db-837635c9cde1,18,2024-05-08 00:00:00,5,1705.0,111,204.6,170.5,cancelled,2024-08-03 00:00:00,2024-05-07 08:00:00,2024-05-07 08:00:00
88d7ec48-5389-43ef-85d1-dfc47369c7e0,421,2024-08-31 00:00:00,13,7995.0,116,959.4,0.0,confirmed,2024-10-31 00:00:00,2024-08-30 21:00:00,2024-08-30 21:00:00
e5cb3ae9-03d1-40a8-8548-b5d6b35cd902,289,2024-01-07 00:00:00,5,1526.25,107,183.15,0.0,confirmed,2024-04-18 00:00:00,2024-01-06 17:00:00,2024-01-06 17:00:00
970f5b2f-c3e4-4291-a7e9-429fcaaa7339,139,2024-07-28 00:00:00,1,133.0,139,15.96,0.0,confirmed,2024-08-10 00:00:00,2024-07-27 21:00:00,2024-08-02 21:00:00
f9c5fc31-ee2c-469b-a0cc-7ab81e9b2832,365,2023-12-04 00:00:00,4,608.0,122,72.96,0.0,confirmed,2024-01-23 00:00:00,2023-12-03 07:00:00,2023-12-03 07:00:00
e798847c-c69b-441e-92a0-2f277655cf47,490,2024-01-20 00:00:00,3,684.0,88,82.08,0.0,confirmed,2024-03-03 00:00:00,2024-01-19 08:00:00,2024-01-19 08:00:00
c818f30f-ff11-4870-bd99-baceafe7e703,192,2023-03-28 00:00:00,8,1232.0,147,147.84,0.0,confirmed,2023-09-11 00:00:00,2023-03-27 02:00:00,2023-03-27 02:00:00
67623f93-7249-4429-b89d-45166b5fb6e9,102,2024-08-11 00:00:00,6,513.0,146,61.56,51.3,cancelled,2024-11-02 00:00:00,2024-08-10 02:00:00,2024-08-10 02:00:00
adfe9e96-3aad-4b10-8aef-d00289abd4f7,460,2023-10-28 00:00:00,1,552.0,51,66.24,0.0,confirmed,2024-04-19 00:00:00,2023-10-27 08:00:00,2023-11-02 08:00:00
a590d010-5892-4344-89e4-054d96fc2e4c,245,2024-02-15 00:00:00,9,1701.0,89,204.12,0.0,confirmed,2024-03-22 00:00:00,2024-02-14 10:00:00,2024-02-23 10:00:00
d0ecb9f9-eddb-4577-a766-31827006bcd9,342,2023-12-21 00:00:00,9,810.0,99,97.2,81.0,cancelled,2024-05-28 00:00:00,2023-12-20 19:00:00,2023-12-20 19:00:00
9dd51a34-8248-49a4-8330-cf4e74f21d92,336,2023-11-12 00:00:00,3,456.0,149,54.72,45.6,cancelled,2024-04-19 00:00:00,2023-11-11 22:00:00,2023-11-11 22:00:00
29093b2a-027a-4cdf-b00d-8357395a7276,191,2024-07-27 00:00:00,7,3059.0,82,367.08,305.9,cancelled,2024-12-09 00:00:00,2024-07-26 07:00:00,2024-07-26 07:00:00
b100f6cf-8b88-4d85-aed3-c22d0b87d1ba,137,2023-06-11 00:00:00,8,3040.0,116,364.8,0.0,confirmed,2023-08-18 00:00:00,2023-06-10 06:00:00,2023-06-10 06:00:00
858d960d-0947-4386-aa5a-53daf31892d5,495,2024-01-09 00:00:00,9,1350.0,42,162.0,0.0,confirmed,2024-03-30 00:00:00,2024-01-08 09:00:00,2024-01-08 09:00:00
10253c41-895e-49d9-bff8-e8170ba7a896,352,2023-08-27 00:00:00,5,1072.5,90,128.7,0.0,confirmed,2023-09-04 00:00:00,2023-08-26 13:00:00,2023-08-26 13:00:00
abb4f95c-7a5c-4406-aa01-a730c6fe77c8,69,2023-08-24 00:00:00,5,562.5,131,67.5,56.25,cancelled,2023-09-08 00:00:00,2023-08-23 11:00:00,2023-08-23 11:00:00
e6350e2f-e528-42ca-86ea-ab348255d2f6,385,2023-10-07 00:00:00,4,896.0,70,107.52,0.0,confirmed,2023-12-20 00:00:00,2023-10-06 04:00:00,2023-10-06 04:00:00
fba43f95-6715-429a-a56c-952f657ae8a2,147,2023-08-05 00:00:00,7,731.5,117,87.78,73.15,cancelled,2023-12-27 00:00:00,2023-08-04 19:00:00,2023-08-04 19:00:00
207ace2e-8ea5-4c12-a4cd-323b16e4f4d5,108,2024-05-03 00:00:00,9,408.42,106,49.01,0.0,confirmed,2024-09-30 00:00:00,2024-05-02 12:00:00,2024-05-02 12:00:00
1c6831e9-7e13-4def-889c-89397da1b7da,117,2023-11-27 00:00:00,14,2240.0,99,268.8,224.0,cancelled,2024-05-09 00:00:00,2023-11-26 05:00:00,2023-11-26 05:00:00
e4269f0b-54cf-4ba8-8cef-d9aa21cfbe43,231,2023-11-19 00:00:00,6,915.72,62,109.89,0.0,confirmed,2024-01-25 00:00:00,2023-11-18 04:00:00,2023-11-18 04:00:00
8c7d7a85-612b-4778-bc09-d9d928e26cad,340,2023-12-26 00:00:00,13,2002.0,116,240.24,200.2,cancelled,2024-03-27 00:00:00,2023-12-25 07:00:00,2023-12-25 07:00:00
b666556e-1b2f-4e80-91f5-1230d24fc0fe,150,2023-10-04 00:00:00,2,280.5,66,33.66,0.0,confirmed,2024-02-12 00:00:00,2023-10-03 10:00:00,2023-10-03 10:00:00
ca505838-bc73-45c4-9f1b-bf60aada298f,163,2023-02-03 00:00:00,7,4830.0,124,579.6,483.0,cancelled,2023-07-17 00:00:00,2023-02-02 02:00:00,2023-02-02 02:00:00
452df25c-e583-42e8-b58a-2fc8f986bd8b,220,2024-02-08 00:00:00,11,1089.0,144,130.68,0.0,confirmed,2024-02-29 00:00:00,2024-02-07 13:00:00,2024-02-15 13:00:00
f8601a46-dfb0-4ac6-8698-08961247dd21,352,2023-10-04 00:00:00,14,3003.0,139,360.36,0.0,confirmed,2023-10-15 00:00:00,2023-10-03 04:00:00,2023-10-03 04:00:00
ec9f485f-8c46-4cee-b039-ab3296ebc865,358,2024-04-17 00:00:00,7,840.0,69,100.8,0.0,confirmed,2024-05-13 00:00:00,2024-04-16 06:00:00,2024-04-16 06:00:00
f42b04af-ff5d-4cd7-b980-de3264d82c38,180,2023-06-21 00:00:00,11,5280.0,105,633.6,0.0,confirmed,2023-07-17 00:00:00,2023-06-20 18:00:00,2023-06-20 18:00:00
957df1b7-ae37-44f4-bc78-051e09fe3e66,398,2023-04-20 00:00:00,6,816.0,65,97.92,81.6,cancelled,2023-06-14 00:00:00,2023-04-19 17:00:00,2023-04-19 17:00:00
94fe6711-b89a-4870-a18b-763bfc36e965,80,2024-02-05 00:00:00,7,2730.0,63,327.6,0.0,confirmed,2024-03-10 00:00:00,2024-02-04 18:00:00,2024-02-04 18:00:00
b29e838f-db3a-4a91-a31b-a8a8c6be3f2a,464,2023-08-03 00:00:00,4,640.0,64,76.8,0.0,confirmed,2024-01-15 00:00:00,2023-08-02 16:00:00,2023-08-03 16:00:00
bb01ef37-3e18-44e3-80be-82fa6a41a513,351,2023-10-25 00:00:00,5,1155.0,106,138.6,0.0,confirmed,2024-01-29 00:00:00,2023-10-24 01:00:00,2023-10-24 01:00:00
f27c9337-b511-473c-b378-d7cb6faf7d79,147,2024-04-27 00:00:00,5,522.5,59,62.7,0.0,confirmed,2024-05-12 00:00:00,2024-04-26 02:00:00,2024-04-26 02:00:00
1f4c196f-cc03-4204-9e40-16ab738b85fd,353,2024-08-06 00:00:00,6,561.0,79,67.32,0.0,confirmed,2024-10-11 00:00:00,2024-08-05 04:00:00,2024-08-05 04:00:00
647dfbbd-934c-4aa7-a87a-1b913494c865,348,2023-07-27 00:00:00,12,660.0,115,79.2,0.0,confirmed,2023-11-15 00:00:00,2023-07-26 07:00:00,2023-07-26 07:00:00
89964614-b74d-4f89-9569-0afaa15e2987,314,2024-02-18 00:00:00,8,1632.0,67,195.84,163.2,cancelled,2024-05-09 00:00:00,2024-02-17 07:00:00,2024-02-17 07:00:00
fe585ffd-31c8-42c9-8929-1020ed664d36,197,2024-06-01 00:00:00,2,627.0,61,75.24,0.0,confirmed,2024-07-26 00:00:00,2024-05-31 07:00:00,2024-05-31 07:00:00
c8612871-7d68-4211-be04-5201fa102dac,108,2024-05-21 00:00:00,11,499.18,72,59.9,0.0,confirmed,2024-09-24 00:00:00,2024-05-20 19:00:00,2024-05-20 19:00:00
452df2d0-e51b-4327-af82-48cf199de1c8,326,2023-08-13 00:00:00,3,247.5,62,29.7,0.0,confirmed,2023-12-23 00:00:00,2023-08-12 03:00:00,2023-08-12 03:00:00
2c854997-623e-4df2-942f-46e2bc982dab,239,2023-09-25 00:00:00,11,726.0,93,87.12,72.6,cancelled,2024-03-13 00:00:00,2023-09-24 09:00:00,2023-09-24 09:00:00
e1e91dd2-302d-440f-a361-8794bde2e54d,330,2023-11-13 00:00:00,11,4774.0,80,572.88,0.0,confirmed,2024-03-27 00:00:00,2023-11-12 10:00:00,2023-11-13 10:00:00
4a87b3d4-1390-4f68-9b31-0d8e3b72abf6,451,2024-05-16 00:00:00,1,546.0,144,65.52,0.0,confirmed,2024-06-11 00:00:00,2024-05-15 19:00:00,2024-05-15 19:00:00
d102faf0-5cc6-4556-9e2d-bf9c9c7c02e3,182,2024-03-04 00:00:00,14,3220.0,115,386.4,0.0,confirmed,2024-07-24 00:00:00,2024-03-03 20:00:00,2024-03-03 20:00:00
5db12678-b7b0-4bdc-8260-7610b6cb24ac,85,2023-11-30 00:00:00,11,1694.0,76,203.28,0.0,confirmed,2024-03-27 00:00:00,2023-11-29 22:00:00,2023-11-29 22:00:00
b4f0396f-5870-4179-bd32-245fe3b75ff0,478,2023-11-06 00:00:00,10,4900.0,113,588.0,0.0,confirmed,2024-03-22 00:00:00,2023-11-05 17:00:00,2023-11-05 17:00:00
f05400e7-d5af-4910-852d-c204381fbd1f,405,2023-05-15 00:00:00,4,361.0,138,43.32,36.1,cancelled,2023-10-12 00:00:00,2023-05-14 22:00:00,2023-05-14 22:00:00
6ae114ce-642a-4fb1-acc2-c42ee8bfe1bc,261,2023-09-22 00:00:00,3,780.0,112,93.6,0.0,confirmed,2023-10-18 00:00:00,2023-09-21 07:00:00,2023-09-21 07:00:00
0e37bd20-b6db-4893-bf4e-8c091b1bcd6c,124,2023-05-30 00:00:00,4,544.0,66,65.28,0.0,confirmed,2023-08-18 00:00:00,2023-05-29 22:00:00,2023-05-29 22:00:00
dd6f0413-5bb6-423b-80b5-069ae54d4102,486,2023-05-26 00:00:00,13,1144.0,90,137.28,0.0,confirmed,2023-08-03 00:00:00,2023-05-25 15:00:00,2023-05-25 15:00:00
1ceec8c4-f02f-411a-b012-bc69819f4127,359,2024-09-02 00:00:00,6,420.72,126,50.49,42.07,cancelled,2025-02-23 00:00:00,2024-09-01 11:00:00,2024-09-01 11:00:00
055513b3-a1a9-47ff-8322-39c8247116f8,212,2023-11-19 00:00:00,4,214.48,89,25.74,0.0,confirmed,2023-12-02 00:00:00,2023-11-18 13:00:00,2023-11-18 13:00:00
40c3088b-a244-4859-8f62-d7729b59e4af,336,2024-05-21 00:00:00,4,608.0,69,72.96,0.0,confirmed,2024-06-23 00:00:00,2024-05-20 22:00:00,2024-05-20 22:00:00
7cdf7b2d-0aa8-4d54-a506-a64936f8c452,297,2023-08-10 00:00:00,12,2310.0,115,277.2,0.0,confirmed,2023-12-17 00:00:00,2023-08-09 10:00:00,2023-08-09 10:00:00
aad9a4e3-8d85-4451-bdbf-f9141f5f1162,107,2024-06-06 00:00:00,6,594.0,53,71.28,0.0,confirmed,2024-09-11 00:00:00,2024-06-05 00:00:00,2024-06-05 00:00:00
15f162d9-2c22-40c4-b2b1-7eda1ceb8986,104,2023-11-18 00:00:00,9,819.0,147,98.28,0.0,confirmed,2024-02-19 00:00:00,2023-11-17 15:00:00,2023-11-17 15:00:00
e44ede91-b3b0-466d-ac04-5c4b15b4eb96,456,2023-04-18 00:00:00,6,2829.0,42,339.48,0.0,confirmed,2023-09-07 00:00:00,2023-04-17 13:00:00,2023-04-17 13:00:00
9ad0becd-7e34-428b-98e2-8b6636da2112,95,2024-06-14 00:00:00,4,510.0,130,61.2,0.0,confirmed,2024-07-16 00:00:00,2024-06-13 20:00:00,2024-06-13 20:00:00
0e8808e7-8f1a-4028-abc0-ba95e6325cbb,282,2023-03-15 00:00:00,4,1472.0,47,176.64,0.0,confirmed,2023-06-02 00:00:00,2023-03-14 16:00:00,2023-03-14 16:00:00
654daab0-3cda-4bf8-b703-7f08e1105599,51,2023-05-10 00:00:00,2,462.0,96,55.44,0.0,confirmed,2023-05-31 00:00:00,2023-05-09 18:00:00,2023-05-18 18:00:00
74a6840a-6119-40d3-9c9a-5542f8a397ac,416,2024-06-18 00:00:00,13,1001.0,145,120.12,0.0,confirmed,2024-11-12 00:00:00,2024-06-17 23:00:00,2024-06-24 23:00:00
3a7821f4-5479-42c9-8b2d-d1ecdd9402d5,108,2024-08-07 00:00:00,1,45.38,137,5.45,0.0,confirmed,2024-10-07 00:00:00,2024-08-06 09:00:00,2024-08-06 09:00:00
d78a49b0-7191-4c92-97b8-1626666bacd0,207,2024-09-07 00:00:00,12,1368.0,60,164.16,0.0,confirmed,2025-01-20 00:00:00,2024-09-06 09:00:00,2024-09-07 09:00:00
d70a0826-dfee-430d-aa7b-949be5073a09,167,2023-02-24 00:00:00,2,1014.0,50,121.68,0.0,confirmed,2023-08-04 00:00:00,2023-02-23 19:00:00,2023-03-02 19:00:00
0bfe76d9-33ac-40f5-ae1f-419b56cd4748,223,2023-11-22 00:00:00,2,180.0,116,21.6,0.0,confirmed,2024-02-24 00:00:00,2023-11-21 07:00:00,2023-11-25 07:00:00
ebdafa6c-cbde-422e-97bf-c96e40a19f2b,433,2023-08-01 00:00:00,14,4735.5,79,568.26,0.0,confirmed,2023-09-14 00:00:00,2023-07-31 09:00:00,2023-07-31 09:00:00
1fdda562-78b2-45a5-b772-e28150b267b8,419,2024-02-26 00:00:00,6,495.0,50,59.4,0.0,confirmed,2024-07-06 00:00:00,2024-02-25 06:00:00,2024-02-25 06:00:00
e34b6921-3f5d-4527-a019-30dbc27a519a,426,2024-03-03 00:00:00,3,408.36,60,49.0,40.84,cancelled,2024-05-03 00:00:00,2024-03-02 22:00:00,2024-03-02 22:00:00
f167378e-2f30-46a0-b725-3679c97a3d83,295,2024-03-24 00:00:00,11,770.0,90,92.4,77.0,cancelled,2024-08-23 00:00:00,2024-03-23 22:00:00,2024-03-23 22:00:00
a74d3121-0951-405b-8d6b-ba34cc22168a,77,2023-11-08 00:00:00,8,1280.0,101,153.6,0.0,confirmed,2023-12-10 00:00:00,2023-11-07 21:00:00,2023-11-07 21:00:00
a05a9e3a-5b93-48ff-9a71-ad69ec8dc727,55,2024-02-25 00:00:00,9,1395.0,92,167.4,0.0,confirmed,2024-03-02 00:00:00,2024-02-24 18:00:00,2024-02-24 18:00:00
4965034e-571a-4ccb-8a6b-d025ad5b4d60,36,2024-01-19 00:00:00,2,544.0,111,65.28,54.4,cancelled,2024-06-30 00:00:00,2024-01-18 17:00:00,2024-01-22 17:00:00
7c8537b0-c94c-48b6-b694-92d4f35e4336,305,2023-12-07 00:00:00,2,288.0,136,34.56,0.0,confirmed,2023-12-18 00:00:00,2023-12-06 08:00:00,2023-12-06 08:00:00
1d2bd0e2-eeef-4c56-a9f0-95e6d4578c61,381,2023-10-17 00:00:00,4,1408.0,52,168.96,0.0,confirmed,2024-01-15 00:00:00,2023-10-16 07:00:00,2023-10-16 07:00:00
e2978540-0fcf-452d-9785-e97e4d193c8e,221,2023-05-24 00:00:00,13,3120.0,69,374.4,0.0,confirmed,2023-10-02 00:00:00,2023-05-23 02:00:00,2023-05-23 02:00:00
a9fac88d-45ba-4501-bc3d-c98e61b61f7a,22,2023-11-19 00:00:00,10,617.5,117,74.1,61.75,cancelled,2024-03-25 00:00:00,2023-11-18 07:00:00,2023-11-18 07:00:00
68e27fe0-7069-4a2a-8423-f10809efa592,343,2024-05-01 00:00:00,12,2496.0,134,299.52,0.0,confirmed,2024-05-13 00:00:00,2024-04-30 14:00:00,2024-04-30 14:00:00
60d3b884-71c4-437d-8107-0ce5baceb7df,82,2023-04-28 00:00:00,12,7104.0,55,852.48,710.4,cancelled,2023-10-24 00:00:00,2023-04-27 18:00:00,2023-04-27 18:00:00
c10cdddb-1a16-4e8f-a874-a17ef51de640,339,2023-10-23 00:00:00,10,980.0,90,117.6,98.0,cancelled,2024-03-31 00:00:00,2023-10-22 12:00:00,2023-10-22 12:00:00
b99b62ad-c5ea-4b8f-870b-cc6bed6ab5bf,270,2023-11-06 00:00:00,14,4340.0,61,520.8,0.0,confirmed,2024-01-02 00:00:00,2023-11-05 12:00:00,2023-11-05 12:00:00
0a7fc530-f74c-44b0-a1c9-5781d3131d56,91,2023-06-22 00:00:00,10,1520.0,77,182.4,0.0,confirmed,2023-09-14 00:00:00,2023-06-21 04:00:00,2023-06-26 04:00:00
ff1d3f5d-bd3e-4bfe-a549-be9dd4e5901e,494,2024-04-18 00:00:00,12,3648.0,125,437.76,0.0,confirmed,2024-09-03 00:00:00,2024-04-17 12:00:00,2024-04-17 12:00:00
470e3afe-1eff-4d6e-a7b2-66bf8c9afb2d,213,2024-05-17 00:00:00,11,847.0,67,101.64,0.0,confirmed,2024-08-25 00:00:00,2024-05-16 01:00:00,2024-05-21 01:00:00
7a73d865-46da-4a7b-8b30-00aad032d53f,442,2024-06-29 00:00:00,14,3696.0,117,443.52,369.6,cancelled,2024-11-26 00:00:00,2024-06-28 21:00:00,2024-06-28 21:00:00
9e7ed2d7-a7c6-4fff-b37c-5b87e60b45e3,388,2023-06-08 00:00:00,6,1020.0,111,122.4,102.0,cancelled,2023-08-21 00:00:00,2023-06-07 18:00:00,2023-06-07 18:00:00
9679f5eb-54f6-4500-88e1-d5ace8c176a5,96,2024-04-11 00:00:00,11,1232.0,100,147.84,123.2,cancelled,2024-09-15 00:00:00,2024-04-10 16:00:00,2024-04-10 16:00:00
b9e28019-cb44-4aca-8924-bb7456db2014,9,2023-02-06 00:00:00,5,385.0,69,46.2,0.0,confirmed,2023-06-02 00:00:00,2023-02-05 04:00:00,2023-02-05 04:00:00
de378821-56b3-4032-a91f-743ae5a5823e,323,2023-07-28 00:00:00,12,1980.0,50,237.6,0.0,confirmed,2023-08-05 00:00:00,2023-07-27 18:00:00,2023-07-27 18:00:00
4f9ffcae-cd26-423a-a70b-d4a76c13704e,491,2023-11-29 00:00:00,8,1904.0,130,228.48,190.4,cancelled,2024-02-18 00:00:00,2023-11-28 18:00:00,2023-11-28 18:00:00
a73ee075-2851-49a0-91ae-d28fd2a3552e,69,2023-07-12 00:00:00,11,1237.5,57,148.5,123.75,cancelled,2023-12-04 00:00:00,2023-07-11 21:00:00,2023-07-19 21:00:00
df8e6058-e4b1-4dbf-a8eb-11eb4a475a12,282,2023-03-30 00:00:00,3,1104.0,78,132.48,0.0,confirmed,2023-07-06 00:00:00,2023-03-29 01:00:00,2023-03-29 01:00:00
b736f82d-e239-4254-a457-e07096fd5736,106,2023-10-23 00:00:00,3,222.75,131,26.73,0.0,confirmed,2023-10-28 00:00:00,2023-10-22 19:00:00,2023-10-22 19:00:00
8b303a5a-197f-4f5f-89e4-e0b4b20ba1f4,167,2023-09-20 00:00:00,9,4563.0,104,547.56,0.0,confirmed,2023-09-25 00:00:00,2023-09-19 13:00:00,2023-09-19 13:00:00
01b0cb3f-33a4-4c88-aa0a-7b3e49a1078e,118,2024-06-16 00:00:00,3,960.0,149,115.2,96.0,cancelled,2024-09-28 00:00:00,2024-06-15 11:00:00,2024-06-21 11:00:00
7633e7b5-03bd-4dd4-9e45-d06edf195a5a,162,2024-03-01 00:00:00,2,225.0,110,27.0,0.0,confirmed,2024-04-11 00:00:00,2024-02-29 03:00:00,2024-02-29 03:00:00
143a5afb-6101-4476-ae70-31bda1f3ab9f,480,2024-03-16 00:00:00,4,448.0,132,53.76,0.0,confirmed,2024-04-03 00:00:00,2024-03-15 08:00:00,2024-03-15 08:00:00
4caf6d1c-e1aa-4c1b-ae69-62a4aa01726d,442,2024-07-02 00:00:00,13,3432.0,90,411.84,0.0,confirmed,2024-10-12 00:00:00,2024-07-01 03:00:00,2024-07-01 03:00:00
b7e5ee8e-8ccf-488d-9f33-ccd2368c10e9,372,2024-04-13 00:00:00,10,880.0,150,105.6,0.0,confirmed,2024-07-26 00:00:00,2024-04-12 06:00:00,2024-04-12 06:00:00
877a922f-728c-4f8b-bbbe-30837493fa74,497,2024-05-20 00:00:00,3,672.0,115,80.64,67.2,cancelled,2024-09-22 00:00:00,2024-05-19 12:00:00,2024-05-27 12:00:00
be8ca8b9-ff92-46e9-aa0f-ca4b9520f6be,169,2023-08-12 00:00:00,7,1456.0,94,174.72,0.0,confirmed,2023-10-04 00:00:00,2023-08-11 17:00:00,2023-08-11 17:00:00
dd782ab7-e96f-4b90-b7c0-d95f73163774,283,2024-03-13 00:00:00,5,715.0,141,85.8,0.0,confirmed,2024-05-05 00:00:00,2024-03-12 10:00:00,2024-03-12 10:00:00
1d550644-0dbb-4795-b8f7-b7fe76607947,70,2023-10-04 00:00:00,6,1536.0,49,184.32,0.0,confirmed,2024-03-17 00:00:00,2023-10-03 10:00:00,2023-10-03 10:00:00
7f3b62c8-7d28-402b-9e68-6d9b1d686797,254,2024-06-12 00:00:00,11,4950.0,47,594.0,495.0,cancelled,2024-10-15 00:00:00,2024-06-11 01:00:00,2024-06-11 01:00:00
d6aa19db-c363-49df-9aa8-1b817b75b676,96,2024-03-12 00:00:00,10,1120.0,144,134.4,112.0,cancelled,2024-08-26 00:00:00,2024-03-11 18:00:00,2024-03-11 18:00:00
6ec41879-99a0-4e17-a48d-c58f04585c9b,276,2024-02-02 00:00:00,11,1567.5,79,188.1,156.75,cancelled,2024-07-30 00:00:00,2024-02-01 03:00:00,2024-02-01 03:00:00
860f4b23-a8e0-4c21-a94a-f4df844d522c,340,2024-02-04 00:00:00,10,1540.0,102,184.8,154.0,cancelled,2024-04-08 00:00:00,2024-02-03 21:00:00,2024-02-03 21:00:00
0ef7b447-d049-40fa-9c50-325fbdc60db5,36,2024-01-02 00:00:00,4,1088.0,48,130.56,0.0,confirmed,2024-04-28 00:00:00,2024-01-01 15:00:00,2024-01-11 15:00:00
40144cfb-d8f6-4e28-a38a-180eb92c02bb,397,2024-03-09 00:00:00,1,189.75,51,22.77,18.98,cancelled,2024-05-11 00:00:00,2024-03-08 15:00:00,2024-03-08 15:00:00
6dc0b52e-a628-4e99-b321-09002751d91f,224,2024-05-07 00:00:00,5,522.5,109,62.7,0.0,confirmed,2024-05-15 00:00:00,2024-05-06 10:00:00,2024-05-06 10:00:00
80d99bea-31c0-48ac-8a9e-f0104ef16372,103,2023-09-29 00:00:00,3,450.0,54,54.0,0.0,confirmed,2024-03-03 00:00:00,2023-09-28 16:00:00,2023-09-28 16:00:00
b2f17e99-2cb5-4ae3-9fe6-abbfbe5af660,197,2024-05-25 00:00:00,9,2821.5,69,338.58,282.15,cancelled,2024-08-26 00:00:00,2024-05-24 02:00:00,2024-05-24 02:00:00
4e075f49-5d1a-4652-a553-0a681fb34934,58,2023-08-25 00:00:00,10,2170.0,66,260.4,0.0,confirmed,2023-09-09 00:00:00,2023-08-24 16:00:00,2023-08-25 16:00:00
ec1d3c31-01f5-4d2d-a5e7-37a118aa7bef,56,2023-06-14 00:00:00,5,1280.0,42,153.6,0.0,confirmed,2023-09-09 00:00:00,2023-06-13 20:00:00,2023-06-19 20:00:00
1d273df5-2844-48d2-ac7c-06264529d0d2,143,2023-09-06 00:00:00,12,960.0,104,115.2,0.0,confirmed,2024-01-18 00:00:00,2023-09-05 03:00:00,2023-09-05 03:00:00
8fafe4c8-a95f-4723-b251-338febe3314e,384,2023-11-04 00:00:00,10,1550.0,72,186.0,0.0,confirmed,2024-03-14 00:00:00,2023-11-03 00:00:00,2023-11-03 00:00:00
b8b3e9a4-71fd-4401-9112-e70230fc33bd,443,2023-12-03 00:00:00,5,997.5,149,119.7,0.0,confirmed,2024-02-04 00:00:00,2023-12-02 12:00:00,2023-12-02 12:00:00
e24ce8fa-2aa6-4243-9736-00a62ce29d36,499,2023-05-18 00:00:00,5,440.0,109,52.8,0.0,confirmed,2023-10-15 00:00:00,2023-05-17 20:00:00,2023-05-17 20:00:00
8bbedd10-9121-4dbe-a914-7a413d524f83,107,2024-06-18 00:00:00,10,990.0,149,118.8,0.0,confirmed,2024-09-06 00:00:00,2024-06-17 14:00:00,2024-06-17 14:00:00
df4da264-4506-4adc-b31a-1a72bb209eb9,158,2023-06-07 00:00:00,12,2442.0,74,293.04,0.0,confirmed,2023-11-04 00:00:00,2023-06-06 09:00:00,2023-06-06 09:00:00
4de93001-da3f-44fb-953c-2e679259bdcc,170,2023-09-08 00:00:00,13,1521.0,49,182.52,0.0,confirmed,2024-01-25 00:00:00,2023-09-07 20:00:00,2023-09-07 20:00:00
7e033ae3-c82b-4fe7-9cd2-30fb59428273,30,2024-05-26 00:00:00,9,2079.0,88,249.48,207.9,cancelled,2024-07-24 00:00:00,2024-05-25 04:00:00,2024-05-25 04:00:00
c8e63dc6-4878-43c2-85ae-68d0c34eb1d6,190,2023-12-07 00:00:00,5,600.0,89,72.0,0.0,confirmed,2024-04-06 00:00:00,2023-12-06 16:00:00,2023-12-06 16:00:00
4b7e5fc3-b510-499f-96a7-6b9a3cedb122,379,2023-09-17 00:00:00,14,1540.0,148,184.8,0.0,confirmed,2024-03-03 00:00:00,2023-09-16 05:00:00,2023-09-16 05:00:00
81a71959-ab9d-4987-90e9-b0150c0e7755,419,2023-08-25 00:00:00,5,412.5,54,49.5,41.25,cancelled,2024-01-06 00:00:00,2023-08-24 11:00:00,2023-08-24 11:00:00
0bbbea7c-3b0c-4b9d-b11a-25ddd245cf60,271,2024-04-11 00:00:00,12,2688.0,108,322.56,0.0,confirmed,2024-06-16 00:00:00,2024-04-10 12:00:00,2024-04-10 12:00:00
1f73b3dd-edda-481c-b1d0-8b0a10a28e30,405,2023-10-21 00:00:00,7,631.75,114,75.81,0.0,confirmed,2023-11-04 00:00:00,2023-10-20 18:00:00,2023-10-20 18:00:00
82e9fd5b-f90c-406b-bae8-65f5e85e8d98,126,2023-09-03 00:00:00,10,1190.0,79,142.8,0.0,confirmed,2023-11-25 00:00:00,2023-09-02 01:00:00,2023-09-02 01:00:00
340b5919-3e85-49de-bb2e-22bbb3e4259c,349,2023-06-19 00:00:00,11,847.0,95,101.64,84.7,cancelled,2023-12-10 00:00:00,2023-06-18 17:00:00,2023-06-18 17:00:00
54671e32-6360-4e27-85af-55632bb0bf2b,187,2024-03-28 00:00:00,10,4485.0,105,538.2,0.0,confirmed,2024-09-05 00:00:00,2024-03-27 17:00:00,2024-03-27 17:00:00
3f73f2d5-e858-4d25-b392-d847533b6f33,425,2023-12-23 00:00:00,3,663.0,131,79.56,0.0,confirmed,2024-06-05 00:00:00,2023-12-22 10:00:00,2023-12-22 10:00:00
f8e4a2ea-96c2-4eb0-bab0-894a9d10d350,349,2023-01-21 00:00:00,6,462.0,144,55.44,46.2,cancelled,2023-06-10 00:00:00,2023-01-20 05:00:00,2023-01-20 05:00:00
7af0a81f-3bd9-4c11-9a4c-f09608db7787,263,2023-06-22 00:00:00,5,770.0,138,92.4,0.0,confirmed,2023-11-19 00:00:00,2023-06-21 18:00:00,2023-06-21 18:00:00
fd96bfd4-e51e-4cdd-8891-fbd52ef2ace5,356,2023-11-29 00:00:00,6,1998.0,85,239.76,0.0,confirmed,2024-01-21 00:00:00,2023-11-28 12:00:00,2023-11-30 12:00:00
40d98813-6e26-4b11-86a9-0071cc988b82,254,2024-03-21 00:00:00,14,6300.0,136,756.0,630.0,cancelled,2024-07-17 00:00:00,2024-03-20 11:00:00,2024-03-20 11:00:00
80cb43f8-d82b-4a43-bd48-fb57171a146c,452,2023-06-05 00:00:00,3,173.25,122,20.79,0.0,confirmed,2023-07-02 00:00:00,2023-06-04 05:00:00,2023-06-04 05:00:00
f72a4531-c710-4825-af1b-e65c830635db,228,2023-07-05 00:00:00,13,3003.0,122,360.36,0.0,confirmed,2023-08-09 00:00:00,2023-07-04 11:00:00,2023-07-04 11:00:00
e5663b75-8694-47e0-992a-87e653654860,496,2024-04-14 00:00:00,12,4320.0,101,518.4,0.0,confirmed,2024-06-06 00:00:00,2024-04-13 09:00:00,2024-04-13 09:00:00
13660d89-0403-48f7-8d80-73bab349aa34,134,2024-05-21 00:00:00,4,2048.0,81,245.76,204.8,cancelled,2024-09-11 00:00:00,2024-05-20 07:00:00,2024-05-20 07:00:00
0e2c1c1d-8e2e-40d2-b7f2-878ac2fb7580,237,2024-02-21 00:00:00,14,4480.0,89,537.6,448.0,cancelled,2024-05-14 00:00:00,2024-02-20 22:00:00,2024-02-20 22:00:00
8ecd6272-0ec9-448a-83df-38dc39bcc739,256,2023-09-24 00:00:00,1,53.62,59,6.43,0.0,confirmed,2024-02-29 00:00:00,2023-09-23 07:00:00,2023-09-23 07:00:00
ce185182-3481-4d8f-b3a8-ebab11ad5031,250,2024-04-27 00:00:00,13,3536.0,129,424.32,353.6,cancelled,2024-10-11 00:00:00,2024-04-26 04:00:00,2024-04-26 04:00:00
6c188e18-ec34-4998-93a4-0fd6ad34a32b,154,2023-09-03 00:00:00,8,880.0,59,105.6,0.0,confirmed,2023-10-16 00:00:00,2023-09-02 09:00:00,2023-09-02 09:00:00
f5f3bd33-4f45-4256-886e-74ef8e949296,314,2023-06-11 00:00:00,10,2040.0,145,244.8,0.0,confirmed,2023-07-03 00:00:00,2023-06-10 14:00:00,2023-06-10 14:00:00
af8649e6-4d80-4fdc-81a9-78d71781194b,132,2024-03-18 00:00:00,12,3960.0,83,475.2,396.0,cancelled,2024-04-30 00:00:00,2024-03-17 00:00:00,2024-03-17 00:00:00
03dc4647-587c-47ad-931c-1986914e0a6e,312,2023-09-01 00:00:00,13,2681.25,91,321.75,0.0,confirmed,2024-01-21 00:00:00,2023-08-31 09:00:00,2023-08-31 09:00:00
db691f74-11e6-4ac6-ba07-84d36851d01b,410,2024-08-27 00:00:00,11,1463.0,64,175.56,0.0,confirmed,2024-12-19 00:00:00,2024-08-26 19:00:00,2024-09-01 19:00:00
c60db541-b650-4f89-9819-f0bfa029ce59,161,2023-10-05 00:00:00,4,920.0,75,110.4,92.0,cancelled,2024-01-19 00:00:00,2023-10-04 00:00:00,2023-10-04 00:00:00
97142165-617e-4910-9fa2-5aa10d51c6cc,172,2023-09-03 00:00:00,1,99.0,83,11.88,0.0,confirmed,2023-09-21 00:00:00,2023-09-02 02:00:00,2023-09-02 02:00:00
3b6e9769-5213-4f6f-b8af-a81b62463484,297,2024-04-20 00:00:00,14,2695.0,68,323.4,0.0,confirmed,2024-08-19 00:00:00,2024-04-19 09:00:00,2024-04-23 09:00:00
58bc05cb-6344-4ede-b5b9-5fc6e75bca19,115,2024-01-25 00:00:00,12,5040.0,124,604.8,0.0,confirmed,2024-06-11 00:00:00,2024-01-24 12:00:00,2024-01-24 12:00:00
9daf57c5-cdee-43c9-8224-ea980d0100b7,349,2023-10-12 00:00:00,6,462.0,105,55.44,46.2,cancelled,2024-03-30 00:00:00,2023-10-11 13:00:00,2023-10-11 13:00:00
027a9c43-9cb3-44f6-b88f-44a755e0bb39,46,2023-09-26 00:00:00,12,1254.0,131,150.48,0.0,confirmed,2024-02-03 00:00:00,2023-09-25 10:00:00,2023-09-25 10:00:00
5dbbd942-424c-4cd3-a7dc-b4e564a7612f,363,2024-06-27 00:00:00,6,1254.0,83,150.48,125.4,cancelled,2024-11-05 00:00:00,2024-06-26 05:00:00,2024-06-26 05:00:00
36bdf93a-1fc2-4955-ac8b-ad15a6015685,70,2023-05-01 00:00:00,1,256.0,124,30.72,25.6,cancelled,2023-07-01 00:00:00,2023-04-30 11:00:00,2023-04-30 11:00:00
c63cfab5-c27a-427b-b2e3-96b9b61e3f76,488,2024-02-27 00:00:00,12,2976.0,91,357.12,0.0,confirmed,2024-04-16 00:00:00,2024-02-26 17:00:00,2024-02-26 17:00:00
4bf88919-0768-4a9f-9bca-d5c0471469c7,178,2024-04-29 00:00:00,1,208.25,149,24.99,0.0,confirmed,2024-05-29 00:00:00,2024-04-28 07:00:00,2024-04-28 07:00:00
94b9661a-0530-41a9-ac53-28e8facb19e3,61,2024-04-01 00:00:00,8,1155.04,69,138.6,0.0,confirmed,2024-07-08 00:00:00,2024-03-31 12:00:00,2024-03-31 12:00:00
1fbd9181-aca1-496a-933e-d92e3cb85011,7,2024-03-28 00:00:00,1,330.0,44,39.6,0.0,confirmed,2024-04-08 00:00:00,2024-03-27 09:00:00,2024-03-27 09:00:00
79dde0a2-b465-45dd-9e43-77a6f59dd95e,58,2023-09-20 00:00:00,11,2387.0,113,286.44,0.0,confirmed,2023-11-18 00:00:00,2023-09-19 16:00:00,2023-09-19 16:00:00
74e4a61a-c21d-4bfd-b60c-fb88f37eda4e,446,2023-09-10 00:00:00,10,1592.5,47,191.1,0.0,confirmed,2023-10-02 00:00:00,2023-09-09 06:00:00,2023-09-09 06:00:00
887c8ccb-4ed3-4711-9f6a-84294122fb1a,56,2023-07-17 00:00:00,11,2816.0,50,337.92,0.0,confirmed,2023-08-15 00:00:00,2023-07-16 23:00:00,2023-07-16 23:00:00
c84f796c-06d1-48b1-9d6f-07c2f9758e8b,83,2023-05-02 00:00:00,8,4992.0,103,599.04,0.0,confirmed,2023-06-06 00:00:00,2023-05-01 00:00:00,2023-05-01 00:00:00
3a6114f2-4d24-4c47-bbae-7269ab3c936e,186,2023-12-03 00:00:00,13,1662.44,64,199.49,0.0,confirmed,2023-12-12 00:00:00,2023-12-02 07:00:00,2023-12-02 07:00:00
2799359f-bf2f-45c9-835a-af65c11b528d,469,2023-07-15 00:00:00,2,209.0,103,25.08,20.9,cancelled,2024-01-09 00:00:00,2023-07-14 06:00:00,2023-07-14 06:00:00
86471b61-7c64-4d0e-b32f-574e49ee7f70,63,2023-10-09 00:00:00,9,2574.0,64,308.88,0.0,confirmed,2023-12-28 00:00:00,2023-10-08 16:00:00,2023-10-08 16:00:00
306f773b-7b20-438c-a95d-828e9a960457,171,2023-04-18 00:00:00,13,715.0,120,85.8,71.5,cancelled,2023-09-11 00:00:00,2023-04-17 09:00:00,2023-04-27 09:00:00
a1dec561-a064-4c3e-b335-6204a94746bd,76,2023-12-07 00:00:00,10,1190.0,113,142.8,0.0,confirmed,2024-03-04 00:00:00,2023-12-06 14:00:00,2023-12-08 14:00:00
1ffbff4d-5b63-47d7-a66f-cd3bc5982f46,3,2023-05-28 00:00:00,8,3696.0,83,443.52,0.0,confirmed,2023-08-25 00:00:00,2023-05-27 20:00:00,2023-05-27 20:00:00
838a48a6-f780-41a8-868c-a94301f1a1c1,489,2024-05-03 00:00:00,10,715.0,132,85.8,0.0,confirmed,2024-10-24 00:00:00,2024-05-02 03:00:00,2024-05-02 03:00:00
b7cdbf77-3010-4723-bbe6-b9211dd3465d,378,2023-05-24 00:00:00,2,448.0,67,53.76,44.8,cancelled,2023-08-02 00:00:00,2023-05-23 13:00:00,2023-05-23 13:00:00
d311bffa-51e1-4069-860d-3a4c7010ba7d,241,2024-01-25 00:00:00,13,1716.0,104,205.92,171.6,cancelled,2024-07-04 00:00:00,2024-01-24 13:00:00,2024-01-24 13:00:00
4b1bc487-7783-46c6-b438-cd3f43b3f8dc,309,2024-02-20 00:00:00,14,2194.5,126,263.34,0.0,confirmed,2024-08-11 00:00:00,2024-02-19 11:00:00,2024-02-29 11:00:00
295b4c40-9438-4f44-b4f0-e7dc3d3d3479,402,2024-05-10 00:00:00,5,350.6,128,42.07,0.0,confirmed,2024-08-06 00:00:00,2024-05-09 18:00:00,2024-05-09 18:00:00
e3013c43-53f7-49a9-b6ba-650e04158026,76,2024-01-10 00:00:00,12,1428.0,100,171.36,0.0,confirmed,2024-04-21 00:00:00,2024-01-09 05:00:00,2024-01-09 05:00:00
61e9d7a9-f785-41a6-a821-2e857bfaa958,151,2024-07-06 00:00:00,14,4018.0,46,482.16,0.0,confirmed,2024-07-15 00:00:00,2024-07-05 18:00:00,2024-07-05 18:00:00
5645128c-14f8-4b01-8a4f-6a2d34e55285,184,2023-06-02 00:00:00,4,1054.0,102,126.48,0.0,confirmed,2023-08-19 00:00:00,2023-06-01 09:00:00,2023-06-01 09:00:00
64d59401-21bb-496d-a14c-c4a8d8e58bed,299,2023-09-10 00:00:00,11,907.5,54,108.9,0.0,confirmed,2023-12-07 00:00:00,2023-09-09 23:00:00,2023-09-09 23:00:00
2b2c0202-10e7-4a75-8d93-c6109fa4ade4,265,2023-04-11 00:00:00,8,2640.0,101,316.8,0.0,confirmed,2023-05-25 00:00:00,2023-04-10 15:00:00,2023-04-10 15:00:00
cf82dbbc-fd40-49a2-86f7-f439c68ddf7d,430,2023-11-15 00:00:00,7,1288.0,143,154.56,0.0,confirmed,2024-03-24 00:00:00,2023-11-14 09:00:00,2023-11-14 09:00:00
e3ddc64c-af37-454e-8f07-117d405bfb4d,438,2024-01-27 00:00:00,12,1980.0,104,237.6,0.0,confirmed,2024-05-16 00:00:00,2024-01-26 00:00:00,2024-01-26 00:00:00
942a2ad7-2971-4d22-80e8-684cba5d916e,467,2023-10-16 00:00:00,6,1536.0,116,184.32,0.0,confirmed,2024-03-17 00:00:00,2023-10-15 22:00:00,2023-10-15 22:00:00
3caedce8-56af-4ade-9f6f-9d4f35f43c18,401,2023-09-29 00:00:00,1,256.0,48,30.72,25.6,cancelled,2024-02-29 00:00:00,2023-09-28 11:00:00,2023-09-28 11:00:00
53175c6f-6d63-434e-9cf9-a543f7e934a0,376,2023-05-05 00:00:00,13,1716.0,140,205.92,0.0,confirmed,2023-05-23 00:00:00,2023-05-04 04:00:00,2023-05-04 04:00:00
a31b2239-ff4f-4d42-ad92-fc6ce657991f,469,2024-01-19 00:00:00,5,522.5,111,62.7,0.0,confirmed,2024-06-01 00:00:00,2024-01-18 09:00:00,2024-01-18 09:00:00
5dc3b74c-8fac-4a4a-ba86-29c568afcc97,491,2024-02-22 00:00:00,1,238.0,56,28.56,0.0,confirmed,2024-07-20 00:00:00,2024-02-21 14:00:00,2024-02-21 14:00:00
7a7ed385-6a71-4313-b702-5938e7212ca5,442,2024-01-12 00:00:00,14,3696.0,68,443.52,0.0,confirmed,2024-02-03 00:00:00,2024-01-11 14:00:00,2024-01-11 14:00:00
0f1c4b04-1690-4ed6-b36f-da33c822acac,408,2024-08-29 00:00:00,11,1875.5,57,225.06,187.55,cancelled,2024-10-27 00:00:00,2024-08-28 10:00:00,2024-08-28 10:00:00
3cbdbb59-118f-4829-8f25-107d08af953d,420,2023-09-03 00:00:00,2,924.0,96,110.88,92.4,cancelled,2024-02-10 00:00:00,2023-09-02 19:00:00,2023-09-02 19:00:00
1a551c37-3c04-4126-9bc1-69effa0136af,355,2023-10-20 00:00:00,4,1140.0,126,136.8,114.0,cancelled,2024-02-08 00:00:00,2023-10-19 01:00:00,2023-10-19 01:00:00
bc32cc03-7dfe-4edc-a85c-4032bb274179,187,2024-03-23 00:00:00,2,897.0,66,107.64,0.0,confirmed,2024-08-10 00:00:00,2024-03-22 06:00:00,2024-03-22 06:00:00
31b822f0-27cf-4fb2-9c9f-f40970068eda,421,2024-04-27 00:00:00,6,3690.0,132,442.8,0.0,confirmed,2024-09-18 00:00:00,2024-04-26 13:00:00,2024-04-26 13:00:00
44cb5d11-ba1e-42ee-9ad5-d19ecb8c00af,400,2023-12-17 00:00:00,11,1482.25,104,177.87,148.22,cancelled,2024-05-01 00:00:00,2023-12-16 10:00:00,2023-12-16 10:00:00
36656ff0-3c36-4190-8b45-1efcfebc2905,452,2023-06-22 00:00:00,7,404.25,47,48.51,0.0,confirmed,2023-07-21 00:00:00,2023-06-21 19:00:00,2023-06-21 19:00:00
22c1fc7c-7c2f-46ff-91fd-8dc01839e5d1,485,2024-01-24 00:00:00,14,5586.0,47,670.32,0.0,confirmed,2024-03-16 00:00:00,2024-01-23 22:00:00,2024-02-02 22:00:00
3967687e-b8cb-43c3-98f1-07b0bd513941,218,2023-12-25 00:00:00,8,1406.0,112,168.72,0.0,confirmed,2023-12-31 00:00:00,2023-12-24 23:00:00,2023-12-30 23:00:00
e578d5cb-5399-4992-b589-251833c89fe9,439,2023-08-02 00:00:00,4,736.0,147,88.32,0.0,confirmed,2023-08-08 00:00:00,2023-08-01 23:00:00,2023-08-01 23:00:00
01057f24-dd08-4405-96ca-6c893b9ea202,350,2024-01-31 00:00:00,8,1792.0,65,215.04,179.2,cancelled,2024-05-05 00:00:00,2024-01-30 15:00:00,2024-01-30 15:00:00
a3677ced-a6e2-42d4-886e-03d041f13d8c,439,2023-09-12 00:00:00,6,1104.0,74,132.48,0.0,confirmed,2023-12-18 00:00:00,2023-09-11 02:00:00,2023-09-11 02:00:00
da9c3dcd-a44d-4abe-9ded-5c99d5de3904,468,2023-11-26 00:00:00,12,544.56,57,65.35,0.0,confirmed,2023-12-05 00:00:00,2023-11-25 10:00:00,2023-11-25 10:00:00
065d3e83-5da5-4d56-9840-2e45ee45db09,92,2024-07-27 00:00:00,4,266.0,62,31.92,0.0,confirmed,2024-09-30 00:00:00,2024-07-26 00:00:00,2024-07-26 00:00:00
3b10c37e-4840-4321-82a0-46af537c3b3f,181,2023-10-01 00:00:00,11,4004.0,40,480.48,0.0,confirmed,2024-02-17 00:00:00,2023-09-30 23:00:00,2023-09-30 23:00:00
1d12f884-2ad9-42fa-bac7-8d2155ca0bbb,47,2023-09-29 00:00:00,4,323.0,42,38.76,0.0,confirmed,2023-11-07 00:00:00,2023-09-28 02:00:00,2023-09-28 02:00:00
1a5c3691-dbde-4ebb-8154-1bbc53724078,492,2023-11-21 00:00:00,2,448.0,52,53.76,44.8,cancelled,2024-03-12 00:00:00,2023-11-20 09:00:00,2023-11-20 09:00:00
0ea1f4e6-2be9-475f-b6f9-dc56a46116f0,497,2024-04-07 00:00:00,4,896.0,59,107.52,0.0,confirmed,2024-07-29 00:00:00,2024-04-06 07:00:00,2024-04-06 07:00:00
180e1d31-6dfb-4224-aacd-30af2660077b,417,2023-08-28 00:00:00,3,840.0,88,100.8,0.0,confirmed,2023-11-18 00:00:00,2023-08-27 07:00:00,2023-08-27 07:00:00
e033caa0-fc2a-4c86-a00e-8496fcb3c2eb,312,2024-02-19 00:00:00,7,1443.75,111,173.25,0.0,confirmed,2024-07-05 00:00:00,2024-02-18 14:00:00,2024-02-18 14:00:00
edc265e0-d422-444d-bb69-4e4d5b7c8305,297,2024-04-20 00:00:00,12,2310.0,116,277.2,231.0,cancelled,2024-08-03 00:00:00,2024-04-19 03:00:00,2024-04-19 03:00:00
7e378ef6-f564-4204-94a4-23a89b590ce0,214,2023-06-17 00:00:00,3,990.0,114,118.8,99.0,cancelled,2023-11-18 00:00:00,2023-06-16 07:00:00,2023-06-22 07:00:00
80bee748-accf-472c-a7b3-d9a1ad200dc3,56,2023-12-03 00:00:00,13,3328.0,97,399.36,0.0,confirmed,2024-02-15 00:00:00,2023-12-02 11:00:00,2023-12-10 11:00:00
a410710b-caa7-4c74-b16f-91918366e631,439,2024-01-23 00:00:00,8,1472.0,105,176.64,147.2,cancelled,2024-07-20 00:00:00,2024-01-22 22:00:00,2024-01-22 22:00:00
5d51bfbe-6a93-4f91-8ab6-f87b205e6d09,370,2023-12-16 00:00:00,10,1852.5,94,222.3,0.0,confirmed,2024-02-04 00:00:00,2023-12-15 03:00:00,2023-12-15 03:00:00
44370059-a5d6-4498-9134-d4ec0e6e96b9,10,2024-04-14 00:00:00,8,3072.0,88,368.64,0.0,confirmed,2024-05-21 00:00:00,2024-04-13 09:00:00,2024-04-13 09:00:00
1a032f3a-88b8-4e4c-99da-bdc153d19568,130,2024-10-05 00:00:00,9,2160.0,56,259.2,0.0,confirmed,2025-02-09 00:00:00,2024-10-04 07:00:00,2024-10-04 07:00:00
8256aaac-c52d-44e1-9a7d-00517985c0c3,143,2023-08-15 00:00:00,4,320.0,147,38.4,32.0,cancelled,2023-10-23 00:00:00,2023-08-14 07:00:00,2023-08-14 07:00:00
a2589f49-8de4-4d1d-be09-ef5df564e651,104,2023-07-26 00:00:00,11,1001.0,97,120.12,0.0,confirmed,2023-10-13 00:00:00,2023-07-25 07:00:00,2023-07-25 07:00:00
5bab6c5c-e80d-4b00-a1ae-584721c05715,430,2023-11-07 00:00:00,2,368.0,80,44.16,36.8,cancelled,2024-02-21 00:00:00,2023-11-06 02:00:00,2023-11-06 02:00:00
6912c9ea-f61f-4c99-99bd-b62dc1548b1f,147,2024-01-30 00:00:00,5,522.5,107,62.7,52.25,cancelled,2024-07-18 00:00:00,2024-01-29 00:00:00,2024-01-29 00:00:00
bc142667-54b4-4d98-a7db-0f62ec3b9b02,55,2023-07-19 00:00:00,4,620.0,133,74.4,62.0,cancelled,2023-11-19 00:00:00,2023-07-18 16:00:00,2023-07-18 16:00:00
608ce77e-bdc0-4f9e-be8c-555741ff7267,404,2023-10-25 00:00:00,8,960.0,66,115.2,96.0,cancelled,2024-02-22 00:00:00,2023-10-24 14:00:00,2023-10-24 14:00:00
219c4e95-c2c5-42cf-908b-c834ed9bcabc,355,2024-04-14 00:00:00,3,855.0,132,102.6,0.0,confirmed,2024-08-07 00:00:00,2024-04-13 03:00:00,2024-04-13 03:00:00
c637f6fc-5d9e-4c56-8b10-ee184068f3b9,203,2024-02-09 00:00:00,14,1666.0,71,199.92,166.6,cancelled,2024-02-20 00:00:00,2024-02-08 08:00:00,2024-02-16 08:00:00
a83d4387-e92f-4ee8-90de-4ee8a7a2bef3,402,2024-05-12 00:00:00,5,350.6,44,42.07,0.0,confirmed,2024-10-09 00:00:00,2024-05-11 01:00:00,2024-05-11 01:00:00
77a6baf1-68d1-4cae-931b-c46001eb39e8,149,2023-05-16 00:00:00,6,3072.0,67,368.64,0.0,confirmed,2023-10-28 00:00:00,2023-05-15 19:00:00,2023-05-15 19:00:00
78c5545c-4a46-4e7a-8f9f-c17053173759,405,2023-03-28 00:00:00,14,1263.5,133,151.62,0.0,confirmed,2023-08-16 00:00:00,2023-03-27 06:00:00,2023-03-31 06:00:00
a577398a-b374-4df9-9498-7233d2febc14,313,2023-11-11 00:00:00,14,4046.0,109,485.52,0.0,confirmed,2024-02-11 00:00:00,2023-11-10 13:00:00,2023-11-10 13:00:00
52a97372-38ee-44c5-8aa7-88d7e321a625,181,2023-03-27 00:00:00,14,5096.0,122,611.52,0.0,confirmed,2023-03-30 00:00:00,2023-03-26 21:00:00,2023-03-26 21:00:00
32f8a1d7-d6b3-431e-87b3-83a24090beda,95,2023-09-17 00:00:00,12,1530.0,84,183.6,0.0,confirmed,2024-01-14 00:00:00,2023-09-16 14:00:00,2023-09-16 14:00:00
1ff52f19-8c49-4edd-918b-9eda5d9ebe0a,217,2023-04-26 00:00:00,2,494.0,78,59.28,0.0,confirmed,2023-05-10 00:00:00,2023-04-25 09:00:00,2023-04-25 09:00:00
f5d56808-940b-4691-8a99-4e8d14099337,321,2024-04-18 00:00:00,6,1404.0,147,168.48,0.0,confirmed,2024-09-26 00:00:00,2024-04-17 22:00:00,2024-04-26 22:00:00
af31a134-5950-43d6-901c-be01664ca825,175,2023-01-15 00:00:00,14,1330.0,81,159.6,0.0,confirmed,2023-04-21 00:00:00,2023-01-14 22:00:00,2023-01-14 22:00:00
ed3ad40c-23de-4cd4-8add-1e21d9f4fcb3,371,2023-07-09 00:00:00,3,336.0,64,40.32,33.6,cancelled,2023-12-01 00:00:00,2023-07-08 16:00:00,2023-07-18 16:00:00
20d65c9f-2a02-4cef-9b80-613c49d130bc,339,2024-02-09 00:00:00,4,392.0,108,47.04,39.2,cancelled,2024-03-13 00:00:00,2024-02-08 09:00:00,2024-02-08 09:00:00
f4abd8ef-6f0a-4376-b150-18109a39acb6,328,2023-11-14 00:00:00,12,3192.0,75,383.04,319.2,cancelled,2023-12-17 00:00:00,2023-11-13 12:00:00,2023-11-20 12:00:00
1a627874-19ca-4a67-a3bb-232cff53c0c1,161,2024-03-27 00:00:00,6,1380.0,56,165.6,138.0,cancelled,2024-07-30 00:00:00,2024-03-26 22:00:00,2024-03-26 22:00:00
d6f2bb4e-9995-4f5c-9bdd-280317abc601,419,2024-02-11 00:00:00,12,990.0,84,118.8,0.0,confirmed,2024-02-23 00:00:00,2024-02-10 22:00:00,2024-02-10 22:00:00
1c1a6b61-365c-44b6-b629-840e46ab9b41,352,2023-11-18 00:00:00,3,643.5,73,77.22,0.0,confirmed,2023-11-29 00:00:00,2023-11-17 13:00:00,2023-11-17 13:00:00
9032a787-d904-4527-b87a-344ac32824cf,21,2023-10-26 00:00:00,1,294.5,122,35.34,0.0,confirmed,2023-11-11 00:00:00,2023-10-25 05:00:00,2023-10-25 05:00:00
9760350b-6a68-4747-872e-9e851be68d94,251,2024-03-24 00:00:00,7,1328.25,58,159.39,0.0,confirmed,2024-04-11 00:00:00,2024-03-23 09:00:00,2024-03-23 09:00:00
735e64ca-a812-4963-92df-4e53331ce5e1,307,2024-06-12 00:00:00,10,1960.0,146,235.2,0.0,confirmed,2024-11-28 00:00:00,2024-06-11 12:00:00,2024-06-11 12:00:00
157a075f-9ba7-49e3-b80d-8c723e390b44,200,2023-09-27 00:00:00,9,2747.25,137,329.67,274.73,cancelled,2024-02-21 00:00:00,2023-09-26 17:00:00,2023-09-29 17:00:00
19763b66-840d-443d-936e-f8dfabc4b69c,449,2024-02-21 00:00:00,2,495.0,60,59.4,49.5,cancelled,2024-07-24 00:00:00,2024-02-20 19:00:00,2024-02-20 19:00:00
5935bceb-b141-49ed-b15b-dff75fe88883,224,2023-12-06 00:00:00,8,836.0,132,100.32,0.0,confirmed,2024-02-04 00:00:00,2023-12-05 11:00:00,2023-12-05 11:00:00
ac23314d-a01f-4dd7-9cac-4a159d68c095,286,2023-05-07 00:00:00,7,1328.25,131,159.39,132.83,cancelled,2023-07-25 00:00:00,2023-05-06 18:00:00,2023-05-06 18:00:00
910c9282-feb1-4aa6-af22-acffa2e507d4,102,2024-09-04 00:00:00,11,940.5,85,112.86,94.05,cancelled,2025-01-07 00:00:00,2024-09-03 16:00:00,2024-09-03 16:00:00
566cec8a-d42a-42a8-a0bd-14712503999b,358,2024-05-24 00:00:00,6,720.0,131,86.4,0.0,confirmed,2024-09-16 00:00:00,2024-05-23 09:00:00,2024-05-27 09:00:00
45691640-12a1-48be-ba7c-5e86501db2ec,69,2023-09-09 00:00:00,2,225.0,100,27.0,0.0,confirmed,2023-10-02 00:00:00,2023-09-08 23:00:00,2023-09-08 23:00:00
22f0cff4-7781-4b3d-b88a-b85d40c41368,85,2023-10-01 00:00:00,1,154.0,131,18.48,15.4,cancelled,2024-03-08 00:00:00,2023-09-30 11:00:00,2023-09-30 11:00:00
2bb67d9f-4d34-4dbd-9875-8cb11ca1a59a,55,2023-11-12 00:00:00,6,930.0,78,111.6,0.0,confirmed,2024-05-03 00:00:00,2023-11-11 04:00:00,2023-11-11 04:00:00
23cf2d2c-b768-4443-8d89-d63891833486,197,2024-07-03 00:00:00,1,313.5,102,37.62,0.0,confirmed,2024-08-05 00:00:00,2024-07-02 14:00:00,2024-07-02 14:00:00
cd89d294-f50a-4429-895e-071413defaca,299,2023-07-04 00:00:00,7,577.5,107,69.3,0.0,confirmed,2023-12-26 00:00:00,2023-07-03 20:00:00,2023-07-03 20:00:00
b3948f8e-a5d4-4fb8-a682-a6c7bc6cb269,309,2023-10-24 00:00:00,11,1724.25,133,206.91,0.0,confirmed,2024-02-15 00:00:00,2023-10-23 11:00:00,2023-10-23 11:00:00
2de81f4a-6177-45de-b2a8-5681c43bab5b,386,2024-01-27 00:00:00,6,484.5,86,58.14,0.0,confirmed,2024-05-27 00:00:00,2024-01-26 07:00:00,2024-01-26 07:00:00
35c492f1-59d9-4166-969d-f05a6bab6d4c,387,2023-10-24 00:00:00,5,570.0,124,68.4,0.0,confirmed,2024-03-22 00:00:00,2023-10-23 23:00:00,2023-10-23 23:00:00
daf1a3f9-49c2-4461-bbe4-8e242a660a21,388,2023-12-11 00:00:00,14,2380.0,123,285.6,0.0,confirmed,2024-04-12 00:00:00,2023-12-10 18:00:00,2023-12-10 18:00:00
f43a9be4-9cc8-4dbd-af6f-cd393e5f758b,26,2023-11-03 00:00:00,9,2160.0,100,259.2,0.0,confirmed,2023-12-06 00:00:00,2023-11-02 18:00:00,2023-11-02 18:00:00
66c5053c-de4c-449a-ad40-1b42e3ff868d,339,2023-11-11 00:00:00,11,1078.0,102,129.36,107.8,cancelled,2024-03-10 00:00:00,2023-11-10 04:00:00,2023-11-10 04:00:00
e5174595-3ca9-4340-8034-6d52c372fb92,383,2024-03-10 00:00:00,10,3520.0,122,422.4,0.0,confirmed,2024-04-19 00:00:00,2024-03-09 05:00:00,2024-03-09 05:00:00
6e6d7a2b-fd3a-4aa2-9b16-da527eeb7c09,100,2024-08-08 00:00:00,2,228.0,122,27.36,0.0,confirmed,2024-08-21 00:00:00,2024-08-07 05:00:00,2024-08-07 05:00:00
2e1b5001-b608-44b8-82ff-a3c189f6ae68,101,2024-09-29 00:00:00,8,560.96,149,67.32,0.0,confirmed,2025-03-24 00:00:00,2024-09-28 06:00:00,2024-09-28 06:00:00
3598c1d5-ee0d-439d-9886-2198c89e169b,499,2023-07-17 00:00:00,4,352.0,54,42.24,0.0,confirmed,2023-08-05 00:00:00,2023-07-16 08:00:00,2023-07-16 08:00:00
c3b5a0a7-7dac-409b-b09a-306cd2a09d95,409,2024-04-06 00:00:00,9,1325.25,110,159.03,0.0,confirmed,2024-09-03 00:00:00,2024-04-05 22:00:00,2024-04-05 22:00:00
5ac6b309-87a5-4784-8247-ff433a80ed54,58,2023-11-16 00:00:00,5,1085.0,95,130.2,0.0,confirmed,2024-04-06 00:00:00,2023-11-15 06:00:00,2023-11-15 06:00:00
ce5e99b2-eca0-4932-a204-111dad7cde17,20,2023-08-29 00:00:00,8,1064.0,113,127.68,106.4,cancelled,2024-01-26 00:00:00,2023-08-28 04:00:00,2023-08-28 04:00:00
a0a5f094-5bf4-43fa-823b-2a61c8a7aaa2,392,2024-01-22 00:00:00,7,784.0,124,94.08,0.0,confirmed,2024-05-28 00:00:00,2024-01-21 10:00:00,2024-01-28 10:00:00
d814d232-cd91-4936-ad2f-9f8ba1d7d1b3,94,2024-07-20 00:00:00,10,1615.0,45,193.8,161.5,cancelled,2024-12-04 00:00:00,2024-07-19 00:00:00,2024-07-26 00:00:00
a125b1c4-1191-43f7-a729-0422e38f87e2,228,2024-03-29 00:00:00,7,1617.0,146,194.04,0.0,confirmed,2024-05-15 00:00:00,2024-03-28 13:00:00,2024-03-28 13:00:00
ee8756a6-8b2f-4aed-9612-792b12f818df,456,2023-06-30 00:00:00,12,5658.0,50,678.96,565.8,cancelled,2023-10-13 00:00:00,2023-06-29 11:00:00,2023-06-29 11:00:00
38262345-0e29-4996-9b21-47b6ca15b149,284,2024-06-30 00:00:00,1,176.0,56,21.12,17.6,cancelled,2024-11-13 00:00:00,2024-06-29 03:00:00,2024-06-29 03:00:00
e96ab937-c796-4359-b136-63eacadcec44,383,2024-04-19 00:00:00,6,2112.0,56,253.44,211.2,cancelled,2024-09-18 00:00:00,2024-04-18 01:00:00,2024-04-23 01:00:00
af3b7f65-fa6b-4a52-bfbf-b719128ffad8,230,2023-05-17 00:00:00,10,6440.0,46,772.8,0.0,confirmed,2023-08-12 00:00:00,2023-05-16 10:00:00,2023-05-16 10:00:00
a19a1d26-69c0-4bf3-a2b7-b22fe654815a,485,2024-04-03 00:00:00,11,4389.0,66,526.68,438.9,cancelled,2024-09-01 00:00:00,2024-04-02 14:00:00,2024-04-02 14:00:00
965ffcb4-1845-4802-931d-3132603d4519,298,2023-05-31 00:00:00,4,1288.0,129,154.56,0.0,confirmed,2023-08-29 00:00:00,2023-05-30 05:00:00,2023-06-03 05:00:00
c5b84b71-e830-478e-879a-21462911dccd,101,2024-09-09 00:00:00,9,631.08,85,75.73,0.0,confirmed,2024-10-02 00:00:00,2024-09-08 01:00:00,2024-09-08 01:00:00
52ca40fd-145f-4f77-b13a-ed0c9698aec7,482,2024-03-13 00:00:00,5,1320.0,79,158.4,0.0,confirmed,2024-06-14 00:00:00,2024-03-12 08:00:00,2024-03-12 08:00:00
cb5a8a7d-f806-4204-97e8-d625bd055ee3,319,2024-01-22 00:00:00,13,1769.56,70,212.35,0.0,confirmed,2024-02-21 00:00:00,2024-01-21 18:00:00,2024-01-21 18:00:00
1deb5ffd-22d5-4945-acf4-fc7c21ff9c7d,160,2023-11-18 00:00:00,7,1309.0,131,157.08,130.9,cancelled,2023-12-02 00:00:00,2023-11-17 07:00:00,2023-11-17 07:00:00
02dd9e0d-816f-442f-9165-7d44756c7f02,173,2024-08-03 00:00:00,10,3720.0,79,446.4,0.0,confirmed,2024-08-06 00:00:00,2024-08-02 16:00:00,2024-08-05 16:00:00
d6b9fe41-a9bb-4622-a542-6e3d1e2ed25f,460,2024-03-01 00:00:00,4,2208.0,134,264.96,0.0,confirmed,2024-03-31 00:00:00,2024-02-29 22:00:00,2024-03-04 22:00:00
e2544b9c-d9ff-4fa5-a25e-28752dda8199,374,2023-09-29 00:00:00,11,2816.0,114,337.92,0.0,confirmed,2023-10-27 00:00:00,2023-09-28 06:00:00,2023-09-28 06:00:00
4ee35c43-4734-4faa-b860-353c32236d62,32,2024-01-02 00:00:00,7,5474.0,136,656.88,0.0,confirmed,2024-02-22 00:00:00,2024-01-01 18:00:00,2024-01-01 18:00:00
a2c05257-79f8-4cb1-9d5f-26a99badbed0,312,2023-08-11 00:00:00,3,618.75,90,74.25,61.88,cancelled,2023-11-15 00:00:00,2023-08-10 18:00:00,2023-08-10 18:00:00
32241f5f-9e80-406a-b9b2-046aed18fb3f,343,2023-09-21 00:00:00,5,1040.0,88,124.8,0.0,confirmed,2024-02-20 00:00:00,2023-09-20 11:00:00,2023-09-20 11:00:00
78d5cb33-48ee-434a-988c-9735875366d7,84,2024-04-08 00:00:00,5,577.5,106,69.3,57.75,cancelled,2024-07-06 00:00:00,2024-04-07 07:00:00,2024-04-07 07:00:00
a29ce764-6495-4fe6-84ee-d59fc6ea9da4,56,2023-10-21 00:00:00,4,1024.0,63,122.88,0.0,confirmed,2023-12-05 00:00:00,2023-10-20 10:00:00,2023-10-20 10:00:00
f8073b1c-c178-4806-9c7a-4da191481cfc,244,2023-08-12 00:00:00,11,1815.0,146,217.8,0.0,confirmed,2023-09-04 00:00:00,2023-08-11 06:00:00,2023-08-11 06:00:00
d87720e5-c0a5-438f-9a12-174b870fce90,398,2023-11-26 00:00:00,7,952.0,149,114.24,0.0,confirmed,2024-05-16 00:00:00,2023-11-25 23:00:00,2023-11-25 23:00:00
14907227-842f-4008-bd49-f0488cb95c8a,351,2024-04-18 00:00:00,9,2079.0,45,249.48,207.9,cancelled,2024-10-01 00:00:00,2024-04-17 00:00:00,2024-04-17 00:00:00
90a1dc9b-bdc6-4059-9a1e-8783fb41f1d0,113,2023-04-15 00:00:00,4,644.0,49,77.28,0.0,confirmed,2023-07-22 00:00:00,2023-04-14 17:00:00,2023-04-14 17:00:00
0e3c2386-8ea1-442b-8397-7fa33affc9b6,226,2023-12-01 00:00:00,10,2400.0,123,288.0,0.0,confirmed,2023-12-05 00:00:00,2023-11-30 19:00:00,2023-11-30 19:00:00
f6d0f76b-61c0-4acd-8d47-b85aa261e790,407,2023-05-15 00:00:00,9,990.0,51,118.8,0.0,confirmed,2023-09-11 00:00:00,2023-05-14 04:00:00,2023-05-14 04:00:00
0eaf85ba-885b-4e6a-b12d-07d5513dbe4e,467,2024-03-03 00:00:00,9,2304.0,108,276.48,0.0,confirmed,2024-03-23 00:00:00,2024-03-02 06:00:00,2024-03-02 06:00:00
3783e539-e94b-4a6c-9cf0-913e1feb1639,345,2024-01-20 00:00:00,1,112.0,148,13.44,0.0,confirmed,2024-02-13 00:00:00,2024-01-19 06:00:00,2024-01-19 06:00:00
ae0393ef-7349-4624-9f5c-cf1b32351b7f,332,2023-07-08 00:00:00,7,616.0,93,73.92,0.0,confirmed,2023-12-13 00:00:00,2023-07-07 21:00:00,2023-07-07 21:00:00
2c1fa125-cabd-4029-af34-f309a6af9dac,394,2023-05-23 00:00:00,3,173.25,57,20.79,0.0,confirmed,2023-06-23 00:00:00,2023-05-22 12:00:00,2023-05-28 12:00:00
1236d0b2-b1a4-4a75-afa0-5d72ac2ff889,474,2024-04-21 00:00:00,6,2070.0,128,248.4,0.0,confirmed,2024-05-31 00:00:00,2024-04-20 00:00:00,2024-04-20 00:00:00
7d738a15-6926-4aef-aaab-e82faf4fd007,304,2024-05-23 00:00:00,11,1210.0,107,145.2,0.0,confirmed,2024-09-09 00:00:00,2024-05-22 02:00:00,2024-05-22 02:00:00
b5475269-a420-49cb-83db-91cc7a6199b2,315,2023-10-17 00:00:00,10,6240.0,59,748.8,0.0,confirmed,2024-02-06 00:00:00,2023-10-16 15:00:00,2023-10-16 15:00:00
9318bf5f-b79b-4b81-a138-5c335d457194,194,2023-06-15 00:00:00,14,3906.0,63,468.72,0.0,confirmed,2023-07-11 00:00:00,2023-06-14 18:00:00,2023-06-14 18:00:00
41085281-1323-4cb0-b4a1-f9e7288f7fa8,299,2023-08-04 00:00:00,7,577.5,58,69.3,0.0,confirmed,2023-12-11 00:00:00,2023-08-03 05:00:00,2023-08-03 05:00:00
f801b444-64d0-457c-80f6-399ad376f334,146,2024-01-31 00:00:00,12,4851.0,73,582.12,485.1,cancelled,2024-05-22 00:00:00,2024-01-30 11:00:00,2024-01-30 11:00:00
a4c3c4c2-b456-4847-96da-cf5d31861877,186,2023-10-05 00:00:00,7,895.16,83,107.42,0.0,confirmed,2024-02-19 00:00:00,2023-10-04 10:00:00,2023-10-04 10:00:00
b2321897-9c3e-49ef-a9db-276299033613,199,2023-05-16 00:00:00,14,1309.0,43,157.08,0.0,confirmed,2023-08-31 00:00:00,2023-05-15 13:00:00,2023-05-15 13:00:00
7ab2b5bb-01ee-47cd-a228-869366fd4b7b,95,2024-06-20 00:00:00,1,127.5,78,15.3,12.75,cancelled,2024-11-12 00:00:00,2024-06-19 08:00:00,2024-06-25 08:00:00
566dd423-35c3-4b72-92bc-12b875ab480e,22,2024-06-20 00:00:00,13,802.75,148,96.33,80.28,cancelled,2024-09-01 00:00:00,2024-06-19 09:00:00,2024-06-19 09:00:00
b4139ae4-8146-4fc4-bf68-582d584d5b80,106,2024-02-16 00:00:00,14,1039.5,74,124.74,103.95,cancelled,2024-06-25 00:00:00,2024-02-15 21:00:00,2024-02-15 21:00:00
9fe8c68e-a2b6-450c-9949-10ced42685cc,4,2023-10-13 00:00:00,9,2565.0,129,307.8,256.5,cancelled,2024-01-30 00:00:00,2023-10-12 03:00:00,2023-10-12 03:00:00
98bb0069-61ad-43b9-b527-114eda6dc0f8,38,2023-04-15 00:00:00,9,2970.0,97,356.4,0.0,confirmed,2023-04-21 00:00:00,2023-04-14 05:00:00,2023-04-16 05:00:00
8036c508-8975-4704-a55e-58b24958ef63,253,2023-04-28 00:00:00,8,1540.0,99,184.8,0.0,confirmed,2023-05-02 00:00:00,2023-04-27 12:00:00,2023-05-01 12:00:00
ab9cd423-d023-42a0-8308-f88ef3ac9de4,444,2023-04-11 00:00:00,5,1360.0,145,163.2,136.0,cancelled,2023-08-22 00:00:00,2023-04-10 08:00:00,2023-04-10 08:00:00
229bb83f-d970-4c73-bd9d-f76a8415803b,204,2024-02-18 00:00:00,13,3705.0,120,444.6,370.5,cancelled,2024-06-02 00:00:00,2024-02-17 02:00:00,2024-02-17 02:00:00
1665dda3-1bda-4067-9d88-60d24e9619f2,264,2023-03-11 00:00:00,13,1430.0,51,171.6,0.0,confirmed,2023-05-15 00:00:00,2023-03-10 21:00:00,2023-03-10 21:00:00
814a49ac-a394-469d-904d-2e01c6c59b5d,241,2023-12-18 00:00:00,1,132.0,133,15.84,13.2,cancelled,2024-04-03 00:00:00,2023-12-17 16:00:00,2023-12-17 16:00:00
34c42b13-bc4a-463a-a33b-d63b16db9c2e,354,2023-04-08 00:00:00,3,1470.0,144,176.4,0.0,confirmed,2023-07-16 00:00:00,2023-04-07 04:00:00,2023-04-07 04:00:00
6924ce77-45a7-4dbf-b1d9-2df94e64830a,325,2023-09-13 00:00:00,4,1152.0,141,138.24,115.2,cancelled,2023-09-24 00:00:00,2023-09-12 04:00:00,2023-09-12 04:00:00
02dfd064-758d-4944-887c-e2185c0112fb,22,2024-01-09 00:00:00,12,741.0,48,88.92,0.0,confirmed,2024-06-07 00:00:00,2024-01-08 22:00:00,2024-01-08 22:00:00
d5e8178f-e337-4e0e-b313-7ddc25dc67e4,408,2024-04-18 00:00:00,5,852.5,75,102.3,85.25,cancelled,2024-08-25 00:00:00,2024-04-17 07:00:00,2024-04-17 07:00:00
b39762ad-e4c8-4b03-aae3-d15c943bbbb2,384,2023-05-05 00:00:00,14,2170.0,85,260.4,0.0,confirmed,2023-06-21 00:00:00,2023-05-04 20:00:00,2023-05-04 20:00:00
a5b65ce7-515f-4c91-ae94-5924a5653b64,378,2023-04-28 00:00:00,9,2016.0,76,241.92,0.0,confirmed,2023-10-01 00:00:00,2023-04-27 11:00:00,2023-04-27 11:00:00
bf22e48d-35e1-40e8-ab0a-50446eb4e854,415,2023-11-26 00:00:00,6,4692.0,118,563.04,0.0,confirmed,2024-02-01 00:00:00,2023-11-25 00:00:00,2023-11-25 00:00:00
a80dc103-e18f-408e-b62c-0c5df40eff1c,448,2023-11-29 00:00:00,13,1729.0,40,207.48,0.0,confirmed,2024-05-17 00:00:00,2023-11-28 07:00:00,2023-11-28 07:00:00
08611a84-9401-4c85-8024-7e28e9ca415f,421,2024-02-28 00:00:00,4,2460.0,89,295.2,246.0,cancelled,2024-06-20 00:00:00,2024-02-27 20:00:00,2024-02-27 20:00:00
a3f22195-2915-414b-a0a5-7dbbd898223c,339,2023-08-11 00:00:00,7,686.0,98,82.32,0.0,confirmed,2023-08-25 00:00:00,2023-08-10 04:00:00,2023-08-10 04:00:00
5364d1cc-8647-4a25-9e3b-267d7a1c036b,158,2023-06-27 00:00:00,9,1831.5,142,219.78,183.15,cancelled,2023-11-12 00:00:00,2023-06-26 06:00:00,2023-06-26 06:00:00
533c017d-0ba8-4884-9953-83e841f48d58,333,2024-06-01 00:00:00,11,3542.0,101,425.04,354.2,cancelled,2024-11-13 00:00:00,2024-05-31 01:00:00,2024-05-31 01:00:00
eb71d7b9-a0bd-4120-a2c4-4a57f00535ab,136,2024-02-13 00:00:00,14,2061.5,40,247.38,206.15,cancelled,2024-05-10 00:00:00,2024-02-12 00:00:00,2024-02-12 00:00:00
f4c3c26b-d874-4540-b22b-63e8a5f9d9ce,96,2024-01-17 00:00:00,5,560.0,145,67.2,0.0,confirmed,2024-04-17 00:00:00,2024-01-16 13:00:00,2024-01-16 13:00:00
babbe91b-e046-45d1-8a28-1f5f57502c70,474,2024-03-17 00:00:00,1,345.0,128,41.4,0.0,confirmed,2024-05-15 00:00:00,2024-03-16 03:00:00,2024-03-16 03:00:00
a34dd3cf-70c9-4bcf-a682-45f562b5bf17,394,2024-02-01 00:00:00,3,173.25,80,20.79,0.0,confirmed,2024-03-27 00:00:00,2024-01-31 17:00:00,2024-01-31 17:00:00
0853f159-96a4-4d4f-aab8-b26ab931c8bb,242,2024-02-17 00:00:00,9,1584.0,141,190.08,0.0,confirmed,2024-03-01 00:00:00,2024-02-16 05:00:00,2024-02-16 05:00:00
4cc7e233-99a5-4055-9881-7291f19914e1,400,2024-02-18 00:00:00,7,943.25,97,113.19,0.0,confirmed,2024-03-04 00:00:00,2024-02-17 11:00:00,2024-02-23 11:00:00
79e09f99-1781-4d34-9616-52565ac69e2e,236,2023-08-11 00:00:00,12,6552.0,70,786.24,0.0,confirmed,2023-12-11 00:00:00,2023-08-10 02:00:00,2023-08-10 02:00:00
4d5ffc06-5d67-4233-a4b3-768e9dfc2397,340,2023-07-11 00:00:00,11,1694.0,52,203.28,0.0,confirmed,2023-12-21 00:00:00,2023-07-10 12:00:00,2023-07-10 12:00:00
c4390255-0687-4a2e-a052-9a1d2cd693f3,285,2024-02-11 00:00:00,13,1608.75,119,193.05,0.0,confirmed,2024-06-12 00:00:00,2024-02-10 07:00:00,2024-02-10 07:00:00
e4ea1f99-c08f-4c62-a308-126b68743ce4,379,2023-06-13 00:00:00,8,880.0,88,105.6,0.0,confirmed,2023-07-04 00:00:00,2023-06-12 09:00:00,2023-06-12 09:00:00
33ec2bb0-2868-4009-90c7-a28137929373,381,2023-05-26 00:00:00,3,1056.0,140,126.72,0.0,confirmed,2023-08-10 00:00:00,2023-05-25 09:00:00,2023-05-25 09:00:00
6703d391-b6f4-44c8-8cfc-95ce6567874b,363,2024-01-30 00:00:00,4,836.0,61,100.32,0.0,confirmed,2024-06-23 00:00:00,2024-01-29 06:00:00,2024-01-29 06:00:00
07cbee90-763b-46ae-b431-475e25e5024b,53,2024-08-23 00:00:00,7,1666.0,59,199.92,166.6,cancelled,2024-11-02 00:00:00,2024-08-22 05:00:00,2024-08-22 05:00:00
48fcff3a-b85e-4453-bb14-6500fc32af30,149,2023-04-10 00:00:00,5,2560.0,60,307.2,0.0,confirmed,2023-06-06 00:00:00,2023-04-09 03:00:00,2023-04-09 03:00:00
18c96efe-a264-44ad-8969-ac466d4a3cd3,206,2023-12-20 00:00:00,6,1311.0,111,157.32,0.0,confirmed,2024-03-31 00:00:00,2023-12-19 04:00:00,2023-12-19 04:00:00
4eca1101-d2d6-4fce-9cfa-785cd98412d2,2,2023-09-16 00:00:00,11,3300.0,104,396.0,330.0,cancelled,2024-01-27 00:00:00,2023-09-15 14:00:00,2023-09-15 14:00:00
ddf34516-f4f6-4a6c-884c-679e0c48359a,3,2023-08-26 00:00:00,5,2310.0,66,277.2,0.0,confirmed,2023-12-16 00:00:00,2023-08-25 19:00:00,2023-08-25 19:00:00
9e85e234-d27c-4f2b-8774-87d69331922e,351,2023-10-30 00:00:00,7,1617.0,71,194.04,161.7,cancelled,2024-03-04 00:00:00,2023-10-29 11:00:00,2023-10-29 11:00:00
613d4e7f-6a6c-4496-87a4-b88cd36a5b9f,57,2023-11-16 00:00:00,9,1485.0,68,178.2,0.0,confirmed,2024-03-28 00:00:00,2023-11-15 07:00:00,2023-11-15 07:00:00
f5694a1d-060d-44bb-a389-27a2673a2c5b,83,2023-05-16 00:00:00,8,4992.0,129,599.04,499.2,cancelled,2023-06-06 00:00:00,2023-05-15 00:00:00,2023-05-15 00:00:00
82848764-95ba-4101-af63-b6ddb6bb4f43,381,2023-06-15 00:00:00,9,3168.0,88,380.16,316.8,cancelled,2023-11-01 00:00:00,2023-06-14 00:00:00,2023-06-14 00:00:00
1e964c02-d6e0-49e9-acb4-f75f3372a60d,430,2023-09-24 00:00:00,10,1840.0,89,220.8,0.0,confirmed,2023-10-19 00:00:00,2023-09-23 16:00:00,2023-09-23 16:00:00
cfeca7a6-221f-46bf-a171-7e778ec68bef,27,2024-05-15 00:00:00,9,3348.0,100,401.76,0.0,confirmed,2024-10-17 00:00:00,2024-05-14 10:00:00,2024-05-14 10:00:00
1e83086d-306f-4d76-ba4f-da6a679e433d,468,2023-09-17 00:00:00,2,90.76,120,10.89,0.0,confirmed,2023-10-25 00:00:00,2023-09-16 21:00:00,2023-09-16 21:00:00
7d49e556-2c77-49fa-a846-a3c0aef60174,67,2024-02-04 00:00:00,3,2880.0,93,345.6,0.0,confirmed,2024-03-30 00:00:00,2024-02-03 18:00:00,2024-02-03 18:00:00
3dd68117-e51b-401b-8c56-458d56482ce8,423,2023-09-27 00:00:00,9,1890.0,73,226.8,0.0,confirmed,2024-01-09 00:00:00,2023-09-26 07:00:00,2023-09-26 07:00:00
1666379c-e0cb-4f94-a9e4-70edb9c1c74c,340,2023-10-26 00:00:00,3,462.0,121,55.44,46.2,cancelled,2024-03-24 00:00:00,2023-10-25 07:00:00,2023-10-25 07:00:00
791e2261-5f1b-48b7-b076-2fb04c613688,413,2024-01-02 00:00:00,10,760.0,40,91.2,0.0,confirmed,2024-02-10 00:00:00,2024-01-01 01:00:00,2024-01-01 01:00:00
5a070058-2375-47bb-abcb-63cd68886f26,115,2024-06-24 00:00:00,3,1260.0,120,151.2,126.0,cancelled,2024-12-16 00:00:00,2024-06-23 14:00:00,2024-06-23 14:00:00
bad9b4d2-4515-438d-a3ec-2a8f90c6df1e,238,2023-11-21 00:00:00,13,11960.0,54,1435.2,0.0,confirmed,2023-11-26 00:00:00,2023-11-20 19:00:00,2023-11-20 19:00:00
6c0cbe0a-7d12-41ca-ad71-ecc636f2785f,332,2023-06-20 00:00:00,5,440.0,63,52.8,0.0,confirmed,2023-08-17 00:00:00,2023-06-19 09:00:00,2023-06-19 09:00:00
cc355a5d-2595-4a3b-9483-ac67053bbdf7,42,2023-07-02 00:00:00,14,3213.0,43,385.56,321.3,cancelled,2023-12-23 00:00:00,2023-07-01 09:00:00,2023-07-11 09:00:00
ec4fc1fc-d0dc-42ed-9cdc-2da55ab3c1be,437,2024-08-09 00:00:00,5,1100.0,70,132.0,0.0,confirmed,2024-08-30 00:00:00,2024-08-08 04:00:00,2024-08-17 04:00:00
6e90e564-2029-4cc5-869c-a882d239238a,51,2023-04-02 00:00:00,10,2310.0,76,277.2,0.0,confirmed,2023-04-20 00:00:00,2023-04-01 18:00:00,2023-04-01 18:00:00
cf6886dc-5f07-4926-8fd4-51cb9925d099,389,2023-07-30 00:00:00,7,1212.75,99,145.53,121.28,cancelled,2023-11-27 00:00:00,2023-07-29 03:00:00,2023-07-29 03:00:00
ccd5f868-c3ff-4dba-b302-63130c796c98,364,2023-12-29 00:00:00,7,924.0,140,110.88,0.0,confirmed,2024-03-10 00:00:00,2023-12-28 15:00:00,2023-12-28 15:00:00
46a60ed4-fd8d-4f01-904a-027425be589e,24,2023-09-25 00:00:00,1,180.0,102,21.6,0.0,confirmed,2023-09-30 00:00:00,2023-09-24 19:00:00,2023-09-24 19:00:00
2b421f6b-88a0-44a5-a985-1993991fe54e,274,2024-03-10 00:00:00,12,1710.0,126,205.2,0.0,confirmed,2024-03-25 00:00:00,2024-03-09 10:00:00,2024-03-09 10:00:00
e72af414-5caf-4bb0-b0a5-e8a82a376334,8,2023-10-10 00:00:00,2,181.5,60,21.78,0.0,confirmed,2023-10-14 00:00:00,2023-10-09 14:00:00,2023-10-09 14:00:00
17878da4-6746-4336-95d3-87610c3713d0,314,2023-10-07 00:00:00,13,2652.0,63,318.24,265.2,cancelled,2023-12-27 00:00:00,2023-10-06 07:00:00,2023-10-06 07:00:00
60d4867b-46bd-49f8-b7a6-5091e533cd79,278,2023-07-22 00:00:00,12,1848.0,61,221.76,0.0,confirmed,2023-09-16 00:00:00,2023-07-21 13:00:00,2023-07-21 13:00:00
4ad72bef-927b-4fb4-bd79-673fc9553cee,362,2023-07-13 00:00:00,12,2046.0,48,245.52,0.0,confirmed,2023-11-23 00:00:00,2023-07-12 09:00:00,2023-07-12 09:00:00
07834e52-d25c-44bd-8f51-371b5b0bd0b9,85,2023-09-09 00:00:00,9,1386.0,101,166.32,138.6,cancelled,2024-01-08 00:00:00,2023-09-08 21:00:00,2023-09-08 21:00:00
40d41d70-4fd6-4f60-85a5-103905889625,202,2023-09-25 00:00:00,1,504.0,59,60.48,0.0,confirmed,2023-10-20 00:00:00,2023-09-24 13:00:00,2023-09-24 13:00:00
715d0380-36bb-4391-a5d1-ffdb73e8879b,140,2024-08-04 00:00:00,1,115.5,44,13.86,0.0,confirmed,2025-01-14 00:00:00,2024-08-03 04:00:00,2024-08-03 04:00:00
bbebedf1-330a-46cf-8022-ec090122f628,284,2024-08-28 00:00:00,7,1232.0,66,147.84,0.0,confirmed,2025-02-03 00:00:00,2024-08-27 11:00:00,2024-08-27 11:00:00
caa369b9-72b8-4a7d-908c-6acd88659aa3,379,2023-11-19 00:00:00,1,110.0,45,13.2,0.0,confirmed,2024-02-10 00:00:00,2023-11-18 23:00:00,2023-11-18 23:00:00
b16af03f-4c33-4dc1-ab37-7e1a340fe892,347,2024-09-26 00:00:00,8,4224.0,129,506.88,0.0,confirmed,2025-02-21 00:00:00,2024-09-25 05:00:00,2024-09-25 05:00:00
a8e2ebf2-cdc3-4dd4-a4cb-edc6f8946cdd,207,2024-06-18 00:00:00,8,912.0,62,109.44,91.2,cancelled,2024-11-25 00:00:00,2024-06-17 23:00:00,2024-06-17 23:00:00
cf071801-46f8-4406-af3d-feadd4247eb0,188,2023-08-28 00:00:00,14,4508.0,90,540.96,450.8,cancelled,2023-10-28 00:00:00,2023-08-27 04:00:00,2023-08-27 04:00:00
40ab234e-565a-4999-94b2-62b8fec8d380,51,2023-05-20 00:00:00,13,3003.0,142,360.36,0.0,confirmed,2023-10-15 00:00:00,2023-05-19 03:00:00,2023-05-19 03:00:00
e78b7b0c-96f1-4e12-84ee-99d3deed4698,377,2024-01-10 00:00:00,12,2079.0,99,249.48,0.0,confirmed,2024-02-29 00:00:00,2024-01-09 04:00:00,2024-01-09 04:00:00
2b704175-8969-4d3f-8767-3c41d01c5f4c,56,2023-11-24 00:00:00,5,1280.0,108,153.6,0.0,confirmed,2024-01-27 00:00:00,2023-11-23 11:00:00,2023-11-23 11:00:00
64c0ad44-60d3-4580-bb89-627cb7436b06,268,2023-10-26 00:00:00,9,1881.0,64,225.72,188.1,cancelled,2024-02-14 00:00:00,2023-10-25 03:00:00,2023-10-25 03:00:00
3b957d90-f2a2-49de-8723-1d596c7dda5c,258,2023-04-10 00:00:00,4,1406.0,116,168.72,0.0,confirmed,2023-09-08 00:00:00,2023-04-09 21:00:00,2023-04-09 21:00:00
0bccef13-0013-4931-ac8a-fc3eba5a3cce,200,2024-01-28 00:00:00,3,915.75,133,109.89,0.0,confirmed,2024-06-29 00:00:00,2024-01-27 09:00:00,2024-01-27 09:00:00
ac92ee20-f98b-4c15-822d-0a6fa29cf34f,230,2023-04-09 00:00:00,13,8372.0,81,1004.64,0.0,confirmed,2023-07-28 00:00:00,2023-04-08 13:00:00,2023-04-08 13:00:00
a0a401ea-237f-4872-b76b-b9b64546255a,209,2023-10-31 00:00:00,11,1497.32,97,179.68,0.0,confirmed,2024-01-16 00:00:00,2023-10-30 11:00:00,2023-10-30 11:00:00
d72d8212-564f-4b29-8d47-d88cede6509e,12,2024-06-23 00:00:00,8,1216.0,72,145.92,0.0,confirmed,2024-07-24 00:00:00,2024-06-22 20:00:00,2024-06-22 20:00:00
316042d1-2204-4f3b-be30-7e9b10e858ec,387,2024-02-18 00:00:00,11,1254.0,114,150.48,0.0,confirmed,2024-04-17 00:00:00,2024-02-17 17:00:00,2024-02-17 17:00:00
b53faf29-0c79-4df9-b1ce-9bfe1f9079fc,438,2023-12-30 00:00:00,14,2310.0,79,277.2,231.0,cancelled,2024-04-26 00:00:00,2023-12-29 12:00:00,2023-12-29 12:00:00
7f17be23-bed5-49f2-98de-ea956d9730a4,303,2023-12-13 00:00:00,14,2128.0,71,255.36,212.8,cancelled,2024-05-21 00:00:00,2023-12-12 03:00:00,2023-12-12 03:00:00
4f568030-d13b-4206-82c9-1e82d707d4b4,74,2024-06-21 00:00:00,13,1716.0,58,205.92,171.6,cancelled,2024-09-30 00:00:00,2024-06-20 00:00:00,2024-06-20 00:00:00
791e3fbf-1ff6-431d-bc04-b57b92dc3a03,329,2023-12-02 00:00:00,4,875.0,57,105.0,0.0,confirmed,2023-12-22 00:00:00,2023-12-01 18:00:00,2023-12-01 18:00:00
6ad9dab6-f879-4ed9-9d5f-8f0b45abad2b,99,2023-11-05 00:00:00,1,140.25,118,16.83,14.03,cancelled,2024-04-30 00:00:00,2023-11-04 23:00:00,2023-11-04 23:00:00
331e8bcd-4045-4ea1-ac5e-fedc26a78d3c,258,2023-11-04 00:00:00,4,1406.0,90,168.72,140.6,cancelled,2024-04-26 00:00:00,2023-11-03 15:00:00,2023-11-03 15:00:00
07e50b85-577a-49f7-a6aa-e999c83c08cd,203,2023-12-11 00:00:00,5,595.0,58,71.4,0.0,confirmed,2024-03-15 00:00:00,2023-12-10 08:00:00,2023-12-10 08:00:00
13e79843-431e-4e51-96dd-98d7fa71d546,242,2024-01-31 00:00:00,4,704.0,138,84.48,0.0,confirmed,2024-05-24 00:00:00,2024-01-30 13:00:00,2024-02-08 13:00:00
59f671da-8816-4016-a626-22ff309d17da,294,2024-04-22 00:00:00,7,1030.75,102,123.69,103.08,cancelled,2024-09-16 00:00:00,2024-04-21 17:00:00,2024-04-21 17:00:00
a6ddbd4f-c2a8-43ce-8b55-16ff746a170c,255,2023-09-06 00:00:00,13,2574.0,40,308.88,0.0,confirmed,2023-11-09 00:00:00,2023-09-05 11:00:00,2023-09-05 11:00:00
fc7331fe-cd10-45b8-b0c3-e3ea6a430b50,449,2023-06-10 00:00:00,10,2475.0,76,297.0,0.0,confirmed,2023-10-05 00:00:00,2023-06-09 02:00:00,2023-06-09 02:00:00
f136af07-1c81-4456-aba2-6314499baace,106,2023-08-08 00:00:00,10,742.5,145,89.1,0.0,confirmed,2023-11-30 00:00:00,2023-08-07 04:00:00,2023-08-07 04:00:00
efec0b10-3a99-45a9-8e34-b2182b1c4fb7,296,2023-08-18 00:00:00,9,643.5,118,77.22,0.0,confirmed,2023-10-05 00:00:00,2023-08-17 00:00:00,2023-08-24 00:00:00
c5d85096-5d8b-4e33-b58c-370f9afa5bbc,339,2023-11-10 00:00:00,12,1176.0,148,141.12,0.0,confirmed,2024-01-07 00:00:00,2023-11-09 08:00:00,2023-11-09 08:00:00
69518eae-3f6a-46d6-88ca-db079bd16bc4,368,2024-02-03 00:00:00,7,1120.0,77,134.4,0.0,confirmed,2024-06-01 00:00:00,2024-02-02 01:00:00,2024-02-02 01:00:00
812781d9-af84-4adb-9420-892fb56d210b,273,2023-06-29 00:00:00,4,360.0,139,43.2,0.0,confirmed,2023-08-14 00:00:00,2023-06-28 07:00:00,2023-06-28 07:00:00
7cc8852d-80e9-49e4-bd6b-acd10b48328c,240,2024-06-24 00:00:00,3,1056.0,138,126.72,105.6,cancelled,2024-12-03 00:00:00,2024-06-23 12:00:00,2024-06-23 12:00:00
e517e015-39c7-4dca-b373-d92c9899b557,389,2023-07-10 00:00:00,9,1559.25,131,187.11,0.0,confirmed,2023-12-03 00:00:00,2023-07-09 10:00:00,2023-07-09 10:00:00
fdef37fe-a3b0-4059-8c6f-1e9827a770bc,124,2023-09-08 00:00:00,3,408.0,119,48.96,0.0,confirmed,2023-09-13 00:00:00,2023-09-07 15:00:00,2023-09-07 15:00:00
19693182-5288-4696-b005-46ac48959da1,38,2023-10-15 00:00:00,1,330.0,42,39.6,0.0,confirmed,2024-03-12 00:00:00,2023-10-14 15:00:00,2023-10-14 15:00:00
b556c978-2dee-47a1-9a26-affca255779f,181,2023-03-28 00:00:00,6,2184.0,94,262.08,0.0,confirmed,2023-05-15 00:00:00,2023-03-27 10:00:00,2023-03-27 10:00:00
ace807fc-63e3-426f-9163-eca7af359f2a,213,2024-03-06 00:00:00,5,385.0,121,46.2,0.0,confirmed,2024-07-28 00:00:00,2024-03-05 13:00:00,2024-03-05 13:00:00
27577390-0183-4d93-b4a1-86f50465cd78,326,2023-11-12 00:00:00,11,907.5,95,108.9,0.0,confirmed,2023-12-30 00:00:00,2023-11-11 16:00:00,2023-11-11 16:00:00
321ccc0a-db6d-47f2-8823-59c46e0f32c2,500,2023-08-24 00:00:00,3,1207.5,60,144.9,120.75,cancelled,2023-11-11 00:00:00,2023-08-23 04:00:00,2023-08-23 04:00:00
75c2f821-3e02-48c0-89b4-cc793affc0b9,416,2024-03-06 00:00:00,5,385.0,133,46.2,0.0,confirmed,2024-07-09 00:00:00,2024-03-05 00:00:00,2024-03-05 00:00:00
a3f8c370-8ba0-432d-9e83-f7266daaf833,487,2023-11-01 00:00:00,12,891.0,120,106.92,0.0,confirmed,2024-01-16 00:00:00,2023-10-31 22:00:00,2023-10-31 22:00:00
9cd36c83-a299-4c5a-a5ad-bd981329e070,316,2023-09-28 00:00:00,8,2400.0,146,288.0,240.0,cancelled,2024-01-10 00:00:00,2023-09-27 02:00:00,2023-09-27 02:00:00
0d86a10f-72cc-4efc-b794-5fb4d5e4fbb6,477,2023-11-08 00:00:00,12,825.0,60,99.0,82.5,cancelled,2024-03-25 00:00:00,2023-11-07 07:00:00,2023-11-07 07:00:00
f88a1d18-08fc-4439-b8b2-402f733b7943,274,2024-02-02 00:00:00,4,570.0,60,68.4,0.0,confirmed,2024-05-03 00:00:00,2024-02-01 07:00:00,2024-02-01 07:00:00
6694c22a-375a-4df8-b45f-8333cc34c111,98,2024-02-19 00:00:00,1,184.5,42,22.14,0.0,confirmed,2024-07-13 00:00:00,2024-02-18 13:00:00,2024-02-27 13:00:00
7926949f-c712-456e-85de-a5712b205ec3,378,2023-11-25 00:00:00,12,2688.0,147,322.56,0.0,confirmed,2024-02-03 00:00:00,2023-11-24 17:00:00,2023-11-30 17:00:00
f2d8494c-5b50-426b-83c6-144a9b34b058,315,2024-03-08 00:00:00,13,8112.0,53,973.44,811.2,cancelled,2024-05-09 00:00:00,2024-03-07 22:00:00,2024-03-07 22:00:00
742bb1eb-bbdd-4ae5-a487-ad41f481fa07,212,2024-03-07 00:00:00,13,697.06,135,83.65,0.0,confirmed,2024-07-24 00:00:00,2024-03-06 16:00:00,2024-03-06 16:00:00
3bf065c8-ae28-4aa3-9ed9-313587585a14,240,2024-06-25 00:00:00,3,1056.0,58,126.72,0.0,confirmed,2024-08-15 00:00:00,2024-06-24 09:00:00,2024-06-24 09:00:00
1b5b7a17-986e-4421-ab34-39ce37a11a53,171,2023-08-01 00:00:00,11,605.0,66,72.6,60.5,cancelled,2023-08-05 00:00:00,2023-07-31 13:00:00,2023-07-31 13:00:00
7b105ff4-f629-4b81-8e99-02c570bc5b27,438,2023-07-28 00:00:00,11,1815.0,131,217.8,0.0,confirmed,2023-11-13 00:00:00,2023-07-27 07:00:00,2023-07-27 07:00:00
693979a4-ef87-4a3f-a113-bfac2b42a271,469,2023-08-05 00:00:00,4,418.0,132,50.16,0.0,confirmed,2023-11-27 00:00:00,2023-08-04 22:00:00,2023-08-04 22:00:00
7911c59d-0084-403c-9f2b-023d42b606d6,422,2024-05-19 00:00:00,7,1606.5,110,192.78,0.0,confirmed,2024-08-22 00:00:00,2024-05-18 05:00:00,2024-05-18 05:00:00
ba576be6-11b0-4eca-b98c-b66573ac6ebb,50,2024-02-17 00:00:00,9,1890.0,45,226.8,189.0,cancelled,2024-06-15 00:00:00,2024-02-16 02:00:00,2024-02-16 02:00:00
fdca6e84-f750-4966-8538-c8066123643b,323,2024-01-12 00:00:00,2,330.0,94,39.6,0.0,confirmed,2024-04-03 00:00:00,2024-01-11 09:00:00,2024-01-11 09:00:00
e2e4cfcf-ffd1-4660-a5af-4bb966d10345,329,2023-05-31 00:00:00,14,3062.5,99,367.5,306.25,cancelled,2023-09-18 00:00:00,2023-05-30 02:00:00,2023-06-09 02:00:00
9354f155-519f-4097-8339-746419b2a980,114,2023-09-05 00:00:00,6,990.0,107,118.8,0.0,confirmed,2023-10-27 00:00:00,2023-09-04 14:00:00,2023-09-04 14:00:00
04f66851-2d48-4030-bcf6-8a2dd712afbb,364,2023-12-03 00:00:00,8,1056.0,87,126.72,0.0,confirmed,2024-04-29 00:00:00,2023-12-02 22:00:00,2023-12-02 22:00:00
a6b36e9c-3bac-405c-acb2-1ec5000b4767,93,2024-06-02 00:00:00,14,2327.5,52,279.3,232.75,cancelled,2024-11-20 00:00:00,2024-06-01 16:00:00,2024-06-01 16:00:00
6286c9a5-db3a-4a98-8254-20d92042a924,80,2024-01-07 00:00:00,2,780.0,49,93.6,0.0,confirmed,2024-02-12 00:00:00,2024-01-06 22:00:00,2024-01-06 22:00:00
b0e442b0-ec7d-434b-bbe8-68a6d7fcc68f,298,2023-06-23 00:00:00,9,2898.0,141,347.76,0.0,confirmed,2023-08-09 00:00:00,2023-06-22 19:00:00,2023-06-22 19:00:00
a483cb23-96de-4244-8cab-641fc6187548,447,2023-08-05 00:00:00,5,1530.0,124,183.6,0.0,confirmed,2024-01-07 00:00:00,2023-08-04 09:00:00,2023-08-04 09:00:00
c39d68c4-44ac-492b-83fd-5e253d39baea,382,2024-06-25 00:00:00,7,1771.0,77,212.52,0.0,confirmed,2024-09-03 00:00:00,2024-06-24 10:00:00,2024-06-24 10:00:00
f14d6579-7818-4478-8508-4fa14b816cd2,133,2023-09-26 00:00:00,8,3432.0,51,411.84,0.0,confirmed,2023-12-29 00:00:00,2023-09-25 11:00:00,2023-09-25 11:00:00
980d2b28-97fb-4f72-9a53-cbaee620b59e,442,2024-04-24 00:00:00,14,3696.0,122,443.52,0.0,confirmed,2024-06-28 00:00:00,2024-04-23 04:00:00,2024-04-23 04:00:00
f7e1b0bc-5032-4c0b-8610-0de212182def,154,2024-01-25 00:00:00,14,1540.0,56,184.8,0.0,confirmed,2024-07-09 00:00:00,2024-01-24 15:00:00,2024-01-24 15:00:00
be6c39f6-4e29-48a7-a5cd-a8e371af660b,16,2023-06-23 00:00:00,5,1710.0,137,205.2,0.0,confirmed,2023-08-12 00:00:00,2023-06-22 09:00:00,2023-06-22 09:00:00
01a5379e-9abb-409d-bf10-a5a322be4c55,469,2023-12-05 00:00:00,13,1358.5,42,163.02,0.0,confirmed,2024-05-03 00:00:00,2023-12-04 00:00:00,2023-12-07 00:00:00
e6752791-f156-428c-bf74-bb742f71fde3,236,2023-04-17 00:00:00,5,2730.0,93,327.6,0.0,confirmed,2023-07-01 00:00:00,2023-04-16 01:00:00,2023-04-16 01:00:00
b70570dd-a8e8-408b-97c6-aa68c2bb180f,168,2023-12-31 00:00:00,14,4200.0,137,504.0,0.0,confirmed,2024-01-06 00:00:00,2023-12-30 21:00:00,2024-01-05 21:00:00
55513e3a-c4dd-4eee-b430-401c0d7489dc,80,2024-03-08 00:00:00,4,1560.0,102,187.2,0.0,confirmed,2024-06-17 00:00:00,2024-03-07 21:00:00,2024-03-07 21:00:00
e71ca687-d35c-45e9-9014-ada2ccf8fda1,370,2023-12-05 00:00:00,7,1296.75,129,155.61,129.68,cancelled,2024-02-14 00:00:00,2023-12-04 20:00:00,2023-12-04 20:00:00
d3e2730f-779a-4f31-a4f9-5386ed01cbc7,414,2023-10-07 00:00:00,6,594.0,56,71.28,59.4,cancelled,2024-01-06 00:00:00,2023-10-06 12:00:00,2023-10-06 12:00:00
142ec67a-e523-41e2-a51b-bfbffec68da9,371,2023-04-19 00:00:00,5,560.0,69,67.2,0.0,confirmed,2023-04-24 00:00:00,2023-04-18 09:00:00,2023-04-18 09:00:00
c14841b3-821a-482d-b5a0-bbfad73bb77f,216,2024-02-27 00:00:00,4,832.0,81,99.84,0.0,confirmed,2024-07-03 00:00:00,2024-02-26 00:00:00,2024-02-26 00:00:00
55973b91-eedd-4a75-9f73-c6b029a5a223,125,2023-11-21 00:00:00,4,896.0,92,107.52,0.0,confirmed,2023-12-31 00:00:00,2023-11-20 22:00:00,2023-11-20 22:00:00
708b442a-514b-4d32-b2a1-790502b31e82,74,2024-07-06 00:00:00,12,1584.0,55,190.08,0.0,confirmed,2024-12-17 00:00:00,2024-07-05 09:00:00,2024-07-07 09:00:00
753c7551-e75f-40f5-ad4e-00899f063252,276,2024-03-18 00:00:00,9,1282.5,76,153.9,0.0,confirmed,2024-07-26 00:00:00,2024-03-17 05:00:00,2024-03-17 05:00:00
6ca6b863-207e-4682-b6ec-cb2041192d9c,286,2023-08-02 00:00:00,6,1138.5,111,136.62,0.0,confirmed,2023-08-27 00:00:00,2023-08-01 23:00:00,2023-08-01 23:00:00
95a2ffb3-7679-402c-93a6-c949a70b73c1,427,2023-02-23 00:00:00,13,988.0,118,118.56,0.0,confirmed,2023-04-22 00:00:00,2023-02-22 17:00:00,2023-02-22 17:00:00
bb9a5008-2e9b-4d9f-9f7d-812023f045a4,471,2024-03-25 00:00:00,8,4216.0,115,505.92,421.6,cancelled,2024-07-04 00:00:00,2024-03-24 08:00:00,2024-03-24 08:00:00
06de47c4-11af-464d-9678-54090697d98b,276,2023-09-24 00:00:00,3,427.5,105,51.3,0.0,confirmed,2023-12-04 00:00:00,2023-09-23 00:00:00,2023-09-23 00:00:00
bbc534cc-c2af-45ee-a487-5b84863e58dd,386,2024-01-19 00:00:00,14,1130.5,62,135.66,0.0,confirmed,2024-03-01 00:00:00,2024-01-18 19:00:00,2024-01-18 19:00:00
7c5f359d-3217-46dd-b40a-2c7720cfcf1e,172,2023-12-26 00:00:00,4,396.0,60,47.52,39.6,cancelled,2024-06-18 00:00:00,2023-12-25 21:00:00,2023-12-25 21:00:00
e5b2fae3-baa3-4ef4-bfcd-19bdac636f18,331,2023-09-07 00:00:00,7,595.0,85,71.4,0.0,confirmed,2023-11-07 00:00:00,2023-09-06 03:00:00,2023-09-06 03:00:00
73fa5efb-b055-4431-bac5-f7dbc7b68d5e,96,2024-01-01 00:00:00,5,560.0,45,67.2,56.0,cancelled,2024-04-19 00:00:00,2023-12-31 15:00:00,2024-01-04 15:00:00
f56330c4-49b8-437c-8734-5df9c4d2883b,372,2024-04-15 00:00:00,13,1144.0,46,137.28,0.0,confirmed,2024-06-12 00:00:00,2024-04-14 17:00:00,2024-04-14 17:00:00
1853125b-2edf-43f2-8829-801a6f1cfceb,221,2023-05-29 00:00:00,12,2880.0,75,345.6,0.0,confirmed,2023-06-30 00:00:00,2023-05-28 06:00:00,2023-05-28 06:00:00
2326d5c9-5c0d-47c0-a34c-1bdfc092d494,461,2023-06-30 00:00:00,2,1280.0,74,153.6,128.0,cancelled,2023-09-23 00:00:00,2023-06-29 13:00:00,2023-06-29 13:00:00
54b6ef97-9d21-4dca-a679-54c36d5ecda3,34,2024-08-26 00:00:00,9,2052.0,95,246.24,0.0,confirmed,2025-01-26 00:00:00,2024-08-25 12:00:00,2024-08-25 12:00:00
9073c963-b7d8-472c-a530-20c0775039a9,149,2023-08-17 00:00:00,13,6656.0,143,798.72,0.0,confirmed,2023-09-23 00:00:00,2023-08-16 12:00:00,2023-08-16 12:00:00
71e385eb-2313-418f-9856-2e66e5a95ae9,24,2023-09-24 00:00:00,4,720.0,69,86.4,72.0,cancelled,2024-03-01 00:00:00,2023-09-23 17:00:00,2023-09-23 17:00:00
c63a104e-8ed9-4c74-b090-8fa2d5f89815,196,2023-10-22 00:00:00,11,2087.25,150,250.47,0.0,confirmed,2024-03-23 00:00:00,2023-10-21 13:00:00,2023-10-21 13:00:00
2979de36-b06c-4802-8dc9-fa7ed802a5cc,7,2024-01-06 00:00:00,5,1650.0,81,198.0,0.0,confirmed,2024-04-24 00:00:00,2024-01-05 22:00:00,2024-01-05 22:00:00
90127880-123d-4adb-a20a-52dc2d6a4ef6,353,2024-09-04 00:00:00,8,748.0,141,89.76,0.0,confirmed,2024-12-20 00:00:00,2024-09-03 15:00:00,2024-09-03 15:00:00
39542067-45fb-466f-ae63-d5686246844c,302,2024-02-06 00:00:00,4,484.0,52,58.08,48.4,cancelled,2024-07-14 00:00:00,2024-02-05 16:00:00,2024-02-05 16:00:00
1b5700ad-bff4-413f-90c4-b8d385a06eac,437,2024-01-02 00:00:00,14,3080.0,118,369.6,308.0,cancelled,2024-03-29 00:00:00,2024-01-01 05:00:00,2024-01-01 05:00:00
cacd577f-e6a7-4f12-aa26-76bd184d8bcd,299,2023-10-13 00:00:00,8,660.0,45,79.2,66.0,cancelled,2024-02-26 00:00:00,2023-10-12 19:00:00,2023-10-12 19:00:00
40c6bfb6-4e79-4c02-a3a6-9fc653042ea2,393,2024-09-08 00:00:00,8,1840.0,130,220.8,184.0,cancelled,2025-02-19 00:00:00,2024-09-07 01:00:00,2024-09-07 01:00:00
ad71a543-72b6-49d2-b4e6-b61e1a59f00c,213,2024-03-24 00:00:00,7,539.0,63,64.68,0.0,confirmed,2024-04-08 00:00:00,2024-03-23 16:00:00,2024-03-30 16:00:00
f075e332-af34-4a04-b375-9b7f4acd83b8,159,2023-03-19 00:00:00,5,800.0,117,96.0,0.0,confirmed,2023-07-18 00:00:00,2023-03-18 02:00:00,2023-03-18 02:00:00
9bb4b6a4-ee7b-4ee4-831e-064ea511db9e,207,2024-04-09 00:00:00,14,1596.0,52,191.52,0.0,confirmed,2024-08-26 00:00:00,2024-04-08 16:00:00,2024-04-13 16:00:00
b8dc0184-224f-4939-bfe5-70e17b4c6238,188,2023-10-19 00:00:00,1,322.0,69,38.64,0.0,confirmed,2024-01-08 00:00:00,2023-10-18 01:00:00,2023-10-27 01:00:00
1e363374-8089-4900-8bad-b582b3436166,247,2023-09-17 00:00:00,12,969.0,129,116.28,0.0,confirmed,2024-02-09 00:00:00,2023-09-16 19:00:00,2023-09-16 19:00:00
30c216f3-cdf3-491b-9d74-4de53b4c1d2a,208,2023-11-12 00:00:00,12,4788.0,51,574.56,478.8,cancelled,2024-02-27 00:00:00,2023-11-11 08:00:00,2023-11-11 08:00:00
8de12fa2-9946-4753-9132-31e2009d95ff,8,2023-08-21 00:00:00,4,363.0,74,43.56,36.3,cancelled,2023-10-31 00:00:00,2023-08-20 23:00:00,2023-08-20 23:00:00
5caabc73-f118-4166-b233-b0fee730f040,339,2023-09-27 00:00:00,14,1372.0,80,164.64,0.0,confirmed,2023-11-11 00:00:00,2023-09-26 08:00:00,2023-09-26 08:00:00
664a49c8-13c7-4a2d-9e6a-313d2974b56c,277,2023-08-11 00:00:00,1,238.0,88,28.56,0.0,confirmed,2023-10-24 00:00:00,2023-08-10 17:00:00,2023-08-18 17:00:00
807b38b7-85cc-41cb-8e1c-8aa977b48bb2,490,2024-09-18 00:00:00,9,2052.0,105,246.24,0.0,confirmed,2024-11-03 00:00:00,2024-09-17 01:00:00,2024-09-17 01:00:00
debc476e-d275-4e4e-ac08-42e5d5dde2ca,117,2023-07-02 00:00:00,10,1600.0,75,192.0,0.0,confirmed,2023-10-18 00:00:00,2023-07-01 18:00:00,2023-07-01 18:00:00
e15f44b0-307f-451a-8d24-4c675dc29725,204,2023-11-16 00:00:00,11,3135.0,135,376.2,0.0,confirmed,2024-02-09 00:00:00,2023-11-15 16:00:00,2023-11-15 16:00:00
1126e11f-bfab-402c-a241-53f8b30b12e6,360,2023-12-30 00:00:00,14,931.0,132,111.72,0.0,confirmed,2024-03-22 00:00:00,2023-12-29 16:00:00,2023-12-29 16:00:00
31651f52-11b8-497c-a32c-d1d6ebcb67dd,422,2024-05-29 00:00:00,13,2983.5,130,358.02,0.0,confirmed,2024-09-14 00:00:00,2024-05-28 02:00:00,2024-05-28 02:00:00
a2d533ce-6a20-4cd6-aad2-93b87d7c3a5b,487,2024-01-15 00:00:00,3,222.75,79,26.73,0.0,confirmed,2024-02-06 00:00:00,2024-01-14 04:00:00,2024-01-17 04:00:00
68f6a8ae-bf88-460c-9d66-0b56835e70d2,81,2023-10-10 00:00:00,9,1287.0,74,154.44,128.7,cancelled,2024-04-06 00:00:00,2023-10-09 13:00:00,2023-10-09 13:00:00
614c4b94-bde4-48b3-9648-16eca150ef0b,72,2023-06-15 00:00:00,13,3510.0,130,421.2,0.0,confirmed,2023-11-24 00:00:00,2023-06-14 21:00:00,2023-06-14 21:00:00
9639ed94-a65a-47ff-8b72-2c5f5c9535f6,333,2024-03-03 00:00:00,1,322.0,94,38.64,0.0,confirmed,2024-03-11 00:00:00,2024-03-02 04:00:00,2024-03-02 04:00:00
3e94a396-a259-40e5-9a7d-81749576c1de,113,2023-05-28 00:00:00,7,1127.0,124,135.24,0.0,confirmed,2023-08-07 00:00:00,2023-05-27 22:00:00,2023-05-27 22:00:00
da74d826-c1b0-4343-90be-c8ff6ae5203d,228,2023-12-09 00:00:00,4,924.0,129,110.88,92.4,cancelled,2024-04-15 00:00:00,2023-12-08 02:00:00,2023-12-08 02:00:00
570ac7c1-8c92-4492-8008-8619a60ed9cd,491,2023-11-05 00:00:00,9,2142.0,56,257.04,0.0,confirmed,2024-03-28 00:00:00,2023-11-04 16:00:00,2023-11-04 16:00:00
722b3d79-09a3-447c-af67-feead5abd35c,184,2023-04-15 00:00:00,12,3162.0,118,379.44,0.0,confirmed,2023-09-23 00:00:00,2023-04-14 05:00:00,2023-04-14 05:00:00
5ac8278b-3821-4453-b568-b40353e0ae1d,391,2023-11-09 00:00:00,9,1080.0,150,129.6,0.0,confirmed,2024-04-06 00:00:00,2023-11-08 10:00:00,2023-11-17 10:00:00
82e596d4-96cd-4f89-8917-919532ed66e3,148,2023-10-26 00:00:00,5,852.5,96,102.3,0.0,confirmed,2024-03-18 00:00:00,2023-10-25 09:00:00,2023-10-25 09:00:00
a2dc8fe9-cf82-4845-81da-5be82c640cda,450,2023-05-17 00:00:00,5,660.0,59,79.2,0.0,confirmed,2023-11-10 00:00:00,2023-05-16 19:00:00,2023-05-16 19:00:00
80d70510-04ee-4e65-a667-10a877bf5f38,60,2023-09-23 00:00:00,2,264.0,121,31.68,0.0,confirmed,2024-02-20 00:00:00,2023-09-22 11:00:00,2023-09-22 11:00:00
d8404368-aeba-4e89-bdff-c84bc3d1b8c3,327,2023-11-01 00:00:00,11,6138.0,105,736.56,0.0,confirmed,2024-04-20 00:00:00,2023-10-31 23:00:00,2023-11-08 23:00:00
22ba0206-c7b5-41a7-ae5d-bc61f784299e,339,2024-01-05 00:00:00,11,1078.0,113,129.36,0.0,confirmed,2024-06-08 00:00:00,2024-01-04 02:00:00,2024-01-04 02:00:00
58d3b371-4152-4395-8188-319aa2f09c2a,23,2024-03-28 00:00:00,1,119.0,106,14.28,0.0,confirmed,2024-07-27 00:00:00,2024-03-27 09:00:00,2024-03-27 09:00:00
1b00a54a-18bc-41c7-9cf2-db8cf2e0d326,370,2023-12-06 00:00:00,7,1296.75,135,155.61,0.0,confirmed,2024-04-13 00:00:00,2023-12-05 17:00:00,2023-12-05 17:00:00
1a6cb4eb-86e4-49d2-9ae5-7848885b529d,9,2023-10-13 00:00:00,13,1001.0,53,120.12,0.0,confirmed,2024-03-04 00:00:00,2023-10-12 01:00:00,2023-10-12 01:00:00
24410e7e-48fa-42e7-94cf-a2c47c3f9537,138,2024-04-17 00:00:00,6,767.28,90,92.07,0.0,confirmed,2024-06-14 00:00:00,2024-04-16 20:00:00,2024-04-17 20:00:00
0eb80ad0-ee60-488f-8ccf-c3f507a14f5f,147,2023-09-18 00:00:00,6,627.0,100,75.24,62.7,cancelled,2024-03-02 00:00:00,2023-09-17 14:00:00,2023-09-17 14:00:00
f4c41951-c921-407b-971f-b167258db53f,89,2023-10-23 00:00:00,8,684.0,92,82.08,0.0,confirmed,2023-12-21 00:00:00,2023-10-22 14:00:00,2023-10-22 14:00:00
8b73fd34-c4a4-4c07-b663-aca773ec26d4,394,2023-07-29 00:00:00,3,173.25,52,20.79,0.0,confirmed,2023-08-20 00:00:00,2023-07-28 01:00:00,2023-08-01 01:00:00
32878c54-96b9-4747-a010-24966af3c6cc,286,2023-08-23 00:00:00,2,379.5,115,45.54,0.0,confirmed,2023-11-14 00:00:00,2023-08-22 07:00:00,2023-08-22 07:00:00
8ba5a80c-3cdc-4c64-8d25-405750845660,210,2024-05-23 00:00:00,7,885.5,92,106.26,0.0,confirmed,2024-08-01 00:00:00,2024-05-22 16:00:00,2024-05-22 16:00:00
2913af11-cc40-4ace-8a26-b1abb9fd2713,158,2023-10-29 00:00:00,13,2645.5,110,317.46,0.0,confirmed,2024-03-09 00:00:00,2023-10-28 05:00:00,2023-10-28 05:00:00
ecb0e7f5-4afc-4afb-9a54-99200d5015c0,222,2023-08-19 00:00:00,14,3220.0,50,386.4,322.0,cancelled,2023-11-15 00:00:00,2023-08-18 12:00:00,2023-08-18 12:00:00
5760ff6a-cb9d-4aa4-a9d8-fabf736215a4,327,2024-02-13 00:00:00,7,3906.0,66,468.72,0.0,confirmed,2024-07-28 00:00:00,2024-02-12 11:00:00,2024-02-12 11:00:00
8e9c3c18-7503-423d-93c2-4f56c8201aca,316,2023-10-21 00:00:00,1,300.0,40,36.0,0.0,confirmed,2023-12-10 00:00:00,2023-10-20 07:00:00,2023-10-20 07:00:00
381ed21c-7730-4ed5-bf06-afb09441bd5b,271,2024-01-05 00:00:00,4,896.0,137,107.52,89.6,cancelled,2024-06-01 00:00:00,2024-01-04 05:00:00,2024-01-04 05:00:00
aa6a9de4-1c84-4c31-979b-aa3b5a9219e0,58,2023-06-20 00:00:00,4,868.0,144,104.16,86.8,cancelled,2023-10-14 00:00:00,2023-06-19 13:00:00,2023-06-19 13:00:00
0ea0425a-aeee-473e-a2b0-3240ab302ed1,290,2023-04-09 00:00:00,13,1820.0,108,218.4,182.0,cancelled,2023-07-08 00:00:00,2023-04-08 16:00:00,2023-04-08 16:00:00
a724d8c6-3ece-4fc8-84ae-6ccbb97c7ef5,489,2024-04-27 00:00:00,4,286.0,97,34.32,0.0,confirmed,2024-07-22 00:00:00,2024-04-26 04:00:00,2024-04-27 04:00:00
eba8c2a3-b617-454b-8383-8c1372f16111,418,2024-04-06 00:00:00,9,2700.0,106,324.0,270.0,cancelled,2024-08-13 00:00:00,2024-04-05 04:00:00,2024-04-05 04:00:00
faa42822-e436-45bf-b300-9ade5a9ffc1a,25,2023-08-13 00:00:00,4,214.48,46,25.74,0.0,confirmed,2024-01-01 00:00:00,2023-08-12 00:00:00,2023-08-12 00:00:00
03e35135-6628-4df8-bfb3-e041f299b83b,85,2023-09-11 00:00:00,4,616.0,146,73.92,61.6,cancelled,2024-02-28 00:00:00,2023-09-10 09:00:00,2023-09-10 09:00:00
629f419c-e655-41f8-9e2f-937a5bbc08eb,43,2024-01-06 00:00:00,2,132.0,114,15.84,0.0,confirmed,2024-06-16 00:00:00,2024-01-05 00:00:00,2024-01-14 00:00:00
ef913754-d85b-4adb-a51c-f7629c5cb727,60,2023-11-11 00:00:00,12,1584.0,55,190.08,0.0,confirmed,2024-05-08 00:00:00,2023-11-10 01:00:00,2023-11-10 01:00:00
08a09650-ab03-4257-86dc-395a8e763052,430,2023-07-22 00:00:00,8,1472.0,125,176.64,147.2,cancelled,2023-11-17 00:00:00,2023-07-21 21:00:00,2023-07-21 21:00:00
fb52383b-330f-4f15-b042-51c9cca991a7,243,2024-03-24 00:00:00,14,1232.0,150,147.84,0.0,confirmed,2024-07-30 00:00:00,2024-03-23 17:00:00,2024-03-23 17:00:00
0ef592b0-b34a-485e-9085-3824e9ee1de0,314,2023-05-13 00:00:00,11,2244.0,147,269.28,0.0,confirmed,2023-07-24 00:00:00,2023-05-12 09:00:00,2023-05-18 09:00:00
4be87911-2dac-41b0-b2fd-b07a103c7f92,395,2024-06-07 00:00:00,3,1680.0,100,201.6,0.0,confirmed,2024-09-02 00:00:00,2024-06-06 10:00:00,2024-06-06 10:00:00
bb09f524-f7e4-4b92-a611-4ff13ff7ca11,282,2023-06-28 00:00:00,5,1840.0,55,220.8,0.0,confirmed,2023-08-01 00:00:00,2023-06-27 03:00:00,2023-07-03 03:00:00
04a6e8bd-6a1c-4f05-84d1-66fc9dfd3853,397,2024-06-15 00:00:00,7,1328.25,41,159.39,0.0,confirmed,2024-09-05 00:00:00,2024-06-14 00:00:00,2024-06-14 00:00:00
93024fbf-70d2-4e6b-be78-decbcf952ac3,41,2023-06-29 00:00:00,7,565.25,81,67.83,0.0,confirmed,2023-11-29 00:00:00,2023-06-28 16:00:00,2023-06-28 16:00:00
138e0c6a-052a-4454-a9ec-a132b7a041c9,242,2024-01-12 00:00:00,2,352.0,76,42.24,0.0,confirmed,2024-03-14 00:00:00,2024-01-11 11:00:00,2024-01-11 11:00:00
bc79b213-ad6e-4ea5-a6ba-5f6a12473d81,238,2024-01-29 00:00:00,1,920.0,125,110.4,0.0,confirmed,2024-03-31 00:00:00,2024-01-28 17:00:00,2024-01-28 17:00:00
9d380fd1-0586-49d1-a22d-ceeef2c1617a,183,2023-10-30 00:00:00,3,273.0,55,32.76,27.3,cancelled,2024-02-06 00:00:00,2023-10-29 03:00:00,2023-10-29 03:00:00
5db6a4ca-0ad8-4912-8705-8c8637fc7e83,309,2023-10-05 00:00:00,10,1567.5,74,188.1,0.0,confirmed,2023-11-03 00:00:00,2023-10-04 15:00:00,2023-10-04 15:00:00
de28173a-e22e-4d49-9269-28210eb1474a,427,2023-05-16 00:00:00,12,912.0,81,109.44,0.0,confirmed,2023-06-29 00:00:00,2023-05-15 11:00:00,2023-05-15 11:00:00
ccb9dbe6-4e03-43d5-aac8-7d2a7aa5ae9a,354,2023-12-01 00:00:00,8,3920.0,142,470.4,0.0,confirmed,2024-05-19 00:00:00,2023-11-30 18:00:00,2023-11-30 18:00:00
73ae5bff-13e5-4bd4-8727-b9f1e03c01a7,348,2023-08-26 00:00:00,6,330.0,131,39.6,33.0,cancelled,2024-02-10 00:00:00,2023-08-25 23:00:00,2023-08-25 23:00:00
3ea24e70-225b-4322-8def-c6438048c358,395,2023-12-14 00:00:00,9,5040.0,48,604.8,0.0,confirmed,2024-03-10 00:00:00,2023-12-13 22:00:00,2023-12-13 22:00:00
4dca08db-c34e-40c3-bc5d-73e5ea5b599c,473,2024-01-03 00:00:00,8,2280.0,144,273.6,228.0,cancelled,2024-06-29 00:00:00,2024-01-02 22:00:00,2024-01-02 22:00:00
28eba0d3-7298-4356-92e7-34577977dd06,389,2023-11-02 00:00:00,3,519.75,89,62.37,0.0,confirmed,2023-11-20 00:00:00,2023-11-01 12:00:00,2023-11-01 12:00:00
b6012ebb-ebea-4cf1-9e91-a64835a61657,184,2023-12-12 00:00:00,10,2635.0,119,316.2,0.0,confirmed,2024-03-20 00:00:00,2023-12-11 04:00:00,2023-12-11 04:00:00
a568393c-b056-494b-a30d-625292aca95f,335,2024-02-13 00:00:00,4,646.0,109,77.52,0.0,confirmed,2024-05-22 00:00:00,2024-02-12 13:00:00,2024-02-12 13:00:00
495af162-a396-4ac5-9b9f-2d8b6ff29f3e,176,2024-09-21 00:00:00,2,330.0,97,39.6,0.0,confirmed,2024-11-26 00:00:00,2024-09-20 23:00:00,2024-09-20 23:00:00
9dc37c18-a60f-4ad5-9cd9-339603a27299,80,2024-01-04 00:00:00,12,4680.0,61,561.6,0.0,confirmed,2024-03-19 00:00:00,2024-01-03 07:00:00,2024-01-03 07:00:00
51934764-43d6-4a68-8a90-dc272be5d619,38,2023-08-06 00:00:00,1,330.0,111,39.6,33.0,cancelled,2023-10-31 00:00:00,2023-08-05 23:00:00,2023-08-05 23:00:00
cf334466-9bee-495b-8886-26b1c1f076ed,123,2023-12-09 00:00:00,7,1363.25,148,163.59,0.0,confirmed,2023-12-15 00:00:00,2023-12-08 09:00:00,2023-12-08 09:00:00
59cceba9-4859-4eff-9e5f-82421a9a3ed0,286,2023-05-19 00:00:00,8,1518.0,105,182.16,0.0,confirmed,2023-05-22 00:00:00,2023-05-18 16:00:00,2023-05-18 16:00:00
695eb1a3-21ee-4680-b4b5-bd2edf3cf8c2,141,2023-06-26 00:00:00,5,618.75,41,74.25,0.0,confirmed,2023-07-19 00:00:00,2023-06-25 04:00:00,2023-06-28 04:00:00
4d2eeb6b-6f7e-4f98-946d-f4858ef5ace5,255,2023-09-06 00:00:00,12,2376.0,85,285.12,237.6,cancelled,2023-12-28 00:00:00,2023-09-05 06:00:00,2023-09-05 06:00:00
c322eb83-4a02-407d-b621-cb8cb0e6151c,450,2023-10-18 00:00:00,9,1188.0,140,142.56,0.0,confirmed,2023-12-15 00:00:00,2023-10-17 14:00:00,2023-10-27 14:00:00
fcbb4a70-e152-4b3f-8236-32eb67f6549a,153,2024-01-11 00:00:00,11,3300.0,71,396.0,0.0,confirmed,2024-03-18 00:00:00,2024-01-10 08:00:00,2024-01-10 08:00:00
c4b37df6-4555-4e39-aec5-65df07ff8b5b,271,2024-07-09 00:00:00,9,2016.0,95,241.92,0.0,confirmed,2024-09-22 00:00:00,2024-07-08 19:00:00,2024-07-08 19:00:00
0a5be68d-2722-4d7f-a038-6229031b6bb2,285,2023-12-26 00:00:00,11,1361.25,63,163.35,0.0,confirmed,2024-04-03 00:00:00,2023-12-25 13:00:00,2023-12-25 13:00:00
72c117f7-4127-4efc-a4e8-a5b4376984d6,371,2023-07-05 00:00:00,6,672.0,78,80.64,67.2,cancelled,2023-11-27 00:00:00,2023-07-04 15:00:00,2023-07-04 15:00:00
4400ebf4-e0a9-4cde-98a0-c492e921df27,291,2023-10-29 00:00:00,8,952.0,66,114.24,0.0,confirmed,2024-02-19 00:00:00,2023-10-28 02:00:00,2023-10-28 02:00:00
d82852dc-51d9-4777-8e59-875cad53eba8,71,2023-10-13 00:00:00,11,935.0,95,112.2,93.5,cancelled,2024-02-16 00:00:00,2023-10-12 07:00:00,2023-10-12 07:00:00
ea59361a-3ac8-4b63-af77-5650965d2d71,304,2024-05-31 00:00:00,5,550.0,81,66.0,0.0,confirmed,2024-11-15 00:00:00,2024-05-30 13:00:00,2024-05-30 13:00:00
92955fa6-95c5-4ab5-acdf-9b02b06524f7,100,2024-04-10 00:00:00,1,114.0,63,13.68,11.4,cancelled,2024-07-06 00:00:00,2024-04-09 07:00:00,2024-04-09 07:00:00
0c147431-b9b6-467b-a695-203fb97333ac,318,2024-07-14 00:00:00,9,855.0,109,102.6,85.5,cancelled,2024-09-29 00:00:00,2024-07-13 17:00:00,2024-07-13 17:00:00
1d7b41f7-e067-487f-9e8a-22426ac6d163,498,2024-08-27 00:00:00,10,1400.0,81,168.0,0.0,confirmed,2024-11-24 00:00:00,2024-08-26 18:00:00,2024-08-26 18:00:00
f2752d27-2e90-4345-b845-58fa3455a2da,276,2024-02-19 00:00:00,11,1567.5,62,188.1,0.0,confirmed,2024-08-06 00:00:00,2024-02-18 01:00:00,2024-02-25 01:00:00
c17f833f-b384-4330-a4a6-28da319006c1,391,2023-06-15 00:00:00,5,600.0,94,72.0,0.0,confirmed,2023-07-24 00:00:00,2023-06-14 19:00:00,2023-06-14 19:00:00
8ecd81d6-efd0-4c99-88b0-78c16affef7e,467,2024-01-11 00:00:00,4,1024.0,72,122.88,0.0,confirmed,2024-03-11 00:00:00,2024-01-10 13:00:00,2024-01-10 13:00:00
47e0b855-84d9-43ad-bf0e-38d02bd73b9a,292,2023-08-06 00:00:00,14,8820.0,101,1058.4,0.0,confirmed,2023-12-23 00:00:00,2023-08-05 18:00:00,2023-08-05 18:00:00
3a651bde-0ef2-4f1e-88b0-fe6954068c31,403,2023-12-16 00:00:00,7,490.0,98,58.8,0.0,confirmed,2024-03-25 00:00:00,2023-12-15 01:00:00,2023-12-15 01:00:00
a66e70d9-7fc2-43a3-8f4a-9a65e9e6da55,97,2023-08-12 00:00:00,1,166.25,149,19.95,0.0,confirmed,2023-10-15 00:00:00,2023-08-11 06:00:00,2023-08-11 06:00:00
125c2866-48e7-46d4-bef7-a15a3fb5c62e,280,2024-03-13 00:00:00,13,3432.0,105,411.84,0.0,confirmed,2024-05-02 00:00:00,2024-03-12 18:00:00,2024-03-12 18:00:00
48c47acc-f0a2-4338-bad5-18fcca8e0042,303,2023-12-06 00:00:00,14,2128.0,136,255.36,0.0,confirmed,2024-01-08 00:00:00,2023-12-05 09:00:00,2023-12-05 09:00:00
9b3fc215-ca23-4531-bb7c-d856f987d74c,195,2023-12-01 00:00:00,10,665.0,48,79.8,0.0,confirmed,2024-04-15 00:00:00,2023-11-30 04:00:00,2023-11-30 04:00:00
55f4deda-6d67-4c1e-8a0b-ad420c2bef51,356,2024-03-13 00:00:00,14,4662.0,41,559.44,0.0,confirmed,2024-04-04 00:00:00,2024-03-12 20:00:00,2024-03-12 20:00:00
edf6557e-8139-4dda-9cdf-849794047284,164,2024-03-11 00:00:00,1,85.0,69,10.2,0.0,confirmed,2024-04-01 00:00:00,2024-03-10 16:00:00,2024-03-12 16:00:00
3e4a3620-cef4-44ef-a82e-31e78940d502,221,2023-03-05 00:00:00,12,2880.0,57,345.6,0.0,confirmed,2023-08-07 00:00:00,2023-03-04 19:00:00,2023-03-04 19:00:00
b1242561-1b3f-498f-8e9a-549c8627b01b,376,2023-11-03 00:00:00,4,528.0,41,63.36,0.0,confirmed,2024-03-10 00:00:00,2023-11-02 18:00:00,2023-11-02 18:00:00
80aa9d2d-554e-4006-96be-6b820cfe3625,55,2023-06-19 00:00:00,3,465.0,72,55.8,0.0,confirmed,2023-08-27 00:00:00,2023-06-18 02:00:00,2023-06-25 02:00:00
182b32ee-6a0c-4d53-8db2-3f2f7c6d7ad4,273,2023-11-18 00:00:00,12,1080.0,75,129.6,0.0,confirmed,2024-03-08 00:00:00,2023-11-17 12:00:00,2023-11-17 12:00:00
9e91196f-b929-4aea-9ee1-578d79f9adf7,328,2023-07-07 00:00:00,12,3192.0,134,383.04,0.0,confirmed,2023-11-01 00:00:00,2023-07-06 20:00:00,2023-07-07 20:00:00
7e330d78-add5-4355-b7be-15e4c486eb3e,351,2024-01-19 00:00:00,7,1617.0,81,194.04,161.7,cancelled,2024-06-11 00:00:00,2024-01-18 00:00:00,2024-01-18 00:00:00
1fef7848-7619-44b9-a8db-8354b3d5fb2a,236,2023-09-11 00:00:00,10,5460.0,139,655.2,0.0,confirmed,2024-01-10 00:00:00,2023-09-10 04:00:00,2023-09-10 04:00:00
09177e5c-fcbd-4be7-bd9a-c6181e8d7839,496,2023-12-31 00:00:00,11,3960.0,81,475.2,0.0,confirmed,2024-03-20 00:00:00,2023-12-30 15:00:00,2023-12-30 15:00:00
46148038-233c-4356-ac43-292c2afa7bf3,291,2024-01-03 00:00:00,1,119.0,79,14.28,0.0,confirmed,2024-04-29 00:00:00,2024-01-02 08:00:00,2024-01-02 08:00:00
6524ce86-6cf6-4322-baca-1ccc249ffb30,406,2024-02-23 00:00:00,11,2200.0,69,264.0,0.0,confirmed,2024-05-26 00:00:00,2024-02-22 06:00:00,2024-02-22 06:00:00
d60e8fa0-65cd-4b5a-aa36-2587bb5b9204,66,2023-12-13 00:00:00,12,4080.0,72,489.6,0.0,confirmed,2023-12-28 00:00:00,2023-12-12 05:00:00,2023-12-12 05:00:00
27bc820b-4398-42ca-92dc-a7782d9d5320,147,2024-01-16 00:00:00,9,940.5,69,112.86,94.05,cancelled,2024-06-20 00:00:00,2024-01-15 19:00:00,2024-01-15 19:00:00
5cfbdd00-9298-4bb3-bfaf-fe75cb49b24c,422,2024-06-24 00:00:00,3,688.5,142,82.62,0.0,confirmed,2024-10-28 00:00:00,2024-06-23 23:00:00,2024-06-23 23:00:00
545c51b0-2af5-4a33-b0b0-423621c8f9ff,2,2023-09-02 00:00:00,1,300.0,117,36.0,0.0,confirmed,2024-02-18 00:00:00,2023-09-01 01:00:00,2023-09-01 01:00:00
4b0c45fd-deb9-4636-b0c0-3544dd26e2c7,465,2023-12-02 00:00:00,7,931.0,126,111.72,93.1,cancelled,2024-01-30 00:00:00,2023-12-01 20:00:00,2023-12-01 20:00:00
d7d130d5-c575-4435-9e4b-79256fdbe319,368,2024-04-19 00:00:00,7,1120.0,130,134.4,0.0,confirmed,2024-05-18 00:00:00,2024-04-18 08:00:00,2024-04-21 08:00:00
e9bebe50-a94b-44d7-b07d-4c9623ceeab0,422,2024-05-03 00:00:00,8,1836.0,134,220.32,0.0,confirmed,2024-05-30 00:00:00,2024-05-02 10:00:00,2024-05-02 10:00:00
133cd40d-ef64-4851-b09d-773c15881d06,327,2024-02-21 00:00:00,14,7812.0,88,937.44,781.2,cancelled,2024-06-14 00:00:00,2024-02-20 00:00:00,2024-02-20 00:00:00
36b843ee-b20d-4b6c-bb61-d9eca084f68c,393,2024-05-21 00:00:00,8,1840.0,48,220.8,0.0,confirmed,2024-07-27 00:00:00,2024-05-20 09:00:00,2024-05-20 09:00:00
1304e398-f31f-44b3-b232-b1b52824f8f8,28,2024-04-21 00:00:00,13,2912.0,51,349.44,0.0,confirmed,2024-09-22 00:00:00,2024-04-20 06:00:00,2024-04-20 06:00:00
4388e004-7070-484d-972a-07f093c19d35,155,2023-11-30 00:00:00,12,1716.0,146,205.92,0.0,confirmed,2024-04-10 00:00:00,2023-11-29 03:00:00,2023-11-29 03:00:00
6c65c755-fb20-409a-ae67-7ef6eb79d74a,97,2023-05-22 00:00:00,3,498.75,90,59.85,0.0,confirmed,2023-07-06 00:00:00,2023-05-21 18:00:00,2023-05-21 18:00:00
282fa0c0-74c4-49a6-8b06-25f597455426,398,2023-07-14 00:00:00,11,1496.0,101,179.52,149.6,cancelled,2023-10-20 00:00:00,2023-07-13 06:00:00,2023-07-13 06:00:00
f9a3aa1d-939f-4491-b85a-767632dca9c3,180,2023-10-01 00:00:00,8,3840.0,59,460.8,0.0,confirmed,2023-11-13 00:00:00,2023-09-30 16:00:00,2023-09-30 16:00:00
7dee06af-c390-447c-8f92-e134ea1dec2c,238,2023-12-31 00:00:00,12,11040.0,96,1324.8,0.0,confirmed,2024-01-07 00:00:00,2023-12-30 20:00:00,2023-12-30 20:00:00
04f289dd-2783-4fa7-8a47-6c738c8ee1ab,394,2024-02-24 00:00:00,2,115.5,147,13.86,0.0,confirmed,2024-08-10 00:00:00,2024-02-23 07:00:00,2024-02-23 07:00:00
8c5ce88d-84d9-4d21-869d-b66e679a42b0,141,2023-03-03 00:00:00,8,990.0,80,118.8,0.0,confirmed,2023-03-27 00:00:00,2023-03-02 00:00:00,2023-03-07 00:00:00
059a3771-bbaf-4f2c-9187-4f4450df00fd,220,2024-04-14 00:00:00,11,1089.0,111,130.68,0.0,confirmed,2024-07-13 00:00:00,2024-04-13 18:00:00,2024-04-13 18:00:00
1bdc7d81-f722-46a5-8eb3-53ee9744d150,59,2023-06-03 00:00:00,13,2161.25,104,259.35,216.12,cancelled,2023-10-05 00:00:00,2023-06-02 01:00:00,2023-06-02 01:00:00
6c6febcc-7541-4588-9b2f-d8c0fa5139b0,56,2023-06-08 00:00:00,2,512.0,123,61.44,0.0,confirmed,2023-12-04 00:00:00,2023-06-07 07:00:00,2023-06-07 07:00:00
36633349-0621-491f-a922-c81c53e59024,199,2023-05-20 00:00:00,11,1028.5,47,123.42,0.0,confirmed,2023-11-08 00:00:00,2023-05-19 01:00:00,2023-05-19 01:00:00
2623afd0-4faa-4625-8cde-95d573d4347f,60,2024-03-27 00:00:00,9,1188.0,140,142.56,0.0,confirmed,2024-08-22 00:00:00,2024-03-26 14:00:00,2024-03-26 14:00:00
9e445327-0dcb-44a1-952a-36ad245e0e42,281,2024-04-29 00:00:00,6,912.0,87,109.44,0.0,confirmed,2024-06-20 00:00:00,2024-04-28 08:00:00,2024-04-28 08:00:00
041345a1-210e-4b2f-8fd9-ef3f4a278347,193,2024-01-14 00:00:00,14,2737.0,69,328.44,0.0,confirmed,2024-01-26 00:00:00,2024-01-13 12:00:00,2024-01-13 12:00:00
80cb5bc9-f9c2-4ae6-8028-6aad13ebf425,130,2024-04-01 00:00:00,5,1200.0,63,144.0,0.0,confirmed,2024-04-14 00:00:00,2024-03-31 08:00:00,2024-03-31 08:00:00
94830aee-c40b-4ec9-95c9-c6df4edb8bfe,118,2024-05-14 00:00:00,7,2240.0,139,268.8,0.0,confirmed,2024-07-28 00:00:00,2024-05-13 17:00:00,2024-05-13 17:00:00
d51ce4d8-c061-4f30-a7bb-a8493c460eb3,467,2024-03-03 00:00:00,12,3072.0,63,368.64,0.0,confirmed,2024-03-12 00:00:00,2024-03-02 16:00:00,2024-03-02 16:00:00
6e128817-b8a1-4a1c-a7dd-f25178654f3a,422,2024-02-06 00:00:00,13,2983.5,73,358.02,298.35,cancelled,2024-07-08 00:00:00,2024-02-05 11:00:00,2024-02-12 11:00:00
46c25781-1d0d-4cac-a0fe-80fe61096c50,259,2023-11-04 00:00:00,10,1890.0,45,226.8,0.0,confirmed,2023-12-16 00:00:00,2023-11-03 16:00:00,2023-11-03 16:00:00
81e05ec9-b240-4698-9cd0-ea3b1d5b1408,446,2023-10-26 00:00:00,3,477.75,54,57.33,47.78,cancelled,2024-04-08 00:00:00,2023-10-25 19:00:00,2023-10-25 19:00:00
979f5815-331b-428a-af99-efdcf27d8a8e,448,2023-11-16 00:00:00,12,1596.0,127,191.52,0.0,confirmed,2024-02-10 00:00:00,2023-11-15 22:00:00,2023-11-15 22:00:00
0f344c7b-e8ff-4866-be09-7c3806fb87bb,177,2024-02-21 00:00:00,5,2070.0,122,248.4,0.0,confirmed,2024-05-04 00:00:00,2024-02-20 23:00:00,2024-02-20 23:00:00
8515676a-f8be-4d67-a16d-22248439d554,140,2023-11-20 00:00:00,10,1155.0,129,138.6,0.0,confirmed,2024-01-15 00:00:00,2023-11-19 19:00:00,2023-11-19 19:00:00
b2b0b317-5677-4c1c-87ba-a4121382e7fa,215,2023-08-01 00:00:00,13,1950.0,57,234.0,195.0,cancelled,2023-12-17 00:00:00,2023-07-31 01:00:00,2023-07-31 01:00:00
db6abf56-8543-45ba-b18e-0bc3780a2c86,389,2023-12-04 00:00:00,3,519.75,105,62.37,0.0,confirmed,2024-01-21 00:00:00,2023-12-03 22:00:00,2023-12-03 22:00:00
610e159a-f250-4542-adab-da7921e3d9ad,400,2024-01-17 00:00:00,13,1751.75,115,210.21,175.18,cancelled,2024-06-09 00:00:00,2024-01-16 10:00:00,2024-01-16 10:00:00
8a936151-8004-4fa6-bb27-34e6f26ad700,349,2023-04-29 00:00:00,5,385.0,95,46.2,0.0,confirmed,2023-10-23 00:00:00,2023-04-28 20:00:00,2023-04-28 20:00:00
4978c736-513f-4ab7-a54c-4a1b1175bc5c,395,2024-02-20 00:00:00,5,2800.0,72,336.0,280.0,cancelled,2024-06-04 00:00:00,2024-02-19 07:00:00,2024-02-21 07:00:00
f83644b2-e237-43d1-8445-7e815e06be99,258,2023-04-08 00:00:00,3,1054.5,143,126.54,0.0,confirmed,2023-05-21 00:00:00,2023-04-07 06:00:00,2023-04-07 06:00:00
88561ddc-3a80-4748-95b9-05bf4264ff38,117,2023-10-29 00:00:00,4,640.0,86,76.8,0.0,confirmed,2023-12-29 00:00:00,2023-10-28 22:00:00,2023-10-28 22:00:00
c7f2b017-c80f-4a2d-a08e-5f7765bd99d8,179,2023-08-19 00:00:00,12,6144.0,60,737.28,0.0,confirmed,2023-09-01 00:00:00,2023-08-18 14:00:00,2023-08-18 14:00:00
dec66205-40a7-4dd6-8e63-e9ae85e092ea,303,2023-10-17 00:00:00,14,2128.0,116,255.36,0.0,confirmed,2024-02-25 00:00:00,2023-10-16 12:00:00,2023-10-16 12:00:00
29cd27e1-6bb1-4212-b86f-fc685d93efe4,20,2023-02-26 00:00:00,2,266.0,54,31.92,0.0,confirmed,2023-03-06 00:00:00,2023-02-25 00:00:00,2023-02-25 00:00:00
74aed948-2357-4b50-b196-68a6e22bf065,119,2024-02-27 00:00:00,9,1071.0,148,128.52,0.0,confirmed,2024-05-18 00:00:00,2024-02-26 14:00:00,2024-03-07 14:00:00
ff69a702-38d8-43f9-843b-fe703c5c102f,183,2024-02-04 00:00:00,14,1274.0,82,152.88,127.4,cancelled,2024-06-15 00:00:00,2024-02-03 13:00:00,2024-02-11 13:00:00
5ba822a4-a5fa-4467-a676-308402833602,207,2023-11-30 00:00:00,13,1482.0,138,177.84,0.0,confirmed,2024-03-19 00:00:00,2023-11-29 23:00:00,2023-12-01 23:00:00
e0d725a9-05e1-45f1-8e6a-eb8bd41ef979,493,2024-01-01 00:00:00,13,2502.5,133,300.3,0.0,confirmed,2024-01-05 00:00:00,2023-12-31 02:00:00,2023-12-31 02:00:00
b9743fe3-8dec-4924-81b8-06acd2f829c6,113,2023-02-02 00:00:00,13,2093.0,127,251.16,0.0,confirmed,2023-03-02 00:00:00,2023-02-01 03:00:00,2023-02-09 03:00:00
33d3a5b7-b7ec-4db6-8ce9-275eef2f1789,349,2023-04-29 00:00:00,14,1078.0,59,129.36,107.8,cancelled,2023-08-22 00:00:00,2023-04-28 03:00:00,2023-04-28 03:00:00
aa35def0-b63c-4032-ba73-509efa03620d,335,2023-09-02 00:00:00,4,646.0,130,77.52,0.0,confirmed,2023-12-19 00:00:00,2023-09-01 13:00:00,2023-09-01 13:00:00
8db0ce42-69dd-4210-a4db-c9bfa05f67b9,474,2023-09-09 00:00:00,1,345.0,57,41.4,0.0,confirmed,2023-10-20 00:00:00,2023-09-08 00:00:00,2023-09-08 00:00:00
a52bcd12-ef1e-4975-9924-32dd18ae9b31,264,2023-04-08 00:00:00,14,1540.0,89,184.8,154.0,cancelled,2023-09-17 00:00:00,2023-04-07 22:00:00,2023-04-07 22:00:00
025b2602-c1d1-4241-88c5-7e36fb38b60a,140,2024-07-25 00:00:00,9,1039.5,65,124.74,0.0,confirmed,2024-12-02 00:00:00,2024-07-24 17:00:00,2024-07-24 17:00:00
a69ceabf-5481-4cef-8441-f80abfb37119,408,2024-03-10 00:00:00,6,1023.0,131,122.76,0.0,confirmed,2024-03-19 00:00:00,2024-03-09 18:00:00,2024-03-10 18:00:00
25952876-7845-4897-9bec-810447ea7ebb,364,2024-02-04 00:00:00,13,1716.0,143,205.92,0.0,confirmed,2024-05-16 00:00:00,2024-02-03 06:00:00,2024-02-03 06:00:00
0be716dd-a6f5-4bfc-9c7f-ccef549c4f54,452,2023-08-11 00:00:00,11,635.25,97,76.23,0.0,confirmed,2024-01-19 00:00:00,2023-08-10 06:00:00,2023-08-19 06:00:00
fb4c730a-b47a-486c-84be-4473cf578204,273,2024-01-28 00:00:00,3,270.0,99,32.4,27.0,cancelled,2024-06-01 00:00:00,2024-01-27 23:00:00,2024-01-27 23:00:00
1e37064f-6673-4c89-a5a7-255f08bce95e,413,2024-06-14 00:00:00,1,76.0,98,9.12,0.0,confirmed,2024-12-08 00:00:00,2024-06-13 05:00:00,2024-06-21 05:00:00
d5e790ec-171c-432e-a768-251cd1c2283d,62,2023-12-27 00:00:00,12,1344.0,144,161.28,134.4,cancelled,2024-04-13 00:00:00,2023-12-26 12:00:00,2023-12-26 12:00:00
0886e7e6-c81a-416b-8812-fab52bb36813,495,2024-03-02 00:00:00,5,750.0,116,90.0,75.0,cancelled,2024-06-12 00:00:00,2024-03-01 02:00:00,2024-03-01 02:00:00
4f3dc0cc-0061-4288-b8ff-fb8cd8475944,103,2024-06-06 00:00:00,4,600.0,146,72.0,0.0,confirmed,2024-06-11 00:00:00,2024-06-05 16:00:00,2024-06-07 16:00:00
6d21e17e-a0f1-4ee9-be11-573449e6ae1d,329,2023-07-16 00:00:00,8,1750.0,54,210.0,0.0,confirmed,2023-11-04 00:00:00,2023-07-15 12:00:00,2023-07-15 12:00:00
18b02a77-9034-4a56-90bc-dd4e58fb40a0,180,2023-08-02 00:00:00,10,4800.0,141,576.0,0.0,confirmed,2023-08-22 00:00:00,2023-08-01 16:00:00,2023-08-07 16:00:00
b3f1f926-fab5-496a-bc20-95bf9977f176,147,2024-04-03 00:00:00,5,522.5,144,62.7,0.0,confirmed,2024-05-06 00:00:00,2024-04-02 08:00:00,2024-04-02 08:00:00
d0fec654-6e7a-4ff3-99c3-b43e762fba66,221,2023-07-22 00:00:00,12,2880.0,108,345.6,288.0,cancelled,2023-12-07 00:00:00,2023-07-21 16:00:00,2023-07-21 16:00:00
94b91370-cd01-452f-9f45-91675779452d,171,2023-06-18 00:00:00,10,550.0,78,66.0,55.0,cancelled,2023-07-01 00:00:00,2023-06-17 04:00:00,2023-06-17 04:00:00
c8d71b98-84e1-40dc-a877-fafed42e2327,290,2023-10-01 00:00:00,5,700.0,83,84.0,70.0,cancelled,2024-02-18 00:00:00,2023-09-30 05:00:00,2023-09-30 05:00:00
3e57b146-c21a-487c-a3ff-bc1935a119f9,397,2024-05-16 00:00:00,5,948.75,52,113.85,0.0,confirmed,2024-07-02 00:00:00,2024-05-15 04:00:00,2024-05-15 04:00:00
bf079065-a766-4cb8-905c-a40299c0b84e,486,2023-12-17 00:00:00,4,352.0,99,42.24,0.0,confirmed,2024-04-15 00:00:00,2023-12-16 22:00:00,2023-12-16 22:00:00
a5ae5442-fafe-4d2e-842e-5927bebe4d37,220,2023-11-15 00:00:00,7,693.0,53,83.16,0.0,confirmed,2023-12-02 00:00:00,2023-11-14 19:00:00,2023-11-14 19:00:00
e0a55657-447d-484f-902e-0b7d400eb13d,386,2024-04-26 00:00:00,4,323.0,106,38.76,0.0,confirmed,2024-09-03 00:00:00,2024-04-25 08:00:00,2024-05-05 08:00:00
a919e545-ca81-4f58-a32e-71788f11008f,407,2023-02-24 00:00:00,9,990.0,51,118.8,0.0,confirmed,2023-04-29 00:00:00,2023-02-23 12:00:00,2023-02-23 12:00:00
592fafdd-0028-4ef9-b6a3-38d51fc1e171,186,2024-04-07 00:00:00,8,1023.04,108,122.76,102.3,cancelled,2024-07-26 00:00:00,2024-04-06 17:00:00,2024-04-06 17:00:00
d9b51b9e-ea77-493e-972d-41b9d0c8b299,58,2023-06-05 00:00:00,5,1085.0,87,130.2,108.5,cancelled,2023-10-03 00:00:00,2023-06-04 00:00:00,2023-06-04 00:00:00
64095b52-e3be-4ebb-b0a9-ce8ff238cf73,162,2024-05-16 00:00:00,9,1012.5,41,121.5,0.0,confirmed,2024-06-07 00:00:00,2024-05-15 08:00:00,2024-05-16 08:00:00
cb9e18ac-32ae-495b-b014-6489b2ecff55,95,2024-05-12 00:00:00,1,127.5,135,15.3,0.0,confirmed,2024-10-18 00:00:00,2024-05-11 03:00:00,2024-05-11 03:00:00
e1b38f87-9356-4799-ae5b-fa875bd6ab65,204,2023-05-04 00:00:00,1,285.0,139,34.2,0.0,confirmed,2023-05-18 00:00:00,2023-05-03 05:00:00,2023-05-03 05:00:00
a1755ede-fcba-4cfc-abab-f1d2f1edbddc,44,2023-03-05 00:00:00,5,330.0,44,39.6,33.0,cancelled,2023-08-15 00:00:00,2023-03-04 22:00:00,2023-03-10 22:00:00
12f3ed10-3c73-4eb8-98b6-96d92623981f,262,2023-04-06 00:00:00,6,3528.0,92,423.36,0.0,confirmed,2023-04-11 00:00:00,2023-04-05 04:00:00,2023-04-05 04:00:00
5a7c66f2-097d-49f4-9291-271d7922ccae,312,2023-07-22 00:00:00,14,2887.5,70,346.5,0.0,confirmed,2023-12-26 00:00:00,2023-07-21 15:00:00,2023-07-21 15:00:00
c912ca89-bade-4d61-9ea5-bb370e60d9f9,472,2023-10-26 00:00:00,12,8832.0,83,1059.84,0.0,confirmed,2024-02-06 00:00:00,2023-10-25 17:00:00,2023-10-25 17:00:00
c45bf31b-5c97-4a8d-98ae-0b7ddf45ba14,231,2023-06-11 00:00:00,3,457.86,81,54.94,0.0,confirmed,2023-08-10 00:00:00,2023-06-10 06:00:00,2023-06-10 06:00:00
9a33a1e0-6c24-4146-b786-9d594c50d6d7,262,2023-11-09 00:00:00,7,4116.0,121,493.92,0.0,confirmed,2024-03-17 00:00:00,2023-11-08 03:00:00,2023-11-10 03:00:00
28365608-61ea-47ff-81bd-268bfb987432,271,2024-03-22 00:00:00,11,2464.0,66,295.68,0.0,confirmed,2024-04-19 00:00:00,2024-03-21 19:00:00,2024-03-21 19:00:00
bcc98936-2b15-44df-9919-b970817319df,288,2023-09-23 00:00:00,4,448.0,116,53.76,0.0,confirmed,2023-12-02 00:00:00,2023-09-22 05:00:00,2023-09-30 05:00:00
cc4d0f99-d912-46cf-9164-7d79526c8ac2,449,2024-01-25 00:00:00,6,1485.0,127,178.2,0.0,confirmed,2024-02-20 00:00:00,2024-01-24 08:00:00,2024-01-24 08:00:00
cc541748-3387-47f9-bb9b-5c259419fe4b,168,2024-03-26 00:00:00,14,4200.0,123,504.0,420.0,cancelled,2024-08-05 00:00:00,2024-03-25 20:00:00,2024-03-25 20:00:00
c8bd9536-259d-4e17-90a3-228f2f8d40de,227,2024-06-18 00:00:00,8,1088.0,143,130.56,108.8,cancelled,2024-09-24 00:00:00,2024-06-17 10:00:00,2024-06-22 10:00:00
173b749f-66d3-4d23-ae51-594c773e5320,117,2023-03-03 00:00:00,13,2080.0,138,249.6,208.0,cancelled,2023-03-29 00:00:00,2023-03-02 12:00:00,2023-03-02 12:00:00
ca1690cf-bcdf-4500-bbaf-5f229f60259a,332,2023-08-24 00:00:00,4,352.0,116,42.24,35.2,cancelled,2024-01-20 00:00:00,2023-08-23 02:00:00,2023-08-26 02:00:00
841c4baf-c4c0-4f26-b09e-8d5c653d62df,34,2024-05-17 00:00:00,10,2280.0,136,273.6,228.0,cancelled,2024-10-27 00:00:00,2024-05-16 07:00:00,2024-05-16 07:00:00
c85520d8-d67c-46ab-a74f-de9036073dcd,396,2024-01-12 00:00:00,13,3003.0,74,360.36,0.0,confirmed,2024-06-15 00:00:00,2024-01-11 04:00:00,2024-01-11 04:00:00
d68c6eda-f89d-4fd8-9a3e-710fb6c27f6f,435,2024-03-02 00:00:00,11,1815.0,97,217.8,0.0,confirmed,2024-07-07 00:00:00,2024-03-01 02:00:00,2024-03-01 02:00:00
eaaa1244-6495-4fe2-8c7a-f2d6f5db423c,392,2024-01-07 00:00:00,2,224.0,90,26.88,0.0,confirmed,2024-05-20 00:00:00,2024-01-06 04:00:00,2024-01-06 04:00:00
1183791c-d872-4175-912c-dc2a0e842f1a,210,2024-06-03 00:00:00,8,1012.0,76,121.44,0.0,confirmed,2024-06-13 00:00:00,2024-06-02 17:00:00,2024-06-02 17:00:00
f345921e-5f22-459c-aaa9-01e8356cd4f6,161,2024-02-13 00:00:00,1,230.0,137,27.6,0.0,confirmed,2024-06-09 00:00:00,2024-02-12 21:00:00,2024-02-12 21:00:00
78c8af23-edd7-4696-bb88-504560d7b948,115,2024-10-11 00:00:00,13,5460.0,127,655.2,546.0,cancelled,2025-04-08 00:00:00,2024-10-10 08:00:00,2024-10-10 08:00:00
78658629-f5cd-454c-b369-3e61993965e2,453,2024-01-09 00:00:00,3,810.0,106,97.2,0.0,confirmed,2024-05-23 00:00:00,2024-01-08 14:00:00,2024-01-08 14:00:00
30dad490-0901-442a-a74a-430ea0fa6721,1,2024-03-24 00:00:00,8,1368.0,113,164.16,0.0,confirmed,2024-05-24 00:00:00,2024-03-23 23:00:00,2024-03-23 23:00:00
43268de9-ccb2-4230-8943-4a3a2e103234,51,2023-05-18 00:00:00,6,1386.0,125,166.32,138.6,cancelled,2023-11-07 00:00:00,2023-05-17 09:00:00,2023-05-17 09:00:00
05c96e6d-ea07-449b-b07d-19515275ba9a,218,2024-01-17 00:00:00,12,2109.0,81,253.08,210.9,cancelled,2024-05-18 00:00:00,2024-01-16 08:00:00,2024-01-16 08:00:00
c396e40e-8cb8-491b-bbdc-0af7b7772b98,340,2023-10-27 00:00:00,3,462.0,110,55.44,0.0,confirmed,2024-03-15 00:00:00,2023-10-26 12:00:00,2023-11-05 12:00:00
fdf62135-d43f-46c4-ba1b-ac7527bb917f,372,2024-04-03 00:00:00,12,1056.0,57,126.72,105.6,cancelled,2024-09-26 00:00:00,2024-04-02 06:00:00,2024-04-02 06:00:00
68ddbeb2-563e-4693-a12f-df7e2a48a9f0,70,2023-06-22 00:00:00,12,3072.0,57,368.64,0.0,confirmed,2023-10-09 00:00:00,2023-06-21 02:00:00,2023-06-21 02:00:00
cddd722e-0b04-4836-85af-9745997e127f,80,2024-04-30 00:00:00,1,390.0,70,46.8,39.0,cancelled,2024-08-17 00:00:00,2024-04-29 22:00:00,2024-04-29 22:00:00
c493beca-1c8d-4dee-a1fe-6e83fbebc5c8,206,2023-10-07 00:00:00,4,874.0,144,104.88,0.0,confirmed,2024-02-16 00:00:00,2023-10-06 08:00:00,2023-10-06 08:00:00
64a71649-4dfb-4558-bf56-19facd4e9deb,67,2024-04-19 00:00:00,8,7680.0,96,921.6,768.0,cancelled,2024-07-05 00:00:00,2024-04-18 07:00:00,2024-04-22 07:00:00
5daa43fc-cbd0-4142-bdcc-0239f9c9b3b4,197,2024-02-17 00:00:00,8,2508.0,125,300.96,250.8,cancelled,2024-03-19 00:00:00,2024-02-16 12:00:00,2024-02-16 12:00:00
84430dc9-9b3e-4806-9296-555a438d4a8e,190,2023-04-21 00:00:00,5,600.0,58,72.0,0.0,confirmed,2023-05-13 00:00:00,2023-04-20 14:00:00,2023-04-20 14:00:00
3a040c80-9c99-4379-a91a-c7bcb7618ea0,97,2023-02-13 00:00:00,14,2327.5,84,279.3,0.0,confirmed,2023-07-20 00:00:00,2023-02-12 02:00:00,2023-02-15 02:00:00
08f45401-1802-4914-a5cb-d6cf1e4aa014,312,2023-08-13 00:00:00,10,2062.5,125,247.5,206.25,cancelled,2024-01-22 00:00:00,2023-08-12 05:00:00,2023-08-12 05:00:00
00f45f9d-da46-49e6-b80e-b9b18064a119,118,2024-01-26 00:00:00,6,1920.0,91,230.4,0.0,confirmed,2024-07-08 00:00:00,2024-01-25 12:00:00,2024-01-25 12:00:00
2b1680c2-f681-44a2-905f-fd6e16d7aa4c,57,2023-06-06 00:00:00,8,1320.0,60,158.4,0.0,confirmed,2023-07-11 00:00:00,2023-06-05 14:00:00,2023-06-05 14:00:00
d8cdb95a-1a7b-40e8-9dd2-dfe907dbd7ad,148,2024-06-19 00:00:00,14,2387.0,108,286.44,0.0,confirmed,2024-07-31 00:00:00,2024-06-18 13:00:00,2024-06-18 13:00:00
f87e760c-a058-4138-893e-c0d2b10ea6e3,435,2024-09-02 00:00:00,13,2145.0,65,257.4,0.0,confirmed,2024-10-24 00:00:00,2024-09-01 08:00:00,2024-09-01 08:00:00
f8436166-c5da-45b3-b520-a2028d01f461,480,2023-08-29 00:00:00,3,336.0,45,40.32,0.0,confirmed,2024-02-21 00:00:00,2023-08-28 21:00:00,2023-08-28 21:00:00
14eb552e-3f80-48c4-be5d-6f3ad7e7a5ed,418,2024-10-04 00:00:00,2,600.0,122,72.0,60.0,cancelled,2024-12-26 00:00:00,2024-10-03 00:00:00,2024-10-03 00:00:00
23b58612-fee5-4491-a376-0945015b024f,375,2024-03-07 00:00:00,9,1039.5,108,124.74,0.0,confirmed,2024-05-05 00:00:00,2024-03-06 07:00:00,2024-03-06 07:00:00
5eb3dab3-c164-46d3-8f13-cf56fdb7dac0,193,2024-05-16 00:00:00,11,2150.5,91,258.06,215.05,cancelled,2024-07-31 00:00:00,2024-05-15 21:00:00,2024-05-15 21:00:00
e5c16427-7d04-41ed-b80f-7b4d2e7f2d2e,443,2023-06-20 00:00:00,6,1197.0,63,143.64,119.7,cancelled,2023-07-14 00:00:00,2023-06-19 19:00:00,2023-06-19 19:00:00
31f7fc24-7fb9-4149-87d7-d10b3c82e187,300,2024-06-20 00:00:00,8,1216.0,131,145.92,0.0,confirmed,2024-12-14 00:00:00,2024-06-19 18:00:00,2024-06-19 18:00:00
edd597a0-3429-4c14-b232-c93ad8253c09,129,2023-07-29 00:00:00,14,981.68,145,117.8,98.17,cancelled,2023-12-05 00:00:00,2023-07-28 07:00:00,2023-07-28 07:00:00
b0e56832-451c-44ca-bfb5-bcc955bf24e5,318,2023-12-27 00:00:00,3,285.0,105,34.2,28.5,cancelled,2024-05-26 00:00:00,2023-12-26 08:00:00,2023-12-26 08:00:00
1a9b33cd-40ab-47d0-bf16-d25fe46fca21,485,2023-11-05 00:00:00,13,5187.0,90,622.44,0.0,confirmed,2023-11-23 00:00:00,2023-11-04 06:00:00,2023-11-04 06:00:00
d02de37a-b2f0-4508-b2d6-3be81f583487,201,2023-06-05 00:00:00,12,2688.0,90,322.56,268.8,cancelled,2023-08-14 00:00:00,2023-06-04 21:00:00,2023-06-04 21:00:00
cb49557e-cc34-4335-bf5c-3075be706997,161,2024-05-12 00:00:00,13,2990.0,51,358.8,299.0,cancelled,2024-08-29 00:00:00,2024-05-11 01:00:00,2024-05-11 01:00:00
ac07c5cc-2e77-4154-ad2a-626fdaf27f63,449,2023-08-28 00:00:00,6,1485.0,102,178.2,0.0,confirmed,2024-01-15 00:00:00,2023-08-27 07:00:00,2023-08-27 07:00:00
d7a3758e-9910-4867-b35b-2c2d39f67079,378,2023-12-07 00:00:00,1,224.0,87,26.88,22.4,cancelled,2024-03-11 00:00:00,2023-12-06 09:00:00,2023-12-06 09:00:00
647c3521-9111-483c-8acd-49609f180566,317,2024-06-03 00:00:00,4,784.0,112,94.08,78.4,cancelled,2024-06-19 00:00:00,2024-06-02 13:00:00,2024-06-11 13:00:00
ecbf5360-d570-4bcf-b1fb-304c6c8e6e22,364,2024-03-17 00:00:00,3,396.0,142,47.52,0.0,confirmed,2024-06-17 00:00:00,2024-03-16 08:00:00,2024-03-16 08:00:00
cee74ca8-3d13-4066-bde3-ffc5c9665c5f,65,2024-06-18 00:00:00,10,1430.0,99,171.6,0.0,confirmed,2024-11-29 00:00:00,2024-06-17 16:00:00,2024-06-24 16:00:00
914c58f3-187c-4930-96e4-3f7f749f0df4,297,2023-11-08 00:00:00,9,1732.5,68,207.9,0.0,confirmed,2023-12-12 00:00:00,2023-11-07 20:00:00,2023-11-07 20:00:00
ef8965bb-78ee-495f-85fd-7ebac25d8100,113,2023-07-11 00:00:00,2,322.0,139,38.64,32.2,cancelled,2023-11-14 00:00:00,2023-07-10 20:00:00,2023-07-10 20:00:00
9d31dd97-27eb-48dc-b741-467ddbde6853,142,2023-08-25 00:00:00,14,2156.0,119,258.72,0.0,confirmed,2023-09-11 00:00:00,2023-08-24 01:00:00,2023-08-24 01:00:00
4c438ad8-0f51-4236-a656-259b5e85de52,104,2023-05-09 00:00:00,7,637.0,47,76.44,0.0,confirmed,2023-10-19 00:00:00,2023-05-08 22:00:00,2023-05-08 22:00:00
14405266-91af-4323-96b7-0f92e3ad9503,314,2023-12-18 00:00:00,14,2856.0,98,342.72,285.6,cancelled,2024-02-23 00:00:00,2023-12-17 10:00:00,2023-12-17 10:00:00
8d68988c-398a-4756-8a6c-82fcc31c2bd6,426,2024-07-15 00:00:00,7,952.84,150,114.34,95.28,cancelled,2024-12-31 00:00:00,2024-07-14 19:00:00,2024-07-14 19:00:00
f708214d-e735-486c-b923-77d3380efeae,494,2024-02-18 00:00:00,9,2736.0,121,328.32,273.6,cancelled,2024-07-24 00:00:00,2024-02-17 09:00:00,2024-02-17 09:00:00
0ac727f3-dd83-40d9-9eef-4b48d7621567,395,2023-12-31 00:00:00,4,2240.0,135,268.8,224.0,cancelled,2024-02-17 00:00:00,2023-12-30 03:00:00,2023-12-30 03:00:00
b91a1ca7-9e0f-4052-add4-b1b5a5891817,150,2023-08-25 00:00:00,10,1402.5,126,168.3,0.0,confirmed,2024-02-09 00:00:00,2023-08-24 10:00:00,2023-08-24 10:00:00
e4f343b4-2375-4485-b73e-952cd7453933,161,2024-06-05 00:00:00,5,1150.0,133,138.0,115.0,cancelled,2024-11-01 00:00:00,2024-06-04 08:00:00,2024-06-04 08:00:00
22bfbc7a-ec91-4681-b28f-bbf9e538b113,174,2024-01-28 00:00:00,11,3234.0,72,388.08,0.0,confirmed,2024-06-01 00:00:00,2024-01-27 11:00:00,2024-01-27 11:00:00
3d2b58ff-562a-438e-a3b3-31547b218c64,3,2024-01-27 00:00:00,6,2772.0,54,332.64,0.0,confirmed,2024-01-29 00:00:00,2024-01-26 00:00:00,2024-01-26 00:00:00
6872438c-be8e-40f6-8e51-4f11ab84d2ac,191,2023-12-06 00:00:00,14,6118.0,134,734.16,0.0,confirmed,2024-03-03 00:00:00,2023-12-05 15:00:00,2023-12-05 15:00:00
af3a3491-e6f3-4a4b-8b3c-dffceeab160b,275,2023-03-13 00:00:00,3,457.86,66,54.94,45.79,cancelled,2023-07-20 00:00:00,2023-03-12 03:00:00,2023-03-12 03:00:00
1e4dc7c1-569c-42d1-ac98-8a8fa9b8e715,457,2024-02-10 00:00:00,4,1728.0,79,207.36,172.8,cancelled,2024-04-18 00:00:00,2024-02-09 21:00:00,2024-02-09 21:00:00
a3c5fc59-2dd1-4684-b2d1-5bcbac3ec577,483,2023-06-01 00:00:00,13,929.5,96,111.54,0.0,confirmed,2023-06-06 00:00:00,2023-05-31 13:00:00,2023-05-31 13:00:00
bef1af48-4c17-4aa3-bf7e-dfc813767021,228,2023-09-26 00:00:00,7,1617.0,96,194.04,161.7,cancelled,2024-02-27 00:00:00,2023-09-25 21:00:00,2023-09-25 21:00:00
450cfaa0-1716-4485-b267-d4015e923ce3,154,2024-01-06 00:00:00,5,550.0,114,66.0,0.0,confirmed,2024-02-23 00:00:00,2024-01-05 19:00:00,2024-01-05 19:00:00
fe8e1a42-ae8a-4802-b2db-be624f20e6af,439,2023-08-19 00:00:00,4,736.0,147,88.32,0.0,confirmed,2023-09-27 00:00:00,2023-08-18 17:00:00,2023-08-26 17:00:00
42a1a85a-c8b1-48b7-ad83-c8bba2ae3749,28,2023-11-19 00:00:00,7,1568.0,109,188.16,0.0,confirmed,2024-04-11 00:00:00,2023-11-18 11:00:00,2023-11-21 11:00:00
7cbab28b-8297-4c08-813d-28bc9c18ceb1,415,2023-06-02 00:00:00,8,6256.0,48,750.72,0.0,confirmed,2023-06-24 00:00:00,2023-06-01 14:00:00,2023-06-01 14:00:00
0027d6f8-9958-420d-8741-ec63d63828b0,454,2024-01-25 00:00:00,5,1040.0,50,124.8,104.0,cancelled,2024-03-23 00:00:00,2024-01-24 10:00:00,2024-01-24 10:00:00
6de2054c-812b-4cae-ae97-5f43e422e8f3,450,2023-06-24 00:00:00,5,660.0,140,79.2,0.0,confirmed,2023-10-20 00:00:00,2023-06-23 02:00:00,2023-06-23 02:00:00
2f8cfc34-0e8c-4b45-aed8-754625d9faff,353,2024-06-27 00:00:00,8,748.0,52,89.76,0.0,confirmed,2024-08-13 00:00:00,2024-06-26 22:00:00,2024-06-26 22:00:00
23e04e6a-e5df-488a-ba5d-fa8e55b117a0,298,2023-11-15 00:00:00,13,4186.0,48,502.32,418.6,cancelled,2024-04-06 00:00:00,2023-11-14 10:00:00,2023-11-14 10:00:00
fc5a262a-4b0c-44d9-b34e-55e0f211e314,176,2024-02-09 00:00:00,8,1320.0,47,158.4,132.0,cancelled,2024-07-04 00:00:00,2024-02-08 06:00:00,2024-02-08 06:00:00
fe4d71e7-d3d4-42ab-8145-167dde04c39b,222,2023-10-19 00:00:00,14,3220.0,147,386.4,0.0,confirmed,2023-11-28 00:00:00,2023-10-18 13:00:00,2023-10-18 13:00:00
63659130-30bd-4e67-b041-74171b98f55c,485,2024-05-13 00:00:00,5,1995.0,66,239.4,0.0,confirmed,2024-09-28 00:00:00,2024-05-12 07:00:00,2024-05-12 07:00:00
0f291ad5-7138-46e1-8336-09b530f27467,216,2024-03-08 00:00:00,4,832.0,48,99.84,83.2,cancelled,2024-06-16 00:00:00,2024-03-07 06:00:00,2024-03-07 06:00:00
8500b642-054f-4238-bde8-804644933f84,461,2023-07-24 00:00:00,8,5120.0,62,614.4,0.0,confirmed,2023-10-10 00:00:00,2023-07-23 09:00:00,2023-07-23 09:00:00
245e501c-11fc-4406-8289-0f408de3f9be,79,2023-08-01 00:00:00,14,2021.32,148,242.56,202.13,cancelled,2023-11-25 00:00:00,2023-07-31 13:00:00,2023-07-31 13:00:00
e17c3803-e603-4392-b8b7-0dafea17765f,193,2024-07-17 00:00:00,6,1173.0,116,140.76,117.3,cancelled,2024-11-29 00:00:00,2024-07-16 00:00:00,2024-07-16 00:00:00
aa8d7f20-9979-432b-ab5a-ff1af3de38b4,389,2023-02-21 00:00:00,1,173.25,125,20.79,17.32,cancelled,2023-07-23 00:00:00,2023-02-20 09:00:00,2023-02-20 09:00:00
d4715d37-a296-4855-96bb-394df8f70157,194,2023-09-08 00:00:00,13,3627.0,57,435.24,0.0,confirmed,2023-12-09 00:00:00,2023-09-07 09:00:00,2023-09-17 09:00:00
29366812-3f24-4c44-84d6-1761a427b7e7,351,2023-11-03 00:00:00,9,2079.0,51,249.48,207.9,cancelled,2024-02-10 00:00:00,2023-11-02 22:00:00,2023-11-02 22:00:00
df5ebb74-b613-4255-a912-545cc6baeb0f,444,2023-09-23 00:00:00,3,816.0,60,97.92,0.0,confirmed,2024-01-22 00:00:00,2023-09-22 01:00:00,2023-09-22 01:00:00
abd54ba3-f8f7-4066-ba43-be56a6a2ac65,198,2023-11-26 00:00:00,1,448.0,100,53.76,0.0,confirmed,2024-01-12 00:00:00,2023-11-25 12:00:00,2023-11-25 12:00:00
c6ae4929-01ba-48dc-acce-047ad728b82c,127,2023-12-23 00:00:00,4,280.0,104,33.6,0.0,confirmed,2024-01-31 00:00:00,2023-12-22 13:00:00,2023-12-22 13:00:00
bfa6774d-6c1f-4915-a54c-250a84f49bb2,188,2024-01-25 00:00:00,8,2576.0,97,309.12,0.0,confirmed,2024-06-16 00:00:00,2024-01-24 06:00:00,2024-01-24 06:00:00
5f395d13-edc5-426b-914c-7d14c95c2e09,423,2024-02-17 00:00:00,8,1680.0,76,201.6,168.0,cancelled,2024-05-28 00:00:00,2024-02-16 19:00:00,2024-02-16 19:00:00
82e320aa-90a4-4a60-8f0d-67346c6182c6,73,2023-10-26 00:00:00,4,759.0,74,91.08,75.9,cancelled,2024-01-07 00:00:00,2023-10-25 07:00:00,2023-10-25 07:00:00
96d23dfe-e527-45d0-9e28-717c451fada3,293,2024-01-28 00:00:00,8,2356.0,91,282.72,235.6,cancelled,2024-03-04 00:00:00,2024-01-27 16:00:00,2024-01-27 16:00:00
cf574ee2-5746-420d-9f8d-d43fbcdcba8a,420,2023-11-23 00:00:00,8,3696.0,43,443.52,0.0,confirmed,2024-04-19 00:00:00,2023-11-22 10:00:00,2023-11-22 10:00:00
b0be87f7-b055-492a-95d3-12b72f1faf1a,185,2023-10-01 00:00:00,4,448.0,56,53.76,0.0,confirmed,2023-11-01 00:00:00,2023-09-30 03:00:00,2023-09-30 03:00:00
a9205d0e-04a7-4089-b249-a0a9874e0ec7,460,2024-07-04 00:00:00,9,4968.0,71,596.16,496.8,cancelled,2024-09-21 00:00:00,2024-07-03 11:00:00,2024-07-03 11:00:00
30ddcb33-29e1-4e2d-83be-ce3ed262fd50,265,2023-10-18 00:00:00,5,1650.0,51,198.0,0.0,confirmed,2024-01-11 00:00:00,2023-10-17 11:00:00,2023-10-17 11:00:00
a26d9575-2b9c-45ca-9319-9abdd316297a,297,2023-09-22 00:00:00,8,1540.0,136,184.8,0.0,confirmed,2024-01-14 00:00:00,2023-09-21 03:00:00,2023-09-21 03:00:00
f1e345b7-4cb2-4346-9a1e-82a6c2d1b873,196,2023-05-15 00:00:00,9,1707.75,98,204.93,0.0,confirmed,2023-06-10 00:00:00,2023-05-14 20:00:00,2023-05-14 20:00:00
e2cc7e7a-0c8e-4e82-9c02-f29b5c5f8c5a,195,2024-02-09 00:00:00,7,465.5,63,55.86,0.0,confirmed,2024-07-27 00:00:00,2024-02-08 16:00:00,2024-02-08 16:00:00
97109887-80fd-4bdf-b36e-9c6e58836392,494,2023-09-01 00:00:00,14,4256.0,52,510.72,0.0,confirmed,2023-11-29 00:00:00,2023-08-31 18:00:00,2023-08-31 18:00:00
bf91fa61-2716-4737-9800-ac7d9a57c0c4,1,2024-05-07 00:00:00,3,513.0,79,61.56,51.3,cancelled,2024-05-22 00:00:00,2024-05-06 12:00:00,2024-05-10 12:00:00
7fcaa750-174c-4b9a-a3ac-6f9ff11b8212,441,2023-12-24 00:00:00,14,2590.0,107,310.8,259.0,cancelled,2024-05-27 00:00:00,2023-12-23 17:00:00,2024-01-02 17:00:00
0d476c22-7142-4287-8988-8d70525a3aaf,297,2023-09-08 00:00:00,11,2117.5,83,254.1,211.75,cancelled,2023-12-20 00:00:00,2023-09-07 19:00:00,2023-09-07 19:00:00
5e349ad2-4a35-441c-89aa-c0e6364d54a6,314,2023-08-24 00:00:00,1,204.0,70,24.48,0.0,confirmed,2024-01-22 00:00:00,2023-08-23 23:00:00,2023-08-23 23:00:00
1b8f1244-a748-4e44-b2d3-7cd16ac773c4,324,2024-01-16 00:00:00,5,437.5,123,52.5,43.75,cancelled,2024-07-11 00:00:00,2024-01-15 12:00:00,2024-01-15 12:00:00
ead16b72-5392-4c5f-bd9a-6d02ab857b8f,72,2023-07-18 00:00:00,4,1080.0,97,129.6,108.0,cancelled,2023-10-10 00:00:00,2023-07-17 12:00:00,2023-07-17 12:00:00
b1924a59-c9fb-45db-b896-797bbd9099ae,344,2023-10-11 00:00:00,13,1729.0,98,207.48,0.0,confirmed,2024-01-30 00:00:00,2023-10-10 07:00:00,2023-10-20 07:00:00
02c36ca9-9df3-48f0-b845-9281e333c753,67,2024-02-11 00:00:00,9,8640.0,55,1036.8,0.0,confirmed,2024-06-22 00:00:00,2024-02-10 02:00:00,2024-02-10 02:00:00
88787861-6e53-42b8-bf4e-52cd7efa01c1,117,2023-07-13 00:00:00,8,1280.0,40,153.6,128.0,cancelled,2023-12-31 00:00:00,2023-07-12 08:00:00,2023-07-12 08:00:00
d9cd5493-77c3-4296-9cd7-42d668eef78b,448,2023-06-16 00:00:00,14,1862.0,83,223.44,0.0,confirmed,2023-07-06 00:00:00,2023-06-15 16:00:00,2023-06-15 16:00:00
b89dec8e-c7cc-4461-b238-4c83c21da85b,36,2024-03-09 00:00:00,3,816.0,132,97.92,0.0,confirmed,2024-04-07 00:00:00,2024-03-08 00:00:00,2024-03-17 00:00:00
2154764c-b0d6-4ef8-ab25-b209973cb0c6,35,2024-03-07 00:00:00,7,1715.0,111,205.8,171.5,cancelled,2024-08-28 00:00:00,2024-03-06 08:00:00,2024-03-15 08:00:00
6b65c16e-8f8f-49f6-9675-cf506b3860cd,227,2024-06-14 00:00:00,12,1632.0,122,195.84,163.2,cancelled,2024-08-25 00:00:00,2024-06-13 06:00:00,2024-06-13 06:00:00
1d24afa0-729f-4a31-a63a-e1234965c2c5,232,2024-01-20 00:00:00,3,336.0,127,40.32,33.6,cancelled,2024-03-24 00:00:00,2024-01-19 04:00:00,2024-01-19 04:00:00
20bc2a58-5d44-4540-95c7-6e51811006bb,479,2024-06-16 00:00:00,12,7452.0,133,894.24,745.2,cancelled,2024-08-29 00:00:00,2024-06-15 02:00:00,2024-06-15 02:00:00
00278dff-5ce9-44af-9987-67454bf0c4b4,471,2024-02-23 00:00:00,6,3162.0,47,379.44,0.0,confirmed,2024-06-27 00:00:00,2024-02-22 21:00:00,2024-02-22 21:00:00
98d96afc-0a84-4e36-8745-947445ed728a,321,2023-08-23 00:00:00,11,2574.0,68,308.88,257.4,cancelled,2023-12-21 00:00:00,2023-08-22 16:00:00,2023-08-22 16:00:00
7c02c0ac-ca71-455c-a38f-18dc1893d32e,413,2024-07-13 00:00:00,4,304.0,94,36.48,30.4,cancelled,2024-11-12 00:00:00,2024-07-12 17:00:00,2024-07-18 17:00:00
e78ce8a7-c530-4e80-b1ef-9f623253731f,445,2023-10-06 00:00:00,6,1056.0,88,126.72,0.0,confirmed,2023-10-26 00:00:00,2023-10-05 19:00:00,2023-10-05 19:00:00
20411a99-83b4-4def-b567-3f7c1ddc373f,479,2024-05-03 00:00:00,14,8694.0,110,1043.28,0.0,confirmed,2024-10-26 00:00:00,2024-05-02 22:00:00,2024-05-02 22:00:00
74378ec8-3225-4a15-8034-b43b68c3c470,328,2023-08-02 00:00:00,1,266.0,80,31.92,0.0,confirmed,2023-12-23 00:00:00,2023-08-01 11:00:00,2023-08-01 11:00:00
90a8322b-d156-4fea-af15-97e13d7f0f23,449,2024-01-02 00:00:00,11,2722.5,51,326.7,272.25,cancelled,2024-05-02 00:00:00,2024-01-01 03:00:00,2024-01-01 03:00:00
b1ab167e-d008-45e4-97cf-5db8fb8b6615,392,2024-04-28 00:00:00,2,224.0,121,26.88,0.0,confirmed,2024-10-12 00:00:00,2024-04-27 12:00:00,2024-04-27 12:00:00
84272b10-4dfc-4193-9985-038f7de31a48,318,2024-07-09 00:00:00,11,1045.0,70,125.4,0.0,confirmed,2024-09-09 00:00:00,2024-07-08 16:00:00,2024-07-08 16:00:00
9374a83c-511f-4b8a-9994-9a85271daa19,197,2023-12-29 00:00:00,11,3448.5,140,413.82,344.85,cancelled,2024-06-11 00:00:00,2023-12-28 16:00:00,2023-12-28 16:00:00
3470acdd-1573-4563-9237-67d3d8e0b683,280,2023-09-19 00:00:00,6,1584.0,80,190.08,0.0,confirmed,2024-03-06 00:00:00,2023-09-18 15:00:00,2023-09-18 15:00:00
58cf5499-41ac-41b1-9f35-5deae94f257a,334,2024-03-11 00:00:00,8,722.0,86,86.64,0.0,confirmed,2024-04-11 00:00:00,2024-03-10 03:00:00,2024-03-10 03:00:00
8b7ea6fd-267f-49d8-a372-c5d8f0fa41c4,429,2023-08-21 00:00:00,13,1049.75,72,125.97,0.0,confirmed,2023-08-31 00:00:00,2023-08-20 06:00:00,2023-08-20 06:00:00
780afcdf-9bb8-4633-af1f-b5a643d16d80,164,2024-04-18 00:00:00,11,935.0,111,112.2,0.0,confirmed,2024-06-22 00:00:00,2024-04-17 18:00:00,2024-04-17 18:00:00
b927d849-85d2-4b50-bedf-69b6ce45d75c,86,2023-10-31 00:00:00,9,2592.0,147,311.04,259.2,cancelled,2024-04-10 00:00:00,2023-10-30 07:00:00,2023-10-30 07:00:00
344a0b98-dd3b-41c7-978c-b814910f9a20,10,2024-08-21 00:00:00,11,4224.0,59,506.88,0.0,confirmed,2024-12-20 00:00:00,2024-08-20 23:00:00,2024-08-20 23:00:00
b3530642-271d-4a86-bb8c-b1b51f66b09f,126,2023-12-27 00:00:00,4,476.0,136,57.12,0.0,confirmed,2024-02-18 00:00:00,2023-12-26 02:00:00,2023-12-26 02:00:00
327ff825-3a36-4974-8e48-c7c1c0c45259,175,2023-06-28 00:00:00,14,1330.0,86,159.6,0.0,confirmed,2023-09-26 00:00:00,2023-06-27 11:00:00,2023-06-27 11:00:00
24703f30-c20b-4bb3-ab06-04fe9a48b179,38,2023-06-14 00:00:00,12,3960.0,134,475.2,396.0,cancelled,2023-11-04 00:00:00,2023-06-13 23:00:00,2023-06-13 23:00:00
4fd70dae-a090-482c-826b-ff584938af26,292,2023-10-25 00:00:00,9,5670.0,134,680.4,0.0,confirmed,2023-12-18 00:00:00,2023-10-24 02:00:00,2023-10-24 02:00:00
fe1e98c3-60a5-4f9b-8af2-7c822be9b549,272,2023-08-27 00:00:00,6,3087.0,46,370.44,308.7,cancelled,2023-11-14 00:00:00,2023-08-26 05:00:00,2023-08-26 05:00:00
80c3dd96-93a1-4f0f-a584-7150be96a357,441,2023-12-06 00:00:00,8,1480.0,143,177.6,0.0,confirmed,2024-01-17 00:00:00,2023-12-05 10:00:00,2023-12-05 10:00:00
18ed27eb-ce1f-46d8-ab6f-90bd3b2f1e51,10,2024-09-14 00:00:00,14,5376.0,104,645.12,537.6,cancelled,2024-11-22 00:00:00,2024-09-13 20:00:00,2024-09-17 20:00:00
27ab27ce-aac0-4c9d-95ba-f6c4f9fa3e3a,143,2024-04-13 00:00:00,1,80.0,111,9.6,0.0,confirmed,2024-04-22 00:00:00,2024-04-12 12:00:00,2024-04-12 12:00:00
bbbf551a-af4a-4942-b275-8b98bb82ed85,22,2024-06-08 00:00:00,7,432.25,131,51.87,0.0,confirmed,2024-06-11 00:00:00,2024-06-07 22:00:00,2024-06-07 22:00:00
d2b48d08-d15a-4a0b-972c-b88fce162252,105,2024-03-07 00:00:00,2,154.0,71,18.48,15.4,cancelled,2024-06-21 00:00:00,2024-03-06 12:00:00,2024-03-06 12:00:00
1faeb7e3-4934-4db5-a928-bdfcf2107923,156,2023-09-23 00:00:00,11,1567.5,93,188.1,156.75,cancelled,2024-01-27 00:00:00,2023-09-22 07:00:00,2023-09-22 07:00:00
1e2b2e9f-053a-4b0d-8779-50728f5eea4c,436,2024-05-09 00:00:00,6,810.0,87,97.2,0.0,confirmed,2024-08-28 00:00:00,2024-05-08 03:00:00,2024-05-08 03:00:00
23ff130f-2457-42d8-a07b-b223b7efc993,312,2024-01-29 00:00:00,8,1650.0,128,198.0,165.0,cancelled,2024-04-25 00:00:00,2024-01-28 09:00:00,2024-01-28 09:00:00
87ce5852-7646-4b79-9893-ec68aca324cf,334,2024-02-11 00:00:00,5,451.25,79,54.15,0.0,confirmed,2024-07-30 00:00:00,2024-02-10 10:00:00,2024-02-10 10:00:00
9307d10c-c0b7-4c0b-99e2-f7c62a5093f6,212,2023-10-19 00:00:00,13,697.06,57,83.65,0.0,confirmed,2024-02-17 00:00:00,2023-10-18 15:00:00,2023-10-18 15:00:00
bbcd32ee-23fa-4c40-b43d-a9e9dc19544a,292,2024-02-14 00:00:00,1,630.0,135,75.6,63.0,cancelled,2024-06-21 00:00:00,2024-02-13 02:00:00,2024-02-13 02:00:00
6da2c9b9-32ee-4279-95e4-6a6114a004ab,304,2024-05-03 00:00:00,7,770.0,59,92.4,0.0,confirmed,2024-05-20 00:00:00,2024-05-02 23:00:00,2024-05-02 23:00:00
7bac554c-3456-4ece-8e11-6136e9c3b2a2,326,2023-11-19 00:00:00,4,330.0,99,39.6,0.0,confirmed,2024-01-21 00:00:00,2023-11-18 08:00:00,2023-11-18 08:00:00
69c17197-53c8-4540-8055-cc5c3ac54ff6,457,2024-01-02 00:00:00,7,3024.0,43,362.88,0.0,confirmed,2024-04-25 00:00:00,2024-01-01 18:00:00,2024-01-01 18:00:00
2dc2dc53-5fa6-42d3-b862-0fa782dc89fb,477,2024-04-30 00:00:00,7,481.25,144,57.75,0.0,confirmed,2024-10-24 00:00:00,2024-04-29 10:00:00,2024-04-29 10:00:00
acac36ba-1bdc-4b29-a8b2-e7c6524e4fa3,263,2023-09-01 00:00:00,6,924.0,148,110.88,0.0,confirmed,2024-02-07 00:00:00,2023-08-31 11:00:00,2023-08-31 11:00:00
5ad46e74-449e-4f60-b6f8-cd9766c34a9c,168,2024-05-27 00:00:00,7,2100.0,102,252.0,0.0,confirmed,2024-06-09 00:00:00,2024-05-26 23:00:00,2024-05-26 23:00:00
407210aa-92cb-4eb2-992a-8b0dc67e87a6,192,2023-06-14 00:00:00,1,154.0,69,18.48,0.0,confirmed,2023-07-20 00:00:00,2023-06-13 17:00:00,2023-06-13 17:00:00
0e8d6316-771b-49b8-b42c-82e9dce2e044,480,2023-06-25 00:00:00,8,896.0,124,107.52,0.0,confirmed,2023-07-07 00:00:00,2023-06-24 11:00:00,2023-06-24 11:00:00
fe47ffcb-c42e-46ad-ac88-c49db8b31576,102,2024-08-10 00:00:00,14,1197.0,77,143.64,0.0,confirmed,2024-10-14 00:00:00,2024-08-09 14:00:00,2024-08-09 14:00:00
ea3e34b5-ad7c-4479-9c5a-e9831a1e0575,167,2023-03-15 00:00:00,14,7098.0,147,851.76,0.0,confirmed,2023-05-05 00:00:00,2023-03-14 21:00:00,2023-03-14 21:00:00
51090ee3-9bf6-480e-8bf8-446976c567a1,83,2023-01-18 00:00:00,11,6864.0,50,823.68,0.0,confirmed,2023-06-17 00:00:00,2023-01-17 09:00:00,2023-01-17 09:00:00
b15058bc-7ebe-419a-9a41-f682ddc056a3,316,2023-07-30 00:00:00,3,900.0,45,108.0,0.0,confirmed,2023-10-08 00:00:00,2023-07-29 11:00:00,2023-07-29 11:00:00
500f35cb-804b-4489-8adb-d8d82deb0867,206,2023-10-12 00:00:00,14,3059.0,135,367.08,0.0,confirmed,2023-11-30 00:00:00,2023-10-11 20:00:00,2023-10-11 20:00:00
1be25b07-ecb6-4969-aee0-f97100681821,469,2024-01-25 00:00:00,10,1045.0,66,125.4,0.0,confirmed,2024-02-15 00:00:00,2024-01-24 04:00:00,2024-01-24 04:00:00
f77ad184-6fe9-4ab9-a974-ae36ac3c1ef0,397,2023-12-26 00:00:00,8,1518.0,150,182.16,0.0,confirmed,2024-04-06 00:00:00,2023-12-25 11:00:00,2023-12-25 11:00:00
53db9582-37d4-4018-9c73-72572b74dbbe,330,2024-06-25 00:00:00,6,2604.0,99,312.48,0.0,confirmed,2024-12-15 00:00:00,2024-06-24 15:00:00,2024-06-24 15:00:00
95fe0c56-776f-4300-85f7-8d8282878d1e,441,2023-12-13 00:00:00,7,1295.0,103,155.4,0.0,confirmed,2024-05-23 00:00:00,2023-12-12 07:00:00,2023-12-12 07:00:00
44b934e1-4062-47bd-921a-fdaff2c4ba99,476,2023-06-20 00:00:00,10,2422.5,42,290.7,0.0,confirmed,2023-11-05 00:00:00,2023-06-19 02:00:00,2023-06-26 02:00:00
a5e31c92-dd25-465a-9c4c-be2c485457b1,411,2023-11-17 00:00:00,2,209.0,145,25.08,20.9,cancelled,2024-01-25 00:00:00,2023-11-16 04:00:00,2023-11-25 04:00:00
1bac1d12-c827-4a72-a6ae-1ed5c1995331,59,2023-06-28 00:00:00,5,831.25,75,99.75,0.0,confirmed,2023-08-03 00:00:00,2023-06-27 13:00:00,2023-06-27 13:00:00
550bac2d-912f-4633-ac16-ddd306075e2f,268,2023-09-03 00:00:00,3,627.0,81,75.24,0.0,confirmed,2023-11-08 00:00:00,2023-09-02 18:00:00,2023-09-02 18:00:00
69bacf19-d5a0-4628-9d76-a044fb71bf2c,379,2023-07-17 00:00:00,13,1430.0,150,171.6,0.0,confirmed,2023-07-26 00:00:00,2023-07-16 17:00:00,2023-07-16 17:00:00
ff065b45-0265-4262-af15-c6057dfb21c9,64,2024-05-10 00:00:00,5,2480.0,40,297.6,0.0,confirmed,2024-06-25 00:00:00,2024-05-09 16:00:00,2024-05-09 16:00:00
b82d80af-85b6-4f01-b587-774421606fc9,6,2023-12-18 00:00:00,13,4914.0,52,589.68,0.0,confirmed,2024-03-15 00:00:00,2023-12-17 05:00:00,2023-12-17 05:00:00
3f76a67a-fab9-4672-a99b-3dbdc87c8397,227,2023-10-21 00:00:00,6,816.0,60,97.92,0.0,confirmed,2024-04-14 00:00:00,2023-10-20 12:00:00,2023-10-20 12:00:00
b880917f-6abd-4c9b-bf0f-f84476a5cad0,177,2023-10-29 00:00:00,6,2484.0,69,298.08,0.0,confirmed,2024-04-15 00:00:00,2023-10-28 17:00:00,2023-10-28 17:00:00
153187cb-4e3a-4b96-9d48-d311ef2b30e3,140,2024-02-26 00:00:00,12,1386.0,93,166.32,0.0,confirmed,2024-05-13 00:00:00,2024-02-25 11:00:00,2024-02-25 11:00:00
578f733c-9513-4f0f-ad84-51064fc6ce58,433,2023-11-15 00:00:00,2,676.5,106,81.18,67.65,cancelled,2024-01-31 00:00:00,2023-11-14 01:00:00,2023-11-14 01:00:00
b68d0eaa-6e91-4778-8dfb-4c01d9daa75c,431,2024-02-12 00:00:00,11,786.5,80,94.38,78.65,cancelled,2024-08-05 00:00:00,2024-02-11 23:00:00,2024-02-11 23:00:00
3b67055b-7bb5-44b9-b6f5-0a1622c7ab25,84,2023-06-24 00:00:00,4,462.0,57,55.44,0.0,confirmed,2023-08-11 00:00:00,2023-06-23 01:00:00,2023-06-23 01:00:00
2e918558-e661-4268-a680-a1896ffd7919,355,2024-01-01 00:00:00,6,1710.0,122,205.2,0.0,confirmed,2024-01-17 00:00:00,2023-12-31 22:00:00,2024-01-10 22:00:00
1e7ca266-68d6-487a-a8ff-4460ebf48559,445,2023-05-21 00:00:00,3,528.0,90,63.36,52.8,cancelled,2023-09-04 00:00:00,2023-05-20 18:00:00,2023-05-20 18:00:00
f3aaad73-cd1e-495b-8baa-73002ae800c4,197,2024-06-06 00:00:00,4,1254.0,138,150.48,0.0,confirmed,2024-11-01 00:00:00,2024-06-05 04:00:00,2024-06-05 04:00:00
6f7317c6-095b-48e5-bba5-4e160982d743,347,2024-02-16 00:00:00,6,3168.0,43,380.16,0.0,confirmed,2024-03-14 00:00:00,2024-02-15 16:00:00,2024-02-15 16:00:00
2007fe7b-79f4-433c-9e07-5a2baf69bb78,162,2024-04-18 00:00:00,7,787.5,91,94.5,0.0,confirmed,2024-06-10 00:00:00,2024-04-17 19:00:00,2024-04-17 19:00:00
5e7a462b-9f29-428a-af14-c97522b43d4b,498,2024-05-28 00:00:00,10,1400.0,134,168.0,0.0,confirmed,2024-08-30 00:00:00,2024-05-27 23:00:00,2024-05-27 23:00:00
894c9e6f-f6cb-4588-9508-e4a10989393d,429,2023-04-20 00:00:00,2,161.5,79,19.38,16.15,cancelled,2023-09-18 00:00:00,2023-04-19 13:00:00,2023-04-19 13:00:00
c049e4b7-b8ab-4857-86b8-f8ffb2144ed3,83,2023-03-03 00:00:00,2,1248.0,52,149.76,0.0,confirmed,2023-03-25 00:00:00,2023-03-02 21:00:00,2023-03-02 21:00:00
50f26981-8fbc-418c-a00b-1e0bd0708621,204,2023-09-06 00:00:00,7,1995.0,42,239.4,0.0,confirmed,2023-10-28 00:00:00,2023-09-05 11:00:00,2023-09-05 11:00:00
718f9f10-5871-4f40-a8a2-a95bcbb9f0e5,178,2024-07-08 00:00:00,9,1874.25,45,224.91,0.0,confirmed,2024-08-16 00:00:00,2024-07-07 10:00:00,2024-07-07 10:00:00
e94a6b6a-0b5b-4832-a03e-fbd108941eb0,424,2023-05-24 00:00:00,2,341.0,47,40.92,0.0,confirmed,2023-06-14 00:00:00,2023-05-23 09:00:00,2023-05-23 09:00:00
dda1a330-f33b-47bf-92eb-34b8bfa59b3a,263,2023-10-04 00:00:00,3,462.0,122,55.44,46.2,cancelled,2024-03-10 00:00:00,2023-10-03 02:00:00,2023-10-03 02:00:00
be40f934-eb71-4bc2-994e-b21cd3552243,464,2023-10-13 00:00:00,4,640.0,76,76.8,0.0,confirmed,2024-02-23 00:00:00,2023-10-12 21:00:00,2023-10-12 21:00:00
53a76768-11c7-4700-871a-2f654d095cbd,15,2023-10-23 00:00:00,14,3234.0,46,388.08,0.0,confirmed,2023-12-18 00:00:00,2023-10-22 01:00:00,2023-10-22 01:00:00
f2d35074-1b2c-4907-8805-27dc8b1c31f0,370,2024-02-02 00:00:00,10,1852.5,85,222.3,0.0,confirmed,2024-05-05 00:00:00,2024-02-01 12:00:00,2024-02-01 12:00:00
75746efd-e3f8-49d2-9e43-a3b9d8736110,437,2024-01-22 00:00:00,13,2860.0,126,343.2,0.0,confirmed,2024-02-20 00:00:00,2024-01-21 02:00:00,2024-01-21 02:00:00
fd23f6b5-3488-4352-93c1-1f09fda4432d,401,2023-04-17 00:00:00,8,2048.0,122,245.76,0.0,confirmed,2023-04-22 00:00:00,2023-04-16 07:00:00,2023-04-21 07:00:00
2d72b749-baa9-496a-83a5-aca2ce4f09bf,431,2024-01-16 00:00:00,2,143.0,105,17.16,0.0,confirmed,2024-06-15 00:00:00,2024-01-15 11:00:00,2024-01-15 11:00:00
f597ce65-96eb-4d89-a39f-3a52716d5c1e,370,2024-03-15 00:00:00,12,2223.0,111,266.76,0.0,confirmed,2024-05-31 00:00:00,2024-03-14 00:00:00,2024-03-16 00:00:00
8e8ae7f0-99fd-422f-8536-74b9ba9bad7d,393,2024-07-08 00:00:00,6,1380.0,72,165.6,138.0,cancelled,2024-12-29 00:00:00,2024-07-07 22:00:00,2024-07-14 22:00:00
3b61c08e-9d61-4a7b-940f-3449050db553,377,2024-08-18 00:00:00,12,2079.0,72,249.48,207.9,cancelled,2024-10-25 00:00:00,2024-08-17 10:00:00,2024-08-17 10:00:00
5d68a14f-71f5-4e4c-98a3-fc50cea0a01c,72,2023-06-15 00:00:00,6,1620.0,83,194.4,0.0,confirmed,2023-09-10 00:00:00,2023-06-14 01:00:00,2023-06-14 01:00:00
113ebdd5-232a-47c3-a93e-088b9e99bd8a,262,2023-02-17 00:00:00,10,5880.0,134,705.6,588.0,cancelled,2023-07-30 00:00:00,2023-02-16 16:00:00,2023-02-16 16:00:00
a2e71fa4-ce35-4690-82ba-09f0d31346ff,328,2023-04-16 00:00:00,2,532.0,46,63.84,53.2,cancelled,2023-07-17 00:00:00,2023-04-15 03:00:00,2023-04-15 03:00:00
8f70ab57-2dca-4501-894b-aa1a1a30a20b,32,2024-02-16 00:00:00,7,5474.0,79,656.88,547.4,cancelled,2024-06-01 00:00:00,2024-02-15 15:00:00,2024-02-21 15:00:00
c73703de-5c85-451b-8345-ccb718cf9d35,145,2023-06-10 00:00:00,7,654.5,111,78.54,0.0,confirmed,2023-06-12 00:00:00,2023-06-09 09:00:00,2023-06-09 09:00:00
8313c2bc-0828-4f0f-ac7b-18b31bd280df,236,2023-05-01 00:00:00,5,2730.0,109,327.6,273.0,cancelled,2023-07-13 00:00:00,2023-04-30 14:00:00,2023-05-08 14:00:00
f7236524-56cb-4add-bf40-a8a22305fe39,495,2024-01-27 00:00:00,4,600.0,117,72.0,60.0,cancelled,2024-04-24 00:00:00,2024-01-26 12:00:00,2024-01-26 12:00:00
5f0fd873-f3b1-4269-9171-4afc11a8a87c,475,2023-09-11 00:00:00,14,1400.0,130,168.0,140.0,cancelled,2024-02-25 00:00:00,2023-09-10 08:00:00,2023-09-10 08:00:00
2459c8c7-12b1-44d3-a41b-eb81d298320a,360,2024-01-16 00:00:00,2,133.0,43,15.96,0.0,confirmed,2024-01-23 00:00:00,2024-01-15 23:00:00,2024-01-15 23:00:00
5ef35b7e-1253-43d8-8ad9-77458c5caa72,137,2023-05-22 00:00:00,14,5320.0,100,638.4,0.0,confirmed,2023-10-23 00:00:00,2023-05-21 11:00:00,2023-05-21 11:00:00
94cdb509-c6d1-44f4-800e-8b99b6807458,381,2023-05-31 00:00:00,7,2464.0,81,295.68,0.0,confirmed,2023-10-24 00:00:00,2023-05-30 21:00:00,2023-05-30 21:00:00
730f53c7-ed94-41a2-8c5c-3f032f1d8a0b,332,2023-05-13 00:00:00,4,352.0,124,42.24,0.0,confirmed,2023-07-14 00:00:00,2023-05-12 01:00:00,2023-05-12 01:00:00
49ef915e-532c-46bd-b9b9-9b3df7be6a37,474,2023-12-23 00:00:00,3,1035.0,104,124.2,0.0,confirmed,2024-01-05 00:00:00,2023-12-22 12:00:00,2023-12-22 12:00:00
2c50a984-6889-4ca9-a5cc-9dcb673dd7db,433,2024-01-31 00:00:00,11,3720.75,140,446.49,0.0,confirmed,2024-02-07 00:00:00,2024-01-30 16:00:00,2024-02-06 16:00:00
239c823f-e1d3-4c86-b516-0dba4f011c93,133,2024-06-03 00:00:00,1,429.0,130,51.48,0.0,confirmed,2024-07-01 00:00:00,2024-06-02 13:00:00,2024-06-06 13:00:00
2332bec4-ede1-496d-ad66-d54e1e2aeadd,35,2024-04-09 00:00:00,2,490.0,49,58.8,0.0,confirmed,2024-08-24 00:00:00,2024-04-08 09:00:00,2024-04-08 09:00:00
4ddd1649-65cc-4c7e-b39e-5dc395b88c1f,334,2023-11-24 00:00:00,14,1263.5,101,151.62,126.35,cancelled,2024-03-28 00:00:00,2023-11-23 10:00:00,2023-11-23 10:00:00
c9de8f65-4661-42a8-9951-bf52d4ef4c7d,331,2023-12-29 00:00:00,4,340.0,101,40.8,34.0,cancelled,2024-04-14 00:00:00,2023-12-28 01:00:00,2023-12-28 01:00:00
42a3d241-efa6-453d-a711-1fe5d9d32e90,341,2024-02-10 00:00:00,13,1072.5,142,128.7,0.0,confirmed,2024-05-14 00:00:00,2024-02-09 13:00:00,2024-02-09 13:00:00
6ef1c7d5-bc50-45a5-bef9-cad10bd736ea,19,2023-04-27 00:00:00,7,616.0,102,73.92,0.0,confirmed,2023-08-15 00:00:00,2023-04-26 14:00:00,2023-04-26 14:00:00
f665c49c-4a89-43f5-853d-8ea9f8ec7301,300,2024-01-08 00:00:00,14,2128.0,123,255.36,0.0,confirmed,2024-04-17 00:00:00,2024-01-07 09:00:00,2024-01-11 09:00:00
dd0cb413-9940-4497-a0c1-182ba0c29b39,349,2023-02-12 00:00:00,1,77.0,138,9.24,7.7,cancelled,2023-07-31 00:00:00,2023-02-11 02:00:00,2023-02-11 02:00:00
6ebb6cf1-caf7-441c-9ce5-2d960a2aa57d,10,2024-06-20 00:00:00,5,1920.0,64,230.4,0.0,confirmed,2024-11-10 00:00:00,2024-06-19 01:00:00,2024-06-19 01:00:00
b11255ad-1fcb-4d43-9a50-af5219146579,142,2023-03-03 00:00:00,10,1540.0,119,184.8,0.0,confirmed,2023-04-08 00:00:00,2023-03-02 18:00:00,2023-03-02 18:00:00
3fc51e0c-95dc-49e0-8518-5dbee8751cfe,256,2023-08-30 00:00:00,11,589.82,86,70.78,0.0,confirmed,2024-02-23 00:00:00,2023-08-29 06:00:00,2023-08-29 06:00:00
f4022476-edc1-4872-849c-3101c348550e,254,2023-11-18 00:00:00,14,6300.0,87,756.0,0.0,confirmed,2024-02-11 00:00:00,2023-11-17 00:00:00,2023-11-17 00:00:00
d3d40fb1-33e2-4a5d-997f-14a407ae8e72,160,2024-02-18 00:00:00,7,1309.0,148,157.08,0.0,confirmed,2024-04-15 00:00:00,2024-02-17 19:00:00,2024-02-17 19:00:00
7e7cde56-4a50-45c5-9b5b-7e9aa51289fd,129,2023-11-23 00:00:00,6,420.72,75,50.49,42.07,cancelled,2024-05-19 00:00:00,2023-11-22 07:00:00,2023-11-22 07:00:00
ce688ed5-2ef4-4592-82d1-b3c89ab0c79a,76,2024-07-22 00:00:00,6,714.0,109,85.68,0.0,confirmed,2024-12-11 00:00:00,2024-07-21 21:00:00,2024-07-21 21:00:00
e60cd919-5df5-4d9e-8d80-3ed048e91ca4,385,2023-12-10 00:00:00,1,224.0,146,26.88,0.0,confirmed,2024-01-29 00:00:00,2023-12-09 10:00:00,2023-12-09 10:00:00
a58ee31d-af77-4324-879b-9d6ebbd6a765,470,2024-06-25 00:00:00,7,1771.0,96,212.52,0.0,confirmed,2024-08-11 00:00:00,2024-06-24 23:00:00,2024-07-04 23:00:00
cf7df296-bd22-4df0-a22e-911c57dd4671,462,2023-04-12 00:00:00,13,2730.0,124,327.6,273.0,cancelled,2023-08-04 00:00:00,2023-04-11 01:00:00,2023-04-11 01:00:00
c93790f3-8b30-4981-a969-43fdcb4850e3,142,2023-10-11 00:00:00,12,1848.0,94,221.76,184.8,cancelled,2024-02-25 00:00:00,2023-10-10 19:00:00,2023-10-10 19:00:00
d82be6e5-046c-44ab-bfc6-7e76b3855c23,248,2023-06-13 00:00:00,5,1500.0,144,180.0,0.0,confirmed,2023-07-27 00:00:00,2023-06-12 18:00:00,2023-06-12 18:00:00
ece236bc-b180-4162-8f2f-9a4f9859efe0,210,2023-11-18 00:00:00,1,126.5,143,15.18,12.65,cancelled,2024-04-15 00:00:00,2023-11-17 19:00:00,2023-11-27 19:00:00
ee346177-a49a-4fc9-a369-ff311135dffe,485,2023-10-09 00:00:00,11,4389.0,107,526.68,0.0,confirmed,2024-02-11 00:00:00,2023-10-08 02:00:00,2023-10-08 02:00:00
922a6055-97eb-4f56-a2b1-5a20623e95ec,83,2023-09-08 00:00:00,14,8736.0,49,1048.32,0.0,confirmed,2023-12-15 00:00:00,2023-09-07 12:00:00,2023-09-07 12:00:00
f409ba95-d787-4657-9434-6c702964e86a,348,2023-02-02 00:00:00,9,495.0,100,59.4,49.5,cancelled,2023-05-04 00:00:00,2023-02-01 18:00:00,2023-02-01 18:00:00
08aa531c-3931-46d6-a8c9-378f9f461ea0,328,2023-12-11 00:00:00,11,2926.0,55,351.12,0.0,confirmed,2024-01-20 00:00:00,2023-12-10 13:00:00,2023-12-10 13:00:00
a4e5a840-a059-46b7-87b2-51b51ce09339,76,2023-11-13 00:00:00,1,119.0,56,14.28,0.0,confirmed,2024-02-07 00:00:00,2023-11-12 05:00:00,2023-11-12 05:00:00
7cbf56ad-db41-4339-bdac-fb0b0c43d91b,105,2023-07-19 00:00:00,3,231.0,130,27.72,0.0,confirmed,2024-01-13 00:00:00,2023-07-18 18:00:00,2023-07-18 18:00:00
d9126a7d-5d77-4c54-9e1f-50cb29bbde2f,158,2023-10-25 00:00:00,12,2442.0,124,293.04,0.0,confirmed,2023-12-27 00:00:00,2023-10-24 03:00:00,2023-10-24 03:00:00
88786271-ce5c-4583-b605-3cdaf3611d6d,82,2023-10-11 00:00:00,12,7104.0,91,852.48,710.4,cancelled,2024-01-26 00:00:00,2023-10-10 15:00:00,2023-10-12 15:00:00
b3076218-68a8-4290-b15d-399df83d2084,29,2023-11-02 00:00:00,10,2400.0,59,288.0,240.0,cancelled,2024-02-18 00:00:00,2023-11-01 01:00:00,2023-11-01 01:00:00
48f27d20-8981-4ce8-8636-3e9f0c9bd210,61,2024-01-06 00:00:00,9,1299.42,148,155.93,0.0,confirmed,2024-03-01 00:00:00,2024-01-05 06:00:00,2024-01-05 06:00:00
b1e0918d-b37b-4aed-9f72-3271dfe975e3,499,2023-11-17 00:00:00,11,968.0,55,116.16,96.8,cancelled,2024-03-23 00:00:00,2023-11-16 18:00:00,2023-11-16 18:00:00
a71483e1-a7bf-4796-ab03-51e9dd5846bd,120,2023-12-30 00:00:00,6,399.0,130,47.88,0.0,confirmed,2024-01-09 00:00:00,2023-12-29 11:00:00,2023-12-29 11:00:00
84ecdf82-8459-40e6-b619-2d8cee8afb09,455,2023-08-28 00:00:00,7,1323.0,68,158.76,132.3,cancelled,2023-11-25 00:00:00,2023-08-27 03:00:00,2023-08-27 03:00:00
5fa16cce-ccc8-4dff-8946-e6e77410ba8b,362,2023-05-21 00:00:00,10,1705.0,53,204.6,0.0,confirmed,2023-06-28 00:00:00,2023-05-20 18:00:00,2023-05-20 18:00:00
ce067421-cbb4-4d46-9c2a-68fd0f812ca0,356,2024-04-08 00:00:00,7,2331.0,88,279.72,0.0,confirmed,2024-05-28 00:00:00,2024-04-07 05:00:00,2024-04-07 05:00:00
2228ea69-266e-413f-9659-f3af99eb71e4,228,2023-12-05 00:00:00,1,231.0,88,27.72,0.0,confirmed,2024-01-16 00:00:00,2023-12-04 12:00:00,2023-12-04 12:00:00
1aa9fd4b-3d21-4a48-9fbe-9923762e371e,497,2024-02-07 00:00:00,5,1120.0,84,134.4,112.0,cancelled,2024-02-25 00:00:00,2024-02-06 09:00:00,2024-02-06 09:00:00
85017e03-9bfc-4f1b-b266-87263ee18a73,55,2024-01-26 00:00:00,2,310.0,54,37.2,0.0,confirmed,2024-04-24 00:00:00,2024-01-25 18:00:00,2024-01-25 18:00:00
9f0f84f7-a6e9-4ae4-9f1c-fede37ac911f,39,2023-08-24 00:00:00,13,1716.0,123,205.92,0.0,confirmed,2023-09-15 00:00:00,2023-08-23 08:00:00,2023-08-23 08:00:00
16758609-846f-4e26-8a30-f6262ebe3874,162,2024-03-28 00:00:00,3,337.5,58,40.5,0.0,confirmed,2024-05-19 00:00:00,2024-03-27 19:00:00,2024-03-28 19:00:00
902de3c4-96c2-486d-8a45-3579494f1d57,484,2024-05-13 00:00:00,6,1170.0,65,140.4,0.0,confirmed,2024-07-12 00:00:00,2024-05-12 10:00:00,2024-05-12 10:00:00
71163791-1a0f-4a14-886e-fb7182acd437,350,2024-05-28 00:00:00,11,2464.0,109,295.68,246.4,cancelled,2024-11-12 00:00:00,2024-05-27 12:00:00,2024-06-04 12:00:00
36a21e04-a72b-4c73-b4e4-e4619476113f,420,2023-08-06 00:00:00,13,6006.0,142,720.72,0.0,confirmed,2023-09-17 00:00:00,2023-08-05 09:00:00,2023-08-05 09:00:00
c290f8cf-91a5-4a76-be4c-f48e72571eca,366,2023-11-14 00:00:00,10,1610.0,145,193.2,0.0,confirmed,2023-12-24 00:00:00,2023-11-13 04:00:00,2023-11-13 04:00:00
d9d936af-b020-4bc0-adca-00cc270dcb13,483,2023-10-14 00:00:00,10,715.0,133,85.8,0.0,confirmed,2024-03-04 00:00:00,2023-10-13 21:00:00,2023-10-13 21:00:00
333b019a-ad3d-4733-a76b-115c386c708f,449,2024-02-22 00:00:00,7,1732.5,75,207.9,0.0,confirmed,2024-03-05 00:00:00,2024-02-21 05:00:00,2024-02-21 05:00:00
fabc6c83-8bb5-48a6-9714-3efcaea6d390,243,2023-10-19 00:00:00,4,352.0,113,42.24,35.2,cancelled,2024-03-15 00:00:00,2023-10-18 17:00:00,2023-10-18 17:00:00
2137107d-92ed-4c11-bd0f-cfd9c49f3bc5,481,2023-09-25 00:00:00,2,170.0,104,20.4,0.0,confirmed,2024-02-12 00:00:00,2023-09-24 01:00:00,2023-09-24 01:00:00
f97deae1-f757-4dd6-b501-b96f49c32b58,80,2024-09-08 00:00:00,11,4290.0,103,514.8,0.0,confirmed,2024-11-25 00:00:00,2024-09-07 04:00:00,2024-09-14 04:00:00
714e6fa0-d058-4b80-821a-465ae2a8d62a,214,2023-11-06 00:00:00,6,1980.0,116,237.6,0.0,confirmed,2024-03-13 00:00:00,2023-11-05 13:00:00,2023-11-05 13:00:00
f0921bc7-f2dd-404e-adec-f221e2f33722,195,2024-01-27 00:00:00,3,199.5,77,23.94,0.0,confirmed,2024-03-14 00:00:00,2024-01-26 07:00:00,2024-01-26 07:00:00
750c57f5-b342-4419-9b2a-2fb25c67f6e7,152,2023-09-24 00:00:00,5,2025.0,66,243.0,0.0,confirmed,2023-11-09 00:00:00,2023-09-23 00:00:00,2023-09-23 00:00:00
ae57f067-017b-4603-92b1-82d05538e91a,449,2023-06-28 00:00:00,1,247.5,62,29.7,0.0,confirmed,2023-06-30 00:00:00,2023-06-27 02:00:00,2023-06-27 02:00:00
ec2f9dc2-e30d-4443-b4d8-b2deb4309b7d,407,2023-09-12 00:00:00,1,110.0,99,13.2,11.0,cancelled,2024-02-28 00:00:00,2023-09-11 02:00:00,2023-09-21 02:00:00
b5122f29-cae9-4974-a132-206a2a4ee5c9,275,2023-04-10 00:00:00,11,1678.82,110,201.46,0.0,confirmed,2023-07-28 00:00:00,2023-04-09 20:00:00,2023-04-09 20:00:00
ab288084-74c4-4e5c-8aff-b7aae09b716f,324,2024-04-28 00:00:00,9,787.5,89,94.5,0.0,confirmed,2024-05-18 00:00:00,2024-04-27 06:00:00,2024-04-27 06:00:00
16a8df71-ab80-4ce8-9c5b-04892ec09a9c,39,2023-09-28 00:00:00,2,264.0,144,31.68,0.0,confirmed,2023-12-14 00:00:00,2023-09-27 03:00:00,2023-09-27 03:00:00
5c13aad4-c526-40ae-be9a-717b3ea25a33,46,2023-06-22 00:00:00,8,836.0,114,100.32,83.6,cancelled,2023-09-03 00:00:00,2023-06-21 05:00:00,2023-06-21 05:00:00
dcb953cf-20b3-4a64-aff6-d865ca89c589,376,2023-10-06 00:00:00,14,1848.0,60,221.76,0.0,confirmed,2024-01-24 00:00:00,2023-10-05 18:00:00,2023-10-05 18:00:00
ce7ca2b8-2fba-4267-ac1b-c1633ee32276,254,2024-04-01 00:00:00,1,450.0,77,54.0,0.0,confirmed,2024-04-14 00:00:00,2024-03-31 17:00:00,2024-03-31 17:00:00
762127d2-50d1-4eb7-8b96-c21ddd4b0a18,485,2024-06-02 00:00:00,14,5586.0,58,670.32,558.6,cancelled,2024-11-11 00:00:00,2024-06-01 02:00:00,2024-06-01 02:00:00
638ef130-e4d3-49a2-a129-d1335ffef0e8,280,2024-03-01 00:00:00,13,3432.0,101,411.84,0.0,confirmed,2024-04-16 00:00:00,2024-02-29 09:00:00,2024-02-29 09:00:00
4dba30c3-15f8-4390-8029-eae273dcc616,292,2024-01-16 00:00:00,13,8190.0,78,982.8,819.0,cancelled,2024-04-16 00:00:00,2024-01-15 01:00:00,2024-01-15 01:00:00
4ebe1c35-47ad-4a84-ac14-aa7e75bfca07,399,2023-06-26 00:00:00,11,2290.75,72,274.89,0.0,confirmed,2023-10-08 00:00:00,2023-06-25 21:00:00,2023-06-25 21:00:00
fe94095c-88d2-4492-8a7b-74f0c1a15c29,278,2023-10-08 00:00:00,12,1848.0,125,221.76,0.0,confirmed,2023-10-17 00:00:00,2023-10-07 17:00:00,2023-10-07 17:00:00
9d504ca5-637c-4228-8304-172bd5764d41,158,2023-05-19 00:00:00,4,814.0,148,97.68,0.0,confirmed,2023-10-20 00:00:00,2023-05-18 10:00:00,2023-05-18 10:00:00
93adaaa5-bbb4-48b2-881c-5ca139c2b6d0,417,2023-08-13 00:00:00,6,1680.0,60,201.6,0.0,confirmed,2023-11-13 00:00:00,2023-08-12 05:00:00,2023-08-12 05:00:00
7181d90c-6ba8-44eb-a093-14bd5139cb42,413,2024-06-27 00:00:00,9,684.0,68,82.08,0.0,confirmed,2024-12-19 00:00:00,2024-06-26 17:00:00,2024-06-26 17:00:00
45321435-8d10-48bf-80c0-b7ca9dbf64ef,488,2023-06-17 00:00:00,2,496.0,94,59.52,49.6,cancelled,2023-09-13 00:00:00,2023-06-16 00:00:00,2023-06-16 00:00:00
3cc9b7d4-3fd2-413d-b255-61df8922169f,16,2023-08-12 00:00:00,14,4788.0,109,574.56,0.0,confirmed,2024-01-18 00:00:00,2023-08-11 05:00:00,2023-08-11 05:00:00
532612f7-2d97-4e66-bccb-df2ad2deba82,389,2023-08-23 00:00:00,13,2252.25,97,270.27,0.0,confirmed,2024-02-15 00:00:00,2023-08-22 11:00:00,2023-08-22 11:00:00
ca4c03de-f0b6-42f9-8714-8184af9a46b0,49,2023-05-14 00:00:00,5,490.0,84,58.8,49.0,cancelled,2023-11-08 00:00:00,2023-05-13 15:00:00,2023-05-14 15:00:00
9931d98a-f657-4476-a1c6-9bf14de24051,286,2023-07-12 00:00:00,1,189.75,137,22.77,0.0,confirmed,2024-01-04 00:00:00,2023-07-11 15:00:00,2023-07-11 15:00:00
1bf6c457-6b58-4519-b4c6-3d7f31e4a219,454,2024-05-24 00:00:00,1,208.0,118,24.96,0.0,confirmed,2024-08-17 00:00:00,2024-05-23 21:00:00,2024-05-23 21:00:00
e046d66e-8b08-4848-9961-9b360bad6433,294,2024-06-26 00:00:00,7,1030.75,42,123.69,0.0,confirmed,2024-09-17 00:00:00,2024-06-25 17:00:00,2024-06-25 17:00:00
8df0591c-7c3e-464e-879a-309439ff4016,32,2023-10-01 00:00:00,11,8602.0,40,1032.24,0.0,confirmed,2024-02-25 00:00:00,2023-09-30 01:00:00,2023-09-30 01:00:00
f4b8268c-e109-453f-8e41-5df68a0186a1,85,2024-03-05 00:00:00,10,1540.0,73,184.8,0.0,confirmed,2024-05-13 00:00:00,2024-03-04 04:00:00,2024-03-12 04:00:00
a268fb3e-0753-4727-be39-928a5ae6ca03,348,2023-07-08 00:00:00,5,275.0,59,33.0,0.0,confirmed,2023-12-17 00:00:00,2023-07-07 04:00:00,2023-07-07 04:00:00
10f0bfe1-c8fa-4fe7-b890-f7577a8f04ae,353,2024-01-19 00:00:00,11,1028.5,101,123.42,102.85,cancelled,2024-05-26 00:00:00,2024-01-18 21:00:00,2024-01-20 21:00:00
08376189-c5a0-43ce-b314-31f3c5330c41,418,2024-06-29 00:00:00,1,300.0,115,36.0,0.0,confirmed,2024-12-11 00:00:00,2024-06-28 04:00:00,2024-06-28 04:00:00
34211cb3-36d1-4e0d-b779-7f1950345db0,231,2023-11-07 00:00:00,5,763.1,76,91.57,0.0,confirmed,2024-01-29 00:00:00,2023-11-06 15:00:00,2023-11-06 15:00:00
9a6c0826-78c2-4de0-956c-ab024c4bcd8a,9,2023-10-03 00:00:00,5,385.0,47,46.2,38.5,cancelled,2024-02-28 00:00:00,2023-10-02 22:00:00,2023-10-02 22:00:00
04d1e3e9-7df9-43a9-a911-6fa82237ce3c,281,2024-07-28 00:00:00,11,1672.0,116,200.64,167.2,cancelled,2025-01-01 00:00:00,2024-07-27 13:00:00,2024-07-27 13:00:00
ae577a32-e95c-42ef-a00d-668b652a1f76,144,2024-04-13 00:00:00,3,420.0,45,50.4,42.0,cancelled,2024-09-29 00:00:00,2024-04-12 13:00:00,2024-04-12 13:00:00
c89ef938-6f3d-41a2-a6a8-02fe74bd9cfb,475,2023-10-14 00:00:00,1,100.0,44,12.0,0.0,confirmed,2024-01-07 00:00:00,2023-10-13 10:00:00,2023-10-13 10:00:00
b709043c-b9f5-4597-80c0-c80036a493ce,338,2023-09-28 00:00:00,9,1512.0,40,181.44,0.0,confirmed,2024-01-20 00:00:00,2023-09-27 01:00:00,2023-09-27 01:00:00
8dda1575-9b83-40d8-b282-18d840e0b424,129,2023-06-23 00:00:00,11,771.32,133,92.56,0.0,confirmed,2023-09-08 00:00:00,2023-06-22 18:00:00,2023-06-22 18:00:00
1221c199-735b-4af1-97b8-03d68fdb97de,456,2023-05-02 00:00:00,12,5658.0,123,678.96,0.0,confirmed,2023-09-02 00:00:00,2023-05-01 12:00:00,2023-05-01 12:00:00
dc0b39fb-3629-4e68-84d8-99c13cd331a0,368,2024-04-09 00:00:00,8,1280.0,78,153.6,0.0,confirmed,2024-08-31 00:00:00,2024-04-08 22:00:00,2024-04-08 22:00:00
12c3e299-5513-4d46-ac7b-44436107aebc,499,2023-06-01 00:00:00,4,352.0,80,42.24,35.2,cancelled,2023-07-13 00:00:00,2023-05-31 15:00:00,2023-06-07 15:00:00
ad621f7e-ef44-4c4b-aef4-3de2d91f2e5c,448,2024-01-05 00:00:00,11,1463.0,69,175.56,146.3,cancelled,2024-06-21 00:00:00,2024-01-04 09:00:00,2024-01-04 09:00:00
751fd182-05fb-4c44-995c-b85227921667,404,2023-07-06 00:00:00,12,1440.0,67,172.8,0.0,confirmed,2023-07-09 00:00:00,2023-07-05 21:00:00,2023-07-05 21:00:00
72b0239b-c029-41d2-adb3-1a9cdb79c29a,472,2023-09-10 00:00:00,4,2944.0,56,353.28,0.0,confirmed,2023-10-10 00:00:00,2023-09-09 21:00:00,2023-09-09 21:00:00
80ec0dbb-4e9a-4f93-8b88-3cf0b7efa119,53,2024-06-04 00:00:00,13,3094.0,87,371.28,309.4,cancelled,2024-09-18 00:00:00,2024-06-03 10:00:00,2024-06-03 10:00:00
0fa4750b-3f5c-4f62-8ee6-40f196a78937,13,2023-11-13 00:00:00,9,2016.0,56,241.92,0.0,confirmed,2024-01-04 00:00:00,2023-11-12 04:00:00,2023-11-12 04:00:00
bda7dd08-db40-41a8-acf0-3ac716d54470,233,2023-07-06 00:00:00,8,462.0,63,55.44,0.0,confirmed,2023-09-20 00:00:00,2023-07-05 07:00:00,2023-07-05 07:00:00
76a84989-5ef0-490d-9062-9f58adad30f4,40,2023-09-26 00:00:00,12,2376.0,132,285.12,0.0,confirmed,2023-10-07 00:00:00,2023-09-25 16:00:00,2023-09-25 16:00:00
f3beeabb-c74a-4311-b90f-256bdfad6d17,44,2023-06-27 00:00:00,4,264.0,143,31.68,26.4,cancelled,2023-11-17 00:00:00,2023-06-26 13:00:00,2023-06-26 13:00:00
7aa7cfee-f131-44cd-ac55-f1eacbd34248,132,2023-12-30 00:00:00,8,2640.0,77,316.8,264.0,cancelled,2024-02-20 00:00:00,2023-12-29 17:00:00,2023-12-29 17:00:00
3ff33082-d4f9-45ad-8763-599c7f76fd73,340,2023-08-16 00:00:00,14,2156.0,48,258.72,215.6,cancelled,2023-12-13 00:00:00,2023-08-15 12:00:00,2023-08-15 12:00:00
92f2d825-e1e0-46a8-952c-ed8f88b998fb,113,2023-04-23 00:00:00,5,805.0,85,96.6,0.0,confirmed,2023-08-23 00:00:00,2023-04-22 14:00:00,2023-04-25 14:00:00
28c3ef4d-a7d2-4157-8d96-7a5e149b60c3,40,2023-05-30 00:00:00,1,198.0,85,23.76,0.0,confirmed,2023-07-09 00:00:00,2023-05-29 04:00:00,2023-05-29 04:00:00
b8009df4-847d-409a-adf2-d2ccf0890b40,80,2024-09-20 00:00:00,12,4680.0,58,561.6,0.0,confirmed,2024-10-19 00:00:00,2024-09-19 07:00:00,2024-09-19 07:00:00
24d13d0f-13c9-4f90-a88c-906138735eec,404,2023-04-06 00:00:00,11,1320.0,141,158.4,0.0,confirmed,2023-04-10 00:00:00,2023-04-05 07:00:00,2023-04-05 07:00:00
a3e1e5d9-3939-4c28-81b1-33b27f409e13,132,2023-10-20 00:00:00,11,3630.0,141,435.6,363.0,cancelled,2024-01-13 00:00:00,2023-10-19 05:00:00,2023-10-20 05:00:00
1b9595c2-bebc-4910-a360-366190701a74,63,2023-03-02 00:00:00,3,858.0,49,102.96,85.8,cancelled,2023-08-05 00:00:00,2023-03-01 02:00:00,2023-03-01 02:00:00
64337a22-9fd0-4606-81e0-02445a47f263,489,2023-08-30 00:00:00,11,786.5,92,94.38,78.65,cancelled,2023-12-26 00:00:00,2023-08-29 03:00:00,2023-08-29 03:00:00
f7ec9ade-ed5f-4d6f-ac4f-76b577395e28,429,2023-03-06 00:00:00,11,888.25,42,106.59,0.0,confirmed,2023-03-09 00:00:00,2023-03-05 15:00:00,2023-03-05 15:00:00
20ab9309-da3f-49f1-803e-dbe412f2c3e8,494,2024-03-07 00:00:00,13,3952.0,88,474.24,0.0,confirmed,2024-06-09 00:00:00,2024-03-06 05:00:00,2024-03-06 05:00:00
f1818379-b6bd-4bf9-af7a-551f390ecd6d,171,2023-04-29 00:00:00,12,660.0,86,79.2,66.0,cancelled,2023-10-13 00:00:00,2023-04-28 20:00:00,2023-04-28 20:00:00
e36ff549-3ded-49eb-8141-3883e7829356,229,2023-06-12 00:00:00,14,2849.0,68,341.88,0.0,confirmed,2023-10-22 00:00:00,2023-06-11 06:00:00,2023-06-11 06:00:00
e664a967-3baf-4528-8d53-f70280adc9e9,227,2024-05-16 00:00:00,13,1768.0,41,212.16,0.0,confirmed,2024-10-08 00:00:00,2024-05-15 22:00:00,2024-05-15 22:00:00
5cb099b6-99df-49a7-8604-c9bc612d5d25,256,2023-10-20 00:00:00,5,268.1,123,32.17,26.81,cancelled,2024-01-23 00:00:00,2023-10-19 14:00:00,2023-10-19 14:00:00
d60a5911-3705-43ec-8ad2-a152f03946e3,60,2023-12-13 00:00:00,9,1188.0,72,142.56,0.0,confirmed,2024-01-23 00:00:00,2023-12-12 02:00:00,2023-12-12 02:00:00
3694c9db-9255-406c-afdb-cf86f57751e8,312,2023-12-01 00:00:00,14,2887.5,97,346.5,0.0,confirmed,2023-12-04 00:00:00,2023-11-30 10:00:00,2023-11-30 10:00:00
c454d9b7-c027-4f6b-a1b7-81065ff6fd6d,482,2024-06-15 00:00:00,14,3696.0,111,443.52,0.0,confirmed,2024-09-05 00:00:00,2024-06-14 18:00:00,2024-06-14 18:00:00
3349f1f1-9a4c-4905-9b2b-d77044046c55,115,2024-06-23 00:00:00,6,2520.0,56,302.4,0.0,confirmed,2024-12-10 00:00:00,2024-06-22 11:00:00,2024-06-22 11:00:00
9ab1c7cc-77a0-4b0e-98a3-e598e84101ad,133,2023-12-22 00:00:00,7,3003.0,91,360.36,0.0,confirmed,2024-01-04 00:00:00,2023-12-21 06:00:00,2023-12-21 06:00:00
26b6f5a9-c26d-489f-914e-a834ecc896e3,250,2024-03-30 00:00:00,11,2992.0,122,359.04,0.0,confirmed,2024-09-10 00:00:00,2024-03-29 14:00:00,2024-03-29 14:00:00
6846876f-67aa-46cb-8b14-a5caaaa0bccf,108,2024-06-29 00:00:00,11,499.18,45,59.9,49.92,cancelled,2024-09-03 00:00:00,2024-06-28 20:00:00,2024-06-28 20:00:00
e42a26e1-8c71-44b8-88ae-86512fb5851c,465,2024-05-10 00:00:00,2,266.0,113,31.92,0.0,confirmed,2024-07-05 00:00:00,2024-05-09 12:00:00,2024-05-09 12:00:00
b38a2a4c-7ba1-45c3-a377-a61aa37817b3,65,2024-02-02 00:00:00,9,1287.0,65,154.44,0.0,confirmed,2024-03-19 00:00:00,2024-02-01 04:00:00,2024-02-01 04:00:00
1263ddf9-ae6f-415d-9f57-b6094304a7b9,268,2024-03-15 00:00:00,4,836.0,76,100.32,0.0,confirmed,2024-06-25 00:00:00,2024-03-14 00:00:00,2024-03-14 00:00:00
102d58f2-deef-41b9-9fac-2e6c16ebe1ce,208,2024-01-25 00:00:00,1,399.0,150,47.88,39.9,cancelled,2024-03-28 00:00:00,2024-01-24 13:00:00,2024-01-24 13:00:00
76b722a5-5b3f-439f-ba2d-4fd8294e9a86,164,2024-08-14 00:00:00,9,765.0,69,91.8,0.0,confirmed,2024-10-03 00:00:00,2024-08-13 13:00:00,2024-08-13 13:00:00
2551c767-b7e2-40ac-a410-6520959d7395,264,2023-03-06 00:00:00,6,660.0,70,79.2,0.0,confirmed,2023-07-12 00:00:00,2023-03-05 09:00:00,2023-03-05 09:00:00
56f17fc3-2886-4b46-be6e-661e235c636d,239,2023-11-12 00:00:00,3,198.0,71,23.76,19.8,cancelled,2024-04-14 00:00:00,2023-11-11 04:00:00,2023-11-16 04:00:00
4b91fbaf-2696-48e0-bee3-514e54cf801f,275,2023-04-16 00:00:00,14,2136.68,82,256.4,0.0,confirmed,2023-05-10 00:00:00,2023-04-15 10:00:00,2023-04-15 10:00:00
4ee1e185-9ab2-462c-b2e8-f4595977df6d,279,2023-03-18 00:00:00,4,728.0,52,87.36,72.8,cancelled,2023-08-18 00:00:00,2023-03-17 08:00:00,2023-03-17 08:00:00
27de6eca-55da-4731-b4aa-4adea56bfe91,161,2023-08-24 00:00:00,7,1610.0,111,193.2,0.0,confirmed,2023-10-02 00:00:00,2023-08-23 04:00:00,2023-08-25 04:00:00
7385f7ac-6199-483e-9bf3-579ea10aabe3,140,2023-10-25 00:00:00,6,693.0,139,83.16,0.0,confirmed,2023-11-23 00:00:00,2023-10-24 05:00:00,2023-10-27 05:00:00
8be6308f-e2c8-470e-8843-9965efd8add5,282,2023-11-19 00:00:00,4,1472.0,141,176.64,147.2,cancelled,2023-12-11 00:00:00,2023-11-18 05:00:00,2023-11-18 05:00:00
c6ff085f-f3b4-447e-b6dd-af5325998869,94,2023-12-25 00:00:00,4,646.0,146,77.52,64.6,cancelled,2024-04-11 00:00:00,2023-12-24 12:00:00,2023-12-28 12:00:00
c46ea349-ad9f-461d-80b1-54b088cd4437,131,2023-11-14 00:00:00,14,4480.0,45,537.6,0.0,confirmed,2024-04-09 00:00:00,2023-11-13 03:00:00,2023-11-13 03:00:00
34faa1fd-b02b-4aa2-af13-99aab42b057e,476,2024-01-21 00:00:00,8,1938.0,90,232.56,193.8,cancelled,2024-07-04 00:00:00,2024-01-20 00:00:00,2024-01-20 00:00:00
dfb308b6-fe73-42d0-91aa-0e3d2d6357a7,131,2023-02-21 00:00:00,9,2880.0,138,345.6,0.0,confirmed,2023-06-01 00:00:00,2023-02-20 00:00:00,2023-02-20 00:00:00
6462af7a-3bfb-43ff-bd52-182ec232dfda,61,2023-09-28 00:00:00,3,433.14,139,51.98,43.31,cancelled,2024-03-20 00:00:00,2023-09-27 08:00:00,2023-09-27 08:00:00
79828219-8256-4976-abf4-c0901e23dc9c,275,2023-08-16 00:00:00,10,1526.2,83,183.14,152.62,cancelled,2023-12-14 00:00:00,2023-08-15 13:00:00,2023-08-19 13:00:00
79768687-5d8a-4714-92d0-6ba4b36b07fc,206,2024-02-08 00:00:00,10,2185.0,118,262.2,218.5,cancelled,2024-04-22 00:00:00,2024-02-07 22:00:00,2024-02-07 22:00:00
da69a2c0-5df2-4728-bd02-8ec6002fc2da,148,2023-12-14 00:00:00,2,341.0,117,40.92,0.0,confirmed,2024-04-15 00:00:00,2023-12-13 05:00:00,2023-12-13 05:00:00
4d0363c7-fe42-45ff-9194-0ec4e633f3e0,257,2024-05-13 00:00:00,7,731.5,47,87.78,0.0,confirmed,2024-06-13 00:00:00,2024-05-12 10:00:00,2024-05-12 10:00:00
52ddea1b-95aa-48ec-872f-a545fe9d14cf,130,2024-08-28 00:00:00,10,2400.0,109,288.0,0.0,confirmed,2024-12-15 00:00:00,2024-08-27 16:00:00,2024-08-27 16:00:00
4dcd0d3b-492a-4db7-8901-fca320dccdb1,491,2024-03-17 00:00:00,14,3332.0,43,399.84,0.0,confirmed,2024-06-24 00:00:00,2024-03-16 05:00:00,2024-03-16 05:00:00
30cf2812-a42e-4778-aa27-17fbf6e7a3c8,61,2024-03-04 00:00:00,4,577.52,117,69.3,0.0,confirmed,2024-04-06 00:00:00,2024-03-03 08:00:00,2024-03-03 08:00:00
71fa4cbf-77f1-4809-87eb-391b091d10a6,473,2023-08-18 00:00:00,7,1995.0,57,239.4,199.5,cancelled,2024-01-22 00:00:00,2023-08-17 20:00:00,2023-08-17 20:00:00
817bd98b-c133-4293-b217-36cb10af3418,119,2023-10-12 00:00:00,4,476.0,80,57.12,0.0,confirmed,2024-04-02 00:00:00,2023-10-11 11:00:00,2023-10-11 11:00:00
4c85eb53-f9a5-42ab-bc91-7def2a5b7dd6,435,2024-08-23 00:00:00,4,660.0,129,79.2,66.0,cancelled,2024-11-11 00:00:00,2024-08-22 22:00:00,2024-08-22 22:00:00
04898ac9-6f01-4bed-90df-ed99d25e5ce8,253,2023-06-19 00:00:00,3,577.5,123,69.3,57.75,cancelled,2023-07-31 00:00:00,2023-06-18 20:00:00,2023-06-18 20:00:00
2012fb44-d730-43b8-a437-0c8768839c76,180,2023-04-18 00:00:00,11,5280.0,135,633.6,528.0,cancelled,2023-06-21 00:00:00,2023-04-17 05:00:00,2023-04-17 05:00:00
cac59b52-2eb3-4ace-953a-a644d78ee56b,4,2024-05-11 00:00:00,8,2280.0,84,273.6,0.0,confirmed,2024-06-04 00:00:00,2024-05-10 18:00:00,2024-05-10 18:00:00
4a4b77c7-89a5-4469-a2b4-0c6a8083bc90,301,2024-02-04 00:00:00,4,280.48,130,33.66,0.0,confirmed,2024-05-19 00:00:00,2024-02-03 08:00:00,2024-02-03 08:00:00
03010168-a37d-438d-9d5a-2e591889e49f,304,2024-03-15 00:00:00,4,440.0,41,52.8,0.0,confirmed,2024-05-30 00:00:00,2024-03-14 04:00:00,2024-03-14 04:00:00
77ac2887-768b-4c67-b066-43eff45fad9d,444,2023-05-08 00:00:00,8,2176.0,63,261.12,0.0,confirmed,2023-06-26 00:00:00,2023-05-07 07:00:00,2023-05-07 07:00:00
ea8e94e2-53d8-4d2d-93eb-0578e9883545,201,2023-07-24 00:00:00,4,896.0,98,107.52,89.6,cancelled,2024-01-01 00:00:00,2023-07-23 19:00:00,2023-07-23 19:00:00
81fae04c-d16a-4906-90ad-2f5bc59873de,179,2023-11-24 00:00:00,3,1536.0,101,184.32,0.0,confirmed,2024-01-21 00:00:00,2023-11-23 03:00:00,2023-11-23 03:00:00
a67a6efc-7e53-4e80-a15b-3bf8c85d0a7d,157,2024-05-25 00:00:00,8,4416.0,82,529.92,0.0,confirmed,2024-09-21 00:00:00,2024-05-24 08:00:00,2024-05-24 08:00:00
ec2a330a-f0c1-4c99-b970-e5ad017e8bd5,61,2024-02-03 00:00:00,6,866.28,54,103.95,86.63,cancelled,2024-05-14 00:00:00,2024-02-02 22:00:00,2024-02-02 22:00:00
0f9c7cd2-f359-466a-a2a8-ef3c2e352334,183,2024-06-15 00:00:00,4,364.0,73,43.68,36.4,cancelled,2024-10-18 00:00:00,2024-06-14 20:00:00,2024-06-14 20:00:00
280baf34-5cf2-4081-b6ea-3412e93ab2fd,372,2024-01-05 00:00:00,10,880.0,135,105.6,0.0,confirmed,2024-06-15 00:00:00,2024-01-04 09:00:00,2024-01-04 09:00:00
cab2fb36-0fb7-47ac-a15e-9bb4e91043a3,334,2024-03-26 00:00:00,11,992.75,96,119.13,99.28,cancelled,2024-08-26 00:00:00,2024-03-25 07:00:00,2024-04-01 07:00:00
592e88a8-dcb5-4518-8e06-7d8a5ba28525,490,2024-06-11 00:00:00,5,1140.0,147,136.8,0.0,confirmed,2024-11-26 00:00:00,2024-06-10 23:00:00,2024-06-10 23:00:00
afddd911-9349-44b8-9d21-384bfb07c057,323,2023-11-13 00:00:00,7,1155.0,55,138.6,0.0,confirmed,2023-12-18 00:00:00,2023-11-12 18:00:00,2023-11-12 18:00:00
0abcf5fa-ba59-4f19-87b7-df8f1d667bae,46,2023-03-18 00:00:00,13,1358.5,141,163.02,135.85,cancelled,2023-08-22 00:00:00,2023-03-17 20:00:00,2023-03-17 20:00:00
ca08ecfc-526c-4830-9557-37aabf91fb44,54,2023-10-12 00:00:00,3,1332.0,43,159.84,133.2,cancelled,2024-03-26 00:00:00,2023-10-11 18:00:00,2023-10-11 18:00:00
200eac3f-4c80-4002-8c23-4d400ebf262f,480,2023-08-03 00:00:00,7,784.0,73,94.08,0.0,confirmed,2023-08-11 00:00:00,2023-08-02 20:00:00,2023-08-02 20:00:00
fd46cc66-6942-4f99-8d4f-f01a1b778d27,70,2023-06-17 00:00:00,1,256.0,57,30.72,25.6,cancelled,2023-11-30 00:00:00,2023-06-16 23:00:00,2023-06-16 23:00:00
5a4a1951-950f-4872-9db2-57a58866bbb6,494,2024-04-11 00:00:00,11,3344.0,81,401.28,0.0,confirmed,2024-06-07 00:00:00,2024-04-10 19:00:00,2024-04-10 19:00:00
00039920-d8ba-4ab7-9478-ce32356e3b70,362,2023-12-18 00:00:00,4,682.0,85,81.84,68.2,cancelled,2024-02-22 00:00:00,2023-12-17 08:00:00,2023-12-17 08:00:00
96256465-f673-4f7b-b34a-15f92dd66287,329,2023-07-20 00:00:00,1,218.75,99,26.25,0.0,confirmed,2023-09-06 00:00:00,2023-07-19 06:00:00,2023-07-19 06:00:00
a5c3c0c9-4a8b-40e4-b90a-951ae69137c0,83,2023-03-18 00:00:00,10,6240.0,104,748.8,0.0,confirmed,2023-08-14 00:00:00,2023-03-17 21:00:00,2023-03-17 21:00:00
1fbd810d-3f8a-4117-a2bf-fe3697609374,125,2023-04-26 00:00:00,3,672.0,140,80.64,0.0,confirmed,2023-05-16 00:00:00,2023-04-25 16:00:00,2023-04-25 16:00:00
ebc58dd2-04ff-473d-b077-f40e4480da04,54,2024-01-16 00:00:00,13,5772.0,126,692.64,577.2,cancelled,2024-06-22 00:00:00,2024-01-15 17:00:00,2024-01-15 17:00:00
14800dfe-786c-49f4-aecc-680e4ec45f68,125,2024-01-05 00:00:00,14,3136.0,150,376.32,0.0,confirmed,2024-05-31 00:00:00,2024-01-04 05:00:00,2024-01-04 05:00:00
e5490419-c214-4f86-b4fe-7e180ef674e9,298,2023-11-21 00:00:00,6,1932.0,75,231.84,193.2,cancelled,2024-05-03 00:00:00,2023-11-20 01:00:00,2023-11-24 01:00:00
54290485-a252-497a-8ca8-cea3733f4bb5,301,2023-12-25 00:00:00,12,841.44,63,100.97,84.14,cancelled,2024-06-14 00:00:00,2023-12-24 04:00:00,2023-12-24 04:00:00
ecb68395-e670-4094-8ee1-81fcea68a8bf,344,2023-08-15 00:00:00,5,665.0,41,79.8,66.5,cancelled,2023-12-20 00:00:00,2023-08-14 04:00:00,2023-08-14 04:00:00
44ef372e-5bc1-40c0-8bb6-f8a5235c7302,328,2023-05-25 00:00:00,8,2128.0,62,255.36,212.8,cancelled,2023-10-12 00:00:00,2023-05-24 21:00:00,2023-05-24 21:00:00
a6cf269f-0022-43c4-93c0-cd44c6c30a56,170,2024-01-10 00:00:00,2,234.0,111,28.08,0.0,confirmed,2024-02-29 00:00:00,2024-01-09 06:00:00,2024-01-09 06:00:00
40ab9aa9-2391-4c2f-8a26-f80a1b91b673,336,2024-07-03 00:00:00,11,1672.0,46,200.64,0.0,confirmed,2024-10-25 00:00:00,2024-07-02 13:00:00,2024-07-02 13:00:00
98266158-054c-4526-8c07-1e15548eeb08,70,2023-12-27 00:00:00,6,1536.0,68,184.32,0.0,confirmed,2024-02-04 00:00:00,2023-12-26 10:00:00,2023-12-26 10:00:00
5457e627-9a00-4672-bcd1-12d5c1b3d6ee,427,2023-04-26 00:00:00,1,76.0,86,9.12,0.0,confirmed,2023-06-30 00:00:00,2023-04-25 14:00:00,2023-04-30 14:00:00
ef715464-093b-435b-8266-ccd4f2dec54a,303,2024-01-27 00:00:00,12,1824.0,82,218.88,0.0,confirmed,2024-04-06 00:00:00,2024-01-26 19:00:00,2024-01-26 19:00:00
57b37563-9f21-4f0c-8c91-efd8a912d24e,297,2023-10-27 00:00:00,3,577.5,98,69.3,57.75,cancelled,2024-03-12 00:00:00,2023-10-26 07:00:00,2023-10-26 07:00:00
1e4b744a-b608-4600-8a0a-d02d32f40ba7,413,2024-09-26 00:00:00,7,532.0,149,63.84,53.2,cancelled,2025-03-08 00:00:00,2024-09-25 15:00:00,2024-09-25 15:00:00
417a207f-6691-436c-8932-aa20a36eef70,312,2023-12-22 00:00:00,4,825.0,118,99.0,82.5,cancelled,2024-06-16 00:00:00,2023-12-21 13:00:00,2023-12-21 13:00:00
2d0487cd-7ea3-4c6c-aaf5-2ac7097c10b0,176,2024-03-23 00:00:00,13,2145.0,104,257.4,0.0,confirmed,2024-07-18 00:00:00,2024-03-22 02:00:00,2024-03-22 02:00:00
1917b46e-e3df-41dc-a09e-523d129b42cf,299,2023-08-11 00:00:00,10,825.0,118,99.0,0.0,confirmed,2023-10-16 00:00:00,2023-08-10 01:00:00,2023-08-10 01:00:00
980c1572-97d3-4bcd-bc78-5b3789412153,107,2024-04-06 00:00:00,12,1188.0,72,142.56,0.0,confirmed,2024-05-08 00:00:00,2024-04-05 03:00:00,2024-04-05 03:00:00
8c4b4972-cf15-427a-9b6c-eaa47c8d49f1,105,2024-04-03 00:00:00,1,77.0,114,9.24,0.0,confirmed,2024-08-14 00:00:00,2024-04-02 02:00:00,2024-04-02 02:00:00
4a3cb282-4d4b-4613-9dbf-35dad3935cda,40,2023-08-03 00:00:00,9,1782.0,80,213.84,0.0,confirmed,2023-11-25 00:00:00,2023-08-02 12:00:00,2023-08-02 12:00:00
70592d35-d40f-458f-aed3-7f36e3f55ee1,119,2024-03-02 00:00:00,12,1428.0,143,171.36,142.8,cancelled,2024-06-20 00:00:00,2024-03-01 21:00:00,2024-03-01 21:00:00
b2e3ab80-a90a-4f17-a8b3-b75ea8a15e17,454,2024-04-12 00:00:00,13,2704.0,85,324.48,0.0,confirmed,2024-10-08 00:00:00,2024-04-11 10:00:00,2024-04-11 10:00:00
5c51821c-1d22-4b98-b030-4a1f99a65b63,37,2023-09-20 00:00:00,3,882.0,145,105.84,0.0,confirmed,2023-11-29 00:00:00,2023-09-19 06:00:00,2023-09-21 06:00:00
02a812aa-986d-4198-b1ff-3671c7c103ca,166,2024-01-26 00:00:00,1,229.5,102,27.54,0.0,confirmed,2024-07-03 00:00:00,2024-01-25 22:00:00,2024-01-25 22:00:00
a08957a5-b533-4f57-a57e-b2cf6784065d,16,2023-03-06 00:00:00,11,3762.0,130,451.44,376.2,cancelled,2023-07-05 00:00:00,2023-03-05 12:00:00,2023-03-05 12:00:00
aca4be89-2387-4699-91b7-923dbef2dedd,286,2023-10-05 00:00:00,12,2277.0,41,273.24,227.7,cancelled,2024-01-02 00:00:00,2023-10-04 17:00:00,2023-10-04 17:00:00
867a330b-c470-44f5-b4c2-51657f8bd2d2,459,2024-05-20 00:00:00,11,2992.0,59,359.04,299.2,cancelled,2024-07-27 00:00:00,2024-05-19 11:00:00,2024-05-19 11:00:00
39e351fd-05bc-42ef-87c1-a9a6e0d65d32,484,2024-07-15 00:00:00,10,1950.0,52,234.0,195.0,cancelled,2024-09-29 00:00:00,2024-07-14 00:00:00,2024-07-14 00:00:00
01726a54-2311-45d1-aa70-94068f3bb2bf,23,2023-10-08 00:00:00,13,1547.0,149,185.64,0.0,confirmed,2023-11-23 00:00:00,2023-10-07 11:00:00,2023-10-07 11:00:00
6329ef56-8199-4f6f-a179-880b8e534dfc,402,2024-04-07 00:00:00,3,210.36,130,25.24,0.0,confirmed,2024-04-12 00:00:00,2024-04-06 12:00:00,2024-04-06 12:00:00
41d13901-2864-4648-8593-4f8702d3470e,110,2024-01-27 00:00:00,4,760.0,90,91.2,76.0,cancelled,2024-06-30 00:00:00,2024-01-26 17:00:00,2024-01-26 17:00:00
7e42ddb0-8bd6-4df4-a1dd-abf2d668da10,332,2023-07-12 00:00:00,2,176.0,94,21.12,17.6,cancelled,2023-12-15 00:00:00,2023-07-11 05:00:00,2023-07-11 05:00:00
f7c9587f-4a07-4a9f-a101-ee22c6da563f,247,2024-05-28 00:00:00,5,403.75,103,48.45,40.38,cancelled,2024-11-19 00:00:00,2024-05-27 08:00:00,2024-05-27 08:00:00
c6c15693-c1c6-4b08-ab90-1a2843293df6,304,2024-09-12 00:00:00,4,440.0,143,52.8,0.0,confirmed,2024-12-29 00:00:00,2024-09-11 04:00:00,2024-09-11 04:00:00
88987a02-a6d9-4807-b6b8-88b57e5f8902,175,2023-08-13 00:00:00,1,95.0,43,11.4,0.0,confirmed,2023-10-04 00:00:00,2023-08-12 03:00:00,2023-08-12 03:00:00
e847b36d-6d79-48d0-895d-04204385a72c,471,2023-12-14 00:00:00,7,3689.0,42,442.68,0.0,confirmed,2024-02-03 00:00:00,2023-12-13 22:00:00,2023-12-13 22:00:00
3e9a4128-8610-45c1-857d-345abdde5ef8,470,2024-06-29 00:00:00,2,506.0,101,60.72,0.0,confirmed,2024-07-06 00:00:00,2024-06-28 17:00:00,2024-07-01 17:00:00
b6211d3b-398a-4704-8182-b474e61f1d15,52,2023-09-16 00:00:00,5,825.0,97,99.0,0.0,confirmed,2023-11-15 00:00:00,2023-09-15 08:00:00,2023-09-15 08:00:00
69019e4b-6dae-4959-8954-84edb945c430,378,2023-04-17 00:00:00,4,896.0,49,107.52,0.0,confirmed,2023-08-21 00:00:00,2023-04-16 08:00:00,2023-04-16 08:00:00
5e59ce35-aaf9-4e5c-bd82-add0756cec8a,86,2023-10-12 00:00:00,1,288.0,80,34.56,28.8,cancelled,2024-03-04 00:00:00,2023-10-11 23:00:00,2023-10-18 23:00:00
9d8b19f3-0321-4425-9688-b41561a03680,165,2024-03-23 00:00:00,1,224.0,116,26.88,22.4,cancelled,2024-04-23 00:00:00,2024-03-22 12:00:00,2024-03-22 12:00:00
bbd8bedc-ce92-486a-a03c-5b78a2e56dee,69,2023-12-26 00:00:00,3,337.5,101,40.5,33.75,cancelled,2024-06-14 00:00:00,2023-12-25 08:00:00,2023-12-25 08:00:00
3da1ef17-a27f-4e56-b9e1-38932a429e11,171,2023-05-25 00:00:00,6,330.0,147,39.6,0.0,confirmed,2023-09-25 00:00:00,2023-05-24 16:00:00,2023-05-24 16:00:00
7cd66565-51e8-4250-931e-a31b07a833ef,269,2024-06-16 00:00:00,7,1547.0,71,185.64,0.0,confirmed,2024-10-20 00:00:00,2024-06-15 05:00:00,2024-06-15 05:00:00
e23bd9f2-141d-4613-a5c2-bd2e4edf962b,406,2024-03-09 00:00:00,1,200.0,107,24.0,0.0,confirmed,2024-04-16 00:00:00,2024-03-08 10:00:00,2024-03-08 10:00:00
59584e81-b920-487d-b81e-b485ad5f0498,365,2023-12-18 00:00:00,10,1520.0,123,182.4,152.0,cancelled,2024-06-06 00:00:00,2023-12-17 20:00:00,2023-12-17 20:00:00
88aeabf0-0990-4ba3-b55b-afff8d543981,151,2024-09-14 00:00:00,10,2870.0,113,344.4,287.0,cancelled,2025-01-17 00:00:00,2024-09-13 04:00:00,2024-09-18 04:00:00
9081a6e1-5f47-4437-9f8b-fb072c12404b,217,2023-10-13 00:00:00,7,1729.0,135,207.48,172.9,cancelled,2024-01-23 00:00:00,2023-10-12 02:00:00,2023-10-12 02:00:00
7d3b5f05-b632-4f2b-ab45-313829e5b394,212,2024-02-07 00:00:00,12,643.44,113,77.21,0.0,confirmed,2024-03-14 00:00:00,2024-02-06 23:00:00,2024-02-06 23:00:00
b9ca179a-0d63-4124-b861-74eb559cbb0d,462,2023-08-31 00:00:00,6,1260.0,128,151.2,0.0,confirmed,2023-11-27 00:00:00,2023-08-30 14:00:00,2023-08-30 14:00:00
a46eded9-cca8-4817-9ee9-d6c8b7b955ed,222,2023-08-20 00:00:00,4,920.0,102,110.4,0.0,confirmed,2024-01-02 00:00:00,2023-08-19 13:00:00,2023-08-19 13:00:00
6f17c435-c2d3-4e57-961f-f8d322502ec6,359,2024-08-25 00:00:00,11,771.32,109,92.56,0.0,confirmed,2024-09-13 00:00:00,2024-08-24 11:00:00,2024-08-24 11:00:00
5c0730bf-6c0c-4b56-a531-2f8cdfe1a1a2,138,2024-02-03 00:00:00,3,383.64,76,46.04,0.0,confirmed,2024-05-27 00:00:00,2024-02-02 11:00:00,2024-02-02 11:00:00
18c11e12-8ac5-437a-8000-cc60559cd807,468,2023-09-17 00:00:00,2,90.76,146,10.89,0.0,confirmed,2023-10-17 00:00:00,2023-09-16 17:00:00,2023-09-16 17:00:00
d2930c7c-f0e1-4b01-928d-a6e7f22cf5bb,335,2023-06-14 00:00:00,13,2099.5,51,251.94,0.0,confirmed,2023-08-31 00:00:00,2023-06-13 07:00:00,2023-06-13 07:00:00
2d3ab648-10db-47bc-b065-d7ddc0699a89,350,2024-01-26 00:00:00,13,2912.0,135,349.44,0.0,confirmed,2024-03-26 00:00:00,2024-01-25 07:00:00,2024-01-29 07:00:00
734bacd3-4ba8-4c52-8ab8-8eaf23b36d4c,33,2023-02-18 00:00:00,9,2142.0,77,257.04,0.0,confirmed,2023-08-13 00:00:00,2023-02-17 18:00:00,2023-02-17 18:00:00
49157546-79f8-4806-9c6c-8d000fb12a14,427,2023-04-19 00:00:00,5,380.0,56,45.6,0.0,confirmed,2023-08-24 00:00:00,2023-04-18 17:00:00,2023-04-18 17:00:00
5e471276-92e2-48d9-987f-63272ceb015d,285,2024-04-23 00:00:00,7,866.25,90,103.95,86.62,cancelled,2024-09-16 00:00:00,2024-04-22 07:00:00,2024-04-22 07:00:00
3da624f4-2071-4c07-b27c-1b2d3ee5b570,50,2024-07-03 00:00:00,14,2940.0,105,352.8,0.0,confirmed,2024-10-21 00:00:00,2024-07-02 12:00:00,2024-07-02 12:00:00
e81739b1-4a37-4878-8a29-3c4ab028616c,95,2024-06-12 00:00:00,9,1147.5,142,137.7,0.0,confirmed,2024-07-05 00:00:00,2024-06-11 06:00:00,2024-06-11 06:00:00
20617823-108e-4a6f-9c5c-101364d35425,283,2024-03-10 00:00:00,3,429.0,40,51.48,0.0,confirmed,2024-05-18 00:00:00,2024-03-09 20:00:00,2024-03-09 20:00:00
8a086f11-a24d-4718-8ec3-450d04f30071,224,2024-03-19 00:00:00,5,522.5,41,62.7,52.25,cancelled,2024-05-28 00:00:00,2024-03-18 01:00:00,2024-03-18 01:00:00
cc3b9a92-ad21-44f1-b331-4d99dcb2041a,403,2024-05-16 00:00:00,2,140.0,95,16.8,14.0,cancelled,2024-10-29 00:00:00,2024-05-15 10:00:00,2024-05-15 10:00:00
03ca1f34-5edb-444d-b2ec-83eb4d411a2e,439,2024-02-08 00:00:00,11,2024.0,143,242.88,0.0,confirmed,2024-03-29 00:00:00,2024-02-07 02:00:00,2024-02-07 02:00:00
ed42156f-c910-40dc-a9b2-ec27a6f776fa,185,2023-10-10 00:00:00,10,1120.0,70,134.4,0.0,confirmed,2024-02-29 00:00:00,2023-10-09 03:00:00,2023-10-09 03:00:00
9d692793-9fa8-40e0-96e9-b597c7e5e4fd,286,2023-07-12 00:00:00,11,2087.25,106,250.47,0.0,confirmed,2023-12-22 00:00:00,2023-07-11 10:00:00,2023-07-11 10:00:00
df50935f-a7ba-43f6-b93c-300598aed0ed,277,2024-01-11 00:00:00,12,2856.0,143,342.72,285.6,cancelled,2024-04-30 00:00:00,2024-01-10 03:00:00,2024-01-10 03:00:00
1e38bec1-1a51-42e8-bb47-bc8be64b32ef,232,2024-03-25 00:00:00,12,1344.0,103,161.28,134.4,cancelled,2024-06-20 00:00:00,2024-03-24 14:00:00,2024-03-24 14:00:00
a85d75cc-7baf-4aeb-a85e-02bc1f33b585,473,2023-07-18 00:00:00,7,1995.0,143,239.4,0.0,confirmed,2023-09-10 00:00:00,2023-07-17 00:00:00,2023-07-17 00:00:00
42b97998-9c25-46a4-a9ff-d3609eb91049,417,2024-02-07 00:00:00,10,2800.0,53,336.0,0.0,confirmed,2024-06-10 00:00:00,2024-02-06 06:00:00,2024-02-06 06:00:00
55d5b142-afcc-443f-9f64-a0431af3bbaa,433,2023-12-25 00:00:00,11,3720.75,112,446.49,372.08,cancelled,2024-03-22 00:00:00,2023-12-24 15:00:00,2023-12-24 15:00:00
26480d7d-aa3d-4688-ac0a-5f285388f5ef,35,2024-02-09 00:00:00,10,2450.0,136,294.0,245.0,cancelled,2024-06-20 00:00:00,2024-02-08 21:00:00,2024-02-08 21:00:00
73568055-cd9b-4e49-82ac-cef57f5a2229,432,2024-08-05 00:00:00,14,3136.0,55,376.32,0.0,confirmed,2024-09-17 00:00:00,2024-08-04 12:00:00,2024-08-04 12:00:00
62920ae7-5dce-4539-a710-5f563858a14f,450,2023-11-22 00:00:00,2,264.0,85,31.68,26.4,cancelled,2024-02-29 00:00:00,2023-11-21 12:00:00,2023-11-21 12:00:00
197fc644-59ee-48a9-9dbd-4d8c674390bc,243,2024-07-11 00:00:00,14,1232.0,114,147.84,123.2,cancelled,2024-12-19 00:00:00,2024-07-10 00:00:00,2024-07-10 00:00:00
86478bcb-15dd-465b-99de-bba9da737f91,285,2023-12-15 00:00:00,10,1237.5,142,148.5,0.0,confirmed,2024-04-03 00:00:00,2023-12-14 12:00:00,2023-12-14 12:00:00
af61bd59-fb06-41e3-b45f-f25aa47885f0,259,2024-08-06 00:00:00,2,378.0,53,45.36,0.0,confirmed,2024-09-27 00:00:00,2024-08-05 19:00:00,2024-08-05 19:00:00
2687369d-c0f7-4736-b071-d93ec9ff82e0,367,2023-12-23 00:00:00,4,1054.0,113,126.48,105.4,cancelled,2024-03-18 00:00:00,2023-12-22 06:00:00,2023-12-22 06:00:00
c444fe61-d6b6-4ef4-9bf7-01cfd59dd1f2,291,2024-01-27 00:00:00,12,1428.0,75,171.36,0.0,confirmed,2024-07-20 00:00:00,2024-01-26 15:00:00,2024-01-29 15:00:00
24504e90-20f5-46a3-be25-578ce8ec5744,194,2023-07-11 00:00:00,6,1674.0,135,200.88,167.4,cancelled,2023-11-16 00:00:00,2023-07-10 05:00:00,2023-07-10 05:00:00
42d58cbd-fdbf-4efc-9b84-7a7c93bda8a2,177,2023-08-05 00:00:00,1,414.0,146,49.68,0.0,confirmed,2023-08-27 00:00:00,2023-08-04 13:00:00,2023-08-04 13:00:00
5d8cbc62-270b-4622-8fff-27958f5b1d04,384,2023-12-29 00:00:00,9,1395.0,94,167.4,0.0,confirmed,2024-02-12 00:00:00,2023-12-28 23:00:00,2023-12-28 23:00:00
420cc051-0728-4291-a246-5053d7522edc,73,2023-11-07 00:00:00,10,1897.5,42,227.7,0.0,confirmed,2024-03-26 00:00:00,2023-11-06 18:00:00,2023-11-06 18:00:00
f66ec673-9ed5-4fc2-bd7c-a9df0fbf6100,455,2023-08-20 00:00:00,2,378.0,55,45.36,0.0,confirmed,2023-12-02 00:00:00,2023-08-19 15:00:00,2023-08-19 15:00:00
c88b277d-5ffb-4035-b013-e6880d8553df,245,2024-04-12 00:00:00,2,378.0,134,45.36,37.8,cancelled,2024-06-20 00:00:00,2024-04-11 14:00:00,2024-04-11 14:00:00
ecb1a38d-7e52-4582-9c41-823920f4f719,57,2023-09-22 00:00:00,5,825.0,123,99.0,0.0,confirmed,2024-01-30 00:00:00,2023-09-21 10:00:00,2023-09-21 10:00:00
0a96630d-25e1-4ee3-84b9-80e4d980fd20,465,2024-01-12 00:00:00,5,665.0,53,79.8,66.5,cancelled,2024-04-14 00:00:00,2024-01-11 03:00:00,2024-01-11 03:00:00
3461524a-72d8-42e6-9cc6-b6af52ef786d,54,2024-03-13 00:00:00,7,3108.0,76,372.96,0.0,confirmed,2024-04-07 00:00:00,2024-03-12 01:00:00,2024-03-12 01:00:00
14bcd806-214a-4120-a4cd-0489f905c71a,254,2024-06-04 00:00:00,4,1800.0,142,216.0,180.0,cancelled,2024-10-08 00:00:00,2024-06-03 15:00:00,2024-06-03 15:00:00
da1c479e-9cf3-4caa-8e0c-8bac81decca2,245,2023-12-15 00:00:00,4,756.0,126,90.72,0.0,confirmed,2024-05-05 00:00:00,2023-12-14 11:00:00,2023-12-14 11:00:00
ecc09ad2-652a-4fc6-bc0a-ec273dab41f6,306,2024-04-23 00:00:00,9,1134.0,127,136.08,0.0,confirmed,2024-08-13 00:00:00,2024-04-22 06:00:00,2024-04-22 06:00:00
b22ae91d-fd77-46a8-86ab-e2b0dd32c864,483,2023-10-27 00:00:00,11,786.5,131,94.38,0.0,confirmed,2024-02-03 00:00:00,2023-10-26 17:00:00,2023-10-26 17:00:00
78718628-2fd6-4c48-8e50-391c062ce167,81,2024-04-27 00:00:00,4,572.0,97,68.64,0.0,confirmed,2024-09-14 00:00:00,2024-04-26 19:00:00,2024-04-26 19:00:00
b0e9627a-ec36-4685-83bd-fe8e25fa9f1a,268,2023-11-16 00:00:00,8,1672.0,60,200.64,0.0,confirmed,2023-12-04 00:00:00,2023-11-15 18:00:00,2023-11-15 18:00:00
c94538b8-6690-4849-afaf-28d7f7dba3b7,478,2023-10-23 00:00:00,13,6370.0,104,764.4,0.0,confirmed,2024-01-31 00:00:00,2023-10-22 22:00:00,2023-11-01 22:00:00
7f41a24c-d90c-47d0-b9a8-5afe508d10fc,35,2024-02-03 00:00:00,6,1470.0,138,176.4,0.0,confirmed,2024-04-26 00:00:00,2024-02-02 07:00:00,2024-02-02 07:00:00
c1a46101-4929-44fb-9a2d-2eae551a3a51,410,2024-07-04 00:00:00,13,1729.0,66,207.48,172.9,cancelled,2024-10-17 00:00:00,2024-07-03 01:00:00,2024-07-03 01:00:00
3f0703cb-56b2-44c8-96a6-1c0a33fd5c3b,335,2023-09-02 00:00:00,5,807.5,122,96.9,80.75,cancelled,2024-02-02 00:00:00,2023-09-01 11:00:00,2023-09-08 11:00:00
89ea0ed6-6a75-4a94-80a2-efdb7ad35ec7,387,2023-12-21 00:00:00,9,1026.0,86,123.12,0.0,confirmed,2024-01-10 00:00:00,2023-12-20 03:00:00,2023-12-20 03:00:00
120a1545-c55b-4d9c-a33f-72dead2907fb,331,2024-03-15 00:00:00,14,1190.0,54,142.8,0.0,confirmed,2024-08-28 00:00:00,2024-03-14 13:00:00,2024-03-14 13:00:00
e47ccf91-de10-4263-9f0e-267bf7008215,281,2024-04-22 00:00:00,4,608.0,80,72.96,60.8,cancelled,2024-07-17 00:00:00,2024-04-21 03:00:00,2024-04-21 03:00:00
2e55c42c-2d5f-40d7-8baf-66a78cbd35df,208,2024-04-17 00:00:00,4,1596.0,134,191.52,0.0,confirmed,2024-04-26 00:00:00,2024-04-16 21:00:00,2024-04-19 21:00:00
acee1537-f1f0-42ca-970e-aaca420db865,89,2024-03-14 00:00:00,6,513.0,115,61.56,0.0,confirmed,2024-04-12 00:00:00,2024-03-13 11:00:00,2024-03-13 11:00:00
7e7485df-4fa1-4d01-9e83-e87f54727534,223,2023-10-19 00:00:00,1,90.0,129,10.8,0.0,confirmed,2023-10-25 00:00:00,2023-10-18 00:00:00,2023-10-18 00:00:00
f479033a-7622-49be-9538-b64980ab29c7,51,2023-05-31 00:00:00,2,462.0,108,55.44,0.0,confirmed,2023-10-24 00:00:00,2023-05-30 05:00:00,2023-05-30 05:00:00
39f6bc73-5ef7-44e1-ba09-4472a36b69a6,100,2024-09-15 00:00:00,12,1368.0,71,164.16,0.0,confirmed,2024-12-26 00:00:00,2024-09-14 01:00:00,2024-09-14 01:00:00
4198c5c9-f8b7-4db0-9fe2-02be077050ad,116,2023-08-10 00:00:00,1,90.75,61,10.89,0.0,confirmed,2024-01-22 00:00:00,2023-08-09 18:00:00,2023-08-09 18:00:00
94fb24ac-37a9-4856-bbb9-fe5cd3c710ad,319,2023-12-17 00:00:00,12,1633.44,142,196.01,0.0,confirmed,2024-04-14 00:00:00,2023-12-16 02:00:00,2023-12-16 02:00:00
e573d132-5f1c-444a-9e0d-967cb203e3d2,282,2023-07-20 00:00:00,10,3680.0,108,441.6,0.0,confirmed,2023-12-15 00:00:00,2023-07-19 03:00:00,2023-07-19 03:00:00
f18cf0ff-1097-4647-9c15-4ed46d8b9c71,2,2024-01-04 00:00:00,5,1500.0,42,180.0,0.0,confirmed,2024-03-09 00:00:00,2024-01-03 17:00:00,2024-01-03 17:00:00
b84ee911-5f41-40f3-9cf8-29573bc88279,112,2023-11-23 00:00:00,2,792.0,62,95.04,79.2,cancelled,2024-02-23 00:00:00,2023-11-22 06:00:00,2023-11-22 06:00:00
26bd0009-9f05-4b62-b7ed-be7a7387b1ef,37,2024-01-03 00:00:00,13,3822.0,67,458.64,0.0,confirmed,2024-04-30 00:00:00,2024-01-02 14:00:00,2024-01-02 14:00:00
97f7ba75-4d2a-4e84-8685-55646c768de0,376,2023-11-02 00:00:00,4,528.0,113,63.36,52.8,cancelled,2024-02-09 00:00:00,2023-11-01 14:00:00,2023-11-01 14:00:00
32cbbc29-a33c-45e7-aa83-547c2492b318,230,2023-10-30 00:00:00,13,8372.0,47,1004.64,0.0,confirmed,2023-11-11 00:00:00,2023-10-29 19:00:00,2023-10-29 19:00:00
5030ae84-c345-4715-ba29-8ec349a7b621,209,2023-07-27 00:00:00,6,816.72,40,98.01,0.0,confirmed,2023-09-20 00:00:00,2023-07-26 20:00:00,2023-07-26 20:00:00
bda01d8a-2939-4a1c-90dd-c6c6ac605fbb,68,2024-07-11 00:00:00,11,1452.0,40,174.24,145.2,cancelled,2025-01-01 00:00:00,2024-07-10 21:00:00,2024-07-17 21:00:00
7cad1249-5661-442c-957e-1acd6e2cc195,353,2024-02-22 00:00:00,5,467.5,142,56.1,0.0,confirmed,2024-04-10 00:00:00,2024-02-21 12:00:00,2024-02-21 12:00:00
358b58bf-e2c7-4901-9e93-cdd1eef402f1,490,2024-04-02 00:00:00,7,1596.0,81,191.52,0.0,confirmed,2024-08-21 00:00:00,2024-04-01 04:00:00,2024-04-01 04:00:00
9d7157b2-856f-46c8-bbb5-3f7f8d280f0b,295,2024-06-25 00:00:00,9,630.0,94,75.6,0.0,confirmed,2024-11-22 00:00:00,2024-06-24 13:00:00,2024-06-24 13:00:00
a1810235-5f55-4f0e-9e2a-f815c5a5029d,12,2024-02-08 00:00:00,7,1064.0,147,127.68,106.4,cancelled,2024-06-27 00:00:00,2024-02-07 22:00:00,2024-02-07 22:00:00
5613f528-0a72-4e84-a604-b9e5574df598,85,2023-11-21 00:00:00,12,1848.0,55,221.76,184.8,cancelled,2023-11-27 00:00:00,2023-11-20 23:00:00,2023-11-20 23:00:00
312fbb48-aa34-4f2b-8c8c-58f4b61fc040,467,2024-03-05 00:00:00,4,1024.0,140,122.88,0.0,confirmed,2024-03-26 00:00:00,2024-03-04 19:00:00,2024-03-04 19:00:00
11a223d9-5cfb-4a3c-816e-105701d07272,191,2024-06-30 00:00:00,2,874.0,65,104.88,87.4,cancelled,2024-12-17 00:00:00,2024-06-29 16:00:00,2024-06-29 16:00:00
92baa761-8db6-4384-b55b-896be68a6f16,91,2023-10-08 00:00:00,13,1976.0,72,237.12,0.0,confirmed,2023-11-24 00:00:00,2023-10-07 12:00:00,2023-10-07 12:00:00
b66793c3-0f7b-458d-8c59-6dc83305d9fe,331,2023-12-16 00:00:00,14,1190.0,129,142.8,0.0,confirmed,2023-12-29 00:00:00,2023-12-15 01:00:00,2023-12-22 01:00:00
6a64ed87-3ccb-4c49-8ff4-3fb37760b577,363,2024-02-14 00:00:00,1,209.0,114,25.08,0.0,confirmed,2024-04-25 00:00:00,2024-02-13 09:00:00,2024-02-13 09:00:00
7e8e2df7-dc4f-41b9-b237-9b3b1faa64ce,66,2023-12-08 00:00:00,8,2720.0,119,326.4,272.0,cancelled,2023-12-26 00:00:00,2023-12-07 17:00:00,2023-12-07 17:00:00
f04c195b-d9ae-4fc0-99cb-5237e9e1d36e,247,2024-05-01 00:00:00,8,646.0,104,77.52,64.6,cancelled,2024-08-25 00:00:00,2024-04-30 21:00:00,2024-04-30 21:00:00
d54adfe2-1923-4fb6-b7f2-3715c55ac46e,2,2023-11-08 00:00:00,11,3300.0,104,396.0,330.0,cancelled,2024-04-04 00:00:00,2023-11-07 22:00:00,2023-11-17 22:00:00
dec43977-9a2d-494d-bc5e-2287f52dca30,36,2024-04-13 00:00:00,14,3808.0,102,456.96,0.0,confirmed,2024-09-15 00:00:00,2024-04-12 17:00:00,2024-04-12 17:00:00
f2cfac94-5289-47dc-8299-bac9213aa981,161,2024-02-27 00:00:00,10,2300.0,75,276.0,0.0,confirmed,2024-04-16 00:00:00,2024-02-26 03:00:00,2024-02-26 03:00:00
008241bc-146b-4fd4-a218-d5e38a33d299,233,2023-06-24 00:00:00,12,693.0,95,83.16,69.3,cancelled,2023-10-11 00:00:00,2023-06-23 11:00:00,2023-06-27 11:00:00
86a7c307-9799-4068-9496-20cb2412caaf,40,2023-12-02 00:00:00,8,1584.0,103,190.08,0.0,confirmed,2024-01-24 00:00:00,2023-12-01 16:00:00,2023-12-01 16:00:00
7a288918-bb61-4be5-93d8-6dc28b9f51a9,368,2023-10-04 00:00:00,9,1440.0,143,172.8,0.0,confirmed,2024-01-09 00:00:00,2023-10-03 02:00:00,2023-10-10 02:00:00
5d83f61a-a900-4be2-8808-211e2c31071a,177,2023-11-29 00:00:00,2,828.0,75,99.36,82.8,cancelled,2024-02-08 00:00:00,2023-11-28 08:00:00,2023-11-28 08:00:00
36900765-cc5b-43d7-83dc-daa336e8f8e7,359,2024-01-24 00:00:00,13,911.56,150,109.39,91.16,cancelled,2024-05-06 00:00:00,2024-01-23 17:00:00,2024-01-23 17:00:00
f927b0a4-a17d-44e5-bfe7-6be29ab09c8b,31,2023-12-04 00:00:00,3,255.0,109,30.6,25.5,cancelled,2024-02-18 00:00:00,2023-12-03 16:00:00,2023-12-09 16:00:00
3d4e38f1-bafa-4cc5-810b-18d845531dec,163,2023-04-20 00:00:00,12,8280.0,104,993.6,828.0,cancelled,2023-09-29 00:00:00,2023-04-19 08:00:00,2023-04-19 08:00:00
b32247d0-d00b-411c-98cb-aa2d1587c1b9,302,2023-09-11 00:00:00,13,1573.0,44,188.76,157.3,cancelled,2024-02-10 00:00:00,2023-09-10 11:00:00,2023-09-10 11:00:00
76365aba-4bf6-4cde-97f7-e5e99f687363,114,2024-05-24 00:00:00,11,1815.0,71,217.8,181.5,cancelled,2024-10-15 00:00:00,2024-05-23 03:00:00,2024-05-23 03:00:00
b16e8c11-f2db-429a-8f07-4a6258e6676f,19,2024-01-29 00:00:00,11,968.0,42,116.16,0.0,confirmed,2024-07-03 00:00:00,2024-01-28 12:00:00,2024-01-28 12:00:00
20c4edaf-826e-45d0-af8e-c109f9931d64,64,2024-06-07 00:00:00,5,2480.0,63,297.6,0.0,confirmed,2024-08-29 00:00:00,2024-06-06 17:00:00,2024-06-06 17:00:00
2051153f-dc45-49ac-b3e9-40eea1295135,295,2023-12-08 00:00:00,10,700.0,109,84.0,0.0,confirmed,2024-03-10 00:00:00,2023-12-07 04:00:00,2023-12-07 04:00:00
c9d133fd-1685-49f1-9db3-8615a50474fa,315,2023-12-22 00:00:00,2,1248.0,51,149.76,0.0,confirmed,2024-06-15 00:00:00,2023-12-21 15:00:00,2023-12-21 15:00:00
62704458-6b5b-4b39-8389-80066b2c8da8,192,2023-07-13 00:00:00,7,1078.0,123,129.36,0.0,confirmed,2023-07-18 00:00:00,2023-07-12 18:00:00,2023-07-12 18:00:00
e1c2f503-7846-479e-b9a3-56c9aba5e802,321,2023-08-29 00:00:00,10,2340.0,61,280.8,234.0,cancelled,2024-01-12 00:00:00,2023-08-28 05:00:00,2023-08-28 05:00:00
3f30b341-4444-41f4-a363-badfc959f1c2,459,2024-05-25 00:00:00,4,1088.0,144,130.56,108.8,cancelled,2024-09-12 00:00:00,2024-05-24 09:00:00,2024-05-24 09:00:00
4712a893-2ea7-4cfc-a9da-6761f5abc9a8,60,2023-10-20 00:00:00,8,1056.0,75,126.72,105.6,cancelled,2024-04-01 00:00:00,2023-10-19 14:00:00,2023-10-19 14:00:00
858aa086-4973-43d4-b45e-be297de87170,307,2024-04-02 00:00:00,12,2352.0,140,282.24,0.0,confirmed,2024-05-21 00:00:00,2024-04-01 07:00:00,2024-04-01 07:00:00
cf12694b-fa28-406f-9743-02e3c781652e,48,2024-03-16 00:00:00,13,1287.0,88,154.44,128.7,cancelled,2024-05-29 00:00:00,2024-03-15 12:00:00,2024-03-15 12:00:00
2db4149f-7c21-40a2-8466-0bf6dd10aa92,247,2024-05-20 00:00:00,7,565.25,124,67.83,0.0,confirmed,2024-08-01 00:00:00,2024-05-19 16:00:00,2024-05-19 16:00:00
e3978c11-17a9-4885-873b-9d2505747b69,428,2024-02-18 00:00:00,1,378.0,93,45.36,0.0,confirmed,2024-06-14 00:00:00,2024-02-17 20:00:00,2024-02-17 20:00:00
b544f334-dd02-4290-865f-fb118d672daa,311,2024-01-24 00:00:00,5,907.5,51,108.9,0.0,confirmed,2024-07-16 00:00:00,2024-01-23 09:00:00,2024-02-02 09:00:00
47457ade-1b03-44cd-93c4-1e0f4caf5583,451,2024-01-09 00:00:00,7,3822.0,90,458.64,0.0,confirmed,2024-03-31 00:00:00,2024-01-08 14:00:00,2024-01-08 14:00:00
26d022bc-dd96-48ed-8c7e-53adc797f93d,422,2024-01-07 00:00:00,14,3213.0,121,385.56,321.3,cancelled,2024-03-29 00:00:00,2024-01-06 19:00:00,2024-01-06 19:00:00
3c08e7d2-1fd2-4921-a2c2-b9f6cad582c3,257,2024-04-16 00:00:00,9,940.5,131,112.86,0.0,confirmed,2024-08-08 00:00:00,2024-04-15 23:00:00,2024-04-15 23:00:00
8061ea46-d840-4e98-a195-e1c611c3712a,407,2023-07-02 00:00:00,10,1100.0,48,132.0,0.0,confirmed,2023-10-07 00:00:00,2023-07-01 04:00:00,2023-07-01 04:00:00
3a73c95c-6794-4091-be91-b42d6b051af0,53,2024-05-10 00:00:00,4,952.0,150,114.24,0.0,confirmed,2024-07-22 00:00:00,2024-05-09 00:00:00,2024-05-09 00:00:00
91f63dab-9d00-472f-a448-4cd273d20245,15,2023-09-30 00:00:00,14,3234.0,89,388.08,0.0,confirmed,2024-02-25 00:00:00,2023-09-29 18:00:00,2023-09-29 18:00:00
9552a02d-1313-4b28-b44b-e353e2fd4c5d,385,2024-03-27 00:00:00,6,1344.0,88,161.28,0.0,confirmed,2024-05-30 00:00:00,2024-03-26 18:00:00,2024-03-26 18:00:00
833b0365-4913-4415-a075-c099fdd038d2,162,2024-03-20 00:00:00,12,1350.0,144,162.0,0.0,confirmed,2024-04-28 00:00:00,2024-03-19 22:00:00,2024-03-19 22:00:00
6db43c61-fbc9-4bf8-b620-af11f58f1026,464,2023-06-22 00:00:00,4,640.0,48,76.8,0.0,confirmed,2023-08-29 00:00:00,2023-06-21 16:00:00,2023-06-21 16:00:00
1d3d88b6-76c8-4a51-bdaa-a9315c1c5d85,57,2023-10-18 00:00:00,8,1320.0,134,158.4,132.0,cancelled,2023-12-27 00:00:00,2023-10-17 22:00:00,2023-10-17 22:00:00
ba99e712-54af-4f34-aeba-be02eabed73a,270,2024-03-02 00:00:00,12,3720.0,129,446.4,0.0,confirmed,2024-03-16 00:00:00,2024-03-01 20:00:00,2024-03-01 20:00:00
3863017c-9e9f-40dc-a38c-e48ae377c493,194,2024-01-27 00:00:00,7,1953.0,82,234.36,0.0,confirmed,2024-07-21 00:00:00,2024-01-26 10:00:00,2024-01-26 10:00:00
6c05887d-5080-4e55-9eea-8418a71f3264,454,2024-08-15 00:00:00,6,1248.0,142,149.76,0.0,confirmed,2024-09-16 00:00:00,2024-08-14 07:00:00,2024-08-14 07:00:00
f509da6b-ab66-424e-a3e5-55f627c02c1e,258,2023-12-09 00:00:00,11,3866.5,84,463.98,386.65,cancelled,2024-04-02 00:00:00,2023-12-08 19:00:00,2023-12-16 19:00:00
60e19de9-3df1-47fe-917b-66c3ee5c7bb8,492,2024-04-20 00:00:00,12,2688.0,68,322.56,0.0,confirmed,2024-05-13 00:00:00,2024-04-19 15:00:00,2024-04-19 15:00:00
e90a055b-b35a-4002-9057-e861e7c9322a,294,2024-05-04 00:00:00,8,1178.0,93,141.36,0.0,confirmed,2024-08-06 00:00:00,2024-05-03 11:00:00,2024-05-03 11:00:00
5824ddc9-c614-472c-b82e-1ec9e093269c,213,2024-05-26 00:00:00,1,77.0,61,9.24,7.7,cancelled,2024-11-14 00:00:00,2024-05-25 01:00:00,2024-05-25 01:00:00
567f4cb5-57cd-4704-a128-161fc27fab61,239,2023-10-12 00:00:00,8,528.0,109,63.36,0.0,confirmed,2023-12-19 00:00:00,2023-10-11 16:00:00,2023-10-11 16:00:00
0045ab5a-1f23-4c9f-b151-197bdeb88306,241,2024-06-22 00:00:00,8,1056.0,127,126.72,105.6,cancelled,2024-08-16 00:00:00,2024-06-21 22:00:00,2024-07-01 22:00:00
d173d0a4-42c1-435f-a7b2-91c71c25ce77,348,2023-08-27 00:00:00,4,220.0,70,26.4,22.0,cancelled,2024-01-13 00:00:00,2023-08-26 15:00:00,2023-08-26 15:00:00
a8c8cea4-151e-4dc3-8283-48fd93b476db,408,2024-02-11 00:00:00,14,2387.0,79,286.44,0.0,confirmed,2024-03-25 00:00:00,2024-02-10 23:00:00,2024-02-10 23:00:00
405c5de6-defa-4729-8619-3e2a40d60dba,487,2024-01-02 00:00:00,5,371.25,48,44.55,0.0,confirmed,2024-03-07 00:00:00,2024-01-01 11:00:00,2024-01-01 11:00:00
6a346599-408c-4ce4-82d9-bef5101cd862,493,2024-07-21 00:00:00,3,577.5,142,69.3,0.0,confirmed,2024-11-25 00:00:00,2024-07-20 12:00:00,2024-07-20 12:00:00
08e2d485-7c10-4a73-ac8e-bb60a132d8b6,340,2023-07-01 00:00:00,12,1848.0,113,221.76,184.8,cancelled,2023-07-23 00:00:00,2023-06-30 11:00:00,2023-07-06 11:00:00
9871a092-b0e5-4063-aabc-d0e03cb09000,334,2023-12-16 00:00:00,6,541.5,74,64.98,0.0,confirmed,2024-06-03 00:00:00,2023-12-15 14:00:00,2023-12-15 14:00:00
1f648118-d69d-4dd1-a290-5214aa632298,209,2023-05-08 00:00:00,14,1905.68,112,228.68,0.0,confirmed,2023-10-08 00:00:00,2023-05-07 06:00:00,2023-05-07 06:00:00
eca46bab-1630-4ca6-9b8d-959f26ec2b54,196,2023-07-02 00:00:00,6,1138.5,69,136.62,0.0,confirmed,2023-08-07 00:00:00,2023-07-01 00:00:00,2023-07-01 00:00:00
e36655e5-c851-4726-81e8-2e786c074ebd,238,2024-04-29 00:00:00,9,8280.0,46,993.6,828.0,cancelled,2024-05-30 00:00:00,2024-04-28 17:00:00,2024-04-28 17:00:00
30998705-a897-4418-85ac-535276ab3be8,446,2023-08-24 00:00:00,4,637.0,114,76.44,0.0,confirmed,2023-10-21 00:00:00,2023-08-23 01:00:00,2023-08-24 01:00:00
b4fb5a56-b583-49fd-9c65-b6a3f878e37d,391,2023-12-06 00:00:00,10,1200.0,67,144.0,0.0,confirmed,2024-01-23 00:00:00,2023-12-05 05:00:00,2023-12-05 05:00:00
8bbc84e9-dbec-49fe-861c-71cecfd50d0d,44,2023-07-15 00:00:00,14,924.0,43,110.88,92.4,cancelled,2023-12-26 00:00:00,2023-07-14 16:00:00,2023-07-14 16:00:00
65ff7849-dc4f-41e7-8492-a89113f89ed9,158,2023-08-22 00:00:00,6,1221.0,103,146.52,0.0,confirmed,2023-09-11 00:00:00,2023-08-21 11:00:00,2023-08-24 11:00:00
3c4a2f61-d2c7-4a90-8caf-786885f2cdca,393,2024-09-17 00:00:00,2,460.0,80,55.2,0.0,confirmed,2025-01-10 00:00:00,2024-09-16 05:00:00,2024-09-22 05:00:00
3fceab29-9da0-42bc-8192-1def6b356c07,352,2024-02-08 00:00:00,4,858.0,78,102.96,0.0,confirmed,2024-02-17 00:00:00,2024-02-07 22:00:00,2024-02-07 22:00:00
b0157a4c-c21d-489c-b89a-ab072afb733f,101,2024-07-17 00:00:00,2,140.24,138,16.83,14.02,cancelled,2024-08-13 00:00:00,2024-07-16 17:00:00,2024-07-16 17:00:00
7295b70a-2f60-4d6e-927f-69cd08e51236,122,2023-12-05 00:00:00,1,390.0,123,46.8,0.0,confirmed,2024-03-28 00:00:00,2023-12-04 00:00:00,2023-12-04 00:00:00
29dd4881-879f-4c61-80c9-3aedb9a4aac8,427,2023-05-15 00:00:00,1,76.0,90,9.12,0.0,confirmed,2023-07-26 00:00:00,2023-05-14 18:00:00,2023-05-14 18:00:00
7545164e-c5a4-4a01-bec4-66a77eadf955,315,2024-02-04 00:00:00,8,4992.0,65,599.04,0.0,confirmed,2024-03-06 00:00:00,2024-02-03 22:00:00,2024-02-03 22:00:00
42efb8ec-1e36-426f-9f2e-0764eb4cde5d,109,2023-06-01 00:00:00,11,6930.0,131,831.6,693.0,cancelled,2023-10-15 00:00:00,2023-05-31 05:00:00,2023-05-31 05:00:00
1faef35a-336d-4cc0-a841-cc83df77ebf9,491,2024-03-17 00:00:00,11,2618.0,148,314.16,0.0,confirmed,2024-05-24 00:00:00,2024-03-16 14:00:00,2024-03-16 14:00:00
2fa48338-27d2-4905-8d87-09d08962d7fa,217,2023-03-29 00:00:00,8,1976.0,76,237.12,197.6,cancelled,2023-06-03 00:00:00,2023-03-28 09:00:00,2023-03-28 09:00:00
e2f4d75b-3e05-441b-a4fc-98d50231a49d,248,2023-05-27 00:00:00,11,3300.0,95,396.0,330.0,cancelled,2023-07-03 00:00:00,2023-05-26 08:00:00,2023-06-05 08:00:00
34498ea1-fb35-4ba4-a64f-2080cb630432,76,2024-07-12 00:00:00,14,1666.0,66,199.92,0.0,confirmed,2024-08-07 00:00:00,2024-07-11 02:00:00,2024-07-11 02:00:00
965a784d-6dff-4cab-9072-153a06946435,269,2024-09-14 00:00:00,13,2873.0,83,344.76,0.0,confirmed,2024-10-22 00:00:00,2024-09-13 08:00:00,2024-09-13 08:00:00
a0b3cd9a-ae1a-4f65-9429-2c0f53389297,385,2024-01-04 00:00:00,13,2912.0,132,349.44,0.0,confirmed,2024-01-06 00:00:00,2024-01-03 09:00:00,2024-01-03 09:00:00
ebcdd2d8-8ea1-45cb-a4c8-0780c50336f5,453,2024-02-26 00:00:00,4,1080.0,50,129.6,108.0,cancelled,2024-07-19 00:00:00,2024-02-25 12:00:00,2024-02-25 12:00:00
cc22bb91-a4b0-4bac-acb4-c08a9ba617c2,12,2023-12-17 00:00:00,5,760.0,122,91.2,0.0,confirmed,2024-01-24 00:00:00,2023-12-16 12:00:00,2023-12-16 12:00:00
7c36258c-cf13-4786-bb49-3ac78c8b485e,251,2024-01-28 00:00:00,3,569.25,102,68.31,0.0,confirmed,2024-06-18 00:00:00,2024-01-27 10:00:00,2024-01-27 10:00:00
f8a896b8-255d-4c02-ae01-095effb35d7b,143,2024-03-27 00:00:00,4,320.0,120,38.4,32.0,cancelled,2024-08-11 00:00:00,2024-03-26 14:00:00,2024-03-26 14:00:00
4204097c-d216-4970-9a00-9a8f88ecf8da,241,2024-05-22 00:00:00,12,1584.0,76,190.08,158.4,cancelled,2024-10-03 00:00:00,2024-05-21 09:00:00,2024-05-21 09:00:00
8bf4191b-fe19-49ba-9aa3-589681817900,261,2023-08-21 00:00:00,7,1820.0,93,218.4,182.0,cancelled,2023-12-28 00:00:00,2023-08-20 03:00:00,2023-08-20 03:00:00
80774f34-c555-4fc9-ba8a-63050f52e0eb,476,2023-10-12 00:00:00,5,1211.25,90,145.35,121.12,cancelled,2024-02-17 00:00:00,2023-10-11 17:00:00,2023-10-11 17:00:00
8d0ee930-a9a9-43bf-8724-b0e26f7ccf83,396,2024-02-07 00:00:00,12,2772.0,73,332.64,0.0,confirmed,2024-02-09 00:00:00,2024-02-06 14:00:00,2024-02-06 14:00:00
397cc3e8-c360-4096-b57b-4afcd5e3fa66,399,2023-11-05 00:00:00,4,833.0,102,99.96,83.3,cancelled,2024-04-18 00:00:00,2023-11-04 23:00:00,2023-11-04 23:00:00
ce340dd0-b4f8-4470-8b5f-e9d22dd41eab,325,2023-11-16 00:00:00,9,2592.0,59,311.04,0.0,confirmed,2023-12-22 00:00:00,2023-11-15 20:00:00,2023-11-15 20:00:00
ffb2823b-e753-4605-81de-398b5c292ea5,386,2023-12-23 00:00:00,9,726.75,112,87.21,72.67,cancelled,2024-04-06 00:00:00,2023-12-22 22:00:00,2023-12-22 22:00:00
2e4b6e88-51d1-4ebc-a990-e2aefef47797,280,2024-02-07 00:00:00,12,3168.0,54,380.16,0.0,confirmed,2024-03-02 00:00:00,2024-02-06 23:00:00,2024-02-06 23:00:00
8d8ab7f4-1256-482e-a435-d2d70e9b6835,213,2024-05-26 00:00:00,4,308.0,58,36.96,0.0,confirmed,2024-06-05 00:00:00,2024-05-25 23:00:00,2024-05-25 23:00:00
26153ea4-768e-4b8a-b987-2690cb1ca9ea,430,2023-11-07 00:00:00,5,920.0,102,110.4,0.0,confirmed,2023-12-12 00:00:00,2023-11-06 16:00:00,2023-11-06 16:00:00
245e5d5a-d188-433a-b47c-b4656f38d31a,218,2023-08-21 00:00:00,10,1757.5,103,210.9,175.75,cancelled,2024-02-12 00:00:00,2023-08-20 22:00:00,2023-08-20 22:00:00
ea233c5a-9b4b-42d0-93d9-c01e84006cdf,11,2024-05-31 00:00:00,7,1120.0,94,134.4,112.0,cancelled,2024-10-07 00:00:00,2024-05-30 17:00:00,2024-05-30 17:00:00
ece09a8d-c63d-43d3-b75e-3cf9bb83ad35,36,2024-02-15 00:00:00,13,3536.0,59,424.32,0.0,confirmed,2024-02-20 00:00:00,2024-02-14 03:00:00,2024-02-14 03:00:00
861bf14a-79c6-43b4-9618-4aec9c590fa9,253,2023-09-29 00:00:00,2,385.0,60,46.2,0.0,confirmed,2024-03-06 00:00:00,2023-09-28 12:00:00,2023-09-28 12:00:00
a92e1f00-c6ff-44c8-85ec-a7d2bfa0d5e7,461,2023-07-26 00:00:00,13,8320.0,45,998.4,0.0,confirmed,2023-11-06 00:00:00,2023-07-25 15:00:00,2023-07-25 15:00:00
e10e946f-37dd-4c90-afcd-0e35686ff375,66,2024-03-13 00:00:00,4,1360.0,150,163.2,136.0,cancelled,2024-05-28 00:00:00,2024-03-12 12:00:00,2024-03-12 12:00:00
80b3a7b0-786a-423c-9d81-acdf180074de,354,2023-03-01 00:00:00,9,4410.0,107,529.2,441.0,cancelled,2023-06-09 00:00:00,2023-02-28 14:00:00,2023-03-08 14:00:00
69c3ccf2-2649-45fd-9fa0-d3dcec2176b0,61,2024-02-19 00:00:00,6,866.28,78,103.95,0.0,confirmed,2024-05-02 00:00:00,2024-02-18 20:00:00,2024-02-18 20:00:00
2fd5b394-8827-4266-86dc-48216a2ecfc5,289,2023-09-12 00:00:00,4,1221.0,101,146.52,0.0,confirmed,2023-09-16 00:00:00,2023-09-11 13:00:00,2023-09-11 13:00:00
c32a71f6-ed71-4753-b279-817bdee33ac9,391,2023-12-18 00:00:00,1,120.0,46,14.4,12.0,cancelled,2024-05-09 00:00:00,2023-12-17 16:00:00,2023-12-17 16:00:00
20fc7d5a-b62a-4a3b-b001-d1c0873595de,477,2024-02-29 00:00:00,14,962.5,121,115.5,96.25,cancelled,2024-08-21 00:00:00,2024-02-28 19:00:00,2024-03-02 19:00:00
c0c231b9-53a7-4c79-9c7d-644a264cf6f7,429,2023-02-23 00:00:00,11,888.25,97,106.59,0.0,confirmed,2023-03-30 00:00:00,2023-02-22 13:00:00,2023-02-22 13:00:00
e9efed72-a632-4dab-a4da-120c5f758a80,156,2023-10-13 00:00:00,5,712.5,76,85.5,0.0,confirmed,2023-11-28 00:00:00,2023-10-12 09:00:00,2023-10-12 09:00:00
e6e7cd94-eb3b-4034-ba88-d9322e4664d4,37,2023-06-06 00:00:00,4,1176.0,54,141.12,0.0,confirmed,2023-08-07 00:00:00,2023-06-05 16:00:00,2023-06-05 16:00:00
ed501aa4-8126-445e-8f62-eee1d1fa7cbf,272,2024-01-04 00:00:00,6,3087.0,63,370.44,0.0,confirmed,2024-03-28 00:00:00,2024-01-03 22:00:00,2024-01-03 22:00:00
7606a722-928c-4af6-8057-4d81f3c236b9,320,2023-06-16 00:00:00,7,882.0,86,105.84,0.0,confirmed,2023-10-18 00:00:00,2023-06-15 00:00:00,2023-06-15 00:00:00
30111aa0-9071-4721-ab51-534bc6a48a21,331,2023-10-04 00:00:00,5,425.0,70,51.0,0.0,confirmed,2024-01-15 00:00:00,2023-10-03 07:00:00,2023-10-03 07:00:00
d6383fd4-2907-445f-af71-f5f0a7fe8cde,91,2023-10-07 00:00:00,9,1368.0,54,164.16,0.0,confirmed,2023-10-24 00:00:00,2023-10-06 03:00:00,2023-10-06 03:00:00
3dd4b601-06a1-43e9-aae8-7d797da60611,436,2024-02-09 00:00:00,2,270.0,94,32.4,27.0,cancelled,2024-04-16 00:00:00,2024-02-08 23:00:00,2024-02-08 23:00:00
ab068360-5443-4df2-ad3b-952f699f25e2,122,2024-06-01 00:00:00,14,5460.0,141,655.2,546.0,cancelled,2024-11-17 00:00:00,2024-05-31 01:00:00,2024-06-03 01:00:00
b1a8e8b0-fdc3-491a-84ba-a892eb87629e,377,2024-04-22 00:00:00,1,173.25,73,20.79,0.0,confirmed,2024-09-15 00:00:00,2024-04-21 18:00:00,2024-04-21 18:00:00
3be0ff60-2af3-4f25-a127-4410b27cc4bd,106,2023-12-31 00:00:00,3,222.75,116,26.73,0.0,confirmed,2024-04-29 00:00:00,2023-12-30 00:00:00,2023-12-30 00:00:00
6d3a08fa-7925-4ea6-ad68-3242a0fb6126,292,2023-10-03 00:00:00,5,3150.0,119,378.0,315.0,cancelled,2024-03-14 00:00:00,2023-10-02 01:00:00,2023-10-02 01:00:00
3d894a1a-2aa1-43e7-8f42-3acaef2eb009,211,2023-11-01 00:00:00,11,2200.0,125,264.0,0.0,confirmed,2024-03-05 00:00:00,2023-10-31 11:00:00,2023-10-31 11:00:00
58ee721d-5c17-4649-aa73-f472e1103ad8,50,2024-08-22 00:00:00,5,1050.0,100,126.0,105.0,cancelled,2025-01-14 00:00:00,2024-08-21 20:00:00,2024-08-21 20:00:00
8b1fade4-0ea3-4b70-ba87-05073f71e701,428,2024-03-02 00:00:00,4,1512.0,119,181.44,151.2,cancelled,2024-06-13 00:00:00,2024-03-01 01:00:00,2024-03-01 01:00:00
c8b87649-644e-425a-8a3c-35068749e856,438,2023-11-11 00:00:00,14,2310.0,117,277.2,231.0,cancelled,2024-01-17 00:00:00,2023-11-10 20:00:00,2023-11-19 20:00:00
a546cd71-4cb4-446d-ba51-d4dd37782934,116,2023-10-27 00:00:00,13,1179.75,90,141.57,0.0,confirmed,2023-11-10 00:00:00,2023-10-26 09:00:00,2023-10-26 09:00:00
f491aa24-9954-4cf7-9a12-0152807b52aa,159,2023-02-09 00:00:00,6,960.0,130,115.2,0.0,confirmed,2023-06-01 00:00:00,2023-02-08 01:00:00,2023-02-08 01:00:00
6c62faf6-56b2-448a-9817-f13696dd212a,131,2023-02-19 00:00:00,6,1920.0,44,230.4,0.0,confirmed,2023-07-29 00:00:00,2023-02-18 12:00:00,2023-02-18 12:00:00
0bbc16bc-ad25-4cd0-8af9-5fd585137415,371,2023-12-23 00:00:00,5,560.0,147,67.2,56.0,cancelled,2024-01-27 00:00:00,2023-12-22 01:00:00,2023-12-22 01:00:00
3b35b726-7e8b-4c51-b073-f1f050f44fc0,255,2023-08-15 00:00:00,12,2376.0,148,285.12,0.0,confirmed,2023-09-24 00:00:00,2023-08-14 11:00:00,2023-08-14 11:00:00
4f2bf71a-bc3b-4a84-aaa4-82fd164f5ccb,418,2024-02-12 00:00:00,5,1500.0,70,180.0,0.0,confirmed,2024-06-28 00:00:00,2024-02-11 17:00:00,2024-02-11 17:00:00
bc3a8374-2438-49a0-bdeb-4db8c2c13b0a,429,2023-10-13 00:00:00,3,242.25,62,29.07,24.23,cancelled,2024-02-11 00:00:00,2023-10-12 13:00:00,2023-10-12 13:00:00
60c2df51-f731-481b-9bfd-5506f4cc88e9,365,2023-12-02 00:00:00,1,152.0,113,18.24,15.2,cancelled,2024-04-07 00:00:00,2023-12-01 03:00:00,2023-12-01 03:00:00
9e2fadb3-869a-479d-b314-c52b34e7f32a,201,2023-05-06 00:00:00,13,2912.0,146,349.44,0.0,confirmed,2023-07-01 00:00:00,2023-05-05 05:00:00,2023-05-05 05:00:00
1e5c20fa-8c62-48b5-82e5-8ed2a2d83774,29,2024-01-09 00:00:00,12,2880.0,97,345.6,0.0,confirmed,2024-02-06 00:00:00,2024-01-08 06:00:00,2024-01-08 06:00:00
4154154c-13ee-4314-bafb-8fc2b9c4e549,390,2023-08-15 00:00:00,11,1650.0,59,198.0,0.0,confirmed,2023-12-12 00:00:00,2023-08-14 23:00:00,2023-08-23 23:00:00
d157f833-6351-4422-bad2-a1506e8e482b,43,2024-01-27 00:00:00,3,198.0,48,23.76,0.0,confirmed,2024-03-21 00:00:00,2024-01-26 09:00:00,2024-01-26 09:00:00
b074f728-d70c-419e-b608-c8f55bb112fb,412,2023-02-27 00:00:00,4,380.0,44,45.6,0.0,confirmed,2023-04-08 00:00:00,2023-02-26 06:00:00,2023-02-26 06:00:00
dca18179-8502-41b3-9650-15a49e45076b,417,2023-08-17 00:00:00,6,1680.0,133,201.6,168.0,cancelled,2023-10-22 00:00:00,2023-08-16 13:00:00,2023-08-25 13:00:00
6f88af66-aa95-4053-8f06-aaa7b6b0e253,77,2023-12-13 00:00:00,3,480.0,110,57.6,48.0,cancelled,2024-05-07 00:00:00,2023-12-12 16:00:00,2023-12-12 16:00:00
12b78acc-5936-4996-9f3e-0f06177d1746,388,2023-04-15 00:00:00,3,510.0,56,61.2,0.0,confirmed,2023-09-21 00:00:00,2023-04-14 12:00:00,2023-04-14 12:00:00
f99d0662-ef64-4ee3-b342-c7ab0c51183b,474,2023-10-26 00:00:00,2,690.0,52,82.8,0.0,confirmed,2023-11-09 00:00:00,2023-10-25 05:00:00,2023-10-25 05:00:00
0a679bc8-1e1a-48dd-9aaa-fc48b738f028,322,2024-03-31 00:00:00,11,771.32,92,92.56,77.13,cancelled,2024-04-22 00:00:00,2024-03-30 18:00:00,2024-03-31 18:00:00
613093f1-58bc-4cc1-8881-e7520edb6e36,92,2024-05-06 00:00:00,14,931.0,111,111.72,0.0,confirmed,2024-10-01 00:00:00,2024-05-05 23:00:00,2024-05-05 23:00:00
9b16d23b-cffb-4cae-b895-cf4a89f1199b,459,2023-12-31 00:00:00,8,2176.0,129,261.12,0.0,confirmed,2024-02-23 00:00:00,2023-12-30 22:00:00,2023-12-30 22:00:00
9786a79a-a92f-4a92-814e-fdc51d60981f,155,2023-12-26 00:00:00,4,572.0,63,68.64,0.0,confirmed,2024-01-15 00:00:00,2023-12-25 05:00:00,2023-12-25 05:00:00
ea8289fd-0661-4a7c-80b1-12e4ebea7b67,493,2024-09-08 00:00:00,13,2502.5,64,300.3,0.0,confirmed,2024-11-05 00:00:00,2024-09-07 15:00:00,2024-09-12 15:00:00
cab836e5-d2d2-4a82-aef3-5f5a3631baaf,349,2023-04-19 00:00:00,3,231.0,58,27.72,0.0,confirmed,2023-05-15 00:00:00,2023-04-18 21:00:00,2023-04-18 21:00:00
e95e1c04-5c1c-4956-ae4f-2f05b8bd0311,499,2023-08-21 00:00:00,7,616.0,146,73.92,0.0,confirmed,2023-09-22 00:00:00,2023-08-20 20:00:00,2023-08-20 20:00:00
4e360043-f7dc-41ad-8078-780b32d46a10,453,2024-02-03 00:00:00,8,2160.0,145,259.2,0.0,confirmed,2024-04-25 00:00:00,2024-02-02 17:00:00,2024-02-04 17:00:00
993bdd33-4054-4a94-9159-3f70f6cab318,390,2024-01-08 00:00:00,6,900.0,119,108.0,0.0,confirmed,2024-02-01 00:00:00,2024-01-07 04:00:00,2024-01-07 04:00:00
28f1974d-a13d-4134-8c3c-74c52b1ad03a,410,2024-08-11 00:00:00,7,931.0,52,111.72,0.0,confirmed,2024-09-13 00:00:00,2024-08-10 09:00:00,2024-08-10 09:00:00
6de79931-52b2-42cb-aa75-5c15622f1ede,460,2024-04-21 00:00:00,10,5520.0,113,662.4,552.0,cancelled,2024-07-05 00:00:00,2024-04-20 10:00:00,2024-04-20 10:00:00
9076016a-abc3-4473-9b9c-57b738c3b67e,53,2024-04-03 00:00:00,14,3332.0,120,399.84,0.0,confirmed,2024-04-14 00:00:00,2024-04-02 15:00:00,2024-04-02 15:00:00
14aa6c13-472e-4577-aa17-cff825e5cfbe,409,2024-04-08 00:00:00,2,294.5,48,35.34,0.0,confirmed,2024-06-02 00:00:00,2024-04-07 17:00:00,2024-04-07 17:00:00
f196587d-d492-4993-8f63-2ddb2119c260,487,2023-06-17 00:00:00,9,668.25,68,80.19,0.0,confirmed,2023-08-09 00:00:00,2023-06-16 05:00:00,2023-06-16 05:00:00
f9955838-1686-423a-979c-4486cbc900b9,481,2023-08-20 00:00:00,6,510.0,123,61.2,0.0,confirmed,2024-01-16 00:00:00,2023-08-19 21:00:00,2023-08-19 21:00:00
ceb41551-a8df-42c1-bc5c-e189c139840b,346,2023-07-11 00:00:00,8,1280.0,71,153.6,128.0,cancelled,2023-12-19 00:00:00,2023-07-10 02:00:00,2023-07-10 02:00:00
589b0df9-dc9d-434d-8468-421e927f7be4,371,2023-06-01 00:00:00,9,1008.0,119,120.96,0.0,confirmed,2023-09-24 00:00:00,2023-05-31 03:00:00,2023-05-31 03:00:00
ebf9f265-888c-4ce3-8c65-a80daee45279,484,2023-11-19 00:00:00,7,1365.0,147,163.8,0.0,confirmed,2023-12-04 00:00:00,2023-11-18 09:00:00,2023-11-18 09:00:00
e28c22d1-94c9-4cb7-b210-47e83ece1a09,198,2024-05-06 00:00:00,9,4032.0,94,483.84,0.0,confirmed,2024-11-01 00:00:00,2024-05-05 14:00:00,2024-05-05 14:00:00
d028eb79-2607-49e7-ad2b-b8caa2c871e3,209,2023-10-17 00:00:00,3,408.36,87,49.0,40.84,cancelled,2024-03-22 00:00:00,2023-10-16 15:00:00,2023-10-16 15:00:00
f13508ea-a375-4aa6-a7fe-fbdd91cbeefc,412,2023-03-07 00:00:00,12,1140.0,76,136.8,0.0,confirmed,2023-06-26 00:00:00,2023-03-06 17:00:00,2023-03-06 17:00:00
2e1f2fe5-63fa-4ae6-91b6-4ae7b0fdc4ca,262,2023-08-02 00:00:00,10,5880.0,41,705.6,0.0,confirmed,2023-09-25 00:00:00,2023-08-01 14:00:00,2023-08-01 14:00:00
17ac5726-adc8-4160-87a9-5473b0fd8369,142,2023-04-14 00:00:00,9,1386.0,107,166.32,0.0,confirmed,2023-09-14 00:00:00,2023-04-13 21:00:00,2023-04-13 21:00:00
45c7a650-a0b4-46a3-8522-0711b0016850,395,2024-05-30 00:00:00,13,7280.0,85,873.6,0.0,confirmed,2024-08-18 00:00:00,2024-05-29 20:00:00,2024-05-29 20:00:00
1fd2300b-5dd8-4337-8ab5-f657e29845fe,444,2023-11-12 00:00:00,10,2720.0,98,326.4,272.0,cancelled,2023-12-05 00:00:00,2023-11-11 12:00:00,2023-11-11 12:00:00
8751c270-9e0e-4ff0-b22a-526405356109,311,2023-11-04 00:00:00,3,544.5,64,65.34,0.0,confirmed,2023-12-05 00:00:00,2023-11-03 11:00:00,2023-11-07 11:00:00
71fb96f3-728f-41eb-a46a-7e3b49f5c2b7,113,2023-01-26 00:00:00,1,161.0,40,19.32,16.1,cancelled,2023-01-31 00:00:00,2023-01-25 03:00:00,2023-01-30 03:00:00
4672e6dd-428a-4895-b131-d933e0514b42,423,2024-06-13 00:00:00,13,2730.0,87,327.6,0.0,confirmed,2024-08-12 00:00:00,2024-06-12 14:00:00,2024-06-12 14:00:00
736d957a-d6df-4f03-a634-0ba051b0e37f,394,2023-12-24 00:00:00,2,115.5,60,13.86,0.0,confirmed,2024-01-02 00:00:00,2023-12-23 23:00:00,2023-12-23 23:00:00
23c0d416-e6ac-4a1c-ab75-1549f7cd5a11,188,2024-01-14 00:00:00,3,966.0,54,115.92,0.0,confirmed,2024-01-27 00:00:00,2024-01-13 16:00:00,2024-01-13 16:00:00
b7b0ae21-94a6-43b5-9e3c-632123ecaf37,439,2023-11-23 00:00:00,6,1104.0,59,132.48,0.0,confirmed,2024-03-22 00:00:00,2023-11-22 04:00:00,2023-11-22 04:00:00
0793fd26-2597-46d9-898f-f9f1a7b99591,404,2023-02-19 00:00:00,6,720.0,115,86.4,0.0,confirmed,2023-07-29 00:00:00,2023-02-18 06:00:00,2023-02-18 06:00:00
9f7b9edf-9521-4df2-aaa6-46be10a55dbc,298,2024-01-09 00:00:00,12,3864.0,83,463.68,0.0,confirmed,2024-02-13 00:00:00,2024-01-08 11:00:00,2024-01-09 11:00:00
fa0c0ce6-181a-4926-b971-e66e3f724813,150,2023-12-28 00:00:00,2,280.5,85,33.66,0.0,confirmed,2024-03-20 00:00:00,2023-12-27 14:00:00,2023-12-27 14:00:00
661ef4a2-8194-47b7-a7ea-2b9ed6aa4b52,172,2023-08-25 00:00:00,5,495.0,55,59.4,0.0,confirmed,2023-12-02 00:00:00,2023-08-24 04:00:00,2023-08-29 04:00:00
311fe4df-aa77-4a30-b1a3-d0fe4256e3c9,372,2024-04-29 00:00:00,12,1056.0,137,126.72,105.6,cancelled,2024-09-04 00:00:00,2024-04-28 12:00:00,2024-04-28 12:00:00
0a03b9c9-d647-4408-83f5-c1fb40c62e74,409,2024-05-31 00:00:00,13,1914.25,136,229.71,0.0,confirmed,2024-08-15 00:00:00,2024-05-30 01:00:00,2024-05-30 01:00:00
e124df45-0854-41c6-b662-66a2e2820943,491,2023-07-06 00:00:00,13,3094.0,73,371.28,0.0,confirmed,2023-10-20 00:00:00,2023-07-05 18:00:00,2023-07-14 18:00:00
acc9e706-a5d3-428c-9c07-e3b98b948752,86,2023-07-30 00:00:00,3,864.0,127,103.68,0.0,confirmed,2023-09-18 00:00:00,2023-07-29 13:00:00,2023-07-29 13:00:00
7c58bfeb-0b55-4847-84db-9e223f292b44,339,2023-12-25 00:00:00,9,882.0,51,105.84,0.0,confirmed,2024-03-14 00:00:00,2023-12-24 14:00:00,2023-12-24 14:00:00
d4d6d767-05d2-4a7b-8968-a2b5646f5ba6,273,2023-10-25 00:00:00,11,990.0,52,118.8,0.0,confirmed,2024-01-27 00:00:00,2023-10-24 01:00:00,2023-10-24 01:00:00
c71d5354-91f3-4225-ae7d-cedcec53e96c,378,2023-04-26 00:00:00,9,2016.0,47,241.92,0.0,confirmed,2023-09-28 00:00:00,2023-04-25 08:00:00,2023-04-25 08:00:00
2f35b87f-392f-4658-ac5b-b25a6c0a6ea8,22,2023-10-30 00:00:00,1,61.75,111,7.41,0.0,confirmed,2023-11-18 00:00:00,2023-10-29 12:00:00,2023-10-29 12:00:00
812fb89c-a46a-439c-b128-621e92714c86,483,2023-07-11 00:00:00,5,357.5,101,42.9,35.75,cancelled,2023-10-16 00:00:00,2023-07-10 14:00:00,2023-07-10 14:00:00
84421c3e-3b2f-4356-ad29-86a20baf16ee,155,2023-12-26 00:00:00,9,1287.0,86,154.44,0.0,confirmed,2024-02-03 00:00:00,2023-12-25 03:00:00,2023-12-25 03:00:00
8060c92e-5ba9-4694-80a1-9f6a09a64ee6,369,2024-04-28 00:00:00,2,187.0,105,22.44,0.0,confirmed,2024-07-25 00:00:00,2024-04-27 11:00:00,2024-04-27 11:00:00
b0edfb47-dace-4dd8-b6cd-8c55e68c9a17,196,2023-08-18 00:00:00,12,2277.0,67,273.24,227.7,cancelled,2023-11-15 00:00:00,2023-08-17 21:00:00,2023-08-17 21:00:00
e895031a-f03d-4530-893e-b90ae30f6e1d,495,2024-07-24 00:00:00,12,1800.0,99,216.0,0.0,confirmed,2024-09-13 00:00:00,2024-07-23 13:00:00,2024-07-23 13:00:00
955b94d7-700b-4b8f-9639-6c1528e10ead,336,2024-04-01 00:00:00,6,912.0,74,109.44,91.2,cancelled,2024-04-10 00:00:00,2024-03-31 02:00:00,2024-03-31 02:00:00
16487d5d-2cae-4160-a963-23691b0848a2,356,2023-10-27 00:00:00,5,1665.0,62,199.8,166.5,cancelled,2024-04-14 00:00:00,2023-10-26 00:00:00,2023-10-26 00:00:00
3d8917be-c891-4c5a-b74d-2c6d270019a5,478,2023-07-17 00:00:00,7,3430.0,81,411.6,0.0,confirmed,2023-11-29 00:00:00,2023-07-16 19:00:00,2023-07-16 19:00:00
eb58cbbc-56d1-4bf8-953b-d4e9aee7dc73,62,2023-08-01 00:00:00,5,560.0,72,67.2,0.0,confirmed,2023-10-10 00:00:00,2023-07-31 13:00:00,2023-07-31 13:00:00
457ef713-1011-4932-ae48-7c09bee3bc85,451,2024-01-15 00:00:00,8,4368.0,125,524.16,436.8,cancelled,2024-07-06 00:00:00,2024-01-14 02:00:00,2024-01-16 02:00:00
addd9eb4-47ff-45c7-a277-93a6deff5946,163,2023-10-12 00:00:00,6,4140.0,104,496.8,0.0,confirmed,2024-02-11 00:00:00,2023-10-11 20:00:00,2023-10-11 20:00:00
720c66bb-9d67-4ca8-9de1-868ad988cb24,20,2023-06-26 00:00:00,5,665.0,135,79.8,66.5,cancelled,2023-08-30 00:00:00,2023-06-25 09:00:00,2023-06-25 09:00:00
e79bae12-9061-44db-9e7b-de6e18a36fd8,129,2023-11-27 00:00:00,6,420.72,129,50.49,42.07,cancelled,2024-05-03 00:00:00,2023-11-26 16:00:00,2023-11-26 16:00:00
68e975c8-7cf4-4ca4-b94e-7a8d2f8c1537,161,2023-08-26 00:00:00,2,460.0,84,55.2,0.0,confirmed,2024-01-30 00:00:00,2023-08-25 07:00:00,2023-08-29 07:00:00
f8c8f4ec-029f-4063-a760-dd2cf39d7eaa,433,2023-09-14 00:00:00,2,676.5,121,81.18,67.65,cancelled,2024-02-01 00:00:00,2023-09-13 14:00:00,2023-09-19 14:00:00
24b7a636-7c2d-4dc0-990c-c023529b015a,285,2023-10-05 00:00:00,13,1608.75,120,193.05,160.88,cancelled,2024-02-04 00:00:00,2023-10-04 08:00:00,2023-10-13 08:00:00
59e58fca-9543-4dd2-8d90-f0f1c925a2ef,157,2024-04-01 00:00:00,3,1656.0,94,198.72,165.6,cancelled,2024-06-06 00:00:00,2024-03-31 15:00:00,2024-03-31 15:00:00
e6e4b80b-4764-496e-bfe5-263a96b2610b,330,2023-12-17 00:00:00,14,6076.0,44,729.12,607.6,cancelled,2024-04-03 00:00:00,2023-12-16 08:00:00,2023-12-16 08:00:00
00dad5d9-790a-4cf5-b5a9-061ad9cd542d,230,2023-07-06 00:00:00,8,5152.0,103,618.24,0.0,confirmed,2023-12-01 00:00:00,2023-07-05 18:00:00,2023-07-15 18:00:00
7a207652-f75e-4f32-82fe-0bd577f4c8e8,377,2024-01-08 00:00:00,8,1386.0,61,166.32,138.6,cancelled,2024-05-25 00:00:00,2024-01-07 01:00:00,2024-01-07 01:00:00
8d3b6b6c-f93a-4036-adcf-6a6b816b2468,8,2023-09-18 00:00:00,8,726.0,100,87.12,72.6,cancelled,2024-02-21 00:00:00,2023-09-17 18:00:00,2023-09-17 18:00:00
5714a6e3-ba48-47f2-80f9-3ed70d459e19,188,2023-11-21 00:00:00,14,4508.0,94,540.96,0.0,confirmed,2024-05-02 00:00:00,2023-11-20 12:00:00,2023-11-20 12:00:00
f1ab0e2e-9e0f-47d1-bb81-3a57783da369,162,2024-04-16 00:00:00,2,225.0,120,27.0,0.0,confirmed,2024-10-06 00:00:00,2024-04-15 00:00:00,2024-04-15 00:00:00
87fb7db3-6cea-414d-b116-30ba120cdadc,386,2024-05-17 00:00:00,6,484.5,68,58.14,0.0,confirmed,2024-08-26 00:00:00,2024-05-16 02:00:00,2024-05-16 02:00:00
34524c50-3bdf-4864-8fbc-2466b5c9096b,200,2023-08-13 00:00:00,6,1831.5,64,219.78,183.15,cancelled,2023-11-04 00:00:00,2023-08-12 12:00:00,2023-08-14 12:00:00
40616b44-a00e-4c09-9738-af09945d2f8c,18,2024-03-09 00:00:00,2,682.0,69,81.84,68.2,cancelled,2024-07-31 00:00:00,2024-03-08 11:00:00,2024-03-16 11:00:00
35c5baa3-6d7f-4f36-8b72-723c4bca3655,2,2023-09-01 00:00:00,10,3000.0,59,360.0,0.0,confirmed,2023-10-23 00:00:00,2023-08-31 18:00:00,2023-08-31 18:00:00
240ba959-9c25-48e4-bf55-011f34964877,66,2023-12-16 00:00:00,5,1700.0,69,204.0,170.0,cancelled,2024-05-06 00:00:00,2023-12-15 11:00:00,2023-12-22 11:00:00
eb58aef4-3f0f-4ba7-a4ab-de72bf2b0a9b,284,2024-06-21 00:00:00,2,352.0,55,42.24,0.0,confirmed,2024-09-13 00:00:00,2024-06-20 13:00:00,2024-06-20 13:00:00
7b8242a8-18c6-41a6-ba43-2dc8e53eff77,443,2023-12-08 00:00:00,11,2194.5,67,263.34,0.0,confirmed,2024-06-03 00:00:00,2023-12-07 18:00:00,2023-12-07 18:00:00
4aae4b8d-ceda-4c5a-ad71-0a33abbeb2f8,466,2024-01-07 00:00:00,10,1610.0,94,193.2,161.0,cancelled,2024-04-29 00:00:00,2024-01-06 19:00:00,2024-01-06 19:00:00
26940cf4-9bac-45b2-abca-4725160ca868,278,2023-10-26 00:00:00,12,1848.0,99,221.76,0.0,confirmed,2023-12-22 00:00:00,2023-10-25 21:00:00,2023-10-25 21:00:00
f3e7ce3c-dda4-425d-bc75-62205799d957,164,2024-06-07 00:00:00,5,425.0,94,51.0,0.0,confirmed,2024-11-20 00:00:00,2024-06-06 12:00:00,2024-06-06 12:00:00
d42097b1-20f5-45b1-9b1e-bf3771e63440,351,2024-02-21 00:00:00,3,693.0,45,83.16,69.3,cancelled,2024-07-16 00:00:00,2024-02-20 02:00:00,2024-02-20 02:00:00
6dfcd0b0-016f-4cd0-b066-3cb0f1136866,358,2024-06-22 00:00:00,4,480.0,105,57.6,48.0,cancelled,2024-11-27 00:00:00,2024-06-21 02:00:00,2024-06-21 02:00:00
ed4a39fd-8fab-4d0f-aa47-0c5a17c918e3,360,2024-09-19 00:00:00,3,199.5,45,23.94,19.95,cancelled,2025-02-28 00:00:00,2024-09-18 22:00:00,2024-09-20 22:00:00
a8e75cb4-a749-47b8-8b68-bcb4e1d2a69d,316,2023-09-22 00:00:00,14,4200.0,49,504.0,0.0,confirmed,2023-11-22 00:00:00,2023-09-21 04:00:00,2023-09-21 04:00:00
d89afe92-bd83-48bb-9fb4-5a452afeeb38,12,2024-06-22 00:00:00,6,912.0,102,109.44,91.2,cancelled,2024-10-21 00:00:00,2024-06-21 05:00:00,2024-06-21 05:00:00
56f13649-ced3-4fb7-ba8d-7cc61af1ea05,28,2023-11-23 00:00:00,5,1120.0,98,134.4,112.0,cancelled,2024-04-10 00:00:00,2023-11-22 14:00:00,2023-11-22 14:00:00
322db3cf-726a-4f37-b513-7c28facbb0ac,463,2023-11-20 00:00:00,9,1584.0,106,190.08,0.0,confirmed,2024-05-14 00:00:00,2023-11-19 07:00:00,2023-11-19 07:00:00
546a8ff4-1058-4e46-8b3b-d1cba2da2cdb,208,2024-02-17 00:00:00,12,4788.0,44,574.56,478.8,cancelled,2024-03-12 00:00:00,2024-02-16 23:00:00,2024-02-17 23:00:00
60bf99a7-494f-46e7-b126-cbcf341b616c,55,2023-10-06 00:00:00,9,1395.0,53,167.4,139.5,cancelled,2024-03-04 00:00:00,2023-10-05 23:00:00,2023-10-05 23:00:00
1e04845e-1d8e-4427-a18d-ed4071864497,238,2024-07-02 00:00:00,2,1840.0,95,220.8,0.0,confirmed,2024-07-16 00:00:00,2024-07-01 05:00:00,2024-07-01 05:00:00
546ee7dc-8507-4b33-979d-364b3d37757c,388,2024-01-12 00:00:00,5,850.0,54,102.0,0.0,confirmed,2024-04-23 00:00:00,2024-01-11 09:00:00,2024-01-11 09:00:00
22578ff5-af6f-49a9-b461-c6e34d139c5f,127,2024-02-11 00:00:00,9,630.0,100,75.6,0.0,confirmed,2024-07-22 00:00:00,2024-02-10 19:00:00,2024-02-18 19:00:00
ebc6eb83-2b1e-4416-86a4-80cef9c5289a,373,2023-12-03 00:00:00,5,980.0,107,117.6,0.0,confirmed,2023-12-28 00:00:00,2023-12-02 20:00:00,2023-12-02 20:00:00
65cf0b00-d040-4c32-a6b3-e7bfeaeacae9,288,2023-01-18 00:00:00,8,896.0,67,107.52,89.6,cancelled,2023-05-07 00:00:00,2023-01-17 00:00:00,2023-01-17 00:00:00
8e35f6e6-0f0a-48b8-90e8-649f36cef135,194,2023-05-28 00:00:00,14,3906.0,111,468.72,0.0,confirmed,2023-06-09 00:00:00,2023-05-27 08:00:00,2023-05-27 08:00:00
d21bc87f-b170-4d34-96ea-1093b6b9bb71,151,2024-04-23 00:00:00,11,3157.0,93,378.84,0.0,confirmed,2024-05-11 00:00:00,2024-04-22 17:00:00,2024-04-22 17:00:00
b067aa8a-b80f-47e5-8741-ab9e0c663229,57,2023-11-05 00:00:00,3,495.0,134,59.4,0.0,confirmed,2024-04-29 00:00:00,2023-11-04 01:00:00,2023-11-04 01:00:00
69545de8-6366-4e20-9328-836266f1a383,469,2023-08-06 00:00:00,8,836.0,143,100.32,0.0,confirmed,2023-09-01 00:00:00,2023-08-05 03:00:00,2023-08-05 03:00:00
6f6692f2-3ac8-40bf-93c9-b4542e246db5,482,2024-01-12 00:00:00,13,3432.0,102,411.84,343.2,cancelled,2024-04-16 00:00:00,2024-01-11 03:00:00,2024-01-11 03:00:00
c1905898-7fb9-4d2d-b52c-b9873973ca8f,478,2023-06-08 00:00:00,6,2940.0,125,352.8,0.0,confirmed,2023-06-30 00:00:00,2023-06-07 12:00:00,2023-06-07 12:00:00
7c66d971-451f-48bb-9b8c-e2cbb6423f18,168,2024-08-28 00:00:00,12,3600.0,129,432.0,360.0,cancelled,2024-11-21 00:00:00,2024-08-27 15:00:00,2024-08-27 15:00:00
485183d3-5c08-4e5b-96f6-4baab08e6371,329,2023-11-15 00:00:00,3,656.25,54,78.75,65.62,cancelled,2024-04-04 00:00:00,2023-11-14 17:00:00,2023-11-15 17:00:00
e67cdbe2-727d-4600-b4d7-9595ca203da0,292,2024-02-11 00:00:00,12,7560.0,92,907.2,0.0,confirmed,2024-03-20 00:00:00,2024-02-10 06:00:00,2024-02-10 06:00:00
ead2dcaa-df16-4736-822b-34156edd8814,32,2024-03-05 00:00:00,2,1564.0,143,187.68,0.0,confirmed,2024-04-17 00:00:00,2024-03-04 23:00:00,2024-03-04 23:00:00
0bfc3888-7d03-4889-8fb5-858a3b2e25dc,249,2024-02-11 00:00:00,11,1149.5,150,137.94,114.95,cancelled,2024-07-06 00:00:00,2024-02-10 08:00:00,2024-02-10 08:00:00
f20baa27-4cb8-4a41-bf7a-f384731a39ef,210,2024-06-17 00:00:00,11,1391.5,52,166.98,139.15,cancelled,2024-09-27 00:00:00,2024-06-16 13:00:00,2024-06-16 13:00:00
4f44220c-4210-482c-947e-bbc93e10cba3,40,2023-09-23 00:00:00,11,2178.0,133,261.36,0.0,confirmed,2023-11-11 00:00:00,2023-09-22 20:00:00,2023-09-22 20:00:00
155b6367-1f2b-4267-80a8-17ca01c55af6,320,2023-06-23 00:00:00,11,1386.0,115,166.32,0.0,confirmed,2023-10-05 00:00:00,2023-06-22 01:00:00,2023-06-22 01:00:00
85d55957-e3b7-4213-ad7f-d85fe09a26bc,12,2024-05-05 00:00:00,4,608.0,123,72.96,60.8,cancelled,2024-06-03 00:00:00,2024-05-04 17:00:00,2024-05-04 17:00:00
351a7f81-688a-45ab-a229-d5befd8a243e,441,2023-12-23 00:00:00,12,2220.0,107,266.4,0.0,confirmed,2024-02-03 00:00:00,2023-12-22 10:00:00,2023-12-22 10:00:00
ac0e16f5-5cab-4641-bd2b-e57bd6954bfd,38,2023-05-03 00:00:00,10,3300.0,90,396.0,0.0,confirmed,2023-08-11 00:00:00,2023-05-02 15:00:00,2023-05-02 15:00:00
63d55e68-4900-4ee2-bf49-7ec2b47f5f79,16,2023-05-30 00:00:00,3,1026.0,133,123.12,102.6,cancelled,2023-07-17 00:00:00,2023-05-29 04:00:00,2023-06-03 04:00:00
cbbf8ccd-7224-4c14-bf18-f4a6a2981778,496,2023-11-26 00:00:00,5,1800.0,74,216.0,0.0,confirmed,2024-04-21 00:00:00,2023-11-25 22:00:00,2023-11-25 22:00:00
32e23a02-3bf4-4fd1-ba22-10d436772915,54,2024-03-03 00:00:00,10,4440.0,150,532.8,0.0,confirmed,2024-06-17 00:00:00,2024-03-02 20:00:00,2024-03-02 20:00:00
cd81ff2f-50a5-4f70-98ac-c6a81c409a65,20,2023-01-29 00:00:00,6,798.0,134,95.76,0.0,confirmed,2023-06-03 00:00:00,2023-01-28 01:00:00,2023-01-28 01:00:00
116adc86-ea93-4c32-8c4a-d4e89c1c0c71,215,2023-10-01 00:00:00,13,1950.0,116,234.0,0.0,confirmed,2023-10-15 00:00:00,2023-09-30 09:00:00,2023-09-30 09:00:00
f11c21e0-55f4-4601-9712-1512108d2c42,398,2023-06-11 00:00:00,14,1904.0,133,228.48,0.0,confirmed,2023-10-31 00:00:00,2023-06-10 08:00:00,2023-06-10 08:00:00
fca0eb1c-f1d1-4932-9f95-1d45b71e3365,394,2023-08-28 00:00:00,5,288.75,88,34.65,0.0,confirmed,2023-12-07 00:00:00,2023-08-27 14:00:00,2023-08-27 14:00:00
7d533b75-cbc8-4b42-b42a-49f8bfc8ad66,445,2023-07-11 00:00:00,2,352.0,45,42.24,0.0,confirmed,2023-08-12 00:00:00,2023-07-10 05:00:00,2023-07-10 05:00:00
6d0f127a-aeef-4062-a059-bca207eb467e,475,2023-09-25 00:00:00,1,100.0,145,12.0,0.0,confirmed,2024-02-03 00:00:00,2023-09-24 07:00:00,2023-09-24 07:00:00
133104a8-dc63-4598-a6b8-6fe6a0592dff,326,2024-02-08 00:00:00,3,247.5,133,29.7,0.0,confirmed,2024-02-25 00:00:00,2024-02-07 16:00:00,2024-02-07 16:00:00
0a3bd471-488c-4be2-81a2-035a95573200,314,2024-01-12 00:00:00,4,816.0,129,97.92,0.0,confirmed,2024-05-29 00:00:00,2024-01-11 12:00:00,2024-01-11 12:00:00
022b3b1e-d688-4745-8174-bfb5d1357089,187,2023-11-14 00:00:00,4,1794.0,123,215.28,0.0,confirmed,2024-01-27 00:00:00,2023-11-13 07:00:00,2023-11-13 07:00:00
3abe5f45-270f-440d-8595-598d7e5cfb7d,55,2024-02-17 00:00:00,5,775.0,71,93.0,0.0,confirmed,2024-08-02 00:00:00,2024-02-16 22:00:00,2024-02-16 22:00:00
a76e4546-a33e-45a1-bf97-48101aeb1b9d,223,2023-11-05 00:00:00,14,1260.0,122,151.2,0.0,confirmed,2023-12-30 00:00:00,2023-11-04 12:00:00,2023-11-04 12:00:00
860f3961-8059-4c6d-85cc-00773ceb6312,283,2024-07-28 00:00:00,1,143.0,76,17.16,0.0,confirmed,2024-11-06 00:00:00,2024-07-27 20:00:00,2024-07-27 20:00:00
961b5702-6743-4abd-aa59-1fcf88332818,20,2023-03-27 00:00:00,7,931.0,61,111.72,0.0,confirmed,2023-07-15 00:00:00,2023-03-26 00:00:00,2023-04-05 00:00:00
58e670b0-3ce4-42c2-80f9-7156af1ea7a7,323,2023-12-12 00:00:00,1,165.0,113,19.8,16.5,cancelled,2024-03-09 00:00:00,2023-12-11 01:00:00,2023-12-11 01:00:00
3e7ed879-af6c-4fad-96d6-b9d1a581bcc6,165,2024-02-06 00:00:00,5,1120.0,52,134.4,112.0,cancelled,2024-07-29 00:00:00,2024-02-05 23:00:00,2024-02-05 23:00:00
b7aded18-c170-48a5-8265-c13d426d7c1b,156,2023-10-24 00:00:00,5,712.5,44,85.5,71.25,cancelled,2024-04-04 00:00:00,2023-10-23 22:00:00,2023-10-23 22:00:00
97b7446a-4994-4ffe-a8b5-15d6bb09877c,119,2024-03-19 00:00:00,11,1309.0,51,157.08,130.9,cancelled,2024-08-04 00:00:00,2024-03-18 17:00:00,2024-03-18 17:00:00
1504a981-38b9-4d41-ae55-84c9361b3b38,80,2024-09-25 00:00:00,9,3510.0,73,421.2,0.0,confirmed,2024-10-04 00:00:00,2024-09-24 19:00:00,2024-09-24 19:00:00
7e1d7d49-1d14-4498-b1c7-bed13c9eab49,465,2024-04-25 00:00:00,3,399.0,52,47.88,0.0,confirmed,2024-05-03 00:00:00,2024-04-24 10:00:00,2024-04-24 10:00:00
f1a81d98-d4d4-4118-be13-e596b2e211d4,85,2024-02-27 00:00:00,5,770.0,97,92.4,0.0,confirmed,2024-04-04 00:00:00,2024-02-26 09:00:00,2024-02-26 09:00:00
850551c9-59c2-4026-be1a-2f1ba9bafd57,56,2023-11-09 00:00:00,3,768.0,133,92.16,0.0,confirmed,2023-11-28 00:00:00,2023-11-08 14:00:00,2023-11-18 14:00:00
4ade6794-52b3-42e1-9373-764cc0b4397f,378,2023-12-12 00:00:00,4,896.0,52,107.52,0.0,confirmed,2023-12-16 00:00:00,2023-12-11 19:00:00,2023-12-12 19:00:00
693b07d8-c2a9-4f01-b4d7-84293510658c,234,2024-02-05 00:00:00,3,156.75,133,18.81,15.68,cancelled,2024-03-05 00:00:00,2024-02-04 08:00:00,2024-02-04 08:00:00
445a05ff-6b36-4b24-aee4-0db0d088863b,463,2024-04-22 00:00:00,13,2288.0,115,274.56,0.0,confirmed,2024-07-02 00:00:00,2024-04-21 22:00:00,2024-04-24 22:00:00
b0287a11-0cba-4948-a445-0cbb39e4116d,210,2024-03-15 00:00:00,7,885.5,104,106.26,0.0,confirmed,2024-09-04 00:00:00,2024-03-14 03:00:00,2024-03-14 03:00:00
3f488fd7-3381-4904-9825-b993c1c17cd3,170,2023-08-07 00:00:00,12,1404.0,133,168.48,0.0,confirmed,2024-01-04 00:00:00,2023-08-06 11:00:00,2023-08-06 11:00:00
0744bb72-20ec-41ef-a2c0-10b25e3ff967,338,2024-05-14 00:00:00,1,168.0,134,20.16,0.0,confirmed,2024-06-12 00:00:00,2024-05-13 22:00:00,2024-05-13 22:00:00
a39d9026-1768-432f-96de-94b533cc8388,97,2023-05-30 00:00:00,8,1330.0,58,159.6,0.0,confirmed,2023-07-24 00:00:00,2023-05-29 17:00:00,2023-05-29 17:00:00
82e41900-dace-46a4-8e11-d279fd03c15d,321,2023-12-01 00:00:00,9,2106.0,53,252.72,0.0,confirmed,2024-02-05 00:00:00,2023-11-30 05:00:00,2023-11-30 05:00:00
eac384ea-9185-4abe-b101-d93fa4f7322f,30,2023-10-29 00:00:00,8,1848.0,136,221.76,184.8,cancelled,2024-02-07 00:00:00,2023-10-28 13:00:00,2023-11-04 13:00:00
38613f99-ffa3-47b7-9513-4d9925c10331,81,2023-10-12 00:00:00,7,1001.0,132,120.12,0.0,confirmed,2023-11-03 00:00:00,2023-10-11 05:00:00,2023-10-11 05:00:00
01af62fc-5fef-4d2e-b735-56686914c4e6,140,2024-07-28 00:00:00,11,1270.5,142,152.46,0.0,confirmed,2024-08-11 00:00:00,2024-07-27 13:00:00,2024-07-27 13:00:00
9e5b0df1-64cc-4321-a6db-4fe37161f5e5,126,2024-05-11 00:00:00,11,1309.0,134,157.08,0.0,confirmed,2024-07-08 00:00:00,2024-05-10 04:00:00,2024-05-10 04:00:00
8564db2f-dfac-49ae-9862-51f476e72e60,280,2023-10-18 00:00:00,6,1584.0,88,190.08,0.0,confirmed,2023-12-07 00:00:00,2023-10-17 05:00:00,2023-10-17 05:00:00
ff77464e-70d1-418e-8b3e-c64a1aa07939,83,2023-05-28 00:00:00,5,3120.0,121,374.4,0.0,confirmed,2023-09-24 00:00:00,2023-05-27 23:00:00,2023-05-27 23:00:00
e92ffef9-99bf-49d7-9f95-89ef59a936dd,412,2023-09-15 00:00:00,10,950.0,146,114.0,0.0,confirmed,2023-11-09 00:00:00,2023-09-14 05:00:00,2023-09-14 05:00:00
6600a521-6cb2-4e0a-8f9a-fa8b52830938,231,2023-09-15 00:00:00,2,305.24,116,36.63,30.52,cancelled,2024-02-01 00:00:00,2023-09-14 22:00:00,2023-09-14 22:00:00
f65a68bd-4db9-4f77-b51b-57d7045d9f49,185,2023-02-07 00:00:00,5,560.0,94,67.2,0.0,confirmed,2023-04-02 00:00:00,2023-02-06 13:00:00,2023-02-06 13:00:00
816a78ac-0514-4382-84de-66317911835d,487,2023-11-29 00:00:00,4,297.0,123,35.64,0.0,confirmed,2024-01-13 00:00:00,2023-11-28 09:00:00,2023-11-28 09:00:00
8fabce48-6385-49d5-859f-17a11dc0bf92,6,2023-11-03 00:00:00,3,1134.0,111,136.08,0.0,confirmed,2023-12-21 00:00:00,2023-11-02 06:00:00,2023-11-02 06:00:00
b2737b81-90f4-4479-8b03-521119837b10,72,2023-08-16 00:00:00,2,540.0,145,64.8,0.0,confirmed,2023-10-09 00:00:00,2023-08-15 09:00:00,2023-08-15 09:00:00
48cb239c-a17d-48a0-ab2e-f56903554fe6,295,2024-04-18 00:00:00,2,140.0,53,16.8,14.0,cancelled,2024-07-02 00:00:00,2024-04-17 18:00:00,2024-04-20 18:00:00
c6420392-bfbe-48f5-975c-86805fc1dcd1,109,2024-01-05 00:00:00,5,3150.0,132,378.0,0.0,confirmed,2024-02-21 00:00:00,2024-01-04 03:00:00,2024-01-06 03:00:00
c9279710-1c8f-4ec1-8fe5-a319e46b39ec,341,2023-06-07 00:00:00,3,247.5,111,29.7,0.0,confirmed,2023-06-21 00:00:00,2023-06-06 14:00:00,2023-06-06 14:00:00
fc00b0dc-9a4b-49e9-b9c9-3970022ac54b,345,2023-06-11 00:00:00,13,1456.0,65,174.72,145.6,cancelled,2023-11-24 00:00:00,2023-06-10 06:00:00,2023-06-10 06:00:00
9d819010-4260-43d0-946b-383147fc09b5,311,2024-04-24 00:00:00,1,181.5,123,21.78,18.15,cancelled,2024-08-05 00:00:00,2024-04-23 15:00:00,2024-05-02 15:00:00
671223e3-e13c-4692-b029-bf32d4cac90d,298,2023-08-11 00:00:00,5,1610.0,49,193.2,0.0,confirmed,2023-09-05 00:00:00,2023-08-10 22:00:00,2023-08-10 22:00:00
a741903b-51e7-40f2-8f9a-5890c68a35ce,163,2023-02-14 00:00:00,8,5520.0,45,662.4,0.0,confirmed,2023-02-17 00:00:00,2023-02-13 21:00:00,2023-02-13 21:00:00
91933fd3-473d-4ad0-b6db-c0801b18f2e8,350,2024-07-25 00:00:00,14,3136.0,149,376.32,0.0,confirmed,2024-10-15 00:00:00,2024-07-24 13:00:00,2024-07-24 13:00:00
8ffda0db-454f-4f5e-a6ba-efeed78a88ab,285,2023-11-29 00:00:00,1,123.75,104,14.85,12.38,cancelled,2024-03-09 00:00:00,2023-11-28 19:00:00,2023-12-05 19:00:00
762f165f-e9b6-4144-9b95-e2d4b6433b2f,14,2024-03-09 00:00:00,6,495.0,77,59.4,0.0,confirmed,2024-07-30 00:00:00,2024-03-08 02:00:00,2024-03-15 02:00:00
a915b9df-17cf-47fa-ad27-cf23c3b0dadc,206,2023-11-19 00:00:00,3,655.5,145,78.66,65.55,cancelled,2024-04-06 00:00:00,2023-11-18 20:00:00,2023-11-26 20:00:00
f79a2fe7-d557-448e-bca7-4d6d21d88020,6,2023-09-15 00:00:00,11,4158.0,150,498.96,415.8,cancelled,2024-02-26 00:00:00,2023-09-14 01:00:00,2023-09-14 01:00:00
f057b726-9800-494c-8851-192a4120debc,69,2023-08-28 00:00:00,8,900.0,73,108.0,0.0,confirmed,2024-01-29 00:00:00,2023-08-27 12:00:00,2023-08-27 12:00:00
9fa064b1-6668-4899-8acc-97803810ffff,135,2023-07-13 00:00:00,3,330.0,54,39.6,0.0,confirmed,2023-11-22 00:00:00,2023-07-12 01:00:00,2023-07-12 01:00:00
824b542e-5a3d-4406-91cd-e6900789078e,83,2023-08-02 00:00:00,1,624.0,137,74.88,0.0,confirmed,2023-11-22 00:00:00,2023-08-01 15:00:00,2023-08-01 15:00:00
72aeec0e-c4ed-4f05-852e-5795c76fa2b9,457,2024-02-03 00:00:00,4,1728.0,76,207.36,0.0,confirmed,2024-05-16 00:00:00,2024-02-02 07:00:00,2024-02-02 07:00:00
eee5005d-f80e-4162-a7c2-bbad60ec6fb0,322,2024-06-09 00:00:00,7,490.84,52,58.9,0.0,confirmed,2024-06-27 00:00:00,2024-06-08 14:00:00,2024-06-08 14:00:00
12a308d1-6145-488f-9179-e26b53592b28,267,2024-02-03 00:00:00,13,1049.75,58,125.97,0.0,confirmed,2024-02-16 00:00:00,2024-02-02 00:00:00,2024-02-08 00:00:00
f2871b3d-0a7a-49e3-a4df-8a494c2c69f3,294,2024-06-01 00:00:00,2,294.5,51,35.34,0.0,confirmed,2024-09-26 00:00:00,2024-05-31 17:00:00,2024-05-31 17:00:00
2630ccd0-c7b9-4de2-9cbc-b645d42bd2a1,382,2023-11-19 00:00:00,4,1012.0,127,121.44,0.0,confirmed,2023-12-14 00:00:00,2023-11-18 01:00:00,2023-11-18 01:00:00
0a3c2b92-554a-4f85-b88b-f092b0c238df,187,2024-04-29 00:00:00,3,1345.5,92,161.46,0.0,confirmed,2024-05-29 00:00:00,2024-04-28 17:00:00,2024-04-28 17:00:00
8ce75f46-f1e1-4af4-97cb-4475bac97c3c,472,2024-04-21 00:00:00,2,1472.0,128,176.64,0.0,confirmed,2024-10-10 00:00:00,2024-04-20 05:00:00,2024-04-20 05:00:00
59414468-9faa-4eec-99df-f666dba6fd6c,201,2024-01-29 00:00:00,1,224.0,57,26.88,0.0,confirmed,2024-07-01 00:00:00,2024-01-28 00:00:00,2024-01-28 00:00:00
bf51bb15-134d-44bc-9724-b2afaf8328cf,241,2024-04-14 00:00:00,14,1848.0,59,221.76,0.0,confirmed,2024-08-15 00:00:00,2024-04-13 22:00:00,2024-04-13 22:00:00
094baa1d-f180-4176-87d4-c94313f993a7,187,2024-03-12 00:00:00,8,3588.0,75,430.56,358.8,cancelled,2024-06-11 00:00:00,2024-03-11 19:00:00,2024-03-11 19:00:00
17e2a295-5610-4a7b-86ac-51ce46b61c80,161,2024-01-25 00:00:00,13,2990.0,52,358.8,0.0,confirmed,2024-03-31 00:00:00,2024-01-24 21:00:00,2024-01-24 21:00:00
aa4eb6ad-7a44-4d07-a2e7-3bf13697104d,198,2024-02-07 00:00:00,5,2240.0,131,268.8,224.0,cancelled,2024-05-02 00:00:00,2024-02-06 07:00:00,2024-02-06 07:00:00
f356592f-f0c1-416d-b6e6-12684805a58a,16,2023-12-01 00:00:00,1,342.0,121,41.04,0.0,confirmed,2024-03-30 00:00:00,2023-11-30 08:00:00,2023-11-30 08:00:00
d82a128d-a8a3-4023-8508-3badf79fb186,427,2023-06-04 00:00:00,4,304.0,51,36.48,30.4,cancelled,2023-11-08 00:00:00,2023-06-03 21:00:00,2023-06-03 21:00:00
6594ddc7-5f08-4e4f-aa4e-594c018c7dd6,493,2024-04-04 00:00:00,8,1540.0,148,184.8,0.0,confirmed,2024-04-21 00:00:00,2024-04-03 05:00:00,2024-04-09 05:00:00
90680c0e-e20e-4fc1-b305-282013a1c15d,136,2024-01-06 00:00:00,10,1472.5,52,176.7,147.25,cancelled,2024-06-30 00:00:00,2024-01-05 11:00:00,2024-01-05 11:00:00
e2bd47c3-f650-4d07-a575-8f142bc6d7d8,139,2024-06-13 00:00:00,5,665.0,143,79.8,66.5,cancelled,2024-09-26 00:00:00,2024-06-12 20:00:00,2024-06-12 20:00:00
b4ca792d-08e5-4a97-be2f-d4b0b551e43f,333,2024-07-18 00:00:00,14,4508.0,105,540.96,450.8,cancelled,2024-10-19 00:00:00,2024-07-17 18:00:00,2024-07-17 18:00:00
01aff567-03c0-4475-b6b8-c9e06cb6baf2,222,2023-11-13 00:00:00,5,1150.0,108,138.0,0.0,confirmed,2023-12-11 00:00:00,2023-11-12 23:00:00,2023-11-12 23:00:00
b3dee7da-890d-4223-8d07-231de059154b,8,2023-08-28 00:00:00,3,272.25,112,32.67,0.0,confirmed,2024-02-15 00:00:00,2023-08-27 01:00:00,2023-08-27 01:00:00
c930ca7f-a07e-4cd1-8c50-6bb4b71f6233,284,2024-04-29 00:00:00,13,2288.0,70,274.56,0.0,confirmed,2024-10-22 00:00:00,2024-04-28 21:00:00,2024-04-28 21:00:00
080d6c7c-1c61-45a4-85e3-e7eb3863a06f,431,2024-02-06 00:00:00,14,1001.0,135,120.12,0.0,confirmed,2024-07-18 00:00:00,2024-02-05 11:00:00,2024-02-05 11:00:00
6917667b-1fe6-4976-825a-34ec6e3ba4eb,371,2023-08-05 00:00:00,1,112.0,94,13.44,0.0,confirmed,2024-01-18 00:00:00,2023-08-04 07:00:00,2023-08-04 07:00:00
dcc74876-039f-4790-bba3-321782c9d051,154,2023-05-09 00:00:00,13,1430.0,66,171.6,0.0,confirmed,2023-09-21 00:00:00,2023-05-08 23:00:00,2023-05-08 23:00:00
01d3d585-1053-432b-b9c4-58d7c6179bdc,52,2024-03-26 00:00:00,4,660.0,145,79.2,0.0,confirmed,2024-08-09 00:00:00,2024-03-25 04:00:00,2024-03-25 04:00:00
10e6e389-b38a-4340-bfa1-7ad222655aba,206,2023-10-03 00:00:00,11,2403.5,70,288.42,0.0,confirmed,2024-03-05 00:00:00,2023-10-02 18:00:00,2023-10-02 18:00:00
0485ea08-d9a6-4c4f-be11-fa44039ce490,102,2024-05-25 00:00:00,1,85.5,127,10.26,0.0,confirmed,2024-06-28 00:00:00,2024-05-24 11:00:00,2024-05-24 11:00:00
5f32d74b-5fed-4e4b-b06d-ff38416941ed,438,2023-09-04 00:00:00,3,495.0,63,59.4,0.0,confirmed,2023-10-30 00:00:00,2023-09-03 12:00:00,2023-09-03 12:00:00
fc9858a9-8f8c-43b6-977d-700358106a82,290,2023-11-07 00:00:00,7,980.0,90,117.6,0.0,confirmed,2023-11-15 00:00:00,2023-11-06 10:00:00,2023-11-06 10:00:00
06a4ad85-3a46-4dee-bb43-27d56c8415f7,427,2023-04-13 00:00:00,11,836.0,72,100.32,83.6,cancelled,2023-06-10 00:00:00,2023-04-12 06:00:00,2023-04-12 06:00:00
900e3e3f-1a90-4b70-b9f7-5d135c7e0c09,488,2024-01-11 00:00:00,6,1488.0,100,178.56,148.8,cancelled,2024-05-17 00:00:00,2024-01-10 02:00:00,2024-01-10 02:00:00
027987d6-9be4-4209-b3e8-8431802ca229,349,2023-08-30 00:00:00,7,539.0,134,64.68,0.0,confirmed,2023-09-12 00:00:00,2023-08-29 10:00:00,2023-08-29 10:00:00
b37d9566-58b9-4eb0-a0ac-022935cd4a25,84,2023-10-15 00:00:00,14,1617.0,120,194.04,161.7,cancelled,2023-11-01 00:00:00,2023-10-14 00:00:00,2023-10-14 00:00:00
ac6ace95-7c1e-4b0d-986b-2f2062567444,437,2024-07-07 00:00:00,3,660.0,80,79.2,0.0,confirmed,2024-08-20 00:00:00,2024-07-06 11:00:00,2024-07-06 11:00:00
5f76823c-c08d-409c-ba55-11c627af673f,313,2024-03-26 00:00:00,10,2890.0,145,346.8,289.0,cancelled,2024-07-22 00:00:00,2024-03-25 03:00:00,2024-03-25 03:00:00
0a50adf8-de5a-42d3-bc52-82a118ad1fee,227,2024-05-01 00:00:00,11,1496.0,147,179.52,0.0,confirmed,2024-09-14 00:00:00,2024-04-30 15:00:00,2024-04-30 15:00:00
66d5fb77-09a3-40d1-b87b-7950f0c8dea0,362,2023-11-01 00:00:00,4,682.0,121,81.84,68.2,cancelled,2024-02-21 00:00:00,2023-10-31 21:00:00,2023-10-31 21:00:00
341a4bd0-a3ed-466f-b735-c0fc93452ba2,434,2024-03-24 00:00:00,14,5957.0,134,714.84,0.0,confirmed,2024-05-15 00:00:00,2024-03-23 16:00:00,2024-04-01 16:00:00
2bc28b96-f1a4-4bf3-9d3c-970b2f26181b,44,2023-07-09 00:00:00,6,396.0,107,47.52,0.0,confirmed,2023-12-17 00:00:00,2023-07-08 10:00:00,2023-07-08 10:00:00
e4baac9d-7bac-48f8-a53a-ac8b76c46dae,384,2023-12-09 00:00:00,4,620.0,51,74.4,62.0,cancelled,2024-02-23 00:00:00,2023-12-08 00:00:00,2023-12-08 00:00:00
57c27017-0651-422a-9e78-1455530bdc19,127,2023-09-05 00:00:00,6,420.0,41,50.4,0.0,confirmed,2023-09-14 00:00:00,2023-09-04 18:00:00,2023-09-04 18:00:00
9bc1d663-6da6-495e-85b7-db9da64c46f4,307,2024-09-20 00:00:00,4,784.0,50,94.08,78.4,cancelled,2024-11-05 00:00:00,2024-09-19 20:00:00,2024-09-19 20:00:00
9d40ee81-af26-4d18-b83d-b5ccf2ded029,72,2023-09-16 00:00:00,1,270.0,120,32.4,0.0,confirmed,2023-11-15 00:00:00,2023-09-15 23:00:00,2023-09-15 23:00:00
4dbf2f63-bbe1-4b03-9ca2-7edbeaf0f5ab,67,2024-03-05 00:00:00,8,7680.0,82,921.6,0.0,confirmed,2024-07-16 00:00:00,2024-03-04 23:00:00,2024-03-04 23:00:00
5dab6cc1-8613-4908-a03b-ba3a8c1f1d46,68,2024-06-27 00:00:00,9,1188.0,57,142.56,118.8,cancelled,2024-10-10 00:00:00,2024-06-26 10:00:00,2024-06-26 10:00:00
03c9d529-2068-440f-999c-d8c5e11b1419,264,2023-03-26 00:00:00,4,440.0,54,52.8,0.0,confirmed,2023-08-31 00:00:00,2023-03-25 03:00:00,2023-03-25 03:00:00
ba9e58a4-1757-42a3-ac03-c6f2bdeb250b,30,2024-01-07 00:00:00,10,2310.0,43,277.2,0.0,confirmed,2024-06-13 00:00:00,2024-01-06 00:00:00,2024-01-06 00:00:00
ee303513-cc04-4b98-a30c-c5f61333ec71,70,2023-04-30 00:00:00,7,1792.0,89,215.04,0.0,confirmed,2023-08-07 00:00:00,2023-04-29 21:00:00,2023-04-29 21:00:00
23249b51-05d1-4550-932f-5c2eade44eb6,76,2024-01-31 00:00:00,12,1428.0,46,171.36,142.8,cancelled,2024-07-06 00:00:00,2024-01-30 11:00:00,2024-02-03 11:00:00
334338c7-ee64-45e2-89d8-cfb7af8afeb5,285,2024-02-28 00:00:00,8,990.0,126,118.8,0.0,confirmed,2024-05-18 00:00:00,2024-02-27 10:00:00,2024-02-27 10:00:00
b24c31d0-a6a7-4e83-a7b3-e790ce834b5d,482,2024-05-21 00:00:00,11,2904.0,133,348.48,0.0,confirmed,2024-09-23 00:00:00,2024-05-20 07:00:00,2024-05-20 07:00:00
09f20b99-eeef-481c-8035-5488afc6289e,87,2024-10-18 00:00:00,7,3276.0,46,393.12,0.0,confirmed,2025-04-09 00:00:00,2024-10-17 08:00:00,2024-10-27 08:00:00
8b38adc4-fd5b-4587-94ff-2d30bdebcd6f,302,2023-09-24 00:00:00,6,726.0,135,87.12,0.0,confirmed,2023-09-29 00:00:00,2023-09-23 18:00:00,2023-09-23 18:00:00
7b929ce1-6886-4760-823e-acb447228725,182,2024-06-01 00:00:00,5,1150.0,141,138.0,0.0,confirmed,2024-08-31 00:00:00,2024-05-31 22:00:00,2024-05-31 22:00:00
a57ca88b-5a1d-43fc-a916-8bb10f211f64,49,2023-11-15 00:00:00,6,588.0,130,70.56,0.0,confirmed,2024-02-28 00:00:00,2023-11-14 09:00:00,2023-11-14 09:00:00
90c43bd9-5982-48fa-beb0-4d6d778dda47,102,2024-03-05 00:00:00,7,598.5,99,71.82,0.0,confirmed,2024-07-21 00:00:00,2024-03-04 10:00:00,2024-03-04 10:00:00
02a7f1ed-4647-4912-9769-b192a158722c,291,2023-12-06 00:00:00,6,714.0,65,85.68,0.0,confirmed,2024-04-04 00:00:00,2023-12-05 05:00:00,2023-12-06 05:00:00
dd29440c-a55b-4983-9407-74d47ea3d05b,349,2023-02-12 00:00:00,12,924.0,145,110.88,92.4,cancelled,2023-06-26 00:00:00,2023-02-11 05:00:00,2023-02-16 05:00:00
ee6a7b35-5d28-40dc-99bf-0aa43245553f,328,2023-04-02 00:00:00,2,532.0,132,63.84,0.0,confirmed,2023-05-29 00:00:00,2023-04-01 15:00:00,2023-04-01 15:00:00
26c93cbd-c80c-40be-a4bb-4affd6092778,278,2023-10-03 00:00:00,13,2002.0,134,240.24,0.0,confirmed,2024-01-08 00:00:00,2023-10-02 20:00:00,2023-10-02 20:00:00
371de01c-bac6-4301-aa86-78f9c3d7cc68,128,2023-09-23 00:00:00,1,66.5,104,7.98,0.0,confirmed,2024-03-20 00:00:00,2023-09-22 19:00:00,2023-09-22 19:00:00
d72718a5-3b7f-44ce-ae4f-9dd369981df5,13,2023-12-22 00:00:00,4,896.0,146,107.52,0.0,confirmed,2024-03-07 00:00:00,2023-12-21 11:00:00,2023-12-21 11:00:00
ec5699dd-6b45-4497-a834-fd78315bba68,421,2024-04-15 00:00:00,2,1230.0,130,147.6,123.0,cancelled,2024-09-06 00:00:00,2024-04-14 06:00:00,2024-04-14 06:00:00
cde13328-f155-4d62-bad6-524b86832caf,191,2024-05-30 00:00:00,3,1311.0,122,157.32,0.0,confirmed,2024-07-02 00:00:00,2024-05-29 03:00:00,2024-05-29 03:00:00
ce00a54d-aa9d-4972-89fb-ece4bd43969a,435,2024-05-16 00:00:00,14,2310.0,84,277.2,0.0,confirmed,2024-06-14 00:00:00,2024-05-15 02:00:00,2024-05-15 02:00:00
ce895fe2-e012-4a8e-9521-80c4e182cfbc,398,2023-11-04 00:00:00,4,544.0,145,65.28,0.0,confirmed,2023-11-27 00:00:00,2023-11-03 02:00:00,2023-11-13 02:00:00
ca41fe6d-1773-4ce2-89cb-d9367cc54bdd,264,2023-03-31 00:00:00,8,880.0,106,105.6,88.0,cancelled,2023-04-18 00:00:00,2023-03-30 19:00:00,2023-03-30 19:00:00
8f33e052-fc21-4d21-8b43-74d405439488,427,2023-10-16 00:00:00,14,1064.0,88,127.68,0.0,confirmed,2023-12-15 00:00:00,2023-10-15 00:00:00,2023-10-15 00:00:00
6c170ba6-f548-4520-96eb-0d1baf0d0dbb,219,2023-11-10 00:00:00,13,1482.0,146,177.84,0.0,confirmed,2024-02-09 00:00:00,2023-11-09 20:00:00,2023-11-09 20:00:00
f53bf93e-826c-46ee-872b-7b01c06eb7e8,34,2024-07-04 00:00:00,13,2964.0,42,355.68,0.0,confirmed,2024-10-19 00:00:00,2024-07-03 19:00:00,2024-07-03 19:00:00
63b8afa0-2483-44f1-8e0c-dc9a89e5c11d,226,2023-05-15 00:00:00,2,480.0,57,57.6,48.0,cancelled,2023-06-11 00:00:00,2023-05-14 16:00:00,2023-05-14 16:00:00
be9b2b96-1e99-4dfb-9f32-1ae6f4bc762d,394,2023-08-03 00:00:00,11,635.25,80,76.23,0.0,confirmed,2023-08-29 00:00:00,2023-08-02 03:00:00,2023-08-04 03:00:00
e2206f70-c153-48bd-8509-5867ff5a67f0,146,2023-11-19 00:00:00,13,5255.25,76,630.63,0.0,confirmed,2024-04-06 00:00:00,2023-11-18 18:00:00,2023-11-18 18:00:00
4a261052-8c17-4cac-9430-f937af0369f6,319,2023-10-26 00:00:00,14,1905.68,92,228.68,190.57,cancelled,2023-12-11 00:00:00,2023-10-25 19:00:00,2023-10-30 19:00:00
50e20cad-2e0c-4a16-8c6f-b0838ce8d6c7,227,2023-08-27 00:00:00,7,952.0,49,114.24,0.0,confirmed,2023-11-19 00:00:00,2023-08-26 11:00:00,2023-08-26 11:00:00
80781b12-9489-40f9-a142-613af952ef8e,361,2024-05-06 00:00:00,12,693.0,58,83.16,69.3,cancelled,2024-05-18 00:00:00,2024-05-05 18:00:00,2024-05-05 18:00:00
c193ad21-42ce-4fad-858e-35dd5cafa454,430,2024-02-12 00:00:00,2,368.0,65,44.16,0.0,confirmed,2024-05-27 00:00:00,2024-02-11 15:00:00,2024-02-11 15:00:00
23c552c2-2779-40e6-8756-efd98b5f36c9,414,2023-11-22 00:00:00,13,1287.0,149,154.44,0.0,confirmed,2024-01-30 00:00:00,2023-11-21 22:00:00,2023-11-21 22:00:00
162d6c3f-6d74-4ca6-8b93-e0fd01ec8e61,179,2023-08-24 00:00:00,10,5120.0,82,614.4,512.0,cancelled,2023-11-28 00:00:00,2023-08-23 18:00:00,2023-08-23 18:00:00
6f6f13a1-557a-4cd6-8dcb-f79816cf5ffc,235,2023-04-08 00:00:00,13,7072.0,115,848.64,0.0,confirmed,2023-09-12 00:00:00,2023-04-07 00:00:00,2023-04-07 00:00:00
6148662a-dd96-43bc-9ea4-7d48721e73c6,450,2023-05-16 00:00:00,13,1716.0,84,205.92,171.6,cancelled,2023-07-21 00:00:00,2023-05-15 13:00:00,2023-05-15 13:00:00
8281af4f-7525-4101-81c0-7129962633ec,377,2023-12-09 00:00:00,9,1559.25,100,187.11,0.0,confirmed,2024-01-28 00:00:00,2023-12-08 21:00:00,2023-12-14 21:00:00
85b600fd-9d6c-4133-9686-ef71709b6ace,256,2023-05-31 00:00:00,5,268.1,49,32.17,0.0,confirmed,2023-11-23 00:00:00,2023-05-30 19:00:00,2023-05-30 19:00:00
a30f36e0-880c-4a53-8a7c-dc273a5092ac,242,2024-05-05 00:00:00,1,176.0,49,21.12,0.0,confirmed,2024-06-27 00:00:00,2024-05-04 19:00:00,2024-05-04 19:00:00
7d620938-0793-475e-8976-088670694dc7,451,2024-02-20 00:00:00,6,3276.0,141,393.12,0.0,confirmed,2024-06-02 00:00:00,2024-02-19 18:00:00,2024-02-19 18:00:00
6a2b1044-9704-41b2-8874-7309048ba289,145,2023-04-13 00:00:00,3,280.5,115,33.66,28.05,cancelled,2023-06-10 00:00:00,2023-04-12 04:00:00,2023-04-12 04:00:00
0115ccad-0cce-4bfe-8632-83942c3029d7,278,2023-03-23 00:00:00,4,616.0,51,73.92,0.0,confirmed,2023-05-10 00:00:00,2023-03-22 12:00:00,2023-03-22 12:00:00
1204b228-e50d-4d65-b03e-1d0f5de1eac2,140,2023-11-18 00:00:00,8,924.0,83,110.88,0.0,confirmed,2024-04-26 00:00:00,2023-11-17 08:00:00,2023-11-17 08:00:00
a5584281-9f35-40e8-a259-7fd834e7f716,6,2024-01-07 00:00:00,3,1134.0,119,136.08,0.0,confirmed,2024-06-30 00:00:00,2024-01-06 21:00:00,2024-01-06 21:00:00
8e753e2c-86d2-479a-8a33-0e5ff3cfc2eb,234,2024-08-05 00:00:00,12,627.0,101,75.24,0.0,confirmed,2024-09-01 00:00:00,2024-08-04 01:00:00,2024-08-04 01:00:00
7fe3a208-440a-48eb-82cc-204543e6a44d,466,2023-11-04 00:00:00,3,483.0,65,57.96,48.3,cancelled,2024-02-27 00:00:00,2023-11-03 00:00:00,2023-11-03 00:00:00
bb580613-bef1-4f58-8de5-5adba922ad4f,319,2024-05-09 00:00:00,5,680.6,79,81.67,0.0,confirmed,2024-05-15 00:00:00,2024-05-08 21:00:00,2024-05-08 21:00:00
2470a2da-bdb4-4dfd-8c73-3c37466f01f2,66,2023-08-14 00:00:00,7,2380.0,69,285.6,0.0,confirmed,2023-11-07 00:00:00,2023-08-13 02:00:00,2023-08-13 02:00:00
d6ebfa19-81ff-4a75-b785-d7d08f7cef2b,67,2023-11-11 00:00:00,10,9600.0,121,1152.0,0.0,confirmed,2024-01-03 00:00:00,2023-11-10 19:00:00,2023-11-18 19:00:00
149bd153-1a57-430f-8781-f198c69c0009,264,2023-04-19 00:00:00,1,110.0,133,13.2,11.0,cancelled,2023-08-03 00:00:00,2023-04-18 10:00:00,2023-04-18 10:00:00
5174dced-028c-4e7a-8484-0157decb2fea,398,2023-05-03 00:00:00,13,1768.0,41,212.16,0.0,confirmed,2023-06-27 00:00:00,2023-05-02 04:00:00,2023-05-02 04:00:00
6f839d6a-ada7-4164-a51a-a822422e908b,179,2023-07-08 00:00:00,3,1536.0,56,184.32,153.6,cancelled,2023-12-17 00:00:00,2023-07-07 17:00:00,2023-07-07 17:00:00
8a2ed0c0-9a49-4aea-b9db-7433f072c269,224,2024-07-06 00:00:00,6,627.0,47,75.24,0.0,confirmed,2025-01-01 00:00:00,2024-07-05 12:00:00,2024-07-09 12:00:00
32d660d5-e6fd-4292-8ac4-2132d61a023b,451,2024-01-31 00:00:00,5,2730.0,128,327.6,273.0,cancelled,2024-07-16 00:00:00,2024-01-30 20:00:00,2024-01-30 20:00:00
f9cdda1b-daa0-47ed-8efd-63cef9f0d23b,3,2023-11-23 00:00:00,7,3234.0,146,388.08,0.0,confirmed,2024-04-27 00:00:00,2023-11-22 14:00:00,2023-11-22 14:00:00
ce5eeb85-6c63-4d7c-a2f0-f48c59bb3865,417,2023-08-13 00:00:00,14,3920.0,59,470.4,0.0,confirmed,2023-08-29 00:00:00,2023-08-12 14:00:00,2023-08-12 14:00:00
16e2851d-83df-45f3-af07-806161ee1c06,327,2023-10-10 00:00:00,14,7812.0,149,937.44,781.2,cancelled,2023-12-11 00:00:00,2023-10-09 15:00:00,2023-10-09 15:00:00
87f659ea-7a54-4a6d-991e-982fd28b457b,192,2023-03-13 00:00:00,7,1078.0,41,129.36,0.0,confirmed,2023-07-14 00:00:00,2023-03-12 22:00:00,2023-03-21 22:00:00
85c3e9cb-398d-4a88-9b7b-171577b45df8,341,2023-05-26 00:00:00,2,165.0,56,19.8,0.0,confirmed,2023-06-17 00:00:00,2023-05-25 02:00:00,2023-05-25 02:00:00
fd7422cc-5718-4c90-9ce8-f9a364ee229f,157,2024-05-21 00:00:00,5,2760.0,85,331.2,0.0,confirmed,2024-07-07 00:00:00,2024-05-20 14:00:00,2024-05-20 14:00:00
98c94931-cd71-4e9a-8347-432b838c2e15,213,2024-09-06 00:00:00,7,539.0,143,64.68,0.0,confirmed,2025-01-19 00:00:00,2024-09-05 05:00:00,2024-09-11 05:00:00
cefba20f-88b0-4ce6-b7c9-39f43d6fd569,147,2023-11-05 00:00:00,10,1045.0,124,125.4,104.5,cancelled,2023-12-14 00:00:00,2023-11-04 18:00:00,2023-11-04 18:00:00
90806d67-0f52-4792-8068-dcbc48b04aaa,297,2024-01-15 00:00:00,8,1540.0,97,184.8,154.0,cancelled,2024-03-18 00:00:00,2024-01-14 18:00:00,2024-01-14 18:00:00
e1b1e31f-1b22-442b-a95e-c440471e9a47,316,2023-12-27 00:00:00,10,3000.0,62,360.0,300.0,cancelled,2024-03-23 00:00:00,2023-12-26 11:00:00,2023-12-26 11:00:00
6d9da110-8aba-4fcc-8710-91db8abee217,136,2024-02-22 00:00:00,7,1030.75,111,123.69,103.08,cancelled,2024-05-11 00:00:00,2024-02-21 13:00:00,2024-02-21 13:00:00
b628a310-a99a-4ec9-90b0-8d785bb38ff3,38,2023-03-16 00:00:00,10,3300.0,77,396.0,0.0,confirmed,2023-05-02 00:00:00,2023-03-15 03:00:00,2023-03-15 03:00:00
ecc465fd-38e1-4fe9-814c-90858d985263,46,2023-01-29 00:00:00,14,1463.0,96,175.56,146.3,cancelled,2023-06-20 00:00:00,2023-01-28 06:00:00,2023-01-28 06:00:00
4f231d31-a9ab-4fc7-af4a-d354c79c5b8d,409,2024-03-18 00:00:00,7,1030.75,91,123.69,0.0,confirmed,2024-03-22 00:00:00,2024-03-17 06:00:00,2024-03-18 06:00:00
30b8062a-3c45-4368-b5c1-ef26b9b05861,486,2023-09-20 00:00:00,13,1144.0,96,137.28,114.4,cancelled,2023-09-27 00:00:00,2023-09-19 12:00:00,2023-09-19 12:00:00
e94aa03b-3d2f-4b80-b982-d938d095312c,68,2024-08-14 00:00:00,7,924.0,42,110.88,0.0,confirmed,2024-11-16 00:00:00,2024-08-13 23:00:00,2024-08-13 23:00:00
1da65a30-ebc3-4dfb-8ef0-976f04493344,403,2024-09-01 00:00:00,6,420.0,122,50.4,0.0,confirmed,2024-09-10 00:00:00,2024-08-31 11:00:00,2024-09-01 11:00:00
9818909d-a600-4834-bdf7-9a27623d1766,20,2023-05-02 00:00:00,8,1064.0,129,127.68,0.0,confirmed,2023-10-22 00:00:00,2023-05-01 08:00:00,2023-05-01 08:00:00
191a246b-b090-4336-b356-7f1a4225b2b9,335,2023-12-24 00:00:00,8,1292.0,102,155.04,129.2,cancelled,2024-04-11 00:00:00,2023-12-23 11:00:00,2023-12-23 11:00:00
15ef6247-2e7a-402d-8813-6c09ccae9a3f,3,2024-01-04 00:00:00,7,3234.0,132,388.08,323.4,cancelled,2024-06-14 00:00:00,2024-01-03 18:00:00,2024-01-03 18:00:00
633af878-5197-4fea-bbd8-72a577a64ed4,190,2023-10-28 00:00:00,11,1320.0,40,158.4,0.0,confirmed,2024-01-12 00:00:00,2023-10-27 00:00:00,2023-10-30 00:00:00
a23b6ca3-bd29-47d1-bb6b-dc414dd23351,449,2023-09-29 00:00:00,1,247.5,119,29.7,0.0,confirmed,2023-12-16 00:00:00,2023-09-28 16:00:00,2023-10-02 16:00:00
e07c3508-0195-48da-8594-681896186d9a,466,2023-12-03 00:00:00,5,805.0,41,96.6,0.0,confirmed,2024-01-23 00:00:00,2023-12-02 03:00:00,2023-12-02 03:00:00
ea829908-11e1-4eb7-90c3-26c9e6efedd3,104,2023-11-11 00:00:00,4,364.0,62,43.68,0.0,confirmed,2023-11-23 00:00:00,2023-11-10 23:00:00,2023-11-10 23:00:00
818eebd3-fd65-4550-8d80-bfc833fb6127,127,2023-09-07 00:00:00,14,980.0,125,117.6,98.0,cancelled,2023-12-12 00:00:00,2023-09-06 00:00:00,2023-09-06 00:00:00
75ee9f84-25d5-45f8-ab14-e529de798d68,180,2023-10-28 00:00:00,4,1920.0,42,230.4,192.0,cancelled,2024-04-02 00:00:00,2023-10-27 07:00:00,2023-10-27 07:00:00
e66edd16-2f33-446b-8ce2-cc245cfdd002,191,2024-07-17 00:00:00,9,3933.0,80,471.96,0.0,confirmed,2024-09-26 00:00:00,2024-07-16 17:00:00,2024-07-16 17:00:00
07da1d17-d297-4a43-aba5-cc2d7cb0227d,282,2023-09-21 00:00:00,5,1840.0,150,220.8,0.0,confirmed,2024-03-09 00:00:00,2023-09-20 09:00:00,2023-09-20 09:00:00
c0327585-2055-430d-96af-d2d173a2d547,283,2024-01-27 00:00:00,6,858.0,105,102.96,0.0,confirmed,2024-02-13 00:00:00,2024-01-26 12:00:00,2024-01-26 12:00:00
06b63eb9-6c0e-4a9b-8b76-68f8d5b5c0a7,344,2023-09-29 00:00:00,7,931.0,91,111.72,93.1,cancelled,2023-12-07 00:00:00,2023-09-28 19:00:00,2023-09-28 19:00:00
3e4cd1be-0c4a-4606-a25b-51bf58c8d5de,50,2024-08-13 00:00:00,7,1470.0,120,176.4,0.0,confirmed,2024-11-21 00:00:00,2024-08-12 00:00:00,2024-08-12 00:00:00
65f06acb-8773-4be8-8551-ae81ca91bef2,1,2024-01-27 00:00:00,3,513.0,149,61.56,0.0,confirmed,2024-03-16 00:00:00,2024-01-26 09:00:00,2024-01-26 09:00:00
0890530f-0e1d-44f2-9f0f-8ecd02591b77,15,2023-11-30 00:00:00,1,231.0,77,27.72,23.1,cancelled,2024-02-03 00:00:00,2023-11-29 18:00:00,2023-11-29 18:00:00
6ce39e0d-c1b5-489c-b12e-d2ffbe1ad955,422,2024-07-30 00:00:00,14,3213.0,147,385.56,0.0,confirmed,2024-10-29 00:00:00,2024-07-29 11:00:00,2024-07-29 11:00:00
ffed724c-fb77-4d07-bdf1-4ead0d079e1c,178,2023-12-20 00:00:00,1,208.25,131,24.99,20.83,cancelled,2024-03-06 00:00:00,2023-12-19 01:00:00,2023-12-19 01:00:00
7c7b6b09-b7ba-477b-a26d-7f2c7ac39139,319,2024-01-26 00:00:00,4,544.48,144,65.34,54.45,cancelled,2024-06-14 00:00:00,2024-01-25 12:00:00,2024-01-25 12:00:00
c3aa3f4f-417d-4055-a68c-31195928423a,383,2024-06-14 00:00:00,3,1056.0,126,126.72,0.0,confirmed,2024-09-24 00:00:00,2024-06-13 02:00:00,2024-06-13 02:00:00
32d932ce-e2c2-4688-a47d-768360c94745,477,2023-10-27 00:00:00,12,825.0,63,99.0,82.5,cancelled,2024-01-25 00:00:00,2023-10-26 08:00:00,2023-10-26 08:00:00
686a58d1-9339-4600-9468-7f3b36f4d3bd,401,2023-09-26 00:00:00,12,3072.0,120,368.64,0.0,confirmed,2023-10-15 00:00:00,2023-09-25 00:00:00,2023-09-25 00:00:00
7b83ae3b-2495-4026-8f2b-3185f5d35089,29,2023-03-28 00:00:00,3,720.0,132,86.4,72.0,cancelled,2023-04-17 00:00:00,2023-03-27 14:00:00,2023-03-27 14:00:00
b7390751-1179-4c60-8fd8-9dc62358898f,423,2024-05-29 00:00:00,3,630.0,75,75.6,0.0,confirmed,2024-07-24 00:00:00,2024-05-28 13:00:00,2024-05-28 13:00:00
728b44f5-b813-435d-89fe-18a1506902e7,415,2023-09-13 00:00:00,2,1564.0,122,187.68,0.0,confirmed,2023-12-25 00:00:00,2023-09-12 16:00:00,2023-09-12 16:00:00
a9a0bd83-6dd8-4148-ad83-53b3a2768c2f,493,2024-08-25 00:00:00,10,1925.0,92,231.0,0.0,confirmed,2024-12-22 00:00:00,2024-08-24 03:00:00,2024-08-24 03:00:00
3eb33cf5-3693-44cb-a777-51cc692e7b62,64,2023-11-05 00:00:00,8,3968.0,95,476.16,396.8,cancelled,2024-04-08 00:00:00,2023-11-04 04:00:00,2023-11-04 04:00:00
10aeda5c-b543-435d-8db2-d432127ce8ca,222,2023-09-08 00:00:00,9,2070.0,70,248.4,207.0,cancelled,2024-01-21 00:00:00,2023-09-07 18:00:00,2023-09-07 18:00:00
544f9796-0412-4514-9933-3182f86ba990,319,2023-11-27 00:00:00,13,1769.56,145,212.35,0.0,confirmed,2023-12-02 00:00:00,2023-11-26 00:00:00,2023-11-26 00:00:00
f7ed9806-30ba-4ca7-ba0b-6f4292624b4a,150,2024-03-31 00:00:00,6,841.5,42,100.98,84.15,cancelled,2024-07-18 00:00:00,2024-03-30 08:00:00,2024-03-30 08:00:00
80eadc80-e782-4466-a22a-be1dd9566b9f,460,2024-06-14 00:00:00,13,7176.0,148,861.12,717.6,cancelled,2024-10-08 00:00:00,2024-06-13 18:00:00,2024-06-13 18:00:00
27041f06-2073-4c6c-8610-208642db9aae,439,2024-02-26 00:00:00,12,2208.0,85,264.96,0.0,confirmed,2024-03-27 00:00:00,2024-02-25 17:00:00,2024-02-25 17:00:00
dbfc638c-269f-4a90-bd7a-811a905a03b8,249,2023-08-30 00:00:00,10,1045.0,84,125.4,0.0,confirmed,2023-10-29 00:00:00,2023-08-29 05:00:00,2023-08-29 05:00:00
9584eee7-2d4a-402a-8bc8-168336c94683,251,2023-12-26 00:00:00,1,189.75,130,22.77,0.0,confirmed,2024-04-30 00:00:00,2023-12-25 17:00:00,2023-12-25 17:00:00
eef14950-dcd7-40e9-8a3f-6f290523ac32,488,2023-09-21 00:00:00,5,1240.0,43,148.8,0.0,confirmed,2023-12-29 00:00:00,2023-09-20 22:00:00,2023-09-20 22:00:00
0c0c9092-a5c6-494f-b18c-caaa8a0bf72e,464,2023-08-05 00:00:00,14,2240.0,134,268.8,0.0,confirmed,2023-08-23 00:00:00,2023-08-04 07:00:00,2023-08-04 07:00:00
c8937a7b-f14a-4220-b438-a495f2ae044b,439,2023-10-19 00:00:00,3,552.0,120,66.24,0.0,confirmed,2024-02-04 00:00:00,2023-10-18 05:00:00,2023-10-18 05:00:00
eb270a8a-241b-470a-ba10-eea0d7aca811,399,2024-02-02 00:00:00,5,1041.25,99,124.95,104.12,cancelled,2024-03-17 00:00:00,2024-02-01 00:00:00,2024-02-01 00:00:00
a5d53df9-976f-4501-a903-931552da9e19,250,2024-02-28 00:00:00,5,1360.0,85,163.2,0.0,confirmed,2024-05-19 00:00:00,2024-02-27 20:00:00,2024-03-03 20:00:00
8c4c72d3-94c4-4b36-9aab-e33ca38d5740,409,2024-07-06 00:00:00,4,589.0,98,70.68,58.9,cancelled,2024-12-16 00:00:00,2024-07-05 14:00:00,2024-07-05 14:00:00
28768fd2-bd4b-4893-acef-617430257eb4,39,2023-11-03 00:00:00,8,1056.0,110,126.72,0.0,confirmed,2023-11-12 00:00:00,2023-11-02 11:00:00,2023-11-02 11:00:00
084b5b94-61ed-460d-9a0a-770afdb99495,493,2024-09-01 00:00:00,9,1732.5,44,207.9,0.0,confirmed,2025-01-21 00:00:00,2024-08-31 03:00:00,2024-08-31 03:00:00
ce0bc876-11d2-4fa0-bddb-9dd46dc9d84f,92,2024-05-28 00:00:00,14,931.0,128,111.72,0.0,confirmed,2024-09-12 00:00:00,2024-05-27 14:00:00,2024-06-03 14:00:00
5c072d14-7595-4eff-b5cd-77ccb30a21b8,32,2024-05-17 00:00:00,11,8602.0,48,1032.24,0.0,confirmed,2024-05-26 00:00:00,2024-05-16 04:00:00,2024-05-16 04:00:00
5bfb5c9c-0987-4a64-be7f-f10520361640,124,2023-06-06 00:00:00,4,544.0,83,65.28,0.0,confirmed,2023-09-11 00:00:00,2023-06-05 05:00:00,2023-06-05 05:00:00
e6b79424-25e3-4e24-8292-df8672c0ff53,205,2024-03-29 00:00:00,4,1140.0,145,136.8,114.0,cancelled,2024-07-02 00:00:00,2024-03-28 19:00:00,2024-03-28 19:00:00
8dd88154-d94a-4e8c-b6b2-a506fdd24554,235,2023-08-26 00:00:00,12,6528.0,138,783.36,0.0,confirmed,2023-10-31 00:00:00,2023-08-25 17:00:00,2023-08-25 17:00:00
5e8fe013-b7b8-483f-a7ce-4edad3e01783,403,2024-04-29 00:00:00,4,280.0,65,33.6,0.0,confirmed,2024-10-18 00:00:00,2024-04-28 18:00:00,2024-04-28 18:00:00
e3e86860-f18c-43d2-be5b-b2946b0e3f09,163,2023-05-18 00:00:00,12,8280.0,99,993.6,0.0,confirmed,2023-06-27 00:00:00,2023-05-17 14:00:00,2023-05-17 14:00:00
ef022470-8b8b-4202-952d-2a1d9f83916d,476,2023-11-16 00:00:00,2,484.5,96,58.14,48.45,cancelled,2024-02-06 00:00:00,2023-11-15 13:00:00,2023-11-15 13:00:00
67e14176-c200-4569-a578-a0d91d906f75,123,2023-09-11 00:00:00,3,584.25,119,70.11,58.43,cancelled,2023-12-05 00:00:00,2023-09-10 05:00:00,2023-09-10 05:00:00
29cf4799-8d42-441b-a4e6-e92d25683c71,4,2024-04-03 00:00:00,12,3420.0,80,410.4,0.0,confirmed,2024-07-01 00:00:00,2024-04-02 16:00:00,2024-04-02 16:00:00
d99dbe09-0254-4022-abac-3202b5944d2d,125,2023-12-19 00:00:00,4,896.0,104,107.52,0.0,confirmed,2024-03-15 00:00:00,2023-12-18 12:00:00,2023-12-18 12:00:00
f2945f49-9f26-4241-9e8c-87edda3fa939,37,2023-04-24 00:00:00,13,3822.0,96,458.64,382.2,cancelled,2023-07-27 00:00:00,2023-04-23 17:00:00,2023-04-23 17:00:00
1b618553-7b05-4b7c-a661-86fd8f82478d,358,2024-05-13 00:00:00,5,600.0,63,72.0,0.0,confirmed,2024-08-08 00:00:00,2024-05-12 16:00:00,2024-05-12 16:00:00
86d4cc45-e06e-4eac-8b09-9c1d3029e2a7,339,2024-04-20 00:00:00,11,1078.0,76,129.36,0.0,confirmed,2024-06-04 00:00:00,2024-04-19 00:00:00,2024-04-19 00:00:00
17e1bc3a-2829-4e00-ad7e-5c8c94dd6ec7,159,2023-07-29 00:00:00,13,2080.0,51,249.6,0.0,confirmed,2023-12-14 00:00:00,2023-07-28 08:00:00,2023-07-28 08:00:00
6c963d7e-3c6e-4105-a4ad-c788f07d14fa,409,2024-03-21 00:00:00,4,589.0,132,70.68,0.0,confirmed,2024-09-03 00:00:00,2024-03-20 09:00:00,2024-03-20 09:00:00
adad251b-e4a4-450a-96e4-7a8b06398775,423,2024-05-17 00:00:00,14,2940.0,137,352.8,294.0,cancelled,2024-07-31 00:00:00,2024-05-16 19:00:00,2024-05-16 19:00:00
d7309e0f-317b-456c-b9a5-85b94b5527ae,20,2023-05-02 00:00:00,5,665.0,81,79.8,66.5,cancelled,2023-06-08 00:00:00,2023-05-01 03:00:00,2023-05-01 03:00:00
d1840b99-4862-4f10-8201-a27217cf5b0a,93,2024-08-13 00:00:00,9,1496.25,118,179.55,0.0,confirmed,2024-11-23 00:00:00,2024-08-12 21:00:00,2024-08-12 21:00:00
1a04d000-7445-4d36-bd67-a142a6230db9,408,2024-08-14 00:00:00,7,1193.5,135,143.22,0.0,confirmed,2025-01-18 00:00:00,2024-08-13 02:00:00,2024-08-13 02:00:00
cd726747-7654-4511-92cb-257aa853b4d4,308,2023-05-19 00:00:00,1,247.5,102,29.7,24.75,cancelled,2023-11-06 00:00:00,2023-05-18 10:00:00,2023-05-18 10:00:00
64a88a1e-b88e-4fbe-b4b7-c9f5a9013425,79,2023-04-25 00:00:00,5,721.9,106,86.63,72.19,cancelled,2023-10-14 00:00:00,2023-04-24 03:00:00,2023-04-24 03:00:00
a819543b-2b9e-4381-912d-e6c7af0d708e,110,2024-01-31 00:00:00,1,190.0,123,22.8,0.0,confirmed,2024-07-20 00:00:00,2024-01-30 12:00:00,2024-01-30 12:00:00
84a05600-0257-4f3f-b38b-75d72184e977,197,2024-01-03 00:00:00,6,1881.0,65,225.72,0.0,confirmed,2024-04-17 00:00:00,2024-01-02 12:00:00,2024-01-02 12:00:00
d6f33c29-9068-4342-bf2c-1cea0e5e0f2c,315,2023-10-04 00:00:00,4,2496.0,52,299.52,249.6,cancelled,2023-12-10 00:00:00,2023-10-03 12:00:00,2023-10-03 12:00:00
b66d8054-a1b8-4267-a0e5-566aa34c80b6,221,2023-04-24 00:00:00,4,960.0,90,115.2,96.0,cancelled,2023-06-19 00:00:00,2023-04-23 11:00:00,2023-04-23 11:00:00
7452066a-ef6f-43aa-8eae-c920c4d32855,65,2023-12-05 00:00:00,13,1859.0,96,223.08,185.9,cancelled,2024-05-30 00:00:00,2023-12-04 09:00:00,2023-12-04 09:00:00
d7d485ac-d263-4126-bc9f-7bc589ed8567,429,2023-02-08 00:00:00,10,807.5,68,96.9,80.75,cancelled,2023-05-11 00:00:00,2023-02-07 22:00:00,2023-02-17 22:00:00
5a6a3ba1-80f5-43a8-ba04-4dba7c2dbf34,40,2024-03-05 00:00:00,1,198.0,138,23.76,0.0,confirmed,2024-03-28 00:00:00,2024-03-04 14:00:00,2024-03-04 14:00:00
91f30ffd-95ab-4391-bf0b-58cd5429edc3,28,2024-02-16 00:00:00,2,448.0,78,53.76,44.8,cancelled,2024-05-28 00:00:00,2024-02-15 11:00:00,2024-02-15 11:00:00
15df506a-ef9e-4e5c-bf4e-402c79985f88,411,2023-10-20 00:00:00,12,1254.0,132,150.48,0.0,confirmed,2024-03-24 00:00:00,2023-10-19 13:00:00,2023-10-19 13:00:00
ce1f00a7-31cf-439a-adf0-bc9a33c66763,358,2024-07-12 00:00:00,14,1680.0,79,201.6,0.0,confirmed,2024-11-11 00:00:00,2024-07-11 13:00:00,2024-07-11 13:00:00
bb24c20c-f934-4f6e-a929-94c47a1896dd,50,2024-04-28 00:00:00,10,2100.0,106,252.0,0.0,confirmed,2024-07-31 00:00:00,2024-04-27 15:00:00,2024-04-27 15:00:00
0a006ffa-3712-4199-8688-49c9baffe885,53,2024-05-15 00:00:00,13,3094.0,87,371.28,309.4,cancelled,2024-09-01 00:00:00,2024-05-14 02:00:00,2024-05-14 02:00:00
1960ca2e-3bef-480b-835a-a42de2947156,217,2023-06-21 00:00:00,14,3458.0,44,414.96,0.0,confirmed,2023-11-10 00:00:00,2023-06-20 14:00:00,2023-06-20 14:00:00
3378df0a-1e08-4e7f-a81b-f7cb6f61fbc4,207,2024-04-29 00:00:00,4,456.0,141,54.72,0.0,confirmed,2024-10-20 00:00:00,2024-04-28 16:00:00,2024-04-28 16:00:00
1f83e3cf-8a28-4eb6-8667-93971976ff15,404,2023-01-07 00:00:00,3,360.0,106,43.2,0.0,confirmed,2023-01-18 00:00:00,2023-01-06 17:00:00,2023-01-06 17:00:00
2232bb16-1e2e-495e-a2d1-f6d8329bc5e7,430,2023-05-23 00:00:00,1,184.0,110,22.08,0.0,confirmed,2023-06-02 00:00:00,2023-05-22 21:00:00,2023-06-01 21:00:00
f8e4f2bc-3aa4-4979-8d01-2de24cca7dbb,36,2024-09-22 00:00:00,10,2720.0,62,326.4,0.0,confirmed,2025-02-25 00:00:00,2024-09-21 08:00:00,2024-09-21 08:00:00
8e434394-15cc-4a50-a5a6-c051ca0ef869,393,2024-08-30 00:00:00,13,2990.0,97,358.8,0.0,confirmed,2024-10-04 00:00:00,2024-08-29 13:00:00,2024-08-30 13:00:00
170ce9e2-871c-487f-b2a6-5306ba7877a0,108,2024-03-19 00:00:00,10,453.8,79,54.46,45.38,cancelled,2024-07-27 00:00:00,2024-03-18 15:00:00,2024-03-18 15:00:00
cf74ae8b-655b-4d6b-8ec2-dd3645a98a93,58,2023-03-12 00:00:00,3,651.0,117,78.12,65.1,cancelled,2023-08-20 00:00:00,2023-03-11 04:00:00,2023-03-11 04:00:00
0a37ba8d-83c8-4023-bb44-7a5e62677c1f,137,2023-09-01 00:00:00,2,760.0,88,91.2,0.0,confirmed,2023-11-30 00:00:00,2023-08-31 00:00:00,2023-08-31 00:00:00
3408d75a-d984-440d-b12c-471cfa14ce29,490,2024-01-31 00:00:00,10,2280.0,75,273.6,228.0,cancelled,2024-05-04 00:00:00,2024-01-30 04:00:00,2024-01-30 04:00:00
aa3f514e-301e-49e8-897b-fbe41680e476,431,2023-09-26 00:00:00,12,858.0,59,102.96,85.8,cancelled,2023-12-07 00:00:00,2023-09-25 06:00:00,2023-09-26 06:00:00
237db83d-fe51-4df7-b5da-a4906ea560c9,13,2023-05-14 00:00:00,3,672.0,101,80.64,67.2,cancelled,2023-07-21 00:00:00,2023-05-13 04:00:00,2023-05-13 04:00:00
822784b6-d478-47a3-a999-67e689b5862e,48,2023-11-25 00:00:00,3,297.0,105,35.64,0.0,confirmed,2024-04-22 00:00:00,2023-11-24 08:00:00,2023-11-24 08:00:00
3b4a6d20-3272-48a9-aa97-0b605405cd9a,455,2023-12-25 00:00:00,10,1890.0,111,226.8,0.0,confirmed,2024-04-21 00:00:00,2023-12-24 06:00:00,2023-12-24 06:00:00
92c62923-767f-417c-8d31-2ff7ad9a89e5,276,2024-01-27 00:00:00,12,1710.0,72,205.2,0.0,confirmed,2024-05-01 00:00:00,2024-01-26 16:00:00,2024-02-04 16:00:00
c1b27cfe-aade-4bdb-99f7-4d22b0dfca63,468,2024-03-22 00:00:00,14,635.32,123,76.24,0.0,confirmed,2024-09-02 00:00:00,2024-03-21 06:00:00,2024-03-21 06:00:00
c3b25bb8-98ad-4f12-a263-19b5bf1999a3,92,2024-04-03 00:00:00,9,598.5,92,71.82,0.0,confirmed,2024-07-12 00:00:00,2024-04-02 06:00:00,2024-04-02 06:00:00
d197346a-86d8-414c-bcd4-b2e6e5994ae4,246,2024-05-15 00:00:00,10,1710.0,84,205.2,171.0,cancelled,2024-09-06 00:00:00,2024-05-14 14:00:00,2024-05-19 14:00:00
044d3eb9-5632-4e34-a973-07e645488404,35,2024-06-11 00:00:00,4,980.0,129,117.6,0.0,confirmed,2024-09-23 00:00:00,2024-06-10 14:00:00,2024-06-10 14:00:00
6d8745d0-704c-4a08-83d7-d0dd2665fc3a,382,2024-05-14 00:00:00,14,3542.0,63,425.04,354.2,cancelled,2024-08-14 00:00:00,2024-05-13 12:00:00,2024-05-13 12:00:00
86ff2f69-c941-4ba1-bf2c-c8697ff6fc3f,53,2024-09-19 00:00:00,7,1666.0,121,199.92,166.6,cancelled,2024-12-19 00:00:00,2024-09-18 20:00:00,2024-09-18 20:00:00
a42f76e6-c8e1-43bd-91d4-c4832316d070,410,2024-06-21 00:00:00,1,133.0,54,15.96,0.0,confirmed,2024-07-09 00:00:00,2024-06-20 20:00:00,2024-06-20 20:00:00
e107fa00-e2a2-4429-8be9-2a3c97d1adcf,470,2024-03-07 00:00:00,14,3542.0,124,425.04,0.0,confirmed,2024-03-26 00:00:00,2024-03-06 14:00:00,2024-03-06 14:00:00
079ac575-29ae-4e1b-840e-31e1c79a14c6,318,2023-11-23 00:00:00,14,1330.0,129,159.6,0.0,confirmed,2024-05-15 00:00:00,2023-11-22 01:00:00,2023-11-22 01:00:00
42ea68c4-20bf-47ae-aff1-d363e3f608c8,138,2024-04-10 00:00:00,3,383.64,150,46.04,38.36,cancelled,2024-08-05 00:00:00,2024-04-09 00:00:00,2024-04-09 00:00:00
a8d36222-f64a-4f6e-9624-6a638b433d30,364,2024-06-01 00:00:00,11,1452.0,72,174.24,145.2,cancelled,2024-09-03 00:00:00,2024-05-31 07:00:00,2024-05-31 07:00:00
94301cff-584b-427b-8ef0-9b697a5ab607,77,2023-08-04 00:00:00,13,2080.0,42,249.6,208.0,cancelled,2023-11-04 00:00:00,2023-08-03 21:00:00,2023-08-03 21:00:00
5c11eaa0-99bb-4b05-abd0-6926fe7aae32,458,2024-07-14 00:00:00,2,506.0,126,60.72,0.0,confirmed,2024-10-05 00:00:00,2024-07-13 12:00:00,2024-07-13 12:00:00
58ab6753-d81d-450c-b295-a09b51e0b315,158,2023-07-10 00:00:00,8,1628.0,40,195.36,0.0,confirmed,2023-09-17 00:00:00,2023-07-09 03:00:00,2023-07-09 03:00:00
e33d2cfd-21fe-439b-b47e-94224eade4ee,247,2024-02-28 00:00:00,14,1130.5,150,135.66,0.0,confirmed,2024-06-22 00:00:00,2024-02-27 15:00:00,2024-02-27 15:00:00
0d4e081c-07c7-4f8a-9c47-c8e0734bb990,83,2023-05-12 00:00:00,13,8112.0,131,973.44,0.0,confirmed,2023-05-14 00:00:00,2023-05-11 16:00:00,2023-05-11 16:00:00
2175c1ea-53c1-426a-954a-f09a1f7f1481,184,2023-12-31 00:00:00,3,790.5,110,94.86,0.0,confirmed,2024-02-28 00:00:00,2023-12-30 10:00:00,2023-12-30 10:00:00
64f39c8a-280a-41c7-8587-36608b05fce0,327,2023-12-15 00:00:00,13,7254.0,129,870.48,0.0,confirmed,2024-05-18 00:00:00,2023-12-14 16:00:00,2023-12-14 16:00:00
4ad75722-e1c3-40de-b635-84e484a3917f,67,2024-01-03 00:00:00,2,1920.0,118,230.4,192.0,cancelled,2024-04-22 00:00:00,2024-01-02 05:00:00,2024-01-02 05:00:00
396271dd-3a74-4e60-b2fb-01d334637dc6,135,2024-02-28 00:00:00,9,990.0,41,118.8,0.0,confirmed,2024-07-26 00:00:00,2024-02-27 13:00:00,2024-02-27 13:00:00
a933a17d-865b-4f78-8adf-efa11602cb6c,62,2023-08-03 00:00:00,11,1232.0,80,147.84,0.0,confirmed,2023-11-28 00:00:00,2023-08-02 07:00:00,2023-08-02 07:00:00
f598b5f9-8438-4cee-9c28-ddc904b42da2,252,2024-05-15 00:00:00,14,4592.0,88,551.04,459.2,cancelled,2024-08-11 00:00:00,2024-05-14 22:00:00,2024-05-16 22:00:00
26cae20c-78c6-445d-8ab7-66db91ca56bf,496,2023-10-10 00:00:00,14,5040.0,73,604.8,0.0,confirmed,2023-10-21 00:00:00,2023-10-09 11:00:00,2023-10-15 11:00:00
4fa580ef-1b76-4e02-ac88-fca97e8ec8a6,424,2023-03-22 00:00:00,6,1023.0,63,122.76,0.0,confirmed,2023-05-21 00:00:00,2023-03-21 20:00:00,2023-03-21 20:00:00
a1f26ddd-154c-4ee1-8f8c-9e1ff3768cbb,401,2023-02-03 00:00:00,1,256.0,100,30.72,0.0,confirmed,2023-03-17 00:00:00,2023-02-02 22:00:00,2023-02-02 22:00:00
46e785e0-fab5-40b4-8b22-f3a5113974c5,355,2024-06-12 00:00:00,12,3420.0,147,410.4,0.0,confirmed,2024-09-26 00:00:00,2024-06-11 02:00:00,2024-06-11 02:00:00
6b288c0c-60cb-4985-84c9-1deb077a6c23,494,2024-03-27 00:00:00,8,2432.0,59,291.84,243.2,cancelled,2024-08-08 00:00:00,2024-03-26 02:00:00,2024-03-26 02:00:00
56889ee2-37dc-489b-80a7-894cebc6d75f,58,2023-05-05 00:00:00,14,3038.0,41,364.56,0.0,confirmed,2023-09-05 00:00:00,2023-05-04 02:00:00,2023-05-04 02:00:00
6332df4a-43e8-4841-9f45-9e222fec3393,210,2024-04-12 00:00:00,7,885.5,91,106.26,0.0,confirmed,2024-09-05 00:00:00,2024-04-11 01:00:00,2024-04-11 01:00:00
290fa81c-89dd-491d-8add-9f76fae61d94,431,2023-12-02 00:00:00,14,1001.0,118,120.12,0.0,confirmed,2023-12-25 00:00:00,2023-12-01 14:00:00,2023-12-01 14:00:00
cc02b6ae-7065-4e0a-86f4-06608f1f564f,378,2023-11-08 00:00:00,8,1792.0,54,215.04,179.2,cancelled,2024-02-15 00:00:00,2023-11-07 10:00:00,2023-11-07 10:00:00
67defe41-cba2-4d45-8908-c2862410cd58,35,2024-06-18 00:00:00,10,2450.0,120,294.0,245.0,cancelled,2024-12-05 00:00:00,2024-06-17 08:00:00,2024-06-17 08:00:00
24d08ba8-6a02-43b2-8ef7-7cfa3d8dcf16,21,2023-12-12 00:00:00,9,2650.5,138,318.06,0.0,confirmed,2024-02-19 00:00:00,2023-12-11 05:00:00,2023-12-11 05:00:00
dcdfd97c-b736-4250-ac2d-0b875683fab8,363,2024-02-01 00:00:00,7,1463.0,135,175.56,0.0,confirmed,2024-06-20 00:00:00,2024-01-31 12:00:00,2024-01-31 12:00:00
5bf513f7-d72f-41e9-a0a1-46e81f8dd374,93,2024-03-29 00:00:00,14,2327.5,111,279.3,0.0,confirmed,2024-05-25 00:00:00,2024-03-28 16:00:00,2024-03-28 16:00:00
0d4c7921-edb0-4331-a2fa-11e5476d46b1,316,2023-04-09 00:00:00,4,1200.0,104,144.0,120.0,cancelled,2023-09-06 00:00:00,2023-04-08 05:00:00,2023-04-08 05:00:00
2deae82b-6c7a-45ed-8370-ddebc5449035,109,2023-05-20 00:00:00,1,630.0,55,75.6,63.0,cancelled,2023-08-28 00:00:00,2023-05-19 01:00:00,2023-05-28 01:00:00
c1f18c14-0a2f-46a8-835d-5f774e7c1ac1,273,2023-06-23 00:00:00,4,360.0,99,43.2,36.0,cancelled,2023-09-08 00:00:00,2023-06-22 14:00:00,2023-06-22 14:00:00
f17be223-0b1d-445d-8620-1b554576253e,231,2023-08-10 00:00:00,1,152.62,144,18.31,0.0,confirmed,2023-09-06 00:00:00,2023-08-09 16:00:00,2023-08-09 16:00:00
3feea82e-b7fd-468c-9d1e-a2a6b28d5029,219,2023-11-28 00:00:00,9,1026.0,129,123.12,102.6,cancelled,2024-03-23 00:00:00,2023-11-27 00:00:00,2023-11-27 00:00:00
09454c01-fbf8-4525-8c51-f6eb72e03b13,327,2024-04-08 00:00:00,2,1116.0,61,133.92,0.0,confirmed,2024-09-03 00:00:00,2024-04-07 14:00:00,2024-04-11 14:00:00
acd2af39-0b55-4cf2-8141-ca20eccf2f93,79,2023-11-09 00:00:00,7,1010.66,124,121.28,0.0,confirmed,2024-02-27 00:00:00,2023-11-08 02:00:00,2023-11-08 02:00:00
118adbd5-0ca5-41e3-acbc-ad9846fc3785,251,2024-04-22 00:00:00,4,759.0,97,91.08,0.0,confirmed,2024-06-09 00:00:00,2024-04-21 13:00:00,2024-04-21 13:00:00
d9d56b3a-9eb8-471b-9ad6-bdc985287a9a,132,2023-12-29 00:00:00,9,2970.0,92,356.4,297.0,cancelled,2024-03-10 00:00:00,2023-12-28 06:00:00,2023-12-28 06:00:00
69b4af1a-1611-4b76-8410-cf0ee8b85fa9,116,2023-10-01 00:00:00,14,1270.5,141,152.46,127.05,cancelled,2024-03-04 00:00:00,2023-09-30 01:00:00,2023-09-30 01:00:00
82f9b7b9-910f-4f48-bec2-453827cea531,142,2023-07-08 00:00:00,12,1848.0,56,221.76,0.0,confirmed,2023-08-18 00:00:00,2023-07-07 04:00:00,2023-07-07 04:00:00
31886873-cbee-450c-8f3b-8c4eff546888,476,2023-05-24 00:00:00,12,2907.0,73,348.84,0.0,confirmed,2023-10-05 00:00:00,2023-05-23 03:00:00,2023-05-23 03:00:00
9b04073f-79c9-4539-abbe-6fea52de344a,374,2023-08-25 00:00:00,12,3072.0,144,368.64,0.0,confirmed,2024-01-22 00:00:00,2023-08-24 13:00:00,2023-08-29 13:00:00
23f7e61f-870b-44cc-955f-db3a8f6bb13f,297,2023-11-16 00:00:00,9,1732.5,47,207.9,173.25,cancelled,2024-03-28 00:00:00,2023-11-15 04:00:00,2023-11-15 04:00:00
037ac71d-5c37-46d4-a8d1-5159800f0c93,272,2023-06-24 00:00:00,5,2572.5,149,308.7,0.0,confirmed,2023-07-18 00:00:00,2023-06-23 02:00:00,2023-06-23 02:00:00
afcbf12d-0909-4666-82d6-3625db277ddf,184,2023-04-17 00:00:00,1,263.5,127,31.62,0.0,confirmed,2023-08-02 00:00:00,2023-04-16 16:00:00,2023-04-16 16:00:00
dd33cca7-6057-462c-aa58-d05006bea147,280,2024-05-14 00:00:00,9,2376.0,127,285.12,0.0,confirmed,2024-08-07 00:00:00,2024-05-13 21:00:00,2024-05-13 21:00:00
82ca628c-795b-4f20-9c24-3f85084c41fb,269,2024-10-16 00:00:00,12,2652.0,129,318.24,0.0,confirmed,2025-03-09 00:00:00,2024-10-15 15:00:00,2024-10-15 15:00:00
d550ab7e-43af-462d-95a5-854f8c6c0e9b,303,2023-08-22 00:00:00,14,2128.0,145,255.36,212.8,cancelled,2023-12-17 00:00:00,2023-08-21 21:00:00,2023-08-23 21:00:00
32c5c8f7-1bec-422a-a54c-0c128eb14a68,426,2024-07-16 00:00:00,14,1905.68,40,228.68,190.57,cancelled,2024-11-03 00:00:00,2024-07-15 06:00:00,2024-07-15 06:00:00
25e6a4e0-d88d-4e87-bdb4-3ec90956386c,249,2023-08-27 00:00:00,8,836.0,68,100.32,0.0,confirmed,2024-01-11 00:00:00,2023-08-26 01:00:00,2023-08-26 01:00:00
83afe66b-dedc-40cf-ad42-e6a471474723,113,2023-05-16 00:00:00,9,1449.0,101,173.88,0.0,confirmed,2023-06-27 00:00:00,2023-05-15 18:00:00,2023-05-15 18:00:00
73fae160-7159-4524-b82d-35e87786e01b,156,2023-12-12 00:00:00,6,855.0,150,102.6,0.0,confirmed,2024-04-03 00:00:00,2023-12-11 00:00:00,2023-12-11 00:00:00
f342d3e9-9894-4124-9c80-460e6efaae4f,375,2023-11-11 00:00:00,10,1155.0,141,138.6,0.0,confirmed,2024-04-07 00:00:00,2023-11-10 13:00:00,2023-11-13 13:00:00
43450758-9f9a-4f25-adaa-07bdd8a962c5,224,2024-04-15 00:00:00,1,104.5,115,12.54,0.0,confirmed,2024-08-06 00:00:00,2024-04-14 09:00:00,2024-04-20 09:00:00
f116d828-d3d0-4647-884c-71ab7dbd22fa,308,2023-06-12 00:00:00,13,3217.5,129,386.1,0.0,confirmed,2023-09-24 00:00:00,2023-06-11 05:00:00,2023-06-17 05:00:00
f343947c-d2ec-439d-93a0-c82bdee561ca,109,2023-11-16 00:00:00,4,2520.0,49,302.4,0.0,confirmed,2024-01-02 00:00:00,2023-11-15 05:00:00,2023-11-15 05:00:00
133ff04f-5703-4e56-9164-9c9f8ed4e007,154,2023-05-29 00:00:00,3,330.0,52,39.6,33.0,cancelled,2023-11-02 00:00:00,2023-05-28 17:00:00,2023-05-28 17:00:00
aebca85f-2ffa-4983-ba25-4038cd5e3587,142,2023-01-23 00:00:00,13,2002.0,150,240.24,200.2,cancelled,2023-04-02 00:00:00,2023-01-22 21:00:00,2023-01-22 21:00:00
69b47720-c3ae-455b-bfbe-8d1090fb0755,466,2023-07-01 00:00:00,7,1127.0,45,135.24,112.7,cancelled,2023-11-01 00:00:00,2023-06-30 20:00:00,2023-07-06 20:00:00
037b5dd5-ec5f-46f7-9b9d-835c6f7e879b,140,2024-02-02 00:00:00,8,924.0,76,110.88,0.0,confirmed,2024-02-18 00:00:00,2024-02-01 05:00:00,2024-02-07 05:00:00
5b30b051-29da-42d0-ae63-ce5734506e67,246,2024-01-24 00:00:00,5,855.0,134,102.6,85.5,cancelled,2024-07-08 00:00:00,2024-01-23 01:00:00,2024-01-23 01:00:00
f5d1a6e7-8d39-49e8-b2a1-6a0b9ed6ab11,41,2023-07-16 00:00:00,10,807.5,46,96.9,0.0,confirmed,2023-11-23 00:00:00,2023-07-15 18:00:00,2023-07-15 18:00:00
03d3e676-9fa5-41d0-8017-306c4aecf8b5,213,2024-06-06 00:00:00,9,693.0,46,83.16,69.3,cancelled,2024-09-26 00:00:00,2024-06-05 02:00:00,2024-06-05 02:00:00
01124819-0e11-49d1-b4ac-4ef4c860dce0,96,2024-05-04 00:00:00,12,1344.0,68,161.28,0.0,confirmed,2024-05-29 00:00:00,2024-05-03 01:00:00,2024-05-07 01:00:00
07b47d6c-273c-4451-8c6b-ad7f380dc55a,70,2023-05-28 00:00:00,2,512.0,95,61.44,0.0,confirmed,2023-06-25 00:00:00,2023-05-27 19:00:00,2023-05-27 19:00:00
78cb825e-923d-4dda-acb7-af84345875f3,312,2023-12-04 00:00:00,3,618.75,96,74.25,61.88,cancelled,2024-01-14 00:00:00,2023-12-03 15:00:00,2023-12-03 15:00:00
164021a2-1140-48f7-a29a-8a433f7eec85,491,2023-07-12 00:00:00,4,952.0,67,114.24,95.2,cancelled,2023-12-24 00:00:00,2023-07-11 21:00:00,2023-07-11 21:00:00
5e61baba-4d03-4897-a447-70f9c514a62a,230,2023-08-07 00:00:00,2,1288.0,76,154.56,0.0,confirmed,2023-09-01 00:00:00,2023-08-06 12:00:00,2023-08-06 12:00:00
f2132814-f4fd-44b1-ab3f-85b4ee44cde2,416,2024-08-29 00:00:00,9,693.0,105,83.16,69.3,cancelled,2024-09-23 00:00:00,2024-08-28 04:00:00,2024-08-28 04:00:00
63824e7a-58b8-4e11-8d6b-a902ad86a6e4,199,2023-08-04 00:00:00,3,280.5,51,33.66,28.05,cancelled,2023-08-09 00:00:00,2023-08-03 04:00:00,2023-08-06 04:00:00
a692c472-0666-431e-93d7-130c16d3ca39,188,2023-09-15 00:00:00,14,4508.0,143,540.96,450.8,cancelled,2023-11-22 00:00:00,2023-09-14 03:00:00,2023-09-14 03:00:00
a06bb5ca-3e62-4f55-bc73-090b432be056,102,2024-04-18 00:00:00,4,342.0,129,41.04,0.0,confirmed,2024-05-23 00:00:00,2024-04-17 18:00:00,2024-04-17 18:00:00
1deac57b-36e6-44e8-9d31-88b8ef3505f8,43,2023-08-10 00:00:00,4,264.0,67,31.68,0.0,confirmed,2024-02-04 00:00:00,2023-08-09 05:00:00,2023-08-09 05:00:00
305d3608-a7a5-48a1-a67e-fd69d21caa2e,18,2023-12-18 00:00:00,13,4433.0,104,531.96,443.3,cancelled,2024-04-13 00:00:00,2023-12-17 14:00:00,2023-12-17 14:00:00
59a36262-009b-4a39-b451-f30b36d378cc,21,2024-01-19 00:00:00,7,2061.5,132,247.38,0.0,confirmed,2024-02-12 00:00:00,2024-01-18 23:00:00,2024-01-18 23:00:00
2d0f9b93-cd83-41ee-b627-5dbb03f56839,12,2023-11-02 00:00:00,2,304.0,117,36.48,0.0,confirmed,2024-02-20 00:00:00,2023-11-01 02:00:00,2023-11-01 02:00:00
bdc5cbbf-599b-4335-b8cc-41cd05a36856,51,2023-07-31 00:00:00,4,924.0,98,110.88,92.4,cancelled,2023-10-09 00:00:00,2023-07-30 01:00:00,2023-07-30 01:00:00
b96e6304-1498-4b0a-8505-b10aa31754c5,8,2023-07-12 00:00:00,7,635.25,72,76.23,0.0,confirmed,2023-10-16 00:00:00,2023-07-11 17:00:00,2023-07-21 17:00:00
b36336d0-5066-472e-81fd-0b7dbbdd75fb,353,2024-06-23 00:00:00,6,561.0,99,67.32,56.1,cancelled,2024-08-25 00:00:00,2024-06-22 04:00:00,2024-06-24 04:00:00
b557ed05-a39a-4dd2-9dd0-24d1c236f3f9,2,2023-10-14 00:00:00,7,2100.0,61,252.0,0.0,confirmed,2024-04-01 00:00:00,2023-10-13 01:00:00,2023-10-13 01:00:00
e8ba0a86-874f-4c0d-9ae7-1825b7e691cf,46,2023-10-13 00:00:00,7,731.5,114,87.78,0.0,confirmed,2023-12-10 00:00:00,2023-10-12 22:00:00,2023-10-12 22:00:00
438f31b0-d523-4204-927a-4fd12323aa0a,111,2023-08-01 00:00:00,8,4224.0,89,506.88,0.0,confirmed,2023-09-25 00:00:00,2023-07-31 04:00:00,2023-08-02 04:00:00
79ec1875-f21f-48d1-9aa4-b2b098a0fb09,491,2024-04-25 00:00:00,9,2142.0,87,257.04,214.2,cancelled,2024-07-05 00:00:00,2024-04-24 11:00:00,2024-05-01 11:00:00
44ed4c47-94f2-42ac-831c-25c675b11767,150,2023-10-11 00:00:00,11,1542.75,67,185.13,0.0,confirmed,2024-01-21 00:00:00,2023-10-10 18:00:00,2023-10-10 18:00:00
eed98a64-dbc1-4521-a8ec-2efce41b2d36,439,2024-03-02 00:00:00,5,920.0,50,110.4,0.0,confirmed,2024-04-29 00:00:00,2024-03-01 22:00:00,2024-03-10 22:00:00
a6994fa3-5cc2-4706-8c05-e6e2c1af96c7,115,2024-01-08 00:00:00,3,1260.0,61,151.2,126.0,cancelled,2024-05-26 00:00:00,2024-01-07 08:00:00,2024-01-07 08:00:00
8d5a63d9-33e9-4981-a7b9-dee9554352dc,373,2023-11-29 00:00:00,12,2352.0,73,282.24,235.2,cancelled,2024-05-16 00:00:00,2023-11-28 19:00:00,2023-11-28 19:00:00
6c82903f-ce3e-433d-a73e-bd739716540b,331,2023-10-16 00:00:00,1,85.0,77,10.2,8.5,cancelled,2024-02-29 00:00:00,2023-10-15 04:00:00,2023-10-15 04:00:00
65bf9794-1f51-40f6-be29-39090eae9e72,75,2023-11-03 00:00:00,1,140.0,82,16.8,0.0,confirmed,2024-02-15 00:00:00,2023-11-02 09:00:00,2023-11-02 09:00:00
20e091d1-2e58-4761-858d-cfed9dbd6f32,148,2023-12-20 00:00:00,9,1534.5,51,184.14,0.0,confirmed,2024-06-04 00:00:00,2023-12-19 15:00:00,2023-12-19 15:00:00
ca4d416e-4c6c-4e94-9dd3-317de78e1fdc,44,2023-11-14 00:00:00,4,264.0,113,31.68,26.4,cancelled,2024-02-08 00:00:00,2023-11-13 21:00:00,2023-11-13 21:00:00
b29669c9-952e-44fa-9a77-44e1382f95db,25,2024-03-08 00:00:00,3,160.86,101,19.3,0.0,confirmed,2024-05-09 00:00:00,2024-03-07 08:00:00,2024-03-07 08:00:00
9dedcc8a-e883-49db-bc57-85914378742d,385,2024-03-09 00:00:00,1,224.0,110,26.88,0.0,confirmed,2024-03-13 00:00:00,2024-03-08 01:00:00,2024-03-09 01:00:00
928d9a31-4ae0-40ee-a57c-583785ba0ac2,190,2023-05-25 00:00:00,1,120.0,101,14.4,0.0,confirmed,2023-10-01 00:00:00,2023-05-24 12:00:00,2023-05-30 12:00:00
80c3fa6b-e8fa-4e4a-bebd-37c10dc586a4,470,2024-08-09 00:00:00,3,759.0,80,91.08,0.0,confirmed,2024-11-04 00:00:00,2024-08-08 13:00:00,2024-08-08 13:00:00
06c12b62-6ff7-4c0a-b9e5-8ba5f292cff7,170,2023-12-29 00:00:00,10,1170.0,124,140.4,0.0,confirmed,2024-02-15 00:00:00,2023-12-28 11:00:00,2023-12-28 11:00:00
98e0e769-8a9c-4c12-baee-2449f7f24029,18,2024-04-03 00:00:00,5,1705.0,119,204.6,0.0,confirmed,2024-06-19 00:00:00,2024-04-02 08:00:00,2024-04-02 08:00:00
52e50cf0-a697-4529-9e8f-fc37a7156186,282,2023-12-29 00:00:00,14,5152.0,150,618.24,0.0,confirmed,2024-02-06 00:00:00,2023-12-28 14:00:00,2023-12-28 14:00:00
795986be-2fa5-472a-a71f-0650ed53a890,165,2023-08-14 00:00:00,13,2912.0,147,349.44,0.0,confirmed,2024-01-26 00:00:00,2023-08-13 04:00:00,2023-08-21 04:00:00
f33e6ff0-fc6c-4136-b35b-200138ffd397,103,2024-04-08 00:00:00,11,1650.0,73,198.0,0.0,confirmed,2024-09-25 00:00:00,2024-04-07 23:00:00,2024-04-07 23:00:00
8becf213-f5f5-4ab6-8106-fbc53242905d,319,2024-03-08 00:00:00,8,1088.96,86,130.68,0.0,confirmed,2024-07-28 00:00:00,2024-03-07 19:00:00,2024-03-07 19:00:00
54cd06a6-b03b-4a3b-82f4-e417f0b405d9,6,2024-01-04 00:00:00,3,1134.0,89,136.08,0.0,confirmed,2024-04-01 00:00:00,2024-01-03 21:00:00,2024-01-03 21:00:00
c8824b64-2fbc-4871-99c2-04db8b0262d9,185,2023-09-18 00:00:00,13,1456.0,110,174.72,145.6,cancelled,2023-11-16 00:00:00,2023-09-17 12:00:00,2023-09-17 12:00:00
67990026-609a-48ac-a89e-cf7e8fe138cc,500,2023-09-10 00:00:00,2,805.0,121,96.6,0.0,confirmed,2023-10-31 00:00:00,2023-09-09 10:00:00,2023-09-09 10:00:00
ba2a2b72-9673-472f-8887-67e53717b290,244,2023-11-10 00:00:00,12,1980.0,72,237.6,0.0,confirmed,2023-12-11 00:00:00,2023-11-09 12:00:00,2023-11-15 12:00:00
68d3f894-21fe-449d-b087-6a236f1e010c,173,2024-04-23 00:00:00,6,2232.0,47,267.84,0.0,confirmed,2024-08-03 00:00:00,2024-04-22 04:00:00,2024-04-30 04:00:00
3e0c2a31-28d7-46f1-b6c4-0393da9bd195,151,2024-01-24 00:00:00,4,1148.0,55,137.76,0.0,confirmed,2024-02-19 00:00:00,2024-01-23 19:00:00,2024-01-23 19:00:00
1a946df6-9164-4117-a258-c400c50664f5,192,2023-02-05 00:00:00,11,1694.0,139,203.28,0.0,confirmed,2023-05-29 00:00:00,2023-02-04 05:00:00,2023-02-04 05:00:00
0e56c340-15bf-43f5-9199-6da5ba76d8e6,190,2023-10-01 00:00:00,8,960.0,97,115.2,96.0,cancelled,2024-03-05 00:00:00,2023-09-30 04:00:00,2023-10-08 04:00:00
fbc5481a-9e06-4a38-9ebc-52644fe838d4,453,2024-01-22 00:00:00,7,1890.0,100,226.8,0.0,confirmed,2024-05-28 00:00:00,2024-01-21 18:00:00,2024-01-21 18:00:00
7ebdbdf8-f05c-44de-ba71-a02884b211c6,228,2023-08-30 00:00:00,14,3234.0,135,388.08,0.0,confirmed,2024-01-01 00:00:00,2023-08-29 03:00:00,2023-08-29 03:00:00
f54ba3e6-c596-4ee0-a700-df02dd20d341,269,2024-04-15 00:00:00,3,663.0,65,79.56,0.0,confirmed,2024-06-02 00:00:00,2024-04-14 03:00:00,2024-04-14 03:00:00
e0a0c346-805f-4ba2-9961-555ec0d10cd9,401,2023-04-30 00:00:00,13,3328.0,125,399.36,0.0,confirmed,2023-08-27 00:00:00,2023-04-29 18:00:00,2023-04-29 18:00:00
5f4cc93d-6ae7-4999-9be8-0ad70334ae48,451,2024-07-31 00:00:00,6,3276.0,138,393.12,0.0,confirmed,2024-09-09 00:00:00,2024-07-30 04:00:00,2024-07-30 04:00:00
6ce4563b-bb49-477f-a746-4e846742de94,436,2024-02-23 00:00:00,3,405.0,142,48.6,0.0,confirmed,2024-03-11 00:00:00,2024-02-22 06:00:00,2024-02-22 06:00:00
df960ef2-3873-4b49-a4f0-f7340d8f1be2,483,2023-09-06 00:00:00,4,286.0,70,34.32,0.0,confirmed,2023-09-29 00:00:00,2023-09-05 06:00:00,2023-09-05 06:00:00
5c2dfe37-d0d2-4db2-aa01-9ba46d889fad,185,2023-08-29 00:00:00,1,112.0,60,13.44,11.2,cancelled,2023-10-23 00:00:00,2023-08-28 06:00:00,2023-08-28 06:00:00
4db9e0fc-dd6f-4ff5-b0b6-c8044f197d83,124,2023-03-21 00:00:00,5,680.0,134,81.6,68.0,cancelled,2023-08-18 00:00:00,2023-03-20 08:00:00,2023-03-29 08:00:00
7a21432a-0506-423e-9933-9597c3e7dfb3,130,2024-01-22 00:00:00,14,3360.0,55,403.2,0.0,confirmed,2024-02-08 00:00:00,2024-01-21 08:00:00,2024-01-21 08:00:00
579828d5-f3dc-4a50-a068-155a7d2af104,60,2024-04-18 00:00:00,2,264.0,136,31.68,0.0,confirmed,2024-06-17 00:00:00,2024-04-17 23:00:00,2024-04-17 23:00:00
be83de24-ae0c-4c70-8995-ff37fb86ec5b,358,2024-07-16 00:00:00,13,1560.0,144,187.2,156.0,cancelled,2024-08-17 00:00:00,2024-07-15 13:00:00,2024-07-23 13:00:00
fad282df-2f70-41c4-9417-a3824620adc9,247,2023-09-09 00:00:00,11,888.25,41,106.59,88.83,cancelled,2024-02-27 00:00:00,2023-09-08 09:00:00,2023-09-16 09:00:00
ea278177-e859-434b-85a3-bbfa1d745aa0,169,2024-01-25 00:00:00,5,1040.0,142,124.8,0.0,confirmed,2024-02-27 00:00:00,2024-01-24 05:00:00,2024-01-24 05:00:00
41c4d03d-da6e-4135-8ee3-7dc802770f6d,84,2023-07-09 00:00:00,7,808.5,84,97.02,80.85,cancelled,2023-12-19 00:00:00,2023-07-08 20:00:00,2023-07-08 20:00:00
88d4f4ae-817f-42d5-8e9d-0053b78fde2e,238,2024-04-26 00:00:00,8,7360.0,51,883.2,0.0,confirmed,2024-05-06 00:00:00,2024-04-25 06:00:00,2024-04-25 06:00:00
ff1e83d0-d88c-4132-8b23-eaf9ca3a034e,91,2023-08-14 00:00:00,4,608.0,62,72.96,60.8,cancelled,2024-01-01 00:00:00,2023-08-13 17:00:00,2023-08-13 17:00:00
ecb6b1e2-a7e1-42b4-88e4-0a1f98da570c,283,2024-02-27 00:00:00,13,1859.0,129,223.08,0.0,confirmed,2024-03-09 00:00:00,2024-02-26 19:00:00,2024-02-26 19:00:00
a6f80b0a-29c6-431b-81e2-de006e118bb0,414,2023-11-29 00:00:00,8,792.0,140,95.04,0.0,confirmed,2023-12-17 00:00:00,2023-11-28 08:00:00,2023-11-28 08:00:00
5a22cfa6-07ef-42c5-8d10-ce063f083444,317,2023-11-12 00:00:00,2,392.0,110,47.04,39.2,cancelled,2024-01-20 00:00:00,2023-11-11 11:00:00,2023-11-11 11:00:00
8432390c-f4d0-41fb-922a-aaa8df7d1e97,414,2024-02-24 00:00:00,9,891.0,101,106.92,0.0,confirmed,2024-04-13 00:00:00,2024-02-23 17:00:00,2024-02-23 17:00:00
5a5bcf43-ea76-4858-94de-ef05263c2580,412,2023-04-20 00:00:00,3,285.0,117,34.2,0.0,confirmed,2023-08-10 00:00:00,2023-04-19 04:00:00,2023-04-24 04:00:00
ccd99756-85b1-48ae-9cea-5d94094e9d21,226,2024-01-19 00:00:00,14,3360.0,71,403.2,336.0,cancelled,2024-06-21 00:00:00,2024-01-18 10:00:00,2024-01-28 10:00:00
7d36fe90-0b30-41af-8d2c-63f620e20578,27,2024-07-29 00:00:00,7,2604.0,143,312.48,0.0,confirmed,2024-11-30 00:00:00,2024-07-28 12:00:00,2024-07-28 12:00:00
15e6ac55-efa5-4dcd-854f-add16ff3d17c,420,2023-08-18 00:00:00,6,2772.0,122,332.64,0.0,confirmed,2024-01-15 00:00:00,2023-08-17 09:00:00,2023-08-17 09:00:00
4d02ab19-61ae-4a23-a75c-f35c05468265,138,2023-10-02 00:00:00,14,1790.32,98,214.84,179.03,cancelled,2024-01-12 00:00:00,2023-10-01 15:00:00,2023-10-01 15:00:00
3738dbdb-902f-4baa-b709-7aae74bb55eb,218,2023-08-02 00:00:00,9,1581.75,124,189.81,0.0,confirmed,2023-11-13 00:00:00,2023-08-01 16:00:00,2023-08-01 16:00:00
a31c7bd9-b80f-49ca-9868-25662ec294ee,164,2024-08-20 00:00:00,3,255.0,69,30.6,0.0,confirmed,2024-10-25 00:00:00,2024-08-19 02:00:00,2024-08-19 02:00:00
575f36c3-526a-425b-93a8-352f5bcf17c1,223,2024-02-09 00:00:00,2,180.0,61,21.6,0.0,confirmed,2024-04-01 00:00:00,2024-02-08 19:00:00,2024-02-08 19:00:00
45103549-24ab-4ba0-b1b6-f0cb2caadfe7,406,2023-12-01 00:00:00,6,1200.0,121,144.0,0.0,confirmed,2024-01-07 00:00:00,2023-11-30 21:00:00,2023-11-30 21:00:00
426b3bc5-f69f-498d-8464-bac62289ca20,51,2023-08-15 00:00:00,4,924.0,57,110.88,0.0,confirmed,2023-11-05 00:00:00,2023-08-14 22:00:00,2023-08-18 22:00:00
f1eba40c-e5f2-4a89-8d6b-cd235cd0b204,139,2024-05-23 00:00:00,7,931.0,107,111.72,0.0,confirmed,2024-09-28 00:00:00,2024-05-22 06:00:00,2024-05-22 06:00:00
aafaca33-501b-4648-b1d1-3c1b8332838c,271,2023-11-11 00:00:00,9,2016.0,74,241.92,201.6,cancelled,2024-02-08 00:00:00,2023-11-10 13:00:00,2023-11-10 13:00:00
5e7112a0-cbfc-4bc3-b6d9-4ca695a6dd33,127,2024-03-09 00:00:00,3,210.0,81,25.2,0.0,confirmed,2024-06-22 00:00:00,2024-03-08 19:00:00,2024-03-08 19:00:00
30498f3e-f5a6-4d40-840d-c96876b7946e,393,2024-01-30 00:00:00,8,1840.0,115,220.8,0.0,confirmed,2024-02-15 00:00:00,2024-01-29 14:00:00,2024-02-06 14:00:00
b2d3fe3f-bbcf-4460-8e52-a5717132681f,455,2023-10-06 00:00:00,11,2079.0,47,249.48,0.0,confirmed,2024-01-11 00:00:00,2023-10-05 18:00:00,2023-10-05 18:00:00
3f42b092-ea40-4a8f-98de-3076f4a9d54f,435,2024-08-14 00:00:00,8,1320.0,55,158.4,132.0,cancelled,2025-01-29 00:00:00,2024-08-13 23:00:00,2024-08-13 23:00:00
290b10e8-b488-4847-b389-1ce0fa01fd32,388,2023-06-07 00:00:00,3,510.0,90,61.2,0.0,confirmed,2023-10-09 00:00:00,2023-06-06 19:00:00,2023-06-06 19:00:00
29b7d2eb-d559-4793-a56f-de1165248ffd,151,2024-09-07 00:00:00,7,2009.0,131,241.08,0.0,confirmed,2024-09-09 00:00:00,2024-09-06 00:00:00,2024-09-06 00:00:00
961adea2-8c6d-421c-bb87-740f80bbc58e,379,2023-09-30 00:00:00,1,110.0,73,13.2,11.0,cancelled,2024-02-29 00:00:00,2023-09-29 12:00:00,2023-09-29 12:00:00
958b043a-7632-4f93-a78d-45735c755441,95,2024-03-09 00:00:00,2,255.0,52,30.6,0.0,confirmed,2024-07-10 00:00:00,2024-03-08 11:00:00,2024-03-08 11:00:00
c34d0c44-1fd4-4e01-95a1-8b80208af0a2,76,2024-01-04 00:00:00,8,952.0,75,114.24,0.0,confirmed,2024-06-20 00:00:00,2024-01-03 18:00:00,2024-01-03 18:00:00
bac1a2bf-f7fe-433b-8267-aa2c2933a396,378,2023-10-24 00:00:00,14,3136.0,64,376.32,0.0,confirmed,2024-02-28 00:00:00,2023-10-23 00:00:00,2023-10-23 00:00:00
76707d06-89bc-434a-a381-36308d28de2c,339,2023-11-10 00:00:00,2,196.0,76,23.52,0.0,confirmed,2024-01-07 00:00:00,2023-11-09 20:00:00,2023-11-09 20:00:00
b4ab5d92-d805-478e-941d-53df4ffb8098,74,2024-07-10 00:00:00,13,1716.0,103,205.92,0.0,confirmed,2024-09-30 00:00:00,2024-07-09 02:00:00,2024-07-09 02:00:00
6f6eb500-fc45-4918-a92f-f897e4d3a4d0,377,2024-08-22 00:00:00,11,1905.75,61,228.69,0.0,confirmed,2025-02-01 00:00:00,2024-08-21 23:00:00,2024-08-21 23:00:00
a4e327be-965d-4815-bd0e-f3ae88654fa7,54,2024-04-14 00:00:00,11,4884.0,40,586.08,488.4,cancelled,2024-10-01 00:00:00,2024-04-13 21:00:00,2024-04-17 21:00:00
78b99fd2-d140-4816-9677-bcbd25f7d851,77,2023-12-19 00:00:00,10,1600.0,112,192.0,0.0,confirmed,2024-03-02 00:00:00,2023-12-18 04:00:00,2023-12-18 04:00:00
360fad1f-c19e-4133-851e-84b4f530787c,131,2023-05-23 00:00:00,11,3520.0,63,422.4,0.0,confirmed,2023-10-12 00:00:00,2023-05-22 22:00:00,2023-05-22 22:00:00
d3fc1994-579b-401c-92fe-7333b8325bf6,26,2024-04-25 00:00:00,13,3120.0,40,374.4,0.0,confirmed,2024-07-05 00:00:00,2024-04-24 11:00:00,2024-04-24 11:00:00
10b6bfec-363d-4127-aa92-3684937c4881,454,2024-02-05 00:00:00,12,2496.0,89,299.52,0.0,confirmed,2024-02-12 00:00:00,2024-02-04 21:00:00,2024-02-04 21:00:00
9d71a426-714f-45d4-a3ae-50fe933959cb,480,2024-03-05 00:00:00,13,1456.0,59,174.72,145.6,cancelled,2024-05-29 00:00:00,2024-03-04 15:00:00,2024-03-04 15:00:00
1af5aabc-2faf-48b7-a289-1fc764e080bf,102,2024-07-08 00:00:00,14,1197.0,137,143.64,119.7,cancelled,2024-08-30 00:00:00,2024-07-07 00:00:00,2024-07-07 00:00:00
0450b4fe-116e-48c5-ab04-3830f77337b1,13,2023-06-01 00:00:00,12,2688.0,142,322.56,0.0,confirmed,2023-06-05 00:00:00,2023-05-31 04:00:00,2023-06-03 04:00:00
6d26e4fd-ed23-4ce3-8ade-44ed989c39be,163,2023-01-22 00:00:00,6,4140.0,93,496.8,0.0,confirmed,2023-04-14 00:00:00,2023-01-21 03:00:00,2023-01-30 03:00:00
b38a9510-ed0a-41c6-9c6b-40abc29b0e9f,215,2023-10-17 00:00:00,13,1950.0,55,234.0,195.0,cancelled,2023-12-20 00:00:00,2023-10-16 09:00:00,2023-10-19 09:00:00
f2a5323b-de49-4a46-8302-8b5cd8cb93d3,278,2023-08-13 00:00:00,4,616.0,43,73.92,0.0,confirmed,2023-10-02 00:00:00,2023-08-12 09:00:00,2023-08-12 09:00:00
34c94815-0a92-44c4-8b90-25e6c8c62b54,262,2023-11-11 00:00:00,14,8232.0,60,987.84,0.0,confirmed,2024-01-27 00:00:00,2023-11-10 04:00:00,2023-11-10 04:00:00
57ea3daa-4c21-4916-a54d-c53f7ac6fb90,398,2023-10-08 00:00:00,10,1360.0,90,163.2,0.0,confirmed,2024-01-29 00:00:00,2023-10-07 22:00:00,2023-10-07 22:00:00
2c61fb53-18b9-4c87-8cce-89e7fade8d5d,313,2024-01-24 00:00:00,13,3757.0,91,450.84,375.7,cancelled,2024-07-18 00:00:00,2024-01-23 21:00:00,2024-01-23 21:00:00
c5769bae-1477-412f-8d12-a28f0c720a19,494,2023-08-18 00:00:00,11,3344.0,49,401.28,0.0,confirmed,2023-12-06 00:00:00,2023-08-17 14:00:00,2023-08-17 14:00:00
64691d0d-c09d-4f02-928a-5ef36fe6b895,112,2023-11-17 00:00:00,2,792.0,82,95.04,0.0,confirmed,2024-01-22 00:00:00,2023-11-16 23:00:00,2023-11-16 23:00:00
03550ce3-c685-419a-bc9b-0067fa694d30,5,2024-02-20 00:00:00,13,2535.0,51,304.2,253.5,cancelled,2024-05-12 00:00:00,2024-02-19 09:00:00,2024-02-19 09:00:00
5670d42f-6e5c-4e09-93e5-da3dc26a8e93,224,2023-11-25 00:00:00,13,1358.5,132,163.02,0.0,confirmed,2023-12-11 00:00:00,2023-11-24 13:00:00,2023-11-24 13:00:00
4472dc0d-f4c5-4919-80d6-c474b577264a,207,2024-02-03 00:00:00,4,456.0,44,54.72,45.6,cancelled,2024-05-14 00:00:00,2024-02-02 21:00:00,2024-02-03 21:00:00
1d0a1074-caf2-42a0-b03e-2b0b79a8235e,404,2023-07-10 00:00:00,13,1560.0,66,187.2,0.0,confirmed,2023-08-12 00:00:00,2023-07-09 19:00:00,2023-07-09 19:00:00
f1649040-fafe-4044-8b91-2753a8b9996b,30,2023-09-20 00:00:00,13,3003.0,85,360.36,0.0,confirmed,2023-12-26 00:00:00,2023-09-19 17:00:00,2023-09-19 17:00:00
5644e745-ae75-493c-be92-9dda8df9a3fb,39,2023-09-30 00:00:00,14,1848.0,55,221.76,184.8,cancelled,2024-02-06 00:00:00,2023-09-29 06:00:00,2023-09-29 06:00:00
b233fe08-e3bd-4a34-aa6f-7d8ab20d959b,238,2024-04-29 00:00:00,2,1840.0,41,220.8,184.0,cancelled,2024-09-23 00:00:00,2024-04-28 17:00:00,2024-04-28 17:00:00
39d06fae-0484-4ea8-8454-7790abcced2b,84,2023-07-18 00:00:00,3,346.5,75,41.58,0.0,confirmed,2023-11-09 00:00:00,2023-07-17 07:00:00,2023-07-17 07:00:00
03dc5378-230c-45c7-8762-5013f28d248e,100,2024-01-01 00:00:00,14,1596.0,100,191.52,0.0,confirmed,2024-03-25 00:00:00,2023-12-31 17:00:00,2023-12-31 17:00:00
b0d3a342-8879-486b-8838-727b27b7bec7,271,2023-11-03 00:00:00,12,2688.0,95,322.56,268.8,cancelled,2023-12-17 00:00:00,2023-11-02 21:00:00,2023-11-06 21:00:00
650c9ac9-081d-45dd-8077-350f1116a80a,50,2024-04-24 00:00:00,1,210.0,72,25.2,0.0,confirmed,2024-08-19 00:00:00,2024-04-23 10:00:00,2024-04-25 10:00:00
8e77389b-b144-4f7d-8935-ee116f0ac6e9,448,2023-07-12 00:00:00,6,798.0,124,95.76,79.8,cancelled,2023-12-23 00:00:00,2023-07-11 15:00:00,2023-07-11 15:00:00
1c354011-7e73-49fc-b130-a27f4e4fa4e9,101,2024-01-31 00:00:00,5,350.6,116,42.07,0.0,confirmed,2024-04-19 00:00:00,2024-01-30 18:00:00,2024-01-30 18:00:00
1aa3d46b-568b-47d1-9e84-66baf428506e,17,2023-09-07 00:00:00,11,2992.0,102,359.04,0.0,confirmed,2023-11-05 00:00:00,2023-09-06 17:00:00,2023-09-06 17:00:00
062ad1fc-dbb2-493e-8118-7ddb2c60e051,246,2024-09-29 00:00:00,3,513.0,96,61.56,0.0,confirmed,2024-11-02 00:00:00,2024-09-28 06:00:00,2024-09-28 06:00:00
5ffcc02b-a643-48f3-8bfb-50dde5dc43b8,7,2024-06-25 00:00:00,12,3960.0,146,475.2,0.0,confirmed,2024-07-10 00:00:00,2024-06-24 10:00:00,2024-06-24 10:00:00
39a10a14-902a-4c8d-b9cd-826be96793b9,45,2023-07-10 00:00:00,2,176.0,42,21.12,0.0,confirmed,2023-12-20 00:00:00,2023-07-09 17:00:00,2023-07-13 17:00:00
02686609-0d05-4245-b2f9-d9c21eea79ee,115,2024-01-17 00:00:00,14,5880.0,96,705.6,588.0,cancelled,2024-05-29 00:00:00,2024-01-16 18:00:00,2024-01-16 18:00:00
f70f1b85-5954-434c-8dfc-9b9713d85eeb,105,2023-09-08 00:00:00,13,1001.0,110,120.12,0.0,confirmed,2023-11-07 00:00:00,2023-09-07 17:00:00,2023-09-07 17:00:00
cf6a0e1a-3a30-4581-a1cd-2a13435d03bb,93,2024-03-13 00:00:00,9,1496.25,48,179.55,149.62,cancelled,2024-08-18 00:00:00,2024-03-12 12:00:00,2024-03-12 12:00:00
aee701d7-c509-4bda-bd9b-7fbde920abbd,439,2023-11-09 00:00:00,3,552.0,97,66.24,55.2,cancelled,2024-02-01 00:00:00,2023-11-08 23:00:00,2023-11-08 23:00:00
9273cdfe-b1ad-4a6b-aafe-eaafc34c13ca,19,2024-01-03 00:00:00,12,1056.0,45,126.72,0.0,confirmed,2024-05-17 00:00:00,2024-01-02 17:00:00,2024-01-02 17:00:00
81795df3-e4a4-43a0-97c2-1acee9c0c7d9,403,2024-03-25 00:00:00,13,910.0,137,109.2,91.0,cancelled,2024-07-25 00:00:00,2024-03-24 08:00:00,2024-03-24 08:00:00
69ac0b05-793d-4db9-ba11-d1eb48ff7649,78,2023-11-11 00:00:00,1,104.5,129,12.54,0.0,confirmed,2024-05-07 00:00:00,2023-11-10 14:00:00,2023-11-10 14:00:00
f84f5c1a-d10e-4902-9625-a10f8f058fe6,214,2023-03-23 00:00:00,4,1320.0,120,158.4,132.0,cancelled,2023-09-08 00:00:00,2023-03-22 03:00:00,2023-03-22 03:00:00
0ee7fcb1-cbef-41ad-9c8b-ebfb07bcb08d,119,2023-11-08 00:00:00,10,1190.0,150,142.8,0.0,confirmed,2024-01-31 00:00:00,2023-11-07 06:00:00,2023-11-07 06:00:00
f0372ba7-fb0b-41de-918d-5a05ada243ae,348,2023-11-16 00:00:00,8,440.0,95,52.8,0.0,confirmed,2023-12-14 00:00:00,2023-11-15 03:00:00,2023-11-16 03:00:00
b6e2fb55-76d5-4eb6-85f0-506931584e0a,53,2024-09-18 00:00:00,11,2618.0,73,314.16,0.0,confirmed,2024-12-08 00:00:00,2024-09-17 18:00:00,2024-09-17 18:00:00
729b4d3d-1041-4afe-a431-aee5d2218b52,497,2024-08-05 00:00:00,6,1344.0,40,161.28,0.0,confirmed,2024-12-18 00:00:00,2024-08-04 04:00:00,2024-08-04 04:00:00
c1f9da77-baeb-4e88-8006-d69487b9713c,109,2023-06-23 00:00:00,2,1260.0,58,151.2,0.0,confirmed,2023-07-07 00:00:00,2023-06-22 01:00:00,2023-06-22 01:00:00
621ac710-4434-4a8b-b9ac-f11bcb3ab7d3,165,2024-03-21 00:00:00,13,2912.0,99,349.44,291.2,cancelled,2024-05-25 00:00:00,2024-03-20 14:00:00,2024-03-20 14:00:00
3d26f937-adcd-406e-8327-d6bcdf686c14,379,2023-06-11 00:00:00,3,330.0,134,39.6,33.0,cancelled,2023-11-06 00:00:00,2023-06-10 22:00:00,2023-06-10 22:00:00
ceccb39e-6286-48b8-a799-618d05f0c647,446,2023-07-05 00:00:00,12,1911.0,136,229.32,0.0,confirmed,2023-09-24 00:00:00,2023-07-04 12:00:00,2023-07-04 12:00:00
56f4860b-bd44-4d3c-b094-639ab54e4fcb,47,2023-08-29 00:00:00,11,888.25,85,106.59,88.83,cancelled,2023-12-31 00:00:00,2023-08-28 12:00:00,2023-08-28 12:00:00
eebf791c-894d-4cfd-8a0f-9b1e0dfdded0,264,2023-03-01 00:00:00,2,220.0,117,26.4,0.0,confirmed,2023-04-14 00:00:00,2023-02-28 13:00:00,2023-02-28 13:00:00
4f40898e-64b8-45c8-83fc-bc697e6b7b24,336,2024-02-26 00:00:00,14,2128.0,134,255.36,0.0,confirmed,2024-05-26 00:00:00,2024-02-25 07:00:00,2024-02-25 07:00:00
961a5386-3995-44b7-909d-2f44965071b9,245,2024-01-08 00:00:00,6,1134.0,80,136.08,113.4,cancelled,2024-06-05 00:00:00,2024-01-07 06:00:00,2024-01-07 06:00:00
13ff79c2-61bb-4b16-bcc9-be65d5075d93,444,2023-05-24 00:00:00,9,2448.0,94,293.76,0.0,confirmed,2023-08-28 00:00:00,2023-05-23 20:00:00,2023-05-23 20:00:00
0dcee740-b572-4bf3-8e96-355b47cac01e,131,2023-05-09 00:00:00,7,2240.0,62,268.8,0.0,confirmed,2023-10-29 00:00:00,2023-05-08 16:00:00,2023-05-17 16:00:00
428e3a24-5157-43ba-8c74-5036a7ca5f1e,365,2023-04-30 00:00:00,7,1064.0,119,127.68,0.0,confirmed,2023-09-29 00:00:00,2023-04-29 18:00:00,2023-04-29 18:00:00
644eb387-a64a-47e9-ae14-c1c2c6bc896f,296,2023-08-23 00:00:00,11,786.5,100,94.38,0.0,confirmed,2023-08-26 00:00:00,2023-08-22 22:00:00,2023-08-22 22:00:00
51827c0d-7bfe-49ba-8f2d-cfa24adc4ece,127,2024-04-18 00:00:00,8,560.0,103,67.2,0.0,confirmed,2024-08-17 00:00:00,2024-04-17 15:00:00,2024-04-17 15:00:00
2c0a4343-a94b-4a72-9c49-c9776ee5ca5c,369,2024-03-29 00:00:00,6,561.0,101,67.32,0.0,confirmed,2024-04-21 00:00:00,2024-03-28 11:00:00,2024-03-28 11:00:00
ab9e6a8f-811e-4288-999e-5546b0c33019,493,2024-09-04 00:00:00,10,1925.0,126,231.0,0.0,confirmed,2024-12-29 00:00:00,2024-09-03 16:00:00,2024-09-03 16:00:00
6deba023-ed41-4045-ba41-fb5774c867e4,69,2023-07-23 00:00:00,4,450.0,50,54.0,0.0,confirmed,2023-09-19 00:00:00,2023-07-22 00:00:00,2023-07-22 00:00:00
70dcae59-17db-46ec-a1a3-636b75fa6aec,36,2024-09-24 00:00:00,6,1632.0,147,195.84,163.2,cancelled,2024-12-06 00:00:00,2024-09-23 08:00:00,2024-09-23 08:00:00
052ec83b-475b-4e82-9ee4-334398818b24,294,2024-06-06 00:00:00,5,736.25,122,88.35,0.0,confirmed,2024-06-14 00:00:00,2024-06-05 10:00:00,2024-06-12 10:00:00
2c11a1ce-7a02-4e6f-8d6d-286f78f7b84d,472,2024-01-25 00:00:00,12,8832.0,110,1059.84,0.0,confirmed,2024-05-24 00:00:00,2024-01-24 22:00:00,2024-01-24 22:00:00
eac8ce48-6c24-49e5-b539-6102b0f229e7,395,2023-11-05 00:00:00,5,2800.0,124,336.0,280.0,cancelled,2024-02-28 00:00:00,2023-11-04 19:00:00,2023-11-04 19:00:00
db4b44c7-6002-4214-a473-8763c5e60617,55,2024-01-25 00:00:00,2,310.0,91,37.2,0.0,confirmed,2024-02-11 00:00:00,2024-01-24 07:00:00,2024-01-24 07:00:00
dd1b2d25-0a23-4ad0-bf7c-314fc775545f,7,2024-01-14 00:00:00,10,3300.0,86,396.0,0.0,confirmed,2024-04-07 00:00:00,2024-01-13 06:00:00,2024-01-22 06:00:00
6bb9fdd5-9c78-4401-a7f8-b001c67aad1c,252,2024-01-02 00:00:00,14,4592.0,98,551.04,459.2,cancelled,2024-03-15 00:00:00,2024-01-01 16:00:00,2024-01-01 16:00:00
511bab71-94a1-4dcf-8012-7643beb99d7d,284,2024-08-28 00:00:00,5,880.0,114,105.6,0.0,confirmed,2024-12-31 00:00:00,2024-08-27 14:00:00,2024-08-27 14:00:00
2525227f-af8f-4a14-b6a4-09f5ce224f47,301,2024-08-12 00:00:00,13,911.56,83,109.39,0.0,confirmed,2024-12-04 00:00:00,2024-08-11 20:00:00,2024-08-11 20:00:00
c2b95716-02de-40ac-a02c-bb20ce761825,325,2023-10-13 00:00:00,12,3456.0,113,414.72,0.0,confirmed,2023-10-26 00:00:00,2023-10-12 03:00:00,2023-10-12 03:00:00
ec61d19b-7e3b-4944-82e8-e39d90f59776,349,2023-01-24 00:00:00,2,154.0,80,18.48,0.0,confirmed,2023-05-31 00:00:00,2023-01-23 11:00:00,2023-01-23 11:00:00
9c0600f1-d4dc-4434-b014-03c6eadf1cad,183,2023-10-24 00:00:00,4,364.0,133,43.68,0.0,confirmed,2023-12-17 00:00:00,2023-10-23 10:00:00,2023-10-23 10:00:00
f98d3f48-1259-49af-940d-b2c643eb720a,340,2023-10-22 00:00:00,6,924.0,146,110.88,0.0,confirmed,2024-01-06 00:00:00,2023-10-21 09:00:00,2023-10-26 09:00:00
b4701cb5-1cf3-4755-a4c1-b950c45665e3,209,2023-11-17 00:00:00,4,544.48,92,65.34,0.0,confirmed,2024-03-30 00:00:00,2023-11-16 04:00:00,2023-11-16 04:00:00
eb14fc04-c408-40eb-bbc8-08385f4a1423,273,2024-02-05 00:00:00,9,810.0,78,97.2,0.0,confirmed,2024-03-04 00:00:00,2024-02-04 02:00:00,2024-02-04 02:00:00
82256d44-22ff-4a21-9785-0fe4e6528f2c,300,2024-03-03 00:00:00,12,1824.0,77,218.88,0.0,confirmed,2024-07-22 00:00:00,2024-03-02 08:00:00,2024-03-02 08:00:00
d5113ba3-05ee-439b-a7e7-9aaa0dbfee78,218,2023-04-24 00:00:00,9,1581.75,136,189.81,0.0,confirmed,2023-09-17 00:00:00,2023-04-23 09:00:00,2023-04-29 09:00:00
affe3ad9-7265-4b16-b655-fc6979a33387,69,2023-07-24 00:00:00,14,1575.0,119,189.0,0.0,confirmed,2023-12-06 00:00:00,2023-07-23 18:00:00,2023-07-23 18:00:00
55f36586-6caa-419e-8d36-6a1367445c5a,217,2023-11-22 00:00:00,12,2964.0,49,355.68,0.0,confirmed,2024-02-28 00:00:00,2023-11-21 16:00:00,2023-11-21 16:00:00
1ed1b466-e337-4e0b-ad5b-27ff879e5e99,31,2023-06-04 00:00:00,6,510.0,60,61.2,0.0,confirmed,2023-06-10 00:00:00,2023-06-03 17:00:00,2023-06-03 17:00:00
cb0022b1-e89d-47f9-9898-4121a88032fb,495,2024-05-02 00:00:00,4,600.0,68,72.0,0.0,confirmed,2024-06-29 00:00:00,2024-05-01 00:00:00,2024-05-01 00:00:00
921c45c4-ddf9-4de4-8e44-2728ed9b6b2c,334,2023-10-18 00:00:00,13,1173.25,139,140.79,117.33,cancelled,2024-03-23 00:00:00,2023-10-17 09:00:00,2023-10-25 09:00:00
a23fd160-e59e-4275-8988-0dbd027381e4,376,2023-06-24 00:00:00,10,1320.0,60,158.4,132.0,cancelled,2023-09-11 00:00:00,2023-06-23 18:00:00,2023-06-23 18:00:00
fcff4304-cd73-4a6a-bf39-371fd7a94020,69,2023-12-15 00:00:00,13,1462.5,112,175.5,0.0,confirmed,2024-02-23 00:00:00,2023-12-14 03:00:00,2023-12-24 03:00:00
03bef068-422f-40d7-97ab-53c2d22e9f98,315,2024-03-22 00:00:00,2,1248.0,121,149.76,0.0,confirmed,2024-07-19 00:00:00,2024-03-21 11:00:00,2024-03-21 11:00:00
50502ad7-baed-4721-82d5-1543c9281bd5,450,2023-11-23 00:00:00,11,1452.0,108,174.24,145.2,cancelled,2024-03-23 00:00:00,2023-11-22 12:00:00,2023-11-22 12:00:00
a5f0dd2c-d3cb-4b26-afe8-8867f3265b84,171,2023-10-24 00:00:00,3,165.0,54,19.8,0.0,confirmed,2023-12-23 00:00:00,2023-10-23 18:00:00,2023-10-25 18:00:00
ca4d3606-94b6-49b8-9db7-42c09fc2d2a8,177,2024-01-04 00:00:00,12,4968.0,43,596.16,0.0,confirmed,2024-02-07 00:00:00,2024-01-03 08:00:00,2024-01-03 08:00:00
f475e1a4-ea2f-4db0-8603-a68c1d52edda,306,2024-09-13 00:00:00,9,1134.0,97,136.08,113.4,cancelled,2024-11-15 00:00:00,2024-09-12 04:00:00,2024-09-12 04:00:00
f9a80d16-3ccf-4df9-a83d-a2ab1b5cbe9f,435,2024-03-09 00:00:00,13,2145.0,50,257.4,0.0,confirmed,2024-04-29 00:00:00,2024-03-08 19:00:00,2024-03-08 19:00:00
8960be28-c7b2-43f9-bdde-1daabb01f486,328,2023-10-11 00:00:00,3,798.0,82,95.76,0.0,confirmed,2024-02-01 00:00:00,2023-10-10 09:00:00,2023-10-10 09:00:00
eee6acc1-342e-44cb-9613-e45e731cbc0f,107,2024-04-04 00:00:00,11,1089.0,136,130.68,0.0,confirmed,2024-04-24 00:00:00,2024-04-03 12:00:00,2024-04-03 12:00:00
2c595b35-19c7-4506-b624-58583485860f,303,2023-12-21 00:00:00,14,2128.0,82,255.36,212.8,cancelled,2024-04-23 00:00:00,2023-12-20 21:00:00,2023-12-20 21:00:00
c8b70b4c-3717-4a44-a4f8-7426b3042b74,275,2023-02-14 00:00:00,2,305.24,124,36.63,0.0,confirmed,2023-04-03 00:00:00,2023-02-13 14:00:00,2023-02-13 14:00:00
5dac9508-0426-4688-a915-3885ea11a309,390,2023-09-11 00:00:00,2,300.0,71,36.0,30.0,cancelled,2024-02-26 00:00:00,2023-09-10 04:00:00,2023-09-20 04:00:00
078fa64e-1ed2-4094-a760-d0d5f925f445,408,2024-03-24 00:00:00,10,1705.0,150,204.6,0.0,confirmed,2024-04-27 00:00:00,2024-03-23 04:00:00,2024-03-24 04:00:00
4c6d7459-c842-4d25-b98a-fbbe2b4ea46a,18,2024-07-10 00:00:00,12,4092.0,108,491.04,0.0,confirmed,2024-11-29 00:00:00,2024-07-09 20:00:00,2024-07-09 20:00:00
61f1d6f9-c7d3-4f9b-bff3-1d83bae98612,218,2023-06-06 00:00:00,4,703.0,127,84.36,0.0,confirmed,2023-08-30 00:00:00,2023-06-05 15:00:00,2023-06-05 15:00:00
e50ac2f6-3e20-4997-bf09-8f59bbdb7bda,232,2023-11-18 00:00:00,8,896.0,50,107.52,89.6,cancelled,2024-04-02 00:00:00,2023-11-17 18:00:00,2023-11-17 18:00:00
c7ee19c3-8efe-42cb-9d75-254d0e4b8946,384,2023-07-11 00:00:00,10,1550.0,80,186.0,155.0,cancelled,2023-09-29 00:00:00,2023-07-10 17:00:00,2023-07-10 17:00:00
4fc84d8e-0e73-4cbf-b3e4-382772e7142f,3,2024-02-12 00:00:00,13,6006.0,106,720.72,0.0,confirmed,2024-02-27 00:00:00,2024-02-11 08:00:00,2024-02-11 08:00:00
5a0280f5-eb27-4383-bb60-85178b44146e,194,2023-10-03 00:00:00,12,3348.0,41,401.76,0.0,confirmed,2024-02-28 00:00:00,2023-10-02 03:00:00,2023-10-02 03:00:00
584641b2-0556-471c-a640-10ae398e0bef,382,2024-03-28 00:00:00,1,253.0,117,30.36,0.0,confirmed,2024-08-04 00:00:00,2024-03-27 17:00:00,2024-03-27 17:00:00
bb9e8b9e-b2b7-437f-a8f1-31d6902ba949,10,2024-04-27 00:00:00,7,2688.0,86,322.56,268.8,cancelled,2024-06-21 00:00:00,2024-04-26 18:00:00,2024-04-26 18:00:00
e34d0e55-b67c-4d99-bf33-573f65bfed59,138,2023-11-24 00:00:00,13,1662.44,65,199.49,0.0,confirmed,2024-04-21 00:00:00,2023-11-23 04:00:00,2023-11-23 04:00:00
662a66e6-e6d4-456e-b496-d3204a3c81bf,375,2024-02-19 00:00:00,3,346.5,125,41.58,0.0,confirmed,2024-03-20 00:00:00,2024-02-18 22:00:00,2024-02-18 22:00:00
004b4427-b1cf-4ebf-8dfa-9fc8aae20487,257,2024-04-08 00:00:00,10,1045.0,55,125.4,0.0,confirmed,2024-05-03 00:00:00,2024-04-07 09:00:00,2024-04-07 09:00:00
8eb7c308-d30d-48f1-960f-ea1ea9aa2fa1,398,2023-02-19 00:00:00,7,952.0,74,114.24,0.0,confirmed,2023-05-13 00:00:00,2023-02-18 16:00:00,2023-02-18 16:00:00
78461b14-40c8-46b4-8e04-b27be84911fd,37,2023-05-09 00:00:00,8,2352.0,148,282.24,235.2,cancelled,2023-07-12 00:00:00,2023-05-08 04:00:00,2023-05-11 04:00:00
79ca0f56-8fcf-4c64-8689-2b74fb658396,454,2024-06-02 00:00:00,8,1664.0,67,199.68,0.0,confirmed,2024-09-16 00:00:00,2024-06-01 20:00:00,2024-06-01 20:00:00
9117ddbb-3a4e-4fd8-94cf-24af6c7dd40f,391,2024-02-16 00:00:00,14,1680.0,129,201.6,168.0,cancelled,2024-04-14 00:00:00,2024-02-15 08:00:00,2024-02-15 08:00:00
14a89ba8-7ae4-4b50-a8b1-b39bc86680ef,327,2024-04-05 00:00:00,3,1674.0,42,200.88,167.4,cancelled,2024-08-20 00:00:00,2024-04-04 21:00:00,2024-04-04 21:00:00
d8596ef0-062e-48a9-91d0-ad698ee304a5,283,2024-05-16 00:00:00,6,858.0,113,102.96,85.8,cancelled,2024-07-18 00:00:00,2024-05-15 09:00:00,2024-05-15 09:00:00
5b5f3261-311a-46ea-9bc6-27ee8934cb6e,254,2024-06-17 00:00:00,13,5850.0,114,702.0,585.0,cancelled,2024-11-22 00:00:00,2024-06-16 13:00:00,2024-06-16 13:00:00
41866ebe-90c4-4327-b075-2501659eb8bc,228,2023-09-03 00:00:00,9,2079.0,93,249.48,0.0,confirmed,2023-09-21 00:00:00,2023-09-02 07:00:00,2023-09-02 07:00:00
07cfb7cb-85d4-4591-af53-2e343e450f6c,33,2023-10-29 00:00:00,4,952.0,73,114.24,0.0,confirmed,2024-01-04 00:00:00,2023-10-28 12:00:00,2023-10-28 12:00:00
b806df06-b250-40d9-956d-0a41c62796fe,66,2023-07-25 00:00:00,12,4080.0,88,489.6,0.0,confirmed,2023-08-01 00:00:00,2023-07-24 09:00:00,2023-07-24 09:00:00
761d03a6-7a56-4d0d-8b68-801b48d1abb9,293,2024-01-26 00:00:00,10,2945.0,99,353.4,0.0,confirmed,2024-03-25 00:00:00,2024-01-25 03:00:00,2024-01-25 03:00:00
98b1783c-9f4b-49d5-88c0-fef1ddd91afb,313,2024-04-10 00:00:00,8,2312.0,67,277.44,231.2,cancelled,2024-06-19 00:00:00,2024-04-09 08:00:00,2024-04-11 08:00:00
dec28099-8664-4dbb-808e-f8654960175e,464,2023-10-21 00:00:00,5,800.0,89,96.0,0.0,confirmed,2024-03-26 00:00:00,2023-10-20 13:00:00,2023-10-25 13:00:00
4d522a79-8734-429e-845e-95b84e820a20,317,2024-03-12 00:00:00,3,588.0,87,70.56,0.0,confirmed,2024-05-14 00:00:00,2024-03-11 05:00:00,2024-03-11 05:00:00
9620aac1-d994-4d8b-bf4c-6d8a00f5a4c8,89,2024-03-10 00:00:00,7,598.5,138,71.82,0.0,confirmed,2024-08-27 00:00:00,2024-03-09 06:00:00,2024-03-09 06:00:00
279f2396-2d06-455d-bc35-4d9c4d956707,116,2023-09-30 00:00:00,11,998.25,129,119.79,0.0,confirmed,2023-12-22 00:00:00,2023-09-29 01:00:00,2023-09-29 01:00:00
9dd1ef6d-4191-49a9-8e00-b4828b65a385,280,2024-03-09 00:00:00,4,1056.0,44,126.72,105.6,cancelled,2024-08-26 00:00:00,2024-03-08 10:00:00,2024-03-14 10:00:00
8a23b7c6-f827-45c1-8ce0-03ed651157fa,486,2023-11-09 00:00:00,3,264.0,76,31.68,0.0,confirmed,2024-05-05 00:00:00,2023-11-08 21:00:00,2023-11-12 21:00:00
47d1f85b-3450-455d-b3a5-3da7be950462,371,2023-10-12 00:00:00,2,224.0,102,26.88,22.4,cancelled,2024-04-07 00:00:00,2023-10-11 14:00:00,2023-10-11 14:00:00
092c7a45-bafe-47ec-a952-59788a685ce2,497,2024-04-10 00:00:00,13,2912.0,139,349.44,0.0,confirmed,2024-06-21 00:00:00,2024-04-09 15:00:00,2024-04-09 15:00:00
1479df6d-d1fd-4027-b024-62fb2d6f847e,438,2023-06-24 00:00:00,3,495.0,40,59.4,49.5,cancelled,2023-11-03 00:00:00,2023-06-23 13:00:00,2023-06-23 13:00:00
d01308d2-ee5d-4d80-8936-aabe33ada029,248,2023-05-13 00:00:00,8,2400.0,64,288.0,0.0,confirmed,2023-05-24 00:00:00,2023-05-12 02:00:00,2023-05-12 02:00:00
dc847a80-299b-416c-8056-c64eb4e84f4b,217,2023-08-18 00:00:00,2,494.0,51,59.28,0.0,confirmed,2023-11-25 00:00:00,2023-08-17 15:00:00,2023-08-17 15:00:00
56b1f64e-068d-4f7b-90af-96e9c4167556,94,2024-01-09 00:00:00,9,1453.5,70,174.42,145.35,cancelled,2024-04-08 00:00:00,2024-01-08 20:00:00,2024-01-08 20:00:00
1b0780b0-ec96-4c51-8dfb-e7716f16cef2,433,2024-01-02 00:00:00,10,3382.5,85,405.9,0.0,confirmed,2024-02-07 00:00:00,2024-01-01 23:00:00,2024-01-01 23:00:00
1e333f06-3c4a-46f8-9c6b-ced5ae6f4c78,296,2023-09-19 00:00:00,12,858.0,131,102.96,0.0,confirmed,2023-09-22 00:00:00,2023-09-18 05:00:00,2023-09-18 05:00:00
4dd7fc26-553c-4236-bbf1-e2ffe6cb5746,366,2024-05-17 00:00:00,12,1932.0,144,231.84,0.0,confirmed,2024-09-19 00:00:00,2024-05-16 12:00:00,2024-05-16 12:00:00
ca606559-fddf-437e-b559-57aa5c5e638f,421,2024-07-03 00:00:00,13,7995.0,78,959.4,0.0,confirmed,2024-07-28 00:00:00,2024-07-02 10:00:00,2024-07-02 10:00:00
6e4649e8-e581-4b28-9234-d34f8b13261b,177,2023-09-23 00:00:00,10,4140.0,149,496.8,0.0,confirmed,2023-12-07 00:00:00,2023-09-22 09:00:00,2023-09-22 09:00:00
2e9e1ac6-4291-41d7-9ae8-3fc952cd5a44,267,2024-07-15 00:00:00,1,80.75,44,9.69,0.0,confirmed,2024-12-29 00:00:00,2024-07-14 19:00:00,2024-07-14 19:00:00
6b6294a1-1316-4313-9c90-cfe3852a7d05,455,2024-02-10 00:00:00,7,1323.0,64,158.76,0.0,confirmed,2024-03-04 00:00:00,2024-02-09 05:00:00,2024-02-09 05:00:00
da839175-98b2-42b8-88aa-63a62f773927,231,2023-05-18 00:00:00,3,457.86,145,54.94,0.0,confirmed,2023-10-20 00:00:00,2023-05-17 22:00:00,2023-05-17 22:00:00
76e720d3-69ed-4bf1-ab0b-06fc19d42c13,408,2024-07-02 00:00:00,5,852.5,122,102.3,0.0,confirmed,2024-12-21 00:00:00,2024-07-01 06:00:00,2024-07-01 06:00:00
0d7e68d6-fafc-4e38-b912-d4872a89dfbf,284,2023-12-30 00:00:00,1,176.0,62,21.12,0.0,confirmed,2024-02-08 00:00:00,2023-12-29 20:00:00,2023-12-29 20:00:00
1006cddb-c843-443d-af10-ebf60b7f54da,92,2024-03-14 00:00:00,9,598.5,143,71.82,59.85,cancelled,2024-08-19 00:00:00,2024-03-13 08:00:00,2024-03-13 08:00:00
2c64c127-0071-45ab-a77f-80621c857147,44,2023-07-25 00:00:00,6,396.0,93,47.52,39.6,cancelled,2023-08-15 00:00:00,2023-07-24 00:00:00,2023-07-24 00:00:00
9b7a763c-b5b5-48e9-aa1f-66ff5b7d55b3,398,2023-08-30 00:00:00,13,1768.0,80,212.16,0.0,confirmed,2023-10-11 00:00:00,2023-08-29 10:00:00,2023-08-29 10:00:00
0b1f4fe0-7f2e-4027-8185-197ec6380605,448,2023-11-20 00:00:00,12,1596.0,101,191.52,159.6,cancelled,2024-04-17 00:00:00,2023-11-19 06:00:00,2023-11-19 06:00:00
f14fbc96-3f32-4a09-80d8-1de302bda294,105,2024-04-09 00:00:00,13,1001.0,100,120.12,0.0,confirmed,2024-07-27 00:00:00,2024-04-08 01:00:00,2024-04-08 01:00:00
0001c915-1421-47b7-9cf6-4907e8296ba5,150,2023-09-19 00:00:00,6,841.5,138,100.98,0.0,confirmed,2024-02-14 00:00:00,2023-09-18 05:00:00,2023-09-21 05:00:00
2206067b-2e4a-4c78-8d7a-23bfddb5fea3,280,2023-10-14 00:00:00,1,264.0,41,31.68,26.4,cancelled,2024-01-07 00:00:00,2023-10-13 10:00:00,2023-10-13 10:00:00
72ca46d8-4e72-4952-8869-7982b06562af,277,2023-09-25 00:00:00,2,476.0,90,57.12,0.0,confirmed,2024-01-15 00:00:00,2023-09-24 19:00:00,2023-09-24 19:00:00
92dc353d-928f-45a6-993f-43f3119d53f0,398,2023-10-16 00:00:00,12,1632.0,150,195.84,0.0,confirmed,2023-12-22 00:00:00,2023-10-15 11:00:00,2023-10-15 11:00:00
9b0decb5-6e63-48bb-8cd6-13f4da78d633,115,2024-08-09 00:00:00,4,1680.0,87,201.6,0.0,confirmed,2025-01-15 00:00:00,2024-08-08 01:00:00,2024-08-08 01:00:00
01034b1a-ab69-4bf0-94ae-f4542ba4dd4c,154,2023-12-12 00:00:00,3,330.0,149,39.6,33.0,cancelled,2024-02-04 00:00:00,2023-12-11 15:00:00,2023-12-13 15:00:00
fb2b1d11-0673-4a3c-bebd-2c0be87565d5,279,2023-10-07 00:00:00,9,1638.0,54,196.56,0.0,confirmed,2023-11-11 00:00:00,2023-10-06 18:00:00,2023-10-06 18:00:00
49c0a95e-64fa-49ce-bf64-d665703fcb8b,395,2023-11-08 00:00:00,1,560.0,103,67.2,0.0,confirmed,2024-04-07 00:00:00,2023-11-07 03:00:00,2023-11-07 03:00:00
07d8c478-e860-4c1e-b818-47bbd9b16364,216,2023-09-14 00:00:00,11,2288.0,86,274.56,0.0,confirmed,2023-11-21 00:00:00,2023-09-13 12:00:00,2023-09-13 12:00:00
932b0b98-8250-4a28-a81c-2644017aecd4,164,2023-12-19 00:00:00,9,765.0,68,91.8,76.5,cancelled,2024-05-02 00:00:00,2023-12-18 10:00:00,2023-12-18 10:00:00
2369078d-c254-401d-803b-56100cc98887,151,2024-03-12 00:00:00,2,574.0,133,68.88,0.0,confirmed,2024-04-09 00:00:00,2024-03-11 15:00:00,2024-03-11 15:00:00
409aa6d8-ef96-4f9b-ad35-6de3423ec837,191,2023-12-11 00:00:00,13,5681.0,97,681.72,0.0,confirmed,2023-12-22 00:00:00,2023-12-10 04:00:00,2023-12-10 04:00:00
41be5e75-e3e7-47a6-b965-1aa9c5a47be4,308,2023-03-23 00:00:00,4,990.0,133,118.8,0.0,confirmed,2023-06-05 00:00:00,2023-03-22 21:00:00,2023-03-22 21:00:00
fda12906-4574-4f70-898b-20b310838a36,445,2023-11-05 00:00:00,10,1760.0,54,211.2,176.0,cancelled,2024-02-10 00:00:00,2023-11-04 21:00:00,2023-11-04 21:00:00
76c420b0-b853-4ec3-a0e6-c4d7b617266c,44,2023-08-14 00:00:00,10,660.0,71,79.2,66.0,cancelled,2023-10-02 00:00:00,2023-08-13 14:00:00,2023-08-13 14:00:00
4e01cab2-aa05-4209-ab36-7b8b935ffe68,176,2024-10-09 00:00:00,13,2145.0,130,257.4,214.5,cancelled,2024-12-19 00:00:00,2024-10-08 01:00:00,2024-10-08 01:00:00
eb37fd89-3a77-4d79-b483-d981b1b086c3,132,2024-06-04 00:00:00,14,4620.0,83,554.4,0.0,confirmed,2024-09-13 00:00:00,2024-06-03 05:00:00,2024-06-03 05:00:00
6887391c-3614-4431-8ecf-00570768c8fc,79,2023-11-23 00:00:00,11,1588.18,48,190.58,0.0,confirmed,2024-01-22 00:00:00,2023-11-22 08:00:00,2023-11-22 08:00:00
aec74920-dba1-48b3-aa64-6954cc2aa62d,342,2023-12-23 00:00:00,3,270.0,69,32.4,0.0,confirmed,2023-12-26 00:00:00,2023-12-22 09:00:00,2023-12-25 09:00:00
6f7740a3-06e5-432b-8a29-a7fe4db8ede0,337,2024-05-20 00:00:00,10,4500.0,46,540.0,450.0,cancelled,2024-10-25 00:00:00,2024-05-19 12:00:00,2024-05-19 12:00:00
a0ba5d94-45d5-403f-80fd-bd6b9dd7915e,332,2023-08-05 00:00:00,14,1232.0,120,147.84,123.2,cancelled,2023-10-10 00:00:00,2023-08-04 20:00:00,2023-08-04 20:00:00
c74db3db-7e2a-4b68-9cb2-519638b8ae59,443,2023-07-29 00:00:00,1,199.5,64,23.94,19.95,cancelled,2023-10-21 00:00:00,2023-07-28 17:00:00,2023-07-28 17:00:00
30ae84e9-32b0-4191-90fa-0be9ce61f2d4,450,2023-08-20 00:00:00,14,1848.0,101,221.76,184.8,cancelled,2024-01-22 00:00:00,2023-08-19 07:00:00,2023-08-19 07:00:00
ae7c00e8-0d77-4e81-8f3c-90f3455f5e30,333,2024-07-23 00:00:00,12,3864.0,143,463.68,0.0,confirmed,2024-08-03 00:00:00,2024-07-22 23:00:00,2024-07-22 23:00:00
710c6aa5-3f0d-4f81-830c-0858759e570e,354,2023-06-30 00:00:00,10,4900.0,136,588.0,0.0,confirmed,2023-08-23 00:00:00,2023-06-29 02:00:00,2023-06-29 02:00:00
97264b1f-aae4-4056-bca4-285902b7c910,439,2023-12-22 00:00:00,2,368.0,133,44.16,36.8,cancelled,2024-03-11 00:00:00,2023-12-21 00:00:00,2023-12-21 00:00:00
59c2751b-b66b-4649-8e46-c9dab385be82,454,2024-04-30 00:00:00,13,2704.0,123,324.48,0.0,confirmed,2024-06-29 00:00:00,2024-04-29 12:00:00,2024-04-29 12:00:00
7fd76a5d-9523-4fd4-aee3-91c31aeba8e9,53,2024-08-17 00:00:00,12,2856.0,143,342.72,0.0,confirmed,2025-01-15 00:00:00,2024-08-16 22:00:00,2024-08-20 22:00:00
4cb43b3f-c597-4aed-8e3c-89fc9851a5b3,243,2024-01-06 00:00:00,14,1232.0,144,147.84,0.0,confirmed,2024-02-24 00:00:00,2024-01-05 10:00:00,2024-01-05 10:00:00
a0f4b080-8e39-4c5c-ad9d-6678a864ae72,491,2023-11-20 00:00:00,2,476.0,67,57.12,47.6,cancelled,2024-04-18 00:00:00,2023-11-19 23:00:00,2023-11-19 23:00:00
c30bacca-d45a-45d1-add1-02c176ab3998,28,2024-01-01 00:00:00,9,2016.0,68,241.92,201.6,cancelled,2024-05-04 00:00:00,2023-12-31 03:00:00,2023-12-31 03:00:00
78dac272-7a87-42b4-ae6d-42ae27e544d2,432,2024-03-13 00:00:00,2,448.0,97,53.76,0.0,confirmed,2024-04-05 00:00:00,2024-03-12 22:00:00,2024-03-17 22:00:00
921a8d92-918f-4103-bd98-7ceaf8439d0e,304,2024-06-07 00:00:00,4,440.0,107,52.8,0.0,confirmed,2024-09-16 00:00:00,2024-06-06 22:00:00,2024-06-06 22:00:00
510bc478-49a7-4287-bcb0-70b8f7820942,404,2023-08-06 00:00:00,10,1200.0,104,144.0,0.0,confirmed,2023-11-13 00:00:00,2023-08-05 06:00:00,2023-08-05 06:00:00
4e2e5e32-9083-4ad4-9974-562737d14998,58,2023-10-13 00:00:00,7,1519.0,71,182.28,0.0,confirmed,2024-03-20 00:00:00,2023-10-12 15:00:00,2023-10-12 15:00:00
a4289fda-4045-4411-9b1a-1eeb34fd07b4,99,2023-08-02 00:00:00,10,1402.5,98,168.3,0.0,confirmed,2023-08-28 00:00:00,2023-08-01 03:00:00,2023-08-06 03:00:00
22ec126b-8a9c-4ad4-8ab2-0c6f387a85cc,117,2023-05-10 00:00:00,2,320.0,88,38.4,0.0,confirmed,2023-06-08 00:00:00,2023-05-09 05:00:00,2023-05-09 05:00:00
0de1c0d0-0fdc-4cf6-910b-f44ce0199427,173,2024-06-13 00:00:00,7,2604.0,149,312.48,260.4,cancelled,2024-10-05 00:00:00,2024-06-12 23:00:00,2024-06-12 23:00:00
bbf1930c-008d-4f48-9dfe-7c772be5acca,236,2023-08-09 00:00:00,6,3276.0,143,393.12,0.0,confirmed,2023-09-24 00:00:00,2023-08-08 14:00:00,2023-08-08 14:00:00
60451a7d-7bca-4351-bc55-197028b0025a,156,2023-10-30 00:00:00,4,570.0,111,68.4,0.0,confirmed,2024-01-07 00:00:00,2023-10-29 20:00:00,2023-10-29 20:00:00
82a5087e-978b-43be-887b-5161fe29f030,350,2024-02-23 00:00:00,12,2688.0,146,322.56,0.0,confirmed,2024-03-02 00:00:00,2024-02-22 19:00:00,2024-02-22 19:00:00
97cb98b6-5734-45ec-b667-35a243ddf9b9,107,2024-01-07 00:00:00,6,594.0,67,71.28,0.0,confirmed,2024-02-26 00:00:00,2024-01-06 10:00:00,2024-01-06 10:00:00
6a2d6f51-9054-4126-bcf0-ae29b3626074,114,2024-04-12 00:00:00,8,1320.0,127,158.4,0.0,confirmed,2024-08-28 00:00:00,2024-04-11 16:00:00,2024-04-19 16:00:00
f46fe037-4c59-4988-923a-7b756b83712a,439,2023-11-26 00:00:00,6,1104.0,48,132.48,110.4,cancelled,2024-05-09 00:00:00,2023-11-25 17:00:00,2023-11-25 17:00:00
d267bc8d-9258-4660-85f4-3e611265f916,167,2023-10-07 00:00:00,2,1014.0,82,121.68,0.0,confirmed,2023-12-30 00:00:00,2023-10-06 07:00:00,2023-10-06 07:00:00
bfa7f141-dd55-4c53-bf6e-6ef963365c58,61,2024-01-22 00:00:00,2,288.76,65,34.65,0.0,confirmed,2024-05-31 00:00:00,2024-01-21 21:00:00,2024-01-21 21:00:00
56c58ba8-f0e1-49f5-adbf-57bf885e51d3,334,2024-03-23 00:00:00,5,451.25,60,54.15,0.0,confirmed,2024-08-09 00:00:00,2024-03-22 18:00:00,2024-03-22 18:00:00
5ca31ffa-a912-4c90-b9a1-23055486be68,129,2023-06-12 00:00:00,13,911.56,106,109.39,91.16,cancelled,2023-11-24 00:00:00,2023-06-11 10:00:00,2023-06-11 10:00:00
c5439bb7-f01f-434d-b1de-9a91409c38b3,496,2024-01-08 00:00:00,8,2880.0,42,345.6,0.0,confirmed,2024-03-22 00:00:00,2024-01-07 06:00:00,2024-01-07 06:00:00
79f9f18e-8e90-4705-8700-f5ba97842a27,442,2024-06-17 00:00:00,12,3168.0,52,380.16,0.0,confirmed,2024-08-03 00:00:00,2024-06-16 15:00:00,2024-06-16 15:00:00
964e5ddc-aac9-44bc-9f0a-c028dd23e456,413,2024-08-17 00:00:00,13,988.0,92,118.56,0.0,confirmed,2024-12-02 00:00:00,2024-08-16 09:00:00,2024-08-16 09:00:00
140a20ee-eae8-46ed-a45a-b5992237ed1d,408,2023-12-27 00:00:00,1,170.5,130,20.46,17.05,cancelled,2024-06-05 00:00:00,2023-12-26 18:00:00,2023-12-26 18:00:00
7b30e04f-fb1c-4740-81fb-9af35451264e,267,2024-07-01 00:00:00,10,807.5,98,96.9,80.75,cancelled,2024-08-03 00:00:00,2024-06-30 13:00:00,2024-06-30 13:00:00
52251db8-f878-46c8-a76d-a7824902532a,213,2024-05-02 00:00:00,4,308.0,109,36.96,0.0,confirmed,2024-05-09 00:00:00,2024-05-01 07:00:00,2024-05-04 07:00:00
efe745c9-16d9-4605-919d-0059d95cff48,250,2023-12-12 00:00:00,10,2720.0,55,326.4,0.0,confirmed,2024-06-06 00:00:00,2023-12-11 14:00:00,2023-12-11 14:00:00
1bc46cc8-9707-40ec-9f12-64bddbe545fd,170,2023-06-20 00:00:00,10,1170.0,79,140.4,117.0,cancelled,2023-12-04 00:00:00,2023-06-19 09:00:00,2023-06-19 09:00:00
7965a583-1469-4023-92ef-fac01c5521d2,126,2023-10-06 00:00:00,13,1547.0,59,185.64,0.0,confirmed,2024-02-29 00:00:00,2023-10-05 22:00:00,2023-10-08 22:00:00
4f22b8e8-0e12-4a63-88da-e23f8157e99a,473,2023-06-04 00:00:00,2,570.0,107,68.4,57.0,cancelled,2023-08-18 00:00:00,2023-06-03 00:00:00,2023-06-03 00:00:00
5543dbe8-7834-406b-89ad-c1c29c3738f2,361,2023-08-25 00:00:00,14,808.5,77,97.02,80.85,cancelled,2023-12-18 00:00:00,2023-08-24 01:00:00,2023-08-27 01:00:00
ab9d4501-e495-47f2-8234-090dcd07bc5e,288,2023-08-31 00:00:00,13,1456.0,147,174.72,0.0,confirmed,2023-09-28 00:00:00,2023-08-30 05:00:00,2023-08-30 05:00:00
44da7ab6-c22a-489f-978f-ad927b7b8ba3,78,2024-01-19 00:00:00,5,522.5,71,62.7,0.0,confirmed,2024-03-14 00:00:00,2024-01-18 05:00:00,2024-01-18 05:00:00
30602d44-bd9d-448e-9932-2d6d86748635,1,2024-07-13 00:00:00,4,684.0,54,82.08,68.4,cancelled,2025-01-08 00:00:00,2024-07-12 08:00:00,2024-07-12 08:00:00
40d457a6-0463-4aeb-8a5b-98ef4f7027af,210,2023-11-04 00:00:00,10,1265.0,61,151.8,0.0,confirmed,2024-04-16 00:00:00,2023-11-03 09:00:00,2023-11-03 09:00:00
d6156cdd-8ab7-4482-9807-72a96fe1fad2,424,2023-03-14 00:00:00,1,170.5,130,20.46,0.0,confirmed,2023-06-08 00:00:00,2023-03-13 19:00:00,2023-03-13 19:00:00
410f87a1-ebe2-4af7-9d56-76023a48a361,458,2024-08-19 00:00:00,12,3036.0,93,364.32,0.0,confirmed,2024-12-25 00:00:00,2024-08-18 09:00:00,2024-08-18 09:00:00
3dbd0255-8dd3-4646-8a76-54d557c2edbc,181,2023-07-12 00:00:00,3,1092.0,135,131.04,0.0,confirmed,2023-12-13 00:00:00,2023-07-11 02:00:00,2023-07-11 02:00:00
a1b5b4b1-4371-4512-aad9-8589e978e2a9,60,2023-09-27 00:00:00,12,1584.0,119,190.08,158.4,cancelled,2024-03-02 00:00:00,2023-09-26 19:00:00,2023-09-26 19:00:00
78da470d-9ce7-40bb-83aa-05ee279217ab,377,2024-06-25 00:00:00,11,1905.75,83,228.69,0.0,confirmed,2024-10-15 00:00:00,2024-06-24 16:00:00,2024-06-24 16:00:00
ba369b97-512d-43b6-8de2-b769824ccc2d,64,2024-05-11 00:00:00,8,3968.0,116,476.16,0.0,confirmed,2024-05-27 00:00:00,2024-05-10 10:00:00,2024-05-10 10:00:00
72f25d54-2e8a-4736-b6f1-fea222045f9b,117,2023-10-30 00:00:00,12,1920.0,68,230.4,192.0,cancelled,2024-03-11 00:00:00,2023-10-29 13:00:00,2023-10-29 13:00:00
593b02d9-4610-40a0-b2d2-147a41a6107c,380,2024-05-02 00:00:00,8,4968.0,44,596.16,0.0,confirmed,2024-08-04 00:00:00,2024-05-01 10:00:00,2024-05-01 10:00:00
daa6d740-cdb3-411a-84f1-9244784c9289,261,2023-08-21 00:00:00,8,2080.0,150,249.6,0.0,confirmed,2023-12-23 00:00:00,2023-08-20 07:00:00,2023-08-20 07:00:00
9eb6c820-9845-462b-8f56-ac56d631fe33,254,2024-04-19 00:00:00,11,4950.0,113,594.0,495.0,cancelled,2024-07-02 00:00:00,2024-04-18 00:00:00,2024-04-18 00:00:00
21613c2c-dc50-49dc-a947-16c0e0c6e165,94,2023-11-27 00:00:00,7,1130.5,109,135.66,0.0,confirmed,2024-05-01 00:00:00,2023-11-26 10:00:00,2023-11-26 10:00:00
7a0f318b-0326-44b7-a623-d482626e2037,258,2023-07-18 00:00:00,13,4569.5,55,548.34,0.0,confirmed,2023-12-20 00:00:00,2023-07-17 07:00:00,2023-07-17 07:00:00
e07df634-02aa-4482-809b-40c3edc5ad87,98,2024-06-26 00:00:00,4,738.0,141,88.56,73.8,cancelled,2024-11-21 00:00:00,2024-06-25 20:00:00,2024-06-25 20:00:00
29d14e85-3046-4bc8-8f9e-ad030049aeca,450,2023-11-19 00:00:00,5,660.0,110,79.2,66.0,cancelled,2024-02-20 00:00:00,2023-11-18 14:00:00,2023-11-18 14:00:00
c749f13f-4106-4a4c-8485-4f6c16d9a6fb,473,2024-01-08 00:00:00,2,570.0,135,68.4,0.0,confirmed,2024-01-26 00:00:00,2024-01-07 18:00:00,2024-01-07 18:00:00
a2e0ea41-91be-4de2-a409-e199c9629f49,260,2024-01-07 00:00:00,14,1862.0,143,223.44,0.0,confirmed,2024-02-20 00:00:00,2024-01-06 00:00:00,2024-01-06 00:00:00
622a52d8-60a2-4b7b-99e3-99a7fbdc4ec3,332,2023-10-01 00:00:00,10,880.0,72,105.6,88.0,cancelled,2024-01-31 00:00:00,2023-09-30 18:00:00,2023-09-30 18:00:00
d9e9782f-66b7-4b5e-9265-914c867dca35,172,2023-11-26 00:00:00,11,1089.0,71,130.68,108.9,cancelled,2024-01-07 00:00:00,2023-11-25 23:00:00,2023-11-29 23:00:00
45a4b5a9-c6a3-49ff-9416-4a4e23ef9482,99,2023-08-28 00:00:00,5,701.25,73,84.15,0.0,confirmed,2024-02-15 00:00:00,2023-08-27 01:00:00,2023-08-27 01:00:00
5a7c9879-ebfb-4ab1-b8d8-b14f1a7a5171,443,2023-08-31 00:00:00,3,598.5,96,71.82,0.0,confirmed,2024-02-26 00:00:00,2023-08-30 20:00:00,2023-08-30 20:00:00
c31788c6-ccf3-4a7b-bc84-7d7d25d4933c,242,2024-06-23 00:00:00,7,1232.0,126,147.84,0.0,confirmed,2024-12-09 00:00:00,2024-06-22 22:00:00,2024-06-22 22:00:00
4b310cab-c0b6-4654-a58c-23783f665aee,2,2023-07-05 00:00:00,2,600.0,46,72.0,0.0,confirmed,2023-08-14 00:00:00,2023-07-04 16:00:00,2023-07-04 16:00:00
50a79a9b-872d-4f3c-86c9-17c20bdf6ee2,236,2023-05-29 00:00:00,13,7098.0,89,851.76,0.0,confirmed,2023-09-20 00:00:00,2023-05-28 21:00:00,2023-05-28 21:00:00
2936478a-3ce6-4d48-a740-a73097ab3be1,159,2023-04-25 00:00:00,5,800.0,83,96.0,80.0,cancelled,2023-09-24 00:00:00,2023-04-24 19:00:00,2023-04-24 19:00:00
5cb011a3-b132-46e2-8678-2c08ea194e1a,439,2023-12-03 00:00:00,10,1840.0,88,220.8,0.0,confirmed,2024-03-24 00:00:00,2023-12-02 10:00:00,2023-12-08 10:00:00
41ae081b-5590-461a-9dec-bb92e73a192f,75,2023-10-22 00:00:00,4,560.0,62,67.2,0.0,confirmed,2023-12-09 00:00:00,2023-10-21 19:00:00,2023-10-21 19:00:00
42df6543-68e1-4613-8c67-5eb2b5773884,288,2023-06-02 00:00:00,2,224.0,79,26.88,0.0,confirmed,2023-08-05 00:00:00,2023-06-01 15:00:00,2023-06-01 15:00:00
f5edd646-5c3d-4ac5-9ad6-dc6e55c0e148,109,2024-02-07 00:00:00,6,3780.0,45,453.6,378.0,cancelled,2024-05-28 00:00:00,2024-02-06 01:00:00,2024-02-06 01:00:00
72cf03cf-f499-4a8d-b927-5772f165c316,270,2024-03-27 00:00:00,7,2170.0,47,260.4,0.0,confirmed,2024-06-05 00:00:00,2024-03-26 18:00:00,2024-03-26 18:00:00
0fd7828d-a806-454e-b99e-9717837ee64c,297,2023-11-16 00:00:00,1,192.5,98,23.1,0.0,confirmed,2023-12-30 00:00:00,2023-11-15 18:00:00,2023-11-17 18:00:00
0c495d7f-d3ad-460e-92c4-bc3ec1644dd9,70,2023-10-28 00:00:00,11,2816.0,143,337.92,281.6,cancelled,2024-04-22 00:00:00,2023-10-27 07:00:00,2023-10-27 07:00:00
85b981b7-c5a9-4067-b443-7ed3a4756b6a,28,2024-03-21 00:00:00,11,2464.0,68,295.68,0.0,confirmed,2024-04-25 00:00:00,2024-03-20 04:00:00,2024-03-20 04:00:00
3c4c1a63-413d-4a44-acd6-3b31766844cb,353,2024-08-20 00:00:00,3,280.5,142,33.66,0.0,confirmed,2024-09-30 00:00:00,2024-08-19 23:00:00,2024-08-19 23:00:00
279874d2-3418-45e3-b945-cb88985d34f1,18,2024-04-26 00:00:00,10,3410.0,84,409.2,341.0,cancelled,2024-06-27 00:00:00,2024-04-25 04:00:00,2024-04-25 04:00:00
28f41f76-7ba4-48e8-a2bb-3ee91ff7b56b,111,2023-09-01 00:00:00,4,2112.0,144,253.44,0.0,confirmed,2024-02-27 00:00:00,2023-08-31 07:00:00,2023-08-31 07:00:00
f11901bd-083d-49ea-980f-3c18a0cce12f,499,2023-04-24 00:00:00,9,792.0,40,95.04,79.2,cancelled,2023-06-26 00:00:00,2023-04-23 08:00:00,2023-04-23 08:00:00
3518a724-7c51-47d7-aba2-4284da081d4e,431,2023-09-19 00:00:00,12,858.0,76,102.96,0.0,confirmed,2023-11-17 00:00:00,2023-09-18 17:00:00,2023-09-18 17:00:00
bfe54325-db25-4c37-b5ad-84be5187161e,38,2023-06-17 00:00:00,10,3300.0,91,396.0,0.0,confirmed,2023-11-26 00:00:00,2023-06-16 19:00:00,2023-06-16 19:00:00
7f8ef81f-a8cc-4de3-9f96-6252fd79c79b,259,2024-04-28 00:00:00,6,1134.0,67,136.08,113.4,cancelled,2024-07-13 00:00:00,2024-04-27 11:00:00,2024-04-27 11:00:00
beec2dcc-83a3-46f1-ac4f-628801fe0e61,82,2023-12-25 00:00:00,14,8288.0,132,994.56,0.0,confirmed,2024-01-11 00:00:00,2023-12-24 17:00:00,2023-12-24 17:00:00
b223b355-6aaf-48ce-babf-f72c6ff35750,416,2024-08-05 00:00:00,6,462.0,143,55.44,0.0,confirmed,2024-10-27 00:00:00,2024-08-04 05:00:00,2024-08-04 05:00:00
2cefefb0-a059-450a-b983-9057c6cdcad9,12,2024-07-09 00:00:00,8,1216.0,120,145.92,121.6,cancelled,2024-10-12 00:00:00,2024-07-08 14:00:00,2024-07-08 14:00:00
e9217f2d-9cf6-4fb2-84c8-45595d6cb10c,201,2023-10-13 00:00:00,10,2240.0,49,268.8,0.0,confirmed,2023-12-01 00:00:00,2023-10-12 02:00:00,2023-10-12 02:00:00
f43abd65-87d8-426e-b24b-781727be22db,164,2024-01-02 00:00:00,12,1020.0,65,122.4,102.0,cancelled,2024-05-20 00:00:00,2024-01-01 20:00:00,2024-01-01 20:00:00
b947e641-44a8-4ed5-9664-a500d59b2876,407,2023-01-13 00:00:00,7,770.0,58,92.4,0.0,confirmed,2023-04-06 00:00:00,2023-01-12 04:00:00,2023-01-12 04:00:00
dc9ac985-3536-45cc-ac4e-65368558619e,430,2023-12-29 00:00:00,11,2024.0,51,242.88,0.0,confirmed,2024-02-06 00:00:00,2023-12-28 21:00:00,2023-12-28 21:00:00
cd5c5452-98d6-4866-920a-82ea404044e2,177,2024-02-11 00:00:00,6,2484.0,64,298.08,0.0,confirmed,2024-06-18 00:00:00,2024-02-10 18:00:00,2024-02-10 18:00:00
8df6efd7-ab79-48c7-a561-f36bece5d77b,36,2024-07-17 00:00:00,5,1360.0,122,163.2,0.0,confirmed,2024-08-06 00:00:00,2024-07-16 12:00:00,2024-07-16 12:00:00
04e07930-1041-4746-a316-ccc899370cb0,441,2023-06-28 00:00:00,4,740.0,102,88.8,0.0,confirmed,2023-12-10 00:00:00,2023-06-27 02:00:00,2023-06-27 02:00:00
8143cabf-5172-4ca5-946e-0e8c92578cba,452,2023-07-12 00:00:00,5,288.75,74,34.65,0.0,confirmed,2023-09-14 00:00:00,2023-07-11 03:00:00,2023-07-11 03:00:00
145628e4-12d9-4dd6-96b1-85f4149cd746,300,2024-06-21 00:00:00,2,304.0,72,36.48,0.0,confirmed,2024-09-07 00:00:00,2024-06-20 16:00:00,2024-06-20 16:00:00
8043ee65-d0ac-407f-b433-7dd859659dc7,335,2023-11-23 00:00:00,11,1776.5,98,213.18,177.65,cancelled,2024-05-16 00:00:00,2023-11-22 09:00:00,2023-11-22 09:00:00
c5eae3d9-b359-4349-a390-3d7f758d9ff1,16,2023-12-15 00:00:00,3,1026.0,59,123.12,102.6,cancelled,2024-04-25 00:00:00,2023-12-14 12:00:00,2023-12-14 12:00:00
b6a4e1e2-9e31-4373-8dd1-1af7010d1bf9,263,2023-04-19 00:00:00,2,308.0,140,36.96,0.0,confirmed,2023-07-31 00:00:00,2023-04-18 08:00:00,2023-04-18 08:00:00
8a9ef6de-6a66-4812-abcf-bdff6cd87c53,188,2024-05-21 00:00:00,4,1288.0,117,154.56,128.8,cancelled,2024-07-26 00:00:00,2024-05-20 01:00:00,2024-05-20 01:00:00
a5aa6567-6321-49f2-b8ae-0a4bfcafbea6,76,2024-04-21 00:00:00,10,1190.0,131,142.8,0.0,confirmed,2024-08-20 00:00:00,2024-04-20 00:00:00,2024-04-20 00:00:00
0194a264-c14b-4c9c-874b-af637fbaba68,459,2024-03-08 00:00:00,10,2720.0,123,326.4,0.0,confirmed,2024-06-08 00:00:00,2024-03-07 23:00:00,2024-03-07 23:00:00
267ca859-49b9-4935-86a3-5212c73aeb49,218,2023-09-06 00:00:00,5,878.75,51,105.45,0.0,confirmed,2023-09-15 00:00:00,2023-09-05 05:00:00,2023-09-05 05:00:00
469c1f7d-7a51-4f88-a327-e1b7b2e7034f,339,2023-08-10 00:00:00,8,784.0,106,94.08,78.4,cancelled,2023-10-23 00:00:00,2023-08-09 02:00:00,2023-08-09 02:00:00
5551c771-ea72-4f20-83c7-22e35f68a69a,473,2023-06-20 00:00:00,8,2280.0,102,273.6,228.0,cancelled,2023-11-02 00:00:00,2023-06-19 17:00:00,2023-06-19 17:00:00
5a2cc68b-7416-4b96-9098-8286b81a5b0d,394,2023-12-27 00:00:00,6,346.5,149,41.58,0.0,confirmed,2024-04-13 00:00:00,2023-12-26 22:00:00,2024-01-05 22:00:00
c3db5e69-76c0-4954-ad20-1b61a53076fa,145,2023-08-28 00:00:00,2,187.0,137,22.44,18.7,cancelled,2023-11-26 00:00:00,2023-08-27 18:00:00,2023-08-27 18:00:00
d5cf9393-13c4-4965-977a-2f1faa94f466,165,2023-12-03 00:00:00,6,1344.0,47,161.28,0.0,confirmed,2024-01-12 00:00:00,2023-12-02 17:00:00,2023-12-02 17:00:00
c36508f8-0e6a-4d1f-a281-78af2505f724,323,2023-08-09 00:00:00,14,2310.0,118,277.2,231.0,cancelled,2023-12-01 00:00:00,2023-08-08 08:00:00,2023-08-08 08:00:00
2b9192fe-423c-4b0c-b8d2-b8d353ff1201,469,2023-12-11 00:00:00,3,313.5,120,37.62,0.0,confirmed,2024-01-09 00:00:00,2023-12-10 17:00:00,2023-12-10 17:00:00
7a591f07-84c4-4e4c-85a7-50b8b054e5d5,416,2024-03-12 00:00:00,4,308.0,114,36.96,0.0,confirmed,2024-06-18 00:00:00,2024-03-11 13:00:00,2024-03-11 13:00:00
2c91bab5-67e1-4bfc-8e01-405456ab2cfe,45,2023-05-21 00:00:00,6,528.0,113,63.36,0.0,confirmed,2023-06-28 00:00:00,2023-05-20 04:00:00,2023-05-20 04:00:00
ff10e8b6-3fd1-4e91-8cf0-c38dd2f0cf2f,373,2023-09-06 00:00:00,12,2352.0,65,282.24,235.2,cancelled,2024-01-22 00:00:00,2023-09-05 15:00:00,2023-09-05 15:00:00
f23ab8ea-8bf3-447c-86c4-fac59e270a08,488,2023-12-28 00:00:00,2,496.0,65,59.52,49.6,cancelled,2024-03-20 00:00:00,2023-12-27 10:00:00,2023-12-27 10:00:00
aa004f7f-726f-43d1-ba3b-a85080c084fb,68,2024-05-03 00:00:00,4,528.0,133,63.36,0.0,confirmed,2024-06-29 00:00:00,2024-05-02 09:00:00,2024-05-02 09:00:00
7ecf60f3-4333-4980-8a46-25cba2eb0e89,322,2023-12-22 00:00:00,2,140.24,86,16.83,0.0,confirmed,2024-03-17 00:00:00,2023-12-21 23:00:00,2023-12-21 23:00:00
b4c2779d-7d07-4eb4-806c-196f991aef11,213,2024-05-31 00:00:00,3,231.0,138,27.72,0.0,confirmed,2024-06-03 00:00:00,2024-05-30 13:00:00,2024-05-30 13:00:00
0fe8529e-18b4-4e8d-856a-5379ba99c4e1,431,2023-12-30 00:00:00,13,929.5,75,111.54,0.0,confirmed,2024-02-27 00:00:00,2023-12-29 16:00:00,2023-12-29 16:00:00
fa554232-6a2a-450d-a3be-3b130a841e9c,219,2023-07-16 00:00:00,14,1596.0,87,191.52,0.0,confirmed,2023-11-01 00:00:00,2023-07-15 21:00:00,2023-07-15 21:00:00
a91d3988-535c-4e66-8231-1ec4095e8b11,331,2023-12-06 00:00:00,4,340.0,111,40.8,34.0,cancelled,2024-04-08 00:00:00,2023-12-05 13:00:00,2023-12-05 13:00:00
a6e33c59-1fed-4d4c-a6a4-2413662acc27,7,2024-04-21 00:00:00,14,4620.0,147,554.4,0.0,confirmed,2024-10-07 00:00:00,2024-04-20 07:00:00,2024-04-20 07:00:00
d40927ce-51cc-49e3-aea0-07712c62ea2c,9,2023-04-20 00:00:00,2,154.0,139,18.48,15.4,cancelled,2023-10-02 00:00:00,2023-04-19 04:00:00,2023-04-19 04:00:00
aba78c7d-6f02-419c-9038-e763f319d73d,65,2023-11-23 00:00:00,8,1144.0,113,137.28,0.0,confirmed,2024-03-17 00:00:00,2023-11-22 18:00:00,2023-11-22 18:00:00
d5dc3434-642d-4338-8d60-6bb08935de6a,9,2023-06-11 00:00:00,1,77.0,150,9.24,7.7,cancelled,2023-09-27 00:00:00,2023-06-10 15:00:00,2023-06-10 15:00:00
c99b7dce-9f3b-4b7d-b732-bbcb8a02b30b,259,2023-11-11 00:00:00,4,756.0,112,90.72,0.0,confirmed,2023-12-19 00:00:00,2023-11-10 22:00:00,2023-11-10 22:00:00
5760c6cd-1007-4ebb-b71b-8d1ddc427f52,214,2023-09-01 00:00:00,10,3300.0,42,396.0,0.0,confirmed,2023-11-20 00:00:00,2023-08-31 08:00:00,2023-09-07 08:00:00
d662c8c9-4bf8-4783-a880-89817a2cc746,339,2024-02-13 00:00:00,13,1274.0,121,152.88,127.4,cancelled,2024-05-16 00:00:00,2024-02-12 13:00:00,2024-02-12 13:00:00
c5475181-3531-4bda-ae78-a45fcf105e2b,22,2024-08-16 00:00:00,13,802.75,71,96.33,0.0,confirmed,2024-09-04 00:00:00,2024-08-15 01:00:00,2024-08-15 01:00:00
a18c94c0-2763-44ca-85d4-ddcad8ace2bb,79,2023-11-15 00:00:00,11,1588.18,150,190.58,158.82,cancelled,2024-02-22 00:00:00,2023-11-14 04:00:00,2023-11-14 04:00:00
330d0473-7929-4bef-9a1c-3f3b49b1248e,55,2024-01-06 00:00:00,11,1705.0,54,204.6,0.0,confirmed,2024-03-10 00:00:00,2024-01-05 04:00:00,2024-01-05 04:00:00
8de76850-2865-4a08-a421-ba80524144bf,330,2024-04-28 00:00:00,13,5642.0,133,677.04,0.0,confirmed,2024-09-26 00:00:00,2024-04-27 22:00:00,2024-04-27 22:00:00
fb5620dd-8791-4873-99b2-5574f49f49ac,295,2023-11-11 00:00:00,3,210.0,66,25.2,0.0,confirmed,2024-03-30 00:00:00,2023-11-10 14:00:00,2023-11-10 14:00:00
27db43b1-0f4f-4c8a-8c9e-50ad1295e1bb,107,2024-01-10 00:00:00,2,198.0,113,23.76,0.0,confirmed,2024-01-15 00:00:00,2024-01-09 19:00:00,2024-01-09 19:00:00
1815aa27-659f-484e-b151-0630567e6743,101,2024-06-14 00:00:00,2,140.24,117,16.83,14.02,cancelled,2024-10-28 00:00:00,2024-06-13 17:00:00,2024-06-13 17:00:00
8c42e37f-f4dd-4456-8a24-a4e0a6746ad1,339,2023-09-03 00:00:00,14,1372.0,117,164.64,137.2,cancelled,2023-11-04 00:00:00,2023-09-02 00:00:00,2023-09-02 00:00:00
0cf816ea-a303-45ed-baf6-8708114d34cd,68,2024-04-12 00:00:00,10,1320.0,87,158.4,132.0,cancelled,2024-07-29 00:00:00,2024-04-11 07:00:00,2024-04-11 07:00:00
66a63e01-f808-4130-b9da-8612c2a27625,115,2024-07-09 00:00:00,14,5880.0,84,705.6,0.0,confirmed,2024-09-02 00:00:00,2024-07-08 07:00:00,2024-07-08 07:00:00
e4c65d80-e79d-4695-bde4-928ceb23120f,127,2023-12-04 00:00:00,10,700.0,62,84.0,0.0,confirmed,2024-03-02 00:00:00,2023-12-03 17:00:00,2023-12-03 17:00:00
0bf6a2fb-8491-481d-b836-54b63c51a789,181,2023-11-07 00:00:00,10,3640.0,75,436.8,0.0,confirmed,2024-01-15 00:00:00,2023-11-06 00:00:00,2023-11-10 00:00:00
8c76365e-5b4f-4033-b078-bc1e890fa0af,192,2023-06-22 00:00:00,14,2156.0,85,258.72,215.6,cancelled,2023-10-30 00:00:00,2023-06-21 07:00:00,2023-06-21 07:00:00
ad1dd18b-d211-4a1c-a229-1923c72f6f8a,104,2023-08-11 00:00:00,13,1183.0,133,141.96,0.0,confirmed,2023-10-06 00:00:00,2023-08-10 03:00:00,2023-08-10 03:00:00
053fb62d-a912-43c8-a824-44016edec70b,256,2023-12-14 00:00:00,1,53.62,78,6.43,0.0,confirmed,2023-12-18 00:00:00,2023-12-13 04:00:00,2023-12-14 04:00:00
2f7e60e0-603c-45a2-a82a-e4d0b9220ac9,212,2023-09-06 00:00:00,8,428.96,75,51.48,42.9,cancelled,2024-02-20 00:00:00,2023-09-05 11:00:00,2023-09-05 11:00:00
f06e967a-d100-472a-8821-8eb4dd4e7b11,29,2023-08-08 00:00:00,13,3120.0,73,374.4,0.0,confirmed,2023-12-08 00:00:00,2023-08-07 09:00:00,2023-08-07 09:00:00
d3c81fde-4191-4d45-b8fa-b0754c1c5b01,316,2023-12-24 00:00:00,7,2100.0,45,252.0,0.0,confirmed,2024-05-02 00:00:00,2023-12-23 19:00:00,2023-12-23 19:00:00
45842baa-65bb-4c9b-9b78-b29d153ec6ee,470,2024-07-22 00:00:00,3,759.0,50,91.08,0.0,confirmed,2024-11-02 00:00:00,2024-07-21 05:00:00,2024-07-21 05:00:00
6a96fa53-7f24-4d96-a693-4e43a083f687,73,2023-08-16 00:00:00,1,189.75,147,22.77,0.0,confirmed,2023-09-24 00:00:00,2023-08-15 19:00:00,2023-08-22 19:00:00
78170b7a-bbcc-49c9-a0d6-44177cc5a586,319,2024-04-11 00:00:00,8,1088.96,85,130.68,108.9,cancelled,2024-07-06 00:00:00,2024-04-10 03:00:00,2024-04-10 03:00:00
8c4078f7-a4f9-47d9-a4f3-98fe48483504,26,2023-11-02 00:00:00,5,1200.0,42,144.0,0.0,confirmed,2024-04-08 00:00:00,2023-11-01 23:00:00,2023-11-03 23:00:00
9f0d3551-cf95-41b7-9a83-5ebf6a2209b7,276,2023-07-20 00:00:00,1,142.5,62,17.1,14.25,cancelled,2023-12-01 00:00:00,2023-07-19 07:00:00,2023-07-19 07:00:00
ca694dd9-ac37-4e8f-b8ee-810464df9ace,347,2024-02-27 00:00:00,3,1584.0,91,190.08,158.4,cancelled,2024-05-30 00:00:00,2024-02-26 20:00:00,2024-02-26 20:00:00
dae66eac-346c-4cdc-8291-733f55c3b9c4,282,2023-09-21 00:00:00,10,3680.0,90,441.6,0.0,confirmed,2023-10-13 00:00:00,2023-09-20 04:00:00,2023-09-20 04:00:00
ce31b4d6-95b1-4657-b60e-bb630986f13b,45,2023-07-26 00:00:00,5,440.0,62,52.8,44.0,cancelled,2023-11-13 00:00:00,2023-07-25 06:00:00,2023-07-25 06:00:00
c94a696a-7c77-43b1-8330-c7f3df7c5c6e,494,2023-09-14 00:00:00,4,1216.0,78,145.92,0.0,confirmed,2023-11-01 00:00:00,2023-09-13 18:00:00,2023-09-13 18:00:00
355de4a8-c647-4251-badb-b30d4174e1fc,362,2023-08-07 00:00:00,7,1193.5,119,143.22,119.35,cancelled,2023-10-31 00:00:00,2023-08-06 06:00:00,2023-08-06 06:00:00
810c5265-fce4-41fe-a8d3-75cd650ddfaf,272,2024-01-26 00:00:00,14,7203.0,116,864.36,0.0,confirmed,2024-04-19 00:00:00,2024-01-25 22:00:00,2024-01-25 22:00:00
28c0ed4b-78d6-451c-93a4-8dab40ea1654,273,2023-08-29 00:00:00,13,1170.0,93,140.4,0.0,confirmed,2023-10-04 00:00:00,2023-08-28 03:00:00,2023-08-31 03:00:00
2dd7f2b3-4cf3-417f-9beb-33fc0bdef72a,487,2023-06-03 00:00:00,3,222.75,133,26.73,0.0,confirmed,2023-08-12 00:00:00,2023-06-02 09:00:00,2023-06-02 09:00:00
3f2942c8-de7c-4539-b97b-e45d863077a4,378,2023-05-08 00:00:00,11,2464.0,56,295.68,0.0,confirmed,2023-09-15 00:00:00,2023-05-07 06:00:00,2023-05-07 06:00:00
d7b6b04c-e399-4ebb-ba07-6217c62964e5,211,2023-11-19 00:00:00,3,600.0,91,72.0,0.0,confirmed,2024-04-08 00:00:00,2023-11-18 17:00:00,2023-11-18 17:00:00
b6b0a8dd-9f10-4844-a562-d9550d733dfd,87,2024-09-18 00:00:00,1,468.0,40,56.16,0.0,confirmed,2024-10-16 00:00:00,2024-09-17 04:00:00,2024-09-20 04:00:00
c734122e-dea2-4609-bf21-ab6ee73de71a,410,2023-12-18 00:00:00,9,1197.0,42,143.64,0.0,confirmed,2024-02-13 00:00:00,2023-12-17 12:00:00,2023-12-17 12:00:00
c3fbfbde-8081-4513-bc7e-067aa2ed5dd3,343,2023-09-26 00:00:00,10,2080.0,40,249.6,0.0,confirmed,2023-10-20 00:00:00,2023-09-25 21:00:00,2023-09-25 21:00:00
3858f06f-fcf7-4181-ae62-cb5a3631a9df,312,2023-12-28 00:00:00,11,2268.75,92,272.25,0.0,confirmed,2024-05-30 00:00:00,2023-12-27 09:00:00,2024-01-03 09:00:00
92ea2ac9-a408-4443-8e17-5a7589e9d4f0,217,2023-08-17 00:00:00,9,2223.0,83,266.76,0.0,confirmed,2023-09-08 00:00:00,2023-08-16 22:00:00,2023-08-21 22:00:00
42c7e7e0-08d2-4fff-9c04-3691bf8079dc,72,2023-11-11 00:00:00,12,3240.0,131,388.8,0.0,confirmed,2024-01-12 00:00:00,2023-11-10 05:00:00,2023-11-10 05:00:00
597e0f6c-93a6-4c8f-9cfb-6ccc75f6f7e2,439,2024-01-23 00:00:00,12,2208.0,142,264.96,0.0,confirmed,2024-03-27 00:00:00,2024-01-22 01:00:00,2024-01-22 01:00:00
0ed51f82-77ca-45fe-870d-5e859e996b2f,384,2023-11-26 00:00:00,8,1240.0,91,148.8,124.0,cancelled,2024-03-28 00:00:00,2023-11-25 14:00:00,2023-11-28 14:00:00
44a03e61-d22b-42a3-8e66-fefba9b83b26,232,2023-10-09 00:00:00,4,448.0,120,53.76,0.0,confirmed,2023-12-01 00:00:00,2023-10-08 21:00:00,2023-10-08 21:00:00
d83ab605-e3a6-4b84-9d5f-4cc90e982110,106,2023-06-30 00:00:00,12,891.0,123,106.92,0.0,confirmed,2023-09-27 00:00:00,2023-06-29 22:00:00,2023-07-06 22:00:00
6296253d-1dc6-4425-b622-8d77d0192123,68,2024-01-20 00:00:00,12,1584.0,143,190.08,0.0,confirmed,2024-06-22 00:00:00,2024-01-19 06:00:00,2024-01-26 06:00:00
3f058a47-5767-4b4c-87a4-91f25668e047,361,2024-05-13 00:00:00,14,808.5,107,97.02,0.0,confirmed,2024-07-08 00:00:00,2024-05-12 13:00:00,2024-05-12 13:00:00
df1f7e1d-05c3-412b-80b3-4f4feb5b61cc,113,2023-03-25 00:00:00,3,483.0,53,57.96,0.0,confirmed,2023-05-11 00:00:00,2023-03-24 02:00:00,2023-03-24 02:00:00
a6c09258-1fc5-4409-8282-05c935b40fc1,307,2023-12-20 00:00:00,1,196.0,42,23.52,0.0,confirmed,2024-01-22 00:00:00,2023-12-19 18:00:00,2023-12-19 18:00:00
3c05aff9-bf77-4b58-a895-c6a3b12dd007,2,2024-01-10 00:00:00,5,1500.0,106,180.0,0.0,confirmed,2024-03-06 00:00:00,2024-01-09 01:00:00,2024-01-18 01:00:00
a24ba3a4-3a65-4d28-88ac-fa05c790de46,411,2024-04-06 00:00:00,4,418.0,69,50.16,41.8,cancelled,2024-07-12 00:00:00,2024-04-05 19:00:00,2024-04-05 19:00:00
e8791f69-4ecf-4b6c-9337-306695eeed2c,416,2024-08-31 00:00:00,6,462.0,81,55.44,46.2,cancelled,2025-01-12 00:00:00,2024-08-30 02:00:00,2024-09-03 02:00:00
5e0d1066-75aa-4da4-9872-167830702b00,327,2023-09-26 00:00:00,6,3348.0,46,401.76,334.8,cancelled,2023-11-02 00:00:00,2023-09-25 07:00:00,2023-10-03 07:00:00
a8a500b0-0932-463d-80c5-39bfc7792ca9,266,2023-10-03 00:00:00,9,1147.5,59,137.7,114.75,cancelled,2024-01-22 00:00:00,2023-10-02 07:00:00,2023-10-02 07:00:00
333d3b13-e1c1-46b8-9c52-4432e8575706,296,2023-11-02 00:00:00,1,71.5,121,8.58,0.0,confirmed,2024-04-28 00:00:00,2023-11-01 13:00:00,2023-11-01 13:00:00
8e482e05-1b73-418b-8c7c-18fab489a764,252,2023-08-26 00:00:00,3,984.0,121,118.08,98.4,cancelled,2023-12-11 00:00:00,2023-08-25 08:00:00,2023-08-25 08:00:00
ea98b4b6-8f01-4799-8c46-7494438815c2,272,2023-05-04 00:00:00,6,3087.0,101,370.44,0.0,confirmed,2023-07-02 00:00:00,2023-05-03 06:00:00,2023-05-03 06:00:00
42db594a-393d-4d1c-a86b-d4036fc07426,423,2023-09-27 00:00:00,5,1050.0,91,126.0,0.0,confirmed,2023-11-06 00:00:00,2023-09-26 13:00:00,2023-09-26 13:00:00
0935ee14-3190-4caf-8b9f-b35302a2becb,443,2023-06-22 00:00:00,5,997.5,83,119.7,0.0,confirmed,2023-09-11 00:00:00,2023-06-21 05:00:00,2023-06-21 05:00:00
0cdc198f-c375-4fce-83bc-e14ea1fd40db,440,2024-06-17 00:00:00,12,2520.0,115,302.4,252.0,cancelled,2024-09-23 00:00:00,2024-06-16 04:00:00,2024-06-16 04:00:00
1c82083b-00e1-465c-a943-67219893b259,292,2023-10-01 00:00:00,10,6300.0,104,756.0,0.0,confirmed,2024-01-23 00:00:00,2023-09-30 10:00:00,2023-09-30 10:00:00
e0762d96-2503-4c32-b651-eecca8acc902,229,2023-08-13 00:00:00,8,1628.0,141,195.36,162.8,cancelled,2023-10-14 00:00:00,2023-08-12 12:00:00,2023-08-12 12:00:00
e76a0715-b0eb-4558-9e0c-ab229059ef15,342,2023-10-23 00:00:00,5,450.0,83,54.0,45.0,cancelled,2024-03-09 00:00:00,2023-10-22 10:00:00,2023-10-22 10:00:00
d9a7cf81-f2f6-4c55-93e6-63d416179f72,71,2024-01-15 00:00:00,12,1020.0,94,122.4,0.0,confirmed,2024-01-22 00:00:00,2024-01-14 20:00:00,2024-01-14 20:00:00
f0f0d195-04df-4d44-a9e9-e25679277452,436,2024-02-06 00:00:00,7,945.0,54,113.4,0.0,confirmed,2024-05-26 00:00:00,2024-02-05 08:00:00,2024-02-06 08:00:00
c1e6f4b7-4da8-49a8-b640-ddc77a1980a2,202,2023-07-10 00:00:00,8,4032.0,59,483.84,0.0,confirmed,2023-08-15 00:00:00,2023-07-09 07:00:00,2023-07-09 07:00:00
b638f1ad-ae65-4d60-8775-edc1ab9ca9c7,333,2024-08-06 00:00:00,9,2898.0,147,347.76,0.0,confirmed,2024-09-15 00:00:00,2024-08-05 00:00:00,2024-08-05 00:00:00
b0df1f14-f60d-4d97-9a3b-4de5a2c45642,62,2023-11-14 00:00:00,5,560.0,46,67.2,0.0,confirmed,2024-04-13 00:00:00,2023-11-13 12:00:00,2023-11-13 12:00:00
046f5a63-b4a7-4b3f-9b68-562dc51b1bf2,178,2024-03-14 00:00:00,13,2707.25,111,324.87,270.73,cancelled,2024-08-31 00:00:00,2024-03-13 16:00:00,2024-03-13 16:00:00
8c0fe5ab-0f45-4399-bb9d-06d60a6b8a4b,342,2024-04-10 00:00:00,8,720.0,101,86.4,72.0,cancelled,2024-08-07 00:00:00,2024-04-09 05:00:00,2024-04-09 05:00:00
e2d7bd43-52d6-4c05-87d6-78ea4ae267aa,409,2023-11-11 00:00:00,12,1767.0,115,212.04,0.0,confirmed,2023-11-17 00:00:00,2023-11-10 19:00:00,2023-11-10 19:00:00
438e48eb-5d90-4c39-8c6e-388c9ce793c5,350,2024-04-27 00:00:00,4,896.0,78,107.52,0.0,confirmed,2024-10-15 00:00:00,2024-04-26 14:00:00,2024-04-26 14:00:00
484686c6-27a6-4afb-b2b0-43e7d4cb1337,418,2024-01-05 00:00:00,5,1500.0,62,180.0,0.0,confirmed,2024-04-02 00:00:00,2024-01-04 05:00:00,2024-01-04 05:00:00
38d0fbb3-d577-40a7-a2f7-79d3bf767719,48,2023-07-26 00:00:00,8,792.0,44,95.04,79.2,cancelled,2023-10-11 00:00:00,2023-07-25 10:00:00,2023-07-25 10:00:00
8e9f80d1-2b64-4296-9af9-1480ce36e7b3,331,2024-03-08 00:00:00,9,765.0,53,91.8,76.5,cancelled,2024-08-14 00:00:00,2024-03-07 16:00:00,2024-03-13 16:00:00
689d5db2-7d8e-4714-a145-c6a6ffd66112,334,2023-10-30 00:00:00,14,1263.5,80,151.62,0.0,confirmed,2023-12-27 00:00:00,2023-10-29 05:00:00,2023-10-29 05:00:00
4d1466cd-01db-4af0-9d5c-f90ffa2dc639,170,2023-08-17 00:00:00,10,1170.0,71,140.4,117.0,cancelled,2023-12-23 00:00:00,2023-08-16 10:00:00,2023-08-16 10:00:00
e96f1896-d811-4fef-a4dc-51bd2d45dae9,400,2024-08-16 00:00:00,5,673.75,71,80.85,0.0,confirmed,2024-09-15 00:00:00,2024-08-15 21:00:00,2024-08-15 21:00:00
f8d04bf9-5d9b-4196-80f4-b025801887f0,33,2023-04-01 00:00:00,9,2142.0,65,257.04,214.2,cancelled,2023-09-14 00:00:00,2023-03-31 02:00:00,2023-03-31 02:00:00
c152e1c4-ad33-4b19-a01d-50d88d5d9c6a,466,2023-12-12 00:00:00,11,1771.0,107,212.52,177.1,cancelled,2024-03-09 00:00:00,2023-12-11 22:00:00,2023-12-14 22:00:00
b17d1f2d-f8e4-4a7f-973d-940f73e7483c,335,2023-08-09 00:00:00,9,1453.5,93,174.42,0.0,confirmed,2023-12-29 00:00:00,2023-08-08 15:00:00,2023-08-08 15:00:00
84aa63f4-0710-405e-b32b-fdc09b40dd8c,13,2023-06-09 00:00:00,9,2016.0,120,241.92,0.0,confirmed,2023-11-17 00:00:00,2023-06-08 04:00:00,2023-06-08 04:00:00
7d5c9c95-5dee-427f-ad70-64c12ee6a475,110,2023-12-16 00:00:00,11,2090.0,83,250.8,0.0,confirmed,2024-02-01 00:00:00,2023-12-15 00:00:00,2023-12-15 00:00:00
56c0392e-f9d1-4f58-8c83-57f12d537da8,400,2024-07-02 00:00:00,3,404.25,120,48.51,0.0,confirmed,2024-10-27 00:00:00,2024-07-01 19:00:00,2024-07-01 19:00:00
2eb49769-8226-45b1-97d4-e159b426a2d2,230,2023-11-24 00:00:00,9,5796.0,40,695.52,579.6,cancelled,2024-03-16 00:00:00,2023-11-23 13:00:00,2023-11-23 13:00:00
a9e0bfd5-00c4-4c6c-914f-e4d48b78cea5,114,2023-11-13 00:00:00,5,825.0,140,99.0,82.5,cancelled,2024-04-13 00:00:00,2023-11-12 05:00:00,2023-11-12 05:00:00
29daa64a-0e07-477a-ba8e-4cfbba66ee50,389,2023-12-02 00:00:00,14,2425.5,59,291.06,0.0,confirmed,2024-01-17 00:00:00,2023-12-01 20:00:00,2023-12-01 20:00:00
dc9dac29-a5d3-4ce4-87fa-d3e6ada7f47d,304,2024-05-07 00:00:00,13,1430.0,84,171.6,143.0,cancelled,2024-09-30 00:00:00,2024-05-06 02:00:00,2024-05-06 02:00:00
0cf6254a-c7f5-44bb-af6c-a067426fbd1c,162,2024-07-05 00:00:00,7,787.5,93,94.5,0.0,confirmed,2024-10-18 00:00:00,2024-07-04 09:00:00,2024-07-05 09:00:00
3d5fae4a-7428-4ac5-bbb1-be6f7a72cfd9,459,2024-01-15 00:00:00,5,1360.0,90,163.2,136.0,cancelled,2024-04-10 00:00:00,2024-01-14 23:00:00,2024-01-14 23:00:00
c213cc11-b0f0-4e6b-a4eb-9edd11555147,488,2023-08-26 00:00:00,10,2480.0,109,297.6,248.0,cancelled,2024-01-08 00:00:00,2023-08-25 11:00:00,2023-08-25 11:00:00
d53421bc-e740-4762-a222-8d3d65ee9c6d,472,2024-04-18 00:00:00,12,8832.0,96,1059.84,0.0,confirmed,2024-08-05 00:00:00,2024-04-17 08:00:00,2024-04-17 08:00:00
f0f42297-54aa-453b-9fad-b15d57245dc4,115,2024-07-13 00:00:00,4,1680.0,114,201.6,168.0,cancelled,2024-08-01 00:00:00,2024-07-12 01:00:00,2024-07-12 01:00:00
06c6f962-2c4c-4d2c-8e04-27481b4f02b7,229,2023-10-08 00:00:00,2,407.0,63,48.84,0.0,confirmed,2024-01-11 00:00:00,2023-10-07 05:00:00,2023-10-07 05:00:00
dcf5410c-a35a-4b48-95f8-ced9d01d4361,289,2023-04-23 00:00:00,13,3968.25,91,476.19,0.0,confirmed,2023-09-21 00:00:00,2023-04-22 13:00:00,2023-04-22 13:00:00
974d3651-34f4-4307-9f3a-abf4809cdc2a,241,2024-04-21 00:00:00,13,1716.0,41,205.92,0.0,confirmed,2024-05-25 00:00:00,2024-04-20 23:00:00,2024-04-20 23:00:00
8289076d-4a0a-4535-a484-9dcd0d53c4fb,322,2024-03-25 00:00:00,14,981.68,146,117.8,0.0,confirmed,2024-08-31 00:00:00,2024-03-24 06:00:00,2024-03-24 06:00:00
ea63048a-9f82-4f00-ad87-c0ab654566ba,209,2023-07-02 00:00:00,5,680.6,76,81.67,68.06,cancelled,2023-11-06 00:00:00,2023-07-01 07:00:00,2023-07-01 07:00:00
7e68e870-73db-4e34-b7e8-dfbcd0027722,100,2024-07-19 00:00:00,4,456.0,95,54.72,0.0,confirmed,2024-12-27 00:00:00,2024-07-18 05:00:00,2024-07-18 05:00:00
a6100b64-a28d-4504-b9cb-97824fc28688,253,2023-05-08 00:00:00,6,1155.0,78,138.6,115.5,cancelled,2023-10-26 00:00:00,2023-05-07 07:00:00,2023-05-07 07:00:00
ba4d0b6c-340d-42bf-8b50-958686f8241e,203,2023-12-18 00:00:00,10,1190.0,76,142.8,119.0,cancelled,2024-04-19 00:00:00,2023-12-17 07:00:00,2023-12-17 07:00:00
9691ba67-cb48-48eb-89f9-d26272559fd7,374,2023-07-09 00:00:00,2,512.0,122,61.44,0.0,confirmed,2023-11-25 00:00:00,2023-07-08 19:00:00,2023-07-08 19:00:00
1a34779c-e1d1-4d41-b7d8-0f8b66d346ec,65,2024-02-15 00:00:00,14,2002.0,114,240.24,200.2,cancelled,2024-06-10 00:00:00,2024-02-14 22:00:00,2024-02-14 22:00:00
cdf2e242-b5e5-4ac3-a720-535a6d56e0e7,128,2023-08-29 00:00:00,10,665.0,62,79.8,66.5,cancelled,2024-02-10 00:00:00,2023-08-28 22:00:00,2023-08-28 22:00:00
282b130a-a19a-43ce-af2c-a46090c19eec,378,2023-11-06 00:00:00,7,1568.0,69,188.16,0.0,confirmed,2024-04-17 00:00:00,2023-11-05 03:00:00,2023-11-05 03:00:00
a2f40400-ca54-4678-a68a-799ef3e942a6,462,2023-08-19 00:00:00,11,2310.0,136,277.2,0.0,confirmed,2023-09-17 00:00:00,2023-08-18 12:00:00,2023-08-18 12:00:00
9980423e-a2e4-4615-b249-d4a4dc8a70d5,66,2023-10-20 00:00:00,2,680.0,76,81.6,0.0,confirmed,2023-11-01 00:00:00,2023-10-19 21:00:00,2023-10-19 21:00:00
0ecd4e50-5f2f-4be7-880b-02602be8b3bc,175,2023-05-04 00:00:00,7,665.0,145,79.8,0.0,confirmed,2023-10-19 00:00:00,2023-05-03 13:00:00,2023-05-09 13:00:00
fe11bbf5-d0e9-4f98-8c17-b0f698780e8f,467,2023-09-17 00:00:00,3,768.0,51,92.16,0.0,confirmed,2023-11-04 00:00:00,2023-09-16 13:00:00,2023-09-21 13:00:00
860d02bc-a6f6-4cca-92d2-9a6bafb8ffa3,414,2024-05-24 00:00:00,2,198.0,85,23.76,19.8,cancelled,2024-09-29 00:00:00,2024-05-23 09:00:00,2024-05-23 09:00:00
77a78bd4-6a32-44d7-bc23-1fc2ba434d42,151,2024-05-23 00:00:00,9,2583.0,96,309.96,258.3,cancelled,2024-10-18 00:00:00,2024-05-22 01:00:00,2024-05-22 01:00:00
495de57b-7857-4e48-ad45-bb8233487ac9,15,2023-09-25 00:00:00,1,231.0,75,27.72,0.0,confirmed,2024-01-22 00:00:00,2023-09-24 22:00:00,2023-09-24 22:00:00
75e2d3ef-f465-4fd9-a83a-7f79ac4f8cda,230,2023-10-02 00:00:00,9,5796.0,132,695.52,0.0,confirmed,2024-02-23 00:00:00,2023-10-01 23:00:00,2023-10-01 23:00:00
2a4b0d36-4f42-4cbf-b8e8-0c2045808d21,100,2024-07-07 00:00:00,4,456.0,64,54.72,0.0,confirmed,2024-11-11 00:00:00,2024-07-06 12:00:00,2024-07-06 12:00:00
b146a58c-b781-4b33-9cf0-9a2682510dc5,76,2023-12-26 00:00:00,8,952.0,76,114.24,95.2,cancelled,2024-05-31 00:00:00,2023-12-25 15:00:00,2023-12-25 15:00:00
f721fa59-a76a-424d-8604-43d14a899dec,57,2023-04-17 00:00:00,13,2145.0,119,257.4,0.0,confirmed,2023-09-17 00:00:00,2023-04-16 08:00:00,2023-04-16 08:00:00
0aca9762-d282-440c-9d3e-99a3a97f2660,330,2023-11-28 00:00:00,12,5208.0,150,624.96,0.0,confirmed,2024-02-09 00:00:00,2023-11-27 14:00:00,2023-11-28 14:00:00
3271628a-3e32-49b9-ac7e-de61d9b8fcb7,332,2023-02-05 00:00:00,4,352.0,44,42.24,35.2,cancelled,2023-05-24 00:00:00,2023-02-04 11:00:00,2023-02-04 11:00:00
19fd6df4-bac1-47c7-b84b-6382bc9652a1,102,2024-06-13 00:00:00,6,513.0,48,61.56,0.0,confirmed,2024-10-29 00:00:00,2024-06-12 22:00:00,2024-06-12 22:00:00
bc1bd3ce-5186-4c8f-9e3d-4535f81a612b,290,2023-07-20 00:00:00,12,1680.0,150,201.6,0.0,confirmed,2024-01-12 00:00:00,2023-07-19 22:00:00,2023-07-19 22:00:00
22b231eb-ab2e-4f8b-a6af-c3db6c0db89d,138,2023-12-04 00:00:00,9,1150.92,69,138.11,0.0,confirmed,2024-01-07 00:00:00,2023-12-03 01:00:00,2023-12-08 01:00:00
fc1ce46f-fd98-457e-ac67-96bbdefde64e,470,2024-10-04 00:00:00,2,506.0,76,60.72,50.6,cancelled,2024-10-24 00:00:00,2024-10-03 14:00:00,2024-10-03 14:00:00
25231f74-bf96-4cd7-a911-aacc687be34a,103,2024-02-22 00:00:00,10,1500.0,105,180.0,150.0,cancelled,2024-05-07 00:00:00,2024-02-21 17:00:00,2024-02-21 17:00:00
e028d288-bc7c-4209-b0bd-6e9d47c2985c,108,2024-04-29 00:00:00,10,453.8,111,54.46,0.0,confirmed,2024-10-15 00:00:00,2024-04-28 16:00:00,2024-04-28 16:00:00
261cfee9-02a4-44c8-a3b7-b98354c260cc,385,2024-04-07 00:00:00,11,2464.0,63,295.68,0.0,confirmed,2024-09-30 00:00:00,2024-04-06 02:00:00,2024-04-06 02:00:00
a862526d-1d14-47af-95d0-75934830353d,9,2023-07-20 00:00:00,13,1001.0,135,120.12,0.0,confirmed,2023-12-25 00:00:00,2023-07-19 19:00:00,2023-07-19 19:00:00
eb0db3f4-3e88-4ade-bf7a-cd8aa3e9362c,125,2023-04-19 00:00:00,2,448.0,142,53.76,44.8,cancelled,2023-10-15 00:00:00,2023-04-18 04:00:00,2023-04-18 04:00:00
b2d55058-d3eb-413c-b0f9-2e07fa325971,97,2023-05-13 00:00:00,11,1828.75,76,219.45,0.0,confirmed,2023-08-20 00:00:00,2023-05-12 21:00:00,2023-05-12 21:00:00
2297e4b7-5340-4f26-b41b-10df254de91d,488,2023-06-08 00:00:00,10,2480.0,118,297.6,248.0,cancelled,2023-10-28 00:00:00,2023-06-07 05:00:00,2023-06-07 05:00:00
7995ca90-0f42-4e23-84fb-85f34a585369,453,2024-03-12 00:00:00,14,3780.0,84,453.6,0.0,confirmed,2024-07-20 00:00:00,2024-03-11 17:00:00,2024-03-11 17:00:00
300831f2-6e44-4674-9ce9-f075e2dd9ed6,491,2023-12-18 00:00:00,9,2142.0,146,257.04,0.0,confirmed,2024-05-29 00:00:00,2023-12-17 15:00:00,2023-12-17 15:00:00
35f3fa8d-bd0c-4abe-befb-24f07d980acc,344,2023-08-14 00:00:00,1,133.0,88,15.96,13.3,cancelled,2023-11-16 00:00:00,2023-08-13 01:00:00,2023-08-13 01:00:00
ccd1eb4f-5139-48d1-b564-01348137f96e,387,2023-11-21 00:00:00,13,1482.0,63,177.84,148.2,cancelled,2024-05-16 00:00:00,2023-11-20 05:00:00,2023-11-21 05:00:00
4a277800-177c-4da6-8f60-6c00407de249,375,2023-11-12 00:00:00,5,577.5,102,69.3,0.0,confirmed,2023-12-31 00:00:00,2023-11-11 15:00:00,2023-11-11 15:00:00
c114de0c-8368-4a4f-95c7-81b816f33647,393,2024-01-26 00:00:00,8,1840.0,84,220.8,0.0,confirmed,2024-07-22 00:00:00,2024-01-25 01:00:00,2024-02-02 01:00:00
cfe4a9ab-dce4-4238-a5f7-a79fb4fa7c70,416,2024-04-03 00:00:00,5,385.0,61,46.2,0.0,confirmed,2024-06-07 00:00:00,2024-04-02 17:00:00,2024-04-09 17:00:00
c2bb2bef-5e6d-4c53-8ebc-91916ab97df6,282,2023-12-29 00:00:00,4,1472.0,132,176.64,147.2,cancelled,2024-02-29 00:00:00,2023-12-28 23:00:00,2023-12-28 23:00:00
4dd2de19-3220-4f23-981a-657d48bc021d,225,2024-08-09 00:00:00,3,1111.5,150,133.38,0.0,confirmed,2025-01-14 00:00:00,2024-08-08 19:00:00,2024-08-08 19:00:00
6ef84ca4-570e-4c1f-a714-addbcd967ea7,80,2024-09-21 00:00:00,9,3510.0,139,421.2,0.0,confirmed,2024-10-31 00:00:00,2024-09-20 04:00:00,2024-09-20 04:00:00
3562a339-871e-445e-b951-2cccc451d3af,493,2024-04-24 00:00:00,9,1732.5,47,207.9,0.0,confirmed,2024-08-31 00:00:00,2024-04-23 08:00:00,2024-04-23 08:00:00
3361ce21-33ff-41ca-8df5-d9459b45ee36,441,2023-05-24 00:00:00,11,2035.0,87,244.2,203.5,cancelled,2023-08-21 00:00:00,2023-05-23 22:00:00,2023-05-23 22:00:00
5eac05f9-784b-428b-a01c-4699c4c6e41f,147,2023-12-03 00:00:00,4,418.0,112,50.16,0.0,confirmed,2023-12-30 00:00:00,2023-12-02 09:00:00,2023-12-02 09:00:00
fd7cf34b-b59c-49d6-b864-f97d966d3b31,194,2023-12-19 00:00:00,14,3906.0,88,468.72,390.6,cancelled,2024-01-06 00:00:00,2023-12-18 14:00:00,2023-12-28 14:00:00
711d6906-b8fa-4145-8efa-897c971031e6,115,2024-05-05 00:00:00,9,3780.0,131,453.6,0.0,confirmed,2024-07-16 00:00:00,2024-05-04 02:00:00,2024-05-04 02:00:00
28dd71ef-27d9-4148-8ca5-92ae92f1887a,150,2024-03-24 00:00:00,11,1542.75,76,185.13,0.0,confirmed,2024-04-07 00:00:00,2024-03-23 07:00:00,2024-03-30 07:00:00
ef3fda45-1e02-4f08-8974-ffe90d4d667a,482,2024-07-26 00:00:00,14,3696.0,132,443.52,0.0,confirmed,2024-10-04 00:00:00,2024-07-25 06:00:00,2024-07-28 06:00:00
2b3a78bd-6e0d-4c3c-a3e8-5a0cd6b59688,326,2023-10-06 00:00:00,12,990.0,67,118.8,0.0,confirmed,2023-11-02 00:00:00,2023-10-05 02:00:00,2023-10-05 02:00:00
9f67d7ce-1b4d-451e-a9b8-85d8e1201ac9,95,2024-06-21 00:00:00,4,510.0,70,61.2,0.0,confirmed,2024-08-10 00:00:00,2024-06-20 10:00:00,2024-06-20 10:00:00
0e4f8f16-7299-4045-87f2-70d65bf00689,62,2024-03-07 00:00:00,11,1232.0,75,147.84,0.0,confirmed,2024-03-15 00:00:00,2024-03-06 09:00:00,2024-03-08 09:00:00
6a2474c4-b64c-466c-8a8a-bda40ad625d3,312,2024-01-04 00:00:00,13,2681.25,120,321.75,0.0,confirmed,2024-03-03 00:00:00,2024-01-03 09:00:00,2024-01-03 09:00:00
21110758-466c-40b8-b6de-5b9a5c8db07d,428,2024-04-12 00:00:00,10,3780.0,62,453.6,0.0,confirmed,2024-06-01 00:00:00,2024-04-11 15:00:00,2024-04-11 15:00:00
9bde3295-fef7-4b34-ab3c-1b9c583162b6,461,2023-06-24 00:00:00,10,6400.0,124,768.0,640.0,cancelled,2023-10-06 00:00:00,2023-06-23 21:00:00,2023-06-23 21:00:00
8c07974b-9827-4023-91be-e8ed1edb8d18,185,2023-04-03 00:00:00,13,1456.0,117,174.72,145.6,cancelled,2023-05-27 00:00:00,2023-04-02 12:00:00,2023-04-02 12:00:00
f400b410-67f9-49af-8da5-244fb3981b6a,1,2024-07-25 00:00:00,7,1197.0,55,143.64,0.0,confirmed,2024-09-26 00:00:00,2024-07-24 18:00:00,2024-07-24 18:00:00
5aae13af-b33f-4f66-b24d-256a8dd87299,267,2024-04-24 00:00:00,1,80.75,126,9.69,0.0,confirmed,2024-05-12 00:00:00,2024-04-23 19:00:00,2024-04-23 19:00:00
d3a1f024-d8b3-4b5e-80e6-c00fcfff3438,314,2023-08-06 00:00:00,10,2040.0,102,244.8,204.0,cancelled,2024-01-25 00:00:00,2023-08-05 01:00:00,2023-08-05 01:00:00
5d4dc9cc-2dc5-4726-b61f-78a37731fd81,154,2023-07-27 00:00:00,1,110.0,133,13.2,11.0,cancelled,2023-08-22 00:00:00,2023-07-26 15:00:00,2023-07-26 15:00:00
77d6c8a2-c589-48ac-a2e6-c003b97d6591,200,2023-07-31 00:00:00,12,3663.0,80,439.56,0.0,confirmed,2023-12-10 00:00:00,2023-07-30 15:00:00,2023-07-30 15:00:00
7d19dbbd-6e85-4082-ac89-0255dc808a32,494,2023-10-31 00:00:00,2,608.0,81,72.96,0.0,confirmed,2023-11-30 00:00:00,2023-10-30 02:00:00,2023-11-01 02:00:00
b2e342a6-5c6c-4d9d-afdb-5c6cf6440438,486,2023-11-01 00:00:00,14,1232.0,130,147.84,0.0,confirmed,2024-02-27 00:00:00,2023-10-31 19:00:00,2023-11-07 19:00:00
0099e4c2-c6f0-4e74-8c35-d54b2ce66e63,73,2023-09-13 00:00:00,7,1328.25,103,159.39,132.83,cancelled,2024-02-21 00:00:00,2023-09-12 08:00:00,2023-09-12 08:00:00
e9ec9067-6e10-4cc9-bbcc-37b2aa8df7ad,210,2024-05-25 00:00:00,3,379.5,96,45.54,0.0,confirmed,2024-06-21 00:00:00,2024-05-24 16:00:00,2024-05-24 16:00:00
6c87ea65-8bef-4206-a355-4f63e66d6b8c,369,2023-08-31 00:00:00,10,935.0,81,112.2,0.0,confirmed,2024-01-03 00:00:00,2023-08-30 14:00:00,2023-08-30 14:00:00
f4813021-cfdc-4573-a80b-f02c74664bea,29,2023-07-22 00:00:00,5,1200.0,145,144.0,120.0,cancelled,2023-12-14 00:00:00,2023-07-21 01:00:00,2023-07-21 01:00:00
edd8df26-6933-4644-9a2e-3dff1033088c,271,2023-11-29 00:00:00,10,2240.0,69,268.8,0.0,confirmed,2023-12-25 00:00:00,2023-11-28 08:00:00,2023-11-28 08:00:00
e49a1aeb-236e-447d-8fc7-f83f12f0f3de,256,2023-10-24 00:00:00,10,536.2,77,64.34,0.0,confirmed,2023-12-18 00:00:00,2023-10-23 08:00:00,2023-10-23 08:00:00
a6452ce4-763c-4187-9275-dd52fc0dae4c,450,2023-11-30 00:00:00,13,1716.0,51,205.92,0.0,confirmed,2024-05-05 00:00:00,2023-11-29 17:00:00,2023-11-29 17:00:00
dd50e074-4d32-4256-a191-ae4a8c74a5eb,81,2023-08-23 00:00:00,5,715.0,140,85.8,0.0,confirmed,2023-11-05 00:00:00,2023-08-22 07:00:00,2023-08-22 07:00:00
03db3a5e-4ba4-483f-8dc9-c7b064cc1d31,202,2023-09-09 00:00:00,2,1008.0,59,120.96,0.0,confirmed,2024-01-08 00:00:00,2023-09-08 11:00:00,2023-09-08 11:00:00
181b5d4f-2228-4ae5-9f3a-c75981fd690a,23,2024-03-09 00:00:00,4,476.0,43,57.12,47.6,cancelled,2024-05-05 00:00:00,2024-03-08 12:00:00,2024-03-13 12:00:00
379140d1-bd9d-41c4-b89a-3a1d9ae00aba,336,2023-12-12 00:00:00,10,1520.0,87,182.4,152.0,cancelled,2024-02-16 00:00:00,2023-12-11 14:00:00,2023-12-11 14:00:00
e06dc772-a9f4-41fb-9d8c-787a7a7dc2be,26,2024-07-16 00:00:00,4,960.0,109,115.2,96.0,cancelled,2024-10-18 00:00:00,2024-07-15 09:00:00,2024-07-17 09:00:00
3764b86b-0226-4942-a60c-b4189940fcfd,152,2023-04-19 00:00:00,5,2025.0,99,243.0,0.0,confirmed,2023-07-15 00:00:00,2023-04-18 10:00:00,2023-04-18 10:00:00
1f09c512-9603-4ca2-b2e2-e7791b62ed6b,393,2024-05-09 00:00:00,7,1610.0,120,193.2,0.0,confirmed,2024-07-29 00:00:00,2024-05-08 23:00:00,2024-05-08 23:00:00
ab79b638-0861-4b85-ac68-04cf2554a186,124,2023-08-15 00:00:00,13,1768.0,41,212.16,0.0,confirmed,2024-02-01 00:00:00,2023-08-14 08:00:00,2023-08-14 08:00:00
0c5c4019-46be-4208-8258-ff956cb88077,391,2023-12-28 00:00:00,13,1560.0,116,187.2,156.0,cancelled,2024-04-15 00:00:00,2023-12-27 10:00:00,2023-12-27 10:00:00
076cb1d9-1462-4d11-b70c-a328e55c24dc,148,2024-01-10 00:00:00,7,1193.5,51,143.22,119.35,cancelled,2024-05-08 00:00:00,2024-01-09 13:00:00,2024-01-11 13:00:00
550b9e8e-3959-48ae-bb42-2b210884c415,492,2023-12-05 00:00:00,13,2912.0,87,349.44,0.0,confirmed,2024-05-11 00:00:00,2023-12-04 02:00:00,2023-12-04 02:00:00
a99fb1c2-e90a-4721-93a5-be09a941e9ba,462,2023-05-28 00:00:00,9,1890.0,145,226.8,0.0,confirmed,2023-08-20 00:00:00,2023-05-27 00:00:00,2023-05-27 00:00:00
30f15c44-9b07-4893-9793-2591b02a71a0,116,2023-03-24 00:00:00,3,272.25,40,32.67,0.0,confirmed,2023-08-19 00:00:00,2023-03-23 12:00:00,2023-04-01 12:00:00
9ae34851-04d5-420e-92db-f4894ae95968,481,2024-02-02 00:00:00,12,1020.0,65,122.4,102.0,cancelled,2024-07-21 00:00:00,2024-02-01 06:00:00,2024-02-01 06:00:00
de53eb4a-6bef-46dc-8112-c79d17523eea,318,2024-01-06 00:00:00,6,570.0,126,68.4,57.0,cancelled,2024-06-28 00:00:00,2024-01-05 12:00:00,2024-01-11 12:00:00
a4731ee9-0519-4c87-b3a8-ac4e4cafebd2,289,2023-06-24 00:00:00,10,3052.5,145,366.3,0.0,confirmed,2023-07-10 00:00:00,2023-06-23 19:00:00,2023-06-25 19:00:00
87c28bd7-4492-4b49-9290-582012a76457,450,2023-04-03 00:00:00,13,1716.0,91,205.92,0.0,confirmed,2023-08-13 00:00:00,2023-04-02 10:00:00,2023-04-02 10:00:00
60f498eb-bf63-4bdd-8561-feeed514d62a,182,2024-02-04 00:00:00,5,1150.0,68,138.0,115.0,cancelled,2024-06-23 00:00:00,2024-02-03 13:00:00,2024-02-03 13:00:00
ec795f86-9f5d-4f4c-9e64-34bdbf579b92,91,2023-05-19 00:00:00,8,1216.0,84,145.92,0.0,confirmed,2023-11-10 00:00:00,2023-05-18 17:00:00,2023-05-18 17:00:00
502a1744-f7e2-4a49-b87c-aba1d51f6b26,96,2023-08-10 00:00:00,4,448.0,43,53.76,0.0,confirmed,2023-09-10 00:00:00,2023-08-09 08:00:00,2023-08-09 08:00:00
dd3e80f0-5189-47a5-aacf-a6976b7171c7,287,2024-08-04 00:00:00,11,990.0,58,118.8,0.0,confirmed,2024-10-01 00:00:00,2024-08-03 12:00:00,2024-08-03 12:00:00
01c7033b-5c43-456d-b395-0182f4424fed,304,2023-12-25 00:00:00,6,660.0,90,79.2,0.0,confirmed,2024-05-20 00:00:00,2023-12-24 14:00:00,2024-01-03 14:00:00
e74431f7-d2f0-4320-9727-fdf73120275f,375,2023-11-07 00:00:00,13,1501.5,113,180.18,0.0,confirmed,2024-03-15 00:00:00,2023-11-06 20:00:00,2023-11-06 20:00:00
89d4e057-fea8-41aa-8813-fd7d9f41cbf5,92,2024-05-17 00:00:00,10,665.0,45,79.8,0.0,confirmed,2024-07-05 00:00:00,2024-05-16 08:00:00,2024-05-16 08:00:00
2fbd1e93-482f-49c0-9052-f260e292247e,76,2024-04-04 00:00:00,12,1428.0,78,171.36,0.0,confirmed,2024-08-19 00:00:00,2024-04-03 23:00:00,2024-04-03 23:00:00
d00685ba-42b0-4ecd-af24-d726dfaefb38,147,2024-02-21 00:00:00,11,1149.5,143,137.94,0.0,confirmed,2024-03-15 00:00:00,2024-02-20 19:00:00,2024-02-20 19:00:00
9d5ef585-b159-48eb-b778-558e96b95edc,346,2023-09-02 00:00:00,2,320.0,130,38.4,0.0,confirmed,2023-09-09 00:00:00,2023-09-01 03:00:00,2023-09-01 03:00:00
a98996c7-909d-44b4-857e-a61f056f2c41,223,2024-02-27 00:00:00,7,630.0,95,75.6,0.0,confirmed,2024-06-11 00:00:00,2024-02-26 21:00:00,2024-02-26 21:00:00
1ff4be4d-2bbe-4186-8d46-bc7f8f93a740,356,2024-01-04 00:00:00,10,3330.0,61,399.6,0.0,confirmed,2024-02-10 00:00:00,2024-01-03 14:00:00,2024-01-03 14:00:00
72031bf2-e9ff-4f27-a8df-4ed8f3a2f563,95,2023-11-23 00:00:00,2,255.0,88,30.6,0.0,confirmed,2024-02-11 00:00:00,2023-11-22 18:00:00,2023-11-22 18:00:00
17559744-1c8f-49b0-89d8-cb1d442df663,119,2023-10-06 00:00:00,9,1071.0,148,128.52,0.0,confirmed,2024-01-31 00:00:00,2023-10-05 09:00:00,2023-10-05 09:00:00
d9c2bbdc-2e7f-481e-90cf-719ce996c9ea,290,2023-11-02 00:00:00,7,980.0,90,117.6,98.0,cancelled,2023-12-30 00:00:00,2023-11-01 05:00:00,2023-11-01 05:00:00
5a3f3117-3e74-44f6-9daf-38e4ae6d6b14,243,2024-07-14 00:00:00,11,968.0,147,116.16,96.8,cancelled,2024-09-02 00:00:00,2024-07-13 18:00:00,2024-07-13 18:00:00
5a171d04-7ae3-4228-b91a-2ab9fa18c5e1,351,2024-05-28 00:00:00,7,1617.0,113,194.04,0.0,confirmed,2024-11-18 00:00:00,2024-05-27 15:00:00,2024-05-27 15:00:00
ac5a3128-e118-4556-8525-46f7b2b981ee,488,2023-12-04 00:00:00,6,1488.0,46,178.56,148.8,cancelled,2024-02-25 00:00:00,2023-12-03 23:00:00,2023-12-03 23:00:00
4de1dbe9-d522-48df-9b3c-2f8df6674c21,48,2023-08-12 00:00:00,7,693.0,76,83.16,0.0,confirmed,2023-10-18 00:00:00,2023-08-11 21:00:00,2023-08-11 21:00:00
03f404b8-7404-43d6-8bf0-55d170560a58,235,2023-03-14 00:00:00,8,4352.0,69,522.24,0.0,confirmed,2023-05-31 00:00:00,2023-03-13 12:00:00,2023-03-13 12:00:00
1d846423-8887-4d2b-91fb-5eec9cb40304,154,2023-07-18 00:00:00,1,110.0,106,13.2,0.0,confirmed,2023-09-02 00:00:00,2023-07-17 21:00:00,2023-07-17 21:00:00
6da7e7f4-0222-4f59-9c13-d2553a2a456c,86,2023-06-26 00:00:00,2,576.0,63,69.12,57.6,cancelled,2023-09-14 00:00:00,2023-06-25 05:00:00,2023-06-25 05:00:00
1a90157e-cd3d-446e-9f6c-a48e9353beb2,253,2023-11-18 00:00:00,8,1540.0,58,184.8,0.0,confirmed,2023-12-09 00:00:00,2023-11-17 06:00:00,2023-11-17 06:00:00
d8849f55-32c6-452a-8cfc-dbde74ccea23,243,2024-07-16 00:00:00,3,264.0,119,31.68,0.0,confirmed,2024-11-17 00:00:00,2024-07-15 10:00:00,2024-07-15 10:00:00
05d24bea-fb6a-4ae2-ad06-9fedba921a1b,275,2023-08-10 00:00:00,11,1678.82,133,201.46,0.0,confirmed,2023-10-17 00:00:00,2023-08-09 05:00:00,2023-08-09 05:00:00
734d24f3-00d8-4863-a1e0-4f6def5588ba,229,2023-03-24 00:00:00,6,1221.0,132,146.52,122.1,cancelled,2023-06-16 00:00:00,2023-03-23 22:00:00,2023-03-23 22:00:00
c1913ee4-870d-4405-843b-4b0ed9a4ed22,64,2023-10-19 00:00:00,5,2480.0,80,297.6,0.0,confirmed,2023-10-23 00:00:00,2023-10-18 04:00:00,2023-10-18 04:00:00
a60425ce-9823-4f65-85c6-b32c5a39fd26,264,2023-07-13 00:00:00,7,770.0,134,92.4,77.0,cancelled,2023-09-16 00:00:00,2023-07-12 12:00:00,2023-07-12 12:00:00
e69c87e6-1113-4db8-8f41-95acb2e79c45,143,2023-07-15 00:00:00,9,720.0,101,86.4,0.0,confirmed,2023-08-25 00:00:00,2023-07-14 10:00:00,2023-07-14 10:00:00
623f2509-22f3-4892-9b68-bba215437c5a,267,2023-12-29 00:00:00,11,888.25,76,106.59,0.0,confirmed,2024-02-27 00:00:00,2023-12-28 06:00:00,2023-12-28 06:00:00
a7915030-c825-4a61-b2d8-9654b089a5b6,215,2023-08-04 00:00:00,4,600.0,88,72.0,60.0,cancelled,2023-10-06 00:00:00,2023-08-03 23:00:00,2023-08-03 23:00:00
1672d898-1415-407c-a7aa-a6a292d7037a,279,2023-03-22 00:00:00,8,1456.0,55,174.72,145.6,cancelled,2023-08-02 00:00:00,2023-03-21 15:00:00,2023-03-26 15:00:00
7d0e7c82-993d-4bb7-b4e7-61463ab0e642,59,2023-05-19 00:00:00,10,1662.5,70,199.5,166.25,cancelled,2023-07-19 00:00:00,2023-05-18 02:00:00,2023-05-18 02:00:00
04c2175c-82d7-449c-9a43-4da16e64feaf,258,2023-11-26 00:00:00,7,2460.5,79,295.26,0.0,confirmed,2024-03-22 00:00:00,2023-11-25 10:00:00,2023-11-25 10:00:00
b2538719-57da-4c71-9294-67c4b94a5f0c,317,2024-01-01 00:00:00,4,784.0,135,94.08,78.4,cancelled,2024-03-17 00:00:00,2023-12-31 16:00:00,2023-12-31 16:00:00
b293f69a-b353-4fd8-8397-df07df372065,279,2023-09-26 00:00:00,8,1456.0,49,174.72,0.0,confirmed,2024-01-27 00:00:00,2023-09-25 21:00:00,2023-09-25 21:00:00
127beb94-1f9a-4314-bc23-a76eb4e51fc4,73,2023-02-09 00:00:00,12,2277.0,68,273.24,0.0,confirmed,2023-05-28 00:00:00,2023-02-08 05:00:00,2023-02-08 05:00:00
9717832c-f990-4b0e-97aa-df8cfa521b62,456,2023-05-09 00:00:00,6,2829.0,72,339.48,282.9,cancelled,2023-08-14 00:00:00,2023-05-08 16:00:00,2023-05-10 16:00:00
0cf021ec-3dd6-47d9-928c-0d73a08fdb46,17,2023-04-01 00:00:00,12,3264.0,84,391.68,0.0,confirmed,2023-07-02 00:00:00,2023-03-31 22:00:00,2023-03-31 22:00:00
e5578e38-6976-4605-a600-535f148adf63,71,2023-12-21 00:00:00,14,1190.0,141,142.8,0.0,confirmed,2024-05-28 00:00:00,2023-12-20 16:00:00,2023-12-20 16:00:00
39d8f757-b0f9-46c3-8068-5febb46cb2ab,162,2024-04-08 00:00:00,7,787.5,150,94.5,78.75,cancelled,2024-08-17 00:00:00,2024-04-07 08:00:00,2024-04-07 08:00:00
e48e14fb-06ec-43d8-858e-1d0b071ffa23,3,2023-08-20 00:00:00,11,5082.0,112,609.84,508.2,cancelled,2023-10-22 00:00:00,2023-08-19 04:00:00,2023-08-19 04:00:00
ab5c304c-877f-4cbc-9181-9ca13e0dc9de,95,2023-11-11 00:00:00,5,637.5,106,76.5,0.0,confirmed,2023-12-31 00:00:00,2023-11-10 08:00:00,2023-11-10 08:00:00
453c05de-53e8-4fb3-ba09-4ff1a6793932,326,2023-08-17 00:00:00,8,660.0,108,79.2,0.0,confirmed,2024-01-02 00:00:00,2023-08-16 02:00:00,2023-08-21 02:00:00
997e582d-f213-4ac7-9586-240067bee4f7,442,2024-04-21 00:00:00,8,2112.0,48,253.44,211.2,cancelled,2024-07-23 00:00:00,2024-04-20 13:00:00,2024-04-20 13:00:00
5ed1329b-ce94-46be-a35e-75e83328f29e,219,2023-07-13 00:00:00,9,1026.0,101,123.12,0.0,confirmed,2023-12-20 00:00:00,2023-07-12 10:00:00,2023-07-12 10:00:00
251fb845-05cf-408e-8b47-c9f2afcbff3c,331,2023-07-30 00:00:00,12,1020.0,81,122.4,0.0,confirmed,2023-12-02 00:00:00,2023-07-29 08:00:00,2023-07-29 08:00:00
2d646624-a13b-4a54-8eb3-bf3824f14cda,325,2023-08-08 00:00:00,6,1728.0,127,207.36,0.0,confirmed,2023-10-09 00:00:00,2023-08-07 09:00:00,2023-08-07 09:00:00
81c170b2-6d5f-49fe-a65e-a05ee74bcd4e,281,2024-03-06 00:00:00,9,1368.0,112,164.16,0.0,confirmed,2024-04-24 00:00:00,2024-03-05 03:00:00,2024-03-08 03:00:00
ffb800e8-0c11-4c71-8258-f47fba93f6ec,493,2024-02-06 00:00:00,13,2502.5,60,300.3,0.0,confirmed,2024-07-09 00:00:00,2024-02-05 08:00:00,2024-02-05 08:00:00
d9cdc840-ab7c-4fed-a002-027efe9d5314,214,2023-04-30 00:00:00,5,1650.0,90,198.0,0.0,confirmed,2023-10-12 00:00:00,2023-04-29 06:00:00,2023-04-29 06:00:00
5043dd2c-b2de-416b-91e7-dfa1c1b33617,340,2023-10-27 00:00:00,4,616.0,53,73.92,0.0,confirmed,2024-03-12 00:00:00,2023-10-26 09:00:00,2023-10-26 09:00:00
5ccf1572-1c98-4d8f-bf1b-1cd548c05146,186,2024-06-27 00:00:00,4,511.52,45,61.38,0.0,confirmed,2024-08-25 00:00:00,2024-06-26 01:00:00,2024-06-26 01:00:00
bf41c42d-e898-4b30-bac9-b101c5be0559,425,2023-06-14 00:00:00,13,2873.0,130,344.76,287.3,cancelled,2023-09-24 00:00:00,2023-06-13 23:00:00,2023-06-13 23:00:00
54234893-1817-4e32-bbbb-00eb328ca7de,221,2023-06-16 00:00:00,14,3360.0,82,403.2,336.0,cancelled,2023-10-07 00:00:00,2023-06-15 07:00:00,2023-06-22 07:00:00
f3d29ce3-5ef9-4d0f-bbc5-9c3ae0513029,437,2024-06-10 00:00:00,9,1980.0,93,237.6,198.0,cancelled,2024-12-01 00:00:00,2024-06-09 10:00:00,2024-06-16 10:00:00
c0e0b011-8e53-4d8e-8df3-821f7d3f4b0e,75,2024-02-23 00:00:00,4,560.0,150,67.2,56.0,cancelled,2024-04-26 00:00:00,2024-02-22 00:00:00,2024-02-22 00:00:00
488cb16c-dc95-4fe4-afeb-901a068b043d,48,2024-03-06 00:00:00,2,198.0,120,23.76,19.8,cancelled,2024-04-15 00:00:00,2024-03-05 10:00:00,2024-03-05 10:00:00
ade61bd6-56dc-494f-9f16-1cad794e5d4d,497,2023-11-28 00:00:00,8,1792.0,85,215.04,0.0,confirmed,2024-01-26 00:00:00,2023-11-27 11:00:00,2023-11-27 11:00:00
24e52f21-a2c9-4710-a2e9-14283abdcd53,37,2023-08-28 00:00:00,13,3822.0,87,458.64,0.0,confirmed,2023-12-06 00:00:00,2023-08-27 16:00:00,2023-08-28 16:00:00
455a47e6-2e39-4a80-b15e-80624b01b5d5,433,2024-01-02 00:00:00,11,3720.75,40,446.49,0.0,confirmed,2024-02-16 00:00:00,2024-01-01 02:00:00,2024-01-01 02:00:00
1e924fe3-55a2-4ba9-81f8-138349de41a7,283,2024-02-17 00:00:00,8,1144.0,80,137.28,0.0,confirmed,2024-03-18 00:00:00,2024-02-16 00:00:00,2024-02-16 00:00:00
88da9e81-740a-4ba8-9893-eac8f9dcc5d0,324,2023-11-15 00:00:00,7,612.5,140,73.5,0.0,confirmed,2024-01-14 00:00:00,2023-11-14 15:00:00,2023-11-14 15:00:00
e80098ba-0a2d-4a1c-b74d-2c436c4205fd,193,2024-03-23 00:00:00,9,1759.5,59,211.14,0.0,confirmed,2024-06-03 00:00:00,2024-03-22 10:00:00,2024-03-22 10:00:00
231a4e5c-745b-4407-8920-43138a7f5ca6,224,2023-12-03 00:00:00,14,1463.0,49,175.56,146.3,cancelled,2024-03-05 00:00:00,2023-12-02 08:00:00,2023-12-02 08:00:00
345ad880-5926-4c12-bb84-782d513b15d3,312,2024-02-10 00:00:00,11,2268.75,141,272.25,0.0,confirmed,2024-02-20 00:00:00,2024-02-09 10:00:00,2024-02-09 10:00:00
2b9cedba-c57e-4c9c-aaa6-8271df0c02d9,116,2023-09-15 00:00:00,5,453.75,94,54.45,45.38,cancelled,2024-01-21 00:00:00,2023-09-14 22:00:00,2023-09-14 22:00:00
4e0b4834-e0c2-4550-b8fd-1dbd288e21ad,393,2024-02-13 00:00:00,4,920.0,64,110.4,0.0,confirmed,2024-06-27 00:00:00,2024-02-12 18:00:00,2024-02-12 18:00:00
eb153bb7-a2d3-47ae-9809-7304b184913e,145,2023-05-18 00:00:00,14,1309.0,74,157.08,130.9,cancelled,2023-10-23 00:00:00,2023-05-17 08:00:00,2023-05-17 08:00:00
99874114-9278-423b-9686-01a81a5359da,352,2023-07-08 00:00:00,8,1716.0,104,205.92,171.6,cancelled,2023-12-01 00:00:00,2023-07-07 06:00:00,2023-07-07 06:00:00
7f727182-1bbb-45d7-9934-382635098026,125,2023-04-12 00:00:00,3,672.0,62,80.64,0.0,confirmed,2023-09-04 00:00:00,2023-04-11 11:00:00,2023-04-11 11:00:00
a28504f1-b416-40e0-ad4a-cfadd46a5a29,5,2023-09-29 00:00:00,8,1560.0,81,187.2,156.0,cancelled,2024-02-08 00:00:00,2023-09-28 06:00:00,2023-09-28 06:00:00
a5dcabba-ae6e-400e-8ed3-dfeeebcdbcae,81,2024-01-11 00:00:00,9,1287.0,98,154.44,0.0,confirmed,2024-02-02 00:00:00,2024-01-10 01:00:00,2024-01-10 01:00:00
d2fc3245-ccb4-4635-8b7d-01fc9bddd25d,365,2023-07-27 00:00:00,10,1520.0,58,182.4,0.0,confirmed,2023-09-30 00:00:00,2023-07-26 20:00:00,2023-07-26 20:00:00
196f9ad9-5265-4748-86dd-f9e1226b896e,181,2023-02-20 00:00:00,9,3276.0,47,393.12,0.0,confirmed,2023-05-22 00:00:00,2023-02-19 06:00:00,2023-02-19 06:00:00
3cb3f5d6-5908-47c1-9b63-7836917a637b,178,2024-05-18 00:00:00,11,2290.75,100,274.89,0.0,confirmed,2024-06-24 00:00:00,2024-05-17 04:00:00,2024-05-17 04:00:00
68cd0b0f-1952-4e11-bc06-2e99682eb6fb,15,2023-06-15 00:00:00,7,1617.0,58,194.04,161.7,cancelled,2023-08-17 00:00:00,2023-06-14 09:00:00,2023-06-14 09:00:00
790f68e0-4062-4e14-b72e-f91411ede819,320,2023-08-25 00:00:00,5,630.0,83,75.6,0.0,confirmed,2024-02-12 00:00:00,2023-08-24 03:00:00,2023-08-24 03:00:00
b33eca8f-c621-4cc6-896a-9042c06e1033,202,2023-09-10 00:00:00,14,7056.0,55,846.72,705.6,cancelled,2023-11-26 00:00:00,2023-09-09 01:00:00,2023-09-14 01:00:00
a1846ab8-9e8a-40f5-b4c9-ac21e45c553f,129,2023-12-05 00:00:00,1,70.12,97,8.41,0.0,confirmed,2024-05-24 00:00:00,2023-12-04 16:00:00,2023-12-04 16:00:00
9109615c-5157-4c77-9ada-0f35f40aa5c6,80,2024-10-05 00:00:00,14,5460.0,78,655.2,0.0,confirmed,2024-10-19 00:00:00,2024-10-04 02:00:00,2024-10-04 02:00:00
a3fbba20-31c2-4303-9fb9-40f59632197c,401,2023-04-16 00:00:00,14,3584.0,99,430.08,0.0,confirmed,2023-04-28 00:00:00,2023-04-15 10:00:00,2023-04-15 10:00:00
8fb31e34-cdd2-4a71-96b0-eca91ebc6c99,161,2023-11-08 00:00:00,11,2530.0,42,303.6,0.0,confirmed,2024-01-02 00:00:00,2023-11-07 04:00:00,2023-11-07 04:00:00
65f2df6b-e202-481f-a15b-3006b9d06507,153,2024-01-02 00:00:00,11,3300.0,67,396.0,0.0,confirmed,2024-01-19 00:00:00,2024-01-01 07:00:00,2024-01-01 07:00:00
f4e70e81-2a1b-4cbf-a5e3-4abbf1f50d3b,323,2024-04-06 00:00:00,9,1485.0,90,178.2,148.5,cancelled,2024-04-15 00:00:00,2024-04-05 00:00:00,2024-04-05 00:00:00
6af06bc0-4211-4754-a3ee-96eae347897e,403,2024-04-22 00:00:00,14,980.0,87,117.6,0.0,confirmed,2024-08-05 00:00:00,2024-04-21 20:00:00,2024-04-21 20:00:00
d018f3d3-90e7-4a22-9af3-e0236508a128,246,2023-12-21 00:00:00,11,1881.0,112,225.72,0.0,confirmed,2024-02-19 00:00:00,2023-12-20 22:00:00,2023-12-20 22:00:00
301ed348-e798-443c-89b7-5ab8e981abe4,235,2023-07-09 00:00:00,12,6528.0,115,783.36,0.0,confirmed,2023-09-05 00:00:00,2023-07-08 06:00:00,2023-07-08 06:00:00
204c2152-eaa3-4bb5-bdf1-5e8e6afc2eef,159,2023-02-13 00:00:00,14,2240.0,107,268.8,0.0,confirmed,2023-03-26 00:00:00,2023-02-12 17:00:00,2023-02-12 17:00:00
c17291b1-5e1b-41e2-b0ff-a7cd8da55b7b,366,2023-11-17 00:00:00,3,483.0,114,57.96,0.0,confirmed,2024-03-27 00:00:00,2023-11-16 07:00:00,2023-11-16 07:00:00
4a9ca813-f94d-4a61-ad0e-f4ac9e59b871,270,2024-01-09 00:00:00,2,620.0,40,74.4,0.0,confirmed,2024-04-13 00:00:00,2024-01-08 09:00:00,2024-01-08 09:00:00
93edea6f-59f6-4498-b8b8-0a7e5cdf311e,499,2023-05-11 00:00:00,6,528.0,54,63.36,52.8,cancelled,2023-09-27 00:00:00,2023-05-10 11:00:00,2023-05-19 11:00:00
abfb568e-1804-49e3-99ce-3e75a6240131,36,2024-09-07 00:00:00,5,1360.0,59,163.2,136.0,cancelled,2024-10-22 00:00:00,2024-09-06 18:00:00,2024-09-06 18:00:00
12093024-c4c2-4e31-a485-0bee9dbe0667,246,2024-02-06 00:00:00,7,1197.0,137,143.64,0.0,confirmed,2024-06-25 00:00:00,2024-02-05 06:00:00,2024-02-05 06:00:00
0237acc0-f200-4ca9-a37d-82aaa2d456b2,264,2023-03-24 00:00:00,12,1320.0,128,158.4,0.0,confirmed,2023-06-13 00:00:00,2023-03-23 23:00:00,2023-03-23 23:00:00
10866bc1-3d12-44c9-a997-25908eef4ef0,481,2023-12-24 00:00:00,7,595.0,70,71.4,0.0,confirmed,2024-03-15 00:00:00,2023-12-23 01:00:00,2023-12-23 01:00:00
96a29428-b41d-4b99-9b83-a613aaf4f794,276,2023-11-25 00:00:00,7,997.5,43,119.7,0.0,confirmed,2023-11-28 00:00:00,2023-11-24 01:00:00,2023-11-24 01:00:00
764b0dbd-61aa-4f9e-b013-286cbe59b3a5,146,2024-04-27 00:00:00,4,1617.0,148,194.04,161.7,cancelled,2024-10-23 00:00:00,2024-04-26 05:00:00,2024-04-26 05:00:00
9bbdb51f-028e-472b-895f-82c21207e1cd,414,2023-12-13 00:00:00,8,792.0,102,95.04,79.2,cancelled,2024-05-02 00:00:00,2023-12-12 00:00:00,2023-12-12 00:00:00
7023363a-db14-4418-a699-230def9d3a53,211,2024-04-13 00:00:00,11,2200.0,144,264.0,0.0,confirmed,2024-08-07 00:00:00,2024-04-12 18:00:00,2024-04-12 18:00:00
0d38143b-0d40-4cc5-8483-eb4888f97d84,152,2023-03-27 00:00:00,2,810.0,139,97.2,0.0,confirmed,2023-06-26 00:00:00,2023-03-26 12:00:00,2023-03-26 12:00:00
33812ad4-8723-4959-ae3f-e597f5f69ffe,454,2024-10-01 00:00:00,10,2080.0,146,249.6,0.0,confirmed,2024-10-25 00:00:00,2024-09-30 07:00:00,2024-09-30 07:00:00
ed563999-722a-4422-a5d8-af1ea94953ee,265,2023-09-03 00:00:00,8,2640.0,97,316.8,0.0,confirmed,2024-01-28 00:00:00,2023-09-02 18:00:00,2023-09-02 18:00:00
58f56ac0-1f0e-489d-a035-03481ce1ed0f,166,2023-10-07 00:00:00,9,2065.5,40,247.86,206.55,cancelled,2023-12-09 00:00:00,2023-10-06 06:00:00,2023-10-06 06:00:00
3adc22a9-46b7-482e-9a25-a3e8306bf2be,25,2023-09-10 00:00:00,6,321.72,139,38.61,0.0,confirmed,2024-01-02 00:00:00,2023-09-09 19:00:00,2023-09-09 19:00:00
d88db811-406d-463a-acce-576babe2fa14,471,2024-05-12 00:00:00,2,1054.0,67,126.48,0.0,confirmed,2024-09-18 00:00:00,2024-05-11 03:00:00,2024-05-11 03:00:00
16c18e27-e175-487c-ab1c-ad7e697808cc,405,2023-07-04 00:00:00,10,902.5,68,108.3,0.0,confirmed,2023-09-05 00:00:00,2023-07-03 16:00:00,2023-07-03 16:00:00
71dc685b-2304-4963-9489-6286759a8430,488,2023-10-08 00:00:00,10,2480.0,73,297.6,0.0,confirmed,2023-11-16 00:00:00,2023-10-07 04:00:00,2023-10-07 04:00:00
033ea943-40f2-4f49-b802-7b9e3f28fb3b,66,2023-10-24 00:00:00,4,1360.0,83,163.2,136.0,cancelled,2024-04-08 00:00:00,2023-10-23 23:00:00,2023-10-23 23:00:00
c75dfaa0-be37-4ac4-9d9d-aa25a1d5c026,391,2023-07-14 00:00:00,5,600.0,53,72.0,60.0,cancelled,2023-09-14 00:00:00,2023-07-13 11:00:00,2023-07-13 11:00:00
fcc1dd7f-7ee9-4e8a-9a12-ff494d98371b,262,2023-06-23 00:00:00,9,5292.0,109,635.04,0.0,confirmed,2023-10-31 00:00:00,2023-06-22 01:00:00,2023-06-22 01:00:00
7f2d6ca2-b766-4d5f-8c2a-6ac60095607b,347,2024-05-25 00:00:00,12,6336.0,150,760.32,633.6,cancelled,2024-11-15 00:00:00,2024-05-24 15:00:00,2024-05-24 15:00:00
00a92aaa-a3f8-413a-a6a3-c0c559783bdf,249,2024-03-05 00:00:00,1,104.5,96,12.54,0.0,confirmed,2024-08-09 00:00:00,2024-03-04 07:00:00,2024-03-04 07:00:00
2b214c27-540e-4d6c-8c8b-b152710d8a47,447,2023-11-10 00:00:00,5,1530.0,50,183.6,0.0,confirmed,2024-04-08 00:00:00,2023-11-09 03:00:00,2023-11-14 03:00:00
73a4dddf-f89a-4215-9ec9-5f2f14cdd534,364,2023-11-26 00:00:00,13,1716.0,60,205.92,171.6,cancelled,2024-03-28 00:00:00,2023-11-25 12:00:00,2023-11-25 12:00:00
ce5c1343-2b7c-41f9-8552-05d6b8fff489,423,2023-12-05 00:00:00,2,420.0,128,50.4,0.0,confirmed,2024-03-25 00:00:00,2023-12-04 13:00:00,2023-12-04 13:00:00
24c25690-f6e5-4675-b7f8-b8626d349ac3,343,2024-05-14 00:00:00,13,2704.0,148,324.48,0.0,confirmed,2024-05-28 00:00:00,2024-05-13 16:00:00,2024-05-13 16:00:00
5c861f3e-d5b0-49cd-ad5a-06e703ab0683,172,2023-11-30 00:00:00,3,297.0,130,35.64,0.0,confirmed,2024-05-04 00:00:00,2023-11-29 05:00:00,2023-11-29 05:00:00
0b82bb45-9e4b-416d-ae93-a63ce61692c1,334,2023-10-12 00:00:00,9,812.25,40,97.47,0.0,confirmed,2024-01-21 00:00:00,2023-10-11 09:00:00,2023-10-11 09:00:00
73ae63f1-5746-429e-b0a6-6dbf81720348,129,2024-01-09 00:00:00,6,420.72,117,50.49,42.07,cancelled,2024-05-24 00:00:00,2024-01-08 13:00:00,2024-01-17 13:00:00
90736777-ce14-4990-bb6a-132e834c0521,243,2024-02-02 00:00:00,5,440.0,135,52.8,0.0,confirmed,2024-02-25 00:00:00,2024-02-01 01:00:00,2024-02-01 01:00:00
926feceb-c352-48fd-840a-f00a4e89c36e,315,2024-04-13 00:00:00,7,4368.0,49,524.16,0.0,confirmed,2024-06-27 00:00:00,2024-04-12 01:00:00,2024-04-12 01:00:00
2769ae7c-eaab-479f-85fb-a92e2ef2f7b8,461,2023-11-09 00:00:00,6,3840.0,145,460.8,384.0,cancelled,2024-03-21 00:00:00,2023-11-08 00:00:00,2023-11-08 00:00:00
39b9ac76-a38f-43a6-9282-33bd6538f4ea,209,2023-05-11 00:00:00,12,1633.44,113,196.01,0.0,confirmed,2023-06-04 00:00:00,2023-05-10 11:00:00,2023-05-10 11:00:00
74adeb81-cbd5-4578-9107-c43fe4de9233,395,2024-06-24 00:00:00,12,6720.0,149,806.4,0.0,confirmed,2024-10-22 00:00:00,2024-06-23 15:00:00,2024-06-23 15:00:00
dcdfae0c-dac6-43cf-a29e-df694fe388c9,155,2023-11-01 00:00:00,11,1573.0,57,188.76,0.0,confirmed,2024-01-11 00:00:00,2023-10-31 14:00:00,2023-10-31 14:00:00
6ba9fed7-d657-4067-b4f9-68a4a5544294,42,2023-02-15 00:00:00,10,2295.0,74,275.4,0.0,confirmed,2023-05-11 00:00:00,2023-02-14 13:00:00,2023-02-14 13:00:00
5a6f1a8c-e4f8-4eaf-886a-0714f42dfbd7,14,2024-03-22 00:00:00,1,82.5,104,9.9,0.0,confirmed,2024-07-02 00:00:00,2024-03-21 15:00:00,2024-03-21 15:00:00
d7562fa1-74d3-4b8b-bdee-7bbb78c46557,143,2024-01-19 00:00:00,14,1120.0,40,134.4,112.0,cancelled,2024-04-13 00:00:00,2024-01-18 07:00:00,2024-01-18 07:00:00
da53fb61-bc7b-4429-afda-a2e6acc1a3d1,48,2023-11-03 00:00:00,5,495.0,78,59.4,0.0,confirmed,2024-04-13 00:00:00,2023-11-02 11:00:00,2023-11-03 11:00:00
f4c5d2ea-4282-4e38-9f08-95abf44ebb53,129,2023-12-29 00:00:00,11,771.32,63,92.56,0.0,confirmed,2024-01-27 00:00:00,2023-12-28 00:00:00,2023-12-28 00:00:00
11fdf868-2676-47e0-b9ce-673aab094814,120,2023-12-22 00:00:00,3,199.5,77,23.94,19.95,cancelled,2024-05-07 00:00:00,2023-12-21 23:00:00,2023-12-21 23:00:00
33147e04-3832-4d01-8ddd-451f3a8e99ea,342,2024-03-01 00:00:00,8,720.0,123,86.4,0.0,confirmed,2024-03-03 00:00:00,2024-02-29 18:00:00,2024-02-29 18:00:00
044c6036-72bd-47d5-ba98-c64e58e57562,118,2023-11-28 00:00:00,13,4160.0,105,499.2,0.0,confirmed,2024-05-12 00:00:00,2023-11-27 09:00:00,2023-11-27 09:00:00
e1dd3f25-9a6c-44cd-a3fa-fc087aabee61,409,2023-10-03 00:00:00,6,883.5,123,106.02,0.0,confirmed,2023-12-06 00:00:00,2023-10-02 08:00:00,2023-10-02 08:00:00
c7ff3c34-8eec-49c6-bc31-a2a662b0eed1,160,2023-10-19 00:00:00,7,1309.0,92,157.08,130.9,cancelled,2023-11-11 00:00:00,2023-10-18 23:00:00,2023-10-18 23:00:00
10ff4573-4ad3-4dd2-96a3-229442c3fda9,359,2024-08-23 00:00:00,3,210.36,132,25.24,0.0,confirmed,2024-11-02 00:00:00,2024-08-22 00:00:00,2024-08-22 00:00:00
aa4744b9-0be2-4e96-ba30-208ee26449fd,425,2023-12-06 00:00:00,10,2210.0,143,265.2,221.0,cancelled,2024-04-10 00:00:00,2023-12-05 02:00:00,2023-12-05 02:00:00
b7a1ea31-1bfd-4ce8-a0cd-d0ad33d69824,241,2024-01-02 00:00:00,5,660.0,77,79.2,0.0,confirmed,2024-05-31 00:00:00,2024-01-01 11:00:00,2024-01-01 11:00:00
5d2dc116-fbd3-461b-a7e8-35319e1826af,232,2024-02-03 00:00:00,3,336.0,97,40.32,33.6,cancelled,2024-05-10 00:00:00,2024-02-02 06:00:00,2024-02-05 06:00:00
3b38e4cb-23e0-4c31-9f93-03d900ea3424,132,2023-11-06 00:00:00,3,990.0,74,118.8,99.0,cancelled,2024-04-18 00:00:00,2023-11-05 13:00:00,2023-11-15 13:00:00
e36d2aba-d9c7-4e7b-9f15-e0b378a9bb85,126,2023-11-08 00:00:00,10,1190.0,142,142.8,119.0,cancelled,2024-01-27 00:00:00,2023-11-07 07:00:00,2023-11-08 07:00:00
86481ade-a9d6-4a44-a1fd-8ecb22be778e,179,2023-06-22 00:00:00,12,6144.0,99,737.28,0.0,confirmed,2023-06-28 00:00:00,2023-06-21 16:00:00,2023-06-21 16:00:00
f98bfaca-eca6-4b29-8e73-4023b01ae388,397,2023-12-15 00:00:00,5,948.75,66,113.85,0.0,confirmed,2024-02-14 00:00:00,2023-12-14 10:00:00,2023-12-14 10:00:00
b6d09106-86b5-48d0-bf1e-fe752d92bd68,36,2024-07-27 00:00:00,6,1632.0,47,195.84,0.0,confirmed,2024-11-25 00:00:00,2024-07-26 05:00:00,2024-07-26 05:00:00
fc4d2818-bd6d-4959-b0f4-ecb7ae0ba773,444,2023-06-17 00:00:00,4,1088.0,141,130.56,0.0,confirmed,2023-08-03 00:00:00,2023-06-16 23:00:00,2023-06-16 23:00:00
4f89377a-05ae-4b10-99f8-506016d8988f,427,2023-05-11 00:00:00,6,456.0,125,54.72,45.6,cancelled,2023-11-06 00:00:00,2023-05-10 03:00:00,2023-05-10 03:00:00
73571a27-5727-44b6-af55-56c624a8fd25,326,2024-05-14 00:00:00,7,577.5,119,69.3,0.0,confirmed,2024-11-07 00:00:00,2024-05-13 19:00:00,2024-05-13 19:00:00
a9e54326-63c3-461a-8cf5-0a3decf9f975,38,2023-07-01 00:00:00,3,990.0,83,118.8,99.0,cancelled,2023-11-13 00:00:00,2023-06-30 00:00:00,2023-06-30 00:00:00
284abb4d-4be2-469d-a0f1-c99cc9963e56,240,2024-04-15 00:00:00,11,3872.0,65,464.64,0.0,confirmed,2024-06-11 00:00:00,2024-04-14 23:00:00,2024-04-14 23:00:00
2b94e75b-b663-4e14-b219-f43130f4bbbe,117,2023-08-25 00:00:00,8,1280.0,136,153.6,128.0,cancelled,2023-12-14 00:00:00,2023-08-24 08:00:00,2023-08-24 08:00:00
a05ab544-a508-45f3-856a-54c86856ac7c,407,2023-10-17 00:00:00,12,1320.0,58,158.4,132.0,cancelled,2024-03-23 00:00:00,2023-10-16 18:00:00,2023-10-16 18:00:00
201ae71c-0750-4199-a5da-ccfa8245a2ab,216,2024-03-03 00:00:00,13,2704.0,56,324.48,0.0,confirmed,2024-06-16 00:00:00,2024-03-02 08:00:00,2024-03-02 08:00:00
4c173fb1-9cd1-439f-9310-f48ce38891cf,364,2023-12-03 00:00:00,14,1848.0,97,221.76,184.8,cancelled,2024-02-19 00:00:00,2023-12-02 13:00:00,2023-12-02 13:00:00
6708ea00-6916-436b-9ebd-b8eb1401a5d6,394,2023-07-24 00:00:00,4,231.0,54,27.72,0.0,confirmed,2023-12-18 00:00:00,2023-07-23 17:00:00,2023-07-23 17:00:00
8e35e5f7-0f0e-4bc8-aa1e-713a39a3e689,182,2024-07-17 00:00:00,10,2300.0,115,276.0,0.0,confirmed,2024-07-20 00:00:00,2024-07-16 02:00:00,2024-07-16 02:00:00
d4590391-6438-4903-a637-4e091e8f3980,212,2024-03-03 00:00:00,10,536.2,43,64.34,0.0,confirmed,2024-03-12 00:00:00,2024-03-02 02:00:00,2024-03-02 02:00:00
dc8776e9-e0b7-43cf-a2ba-53178c7c3348,70,2023-12-23 00:00:00,13,3328.0,126,399.36,0.0,confirmed,2024-03-08 00:00:00,2023-12-22 06:00:00,2023-12-22 06:00:00
7627c4c9-ea34-4f7d-b31b-0fa8eba5a094,360,2024-04-17 00:00:00,2,133.0,55,15.96,0.0,confirmed,2024-08-21 00:00:00,2024-04-16 11:00:00,2024-04-26 11:00:00
f4859422-5d74-48fc-b026-90348e8ce4fe,185,2023-05-30 00:00:00,14,1568.0,63,188.16,0.0,confirmed,2023-07-08 00:00:00,2023-05-29 12:00:00,2023-05-29 12:00:00
cbe3f124-6d68-4f0f-b6ce-87540fa0087f,1,2024-01-25 00:00:00,9,1539.0,137,184.68,0.0,confirmed,2024-07-20 00:00:00,2024-01-24 02:00:00,2024-01-29 02:00:00
1bf2c87f-622b-49d2-b952-605ba4f105b5,494,2024-01-14 00:00:00,10,3040.0,62,364.8,0.0,confirmed,2024-02-11 00:00:00,2024-01-13 12:00:00,2024-01-13 12:00:00
e470c0f1-8c26-4173-b59e-88228eac5795,125,2023-09-14 00:00:00,9,2016.0,145,241.92,0.0,confirmed,2023-10-05 00:00:00,2023-09-13 02:00:00,2023-09-13 02:00:00
e6c58599-377a-48c2-9ed6-2835a1d49715,110,2024-05-31 00:00:00,9,1710.0,43,205.2,171.0,cancelled,2024-10-19 00:00:00,2024-05-30 12:00:00,2024-05-30 12:00:00
f3f04e4e-cf67-4bc2-a538-f9f58b643842,355,2023-10-18 00:00:00,5,1425.0,71,171.0,0.0,confirmed,2023-12-01 00:00:00,2023-10-17 04:00:00,2023-10-17 04:00:00
d803dbf1-da33-4bc9-939b-b87cfac049f8,184,2023-10-13 00:00:00,7,1844.5,138,221.34,184.45,cancelled,2023-11-14 00:00:00,2023-10-12 17:00:00,2023-10-12 17:00:00
4eb0ef97-154f-445b-9fd7-8f57b62c95f9,88,2023-11-27 00:00:00,3,655.5,143,78.66,0.0,confirmed,2024-02-27 00:00:00,2023-11-26 01:00:00,2023-11-26 01:00:00
bcbdfde1-c678-44fd-8ffb-f29658a025a8,140,2024-03-26 00:00:00,11,1270.5,78,152.46,0.0,confirmed,2024-05-27 00:00:00,2024-03-25 05:00:00,2024-03-25 05:00:00
5b1b2a70-80c1-418d-ba52-a98415a10d7f,455,2023-09-04 00:00:00,11,2079.0,53,249.48,0.0,confirmed,2023-12-23 00:00:00,2023-09-03 18:00:00,2023-09-03 18:00:00
e8987720-b615-4b9d-a766-6d18e8317bda,486,2023-06-28 00:00:00,9,792.0,105,95.04,79.2,cancelled,2023-09-28 00:00:00,2023-06-27 12:00:00,2023-06-27 12:00:00
5b575aac-b7cf-4573-bec4-5362c6b8d58a,114,2023-12-18 00:00:00,5,825.0,60,99.0,82.5,cancelled,2024-05-30 00:00:00,2023-12-17 14:00:00,2023-12-17 14:00:00
9f5010ca-c179-4f89-ad85-3f7a7c42161f,43,2023-10-06 00:00:00,9,594.0,98,71.28,59.4,cancelled,2024-01-10 00:00:00,2023-10-05 02:00:00,2023-10-05 02:00:00
47b66b14-b903-4612-9d8e-1d9c91362cda,31,2023-06-01 00:00:00,5,425.0,72,51.0,42.5,cancelled,2023-10-23 00:00:00,2023-05-31 17:00:00,2023-05-31 17:00:00
13b8f2cc-4e4d-462d-afdc-3a046555e4f4,351,2024-04-02 00:00:00,5,1155.0,130,138.6,0.0,confirmed,2024-08-25 00:00:00,2024-04-01 11:00:00,2024-04-01 11:00:00
c5e8d542-72c5-434e-8700-dde578010db8,295,2023-10-07 00:00:00,2,140.0,74,16.8,0.0,confirmed,2023-10-21 00:00:00,2023-10-06 18:00:00,2023-10-06 18:00:00
3695fbe3-b5cd-48e7-a9f0-19348dd286e9,388,2023-06-28 00:00:00,5,850.0,49,102.0,0.0,confirmed,2023-10-20 00:00:00,2023-06-27 10:00:00,2023-06-27 10:00:00
3e06ef96-9c54-487d-89dc-aab8b67b1124,396,2024-01-30 00:00:00,3,693.0,56,83.16,0.0,confirmed,2024-03-06 00:00:00,2024-01-29 22:00:00,2024-01-29 22:00:00
af4352b4-1fbf-473c-ab61-1152d274f95e,285,2024-05-27 00:00:00,6,742.5,57,89.1,74.25,cancelled,2024-10-24 00:00:00,2024-05-26 12:00:00,2024-05-26 12:00:00
1b522f6b-1f6c-4452-a65e-a52c1173f079,338,2024-06-13 00:00:00,11,1848.0,82,221.76,0.0,confirmed,2024-11-19 00:00:00,2024-06-12 02:00:00,2024-06-12 02:00:00
1e783e49-567b-445d-af86-29d27fe94ecc,363,2023-12-26 00:00:00,3,627.0,45,75.24,62.7,cancelled,2024-02-13 00:00:00,2023-12-25 07:00:00,2024-01-03 07:00:00
2656aee0-d0eb-4182-8046-140fc18bfd2d,225,2024-02-20 00:00:00,10,3705.0,97,444.6,0.0,confirmed,2024-03-27 00:00:00,2024-02-19 01:00:00,2024-02-19 01:00:00
d69f0ccf-796f-4c13-939c-91596ef51c2e,384,2024-01-21 00:00:00,6,930.0,118,111.6,0.0,confirmed,2024-04-17 00:00:00,2024-01-20 04:00:00,2024-01-20 04:00:00
c7f023c9-950c-453b-87ff-806fe27342c1,123,2023-05-02 00:00:00,6,1168.5,139,140.22,0.0,confirmed,2023-10-16 00:00:00,2023-05-01 15:00:00,2023-05-01 15:00:00
119f9d79-005e-48b8-91b5-57ab97828a90,57,2023-09-05 00:00:00,10,1650.0,130,198.0,165.0,cancelled,2024-02-12 00:00:00,2023-09-04 20:00:00,2023-09-04 20:00:00
3d848cf5-5240-4398-8543-7d8bb4863ac2,207,2024-06-29 00:00:00,14,1596.0,118,191.52,0.0,confirmed,2024-11-29 00:00:00,2024-06-28 10:00:00,2024-06-28 10:00:00
3d21b2fd-2a42-4a85-b799-4c8d91735f52,392,2023-12-18 00:00:00,8,896.0,62,107.52,0.0,confirmed,2024-04-11 00:00:00,2023-12-17 20:00:00,2023-12-17 20:00:00
c82e88cb-365f-455a-8043-0b17aa7fe060,93,2024-05-05 00:00:00,1,166.25,82,19.95,0.0,confirmed,2024-10-30 00:00:00,2024-05-04 18:00:00,2024-05-04 18:00:00
7b318834-b892-46d4-a462-cf372551bf61,290,2023-06-16 00:00:00,8,1120.0,96,134.4,112.0,cancelled,2023-09-25 00:00:00,2023-06-15 08:00:00,2023-06-15 08:00:00
d82dec2d-cde1-4eab-a5bf-a86fe06e00e6,471,2024-03-05 00:00:00,7,3689.0,76,442.68,368.9,cancelled,2024-08-13 00:00:00,2024-03-04 02:00:00,2024-03-04 02:00:00
3d388588-eb26-467e-9e52-99f534a4d391,307,2023-12-27 00:00:00,4,784.0,102,94.08,0.0,confirmed,2024-04-05 00:00:00,2023-12-26 19:00:00,2023-12-26 19:00:00
a11ad925-72b0-438c-a3b6-da961a569d69,378,2023-08-15 00:00:00,4,896.0,118,107.52,0.0,confirmed,2023-08-19 00:00:00,2023-08-14 04:00:00,2023-08-14 04:00:00
89ca920f-4281-4386-aabb-58270176bbe8,34,2024-01-25 00:00:00,3,684.0,113,82.08,68.4,cancelled,2024-04-20 00:00:00,2024-01-24 23:00:00,2024-01-24 23:00:00
5b31bc90-07b6-4bc4-a068-7e98b5dba053,333,2024-08-23 00:00:00,10,3220.0,62,386.4,322.0,cancelled,2024-12-27 00:00:00,2024-08-22 05:00:00,2024-08-22 05:00:00
486c9e60-ccf3-454a-a945-f0ee8de0d6ce,400,2024-06-11 00:00:00,6,808.5,123,97.02,80.85,cancelled,2024-10-28 00:00:00,2024-06-10 03:00:00,2024-06-10 03:00:00
5b4fe1dc-e002-449f-a036-bdaab5d1862e,81,2023-12-18 00:00:00,10,1430.0,110,171.6,0.0,confirmed,2024-03-11 00:00:00,2023-12-17 08:00:00,2023-12-17 08:00:00
887365f6-5a99-4ea6-b1cb-3b1fcbb56328,138,2024-05-08 00:00:00,6,767.28,119,92.07,0.0,confirmed,2024-06-03 00:00:00,2024-05-07 18:00:00,2024-05-07 18:00:00
fedc36d2-1538-4992-a2cf-d37466ce3207,72,2023-11-20 00:00:00,3,810.0,118,97.2,81.0,cancelled,2024-01-28 00:00:00,2023-11-19 21:00:00,2023-11-19 21:00:00
cbe961e7-a84a-4db5-971d-c87a104b0ecf,345,2023-07-14 00:00:00,11,1232.0,82,147.84,0.0,confirmed,2023-09-14 00:00:00,2023-07-13 18:00:00,2023-07-21 18:00:00
3bdccdfb-c219-4872-9b8c-95b738447291,471,2023-09-06 00:00:00,6,3162.0,74,379.44,0.0,confirmed,2023-10-06 00:00:00,2023-09-05 17:00:00,2023-09-05 17:00:00
716ef768-6706-410e-8d26-657a7bf03803,41,2023-06-08 00:00:00,6,484.5,95,58.14,48.45,cancelled,2023-10-14 00:00:00,2023-06-07 15:00:00,2023-06-07 15:00:00
a120d805-91dd-45b1-8976-3b8f0c5e0a58,98,2024-03-31 00:00:00,9,1660.5,126,199.26,0.0,confirmed,2024-04-20 00:00:00,2024-03-30 14:00:00,2024-03-30 14:00:00
c27ca213-2308-4f61-8204-b6afcb6010c1,447,2023-10-03 00:00:00,11,3366.0,116,403.92,0.0,confirmed,2024-03-23 00:00:00,2023-10-02 18:00:00,2023-10-02 18:00:00
aede3d48-d0e1-4a5a-8e9d-436e8dcef924,289,2023-10-17 00:00:00,8,2442.0,85,293.04,244.2,cancelled,2023-12-31 00:00:00,2023-10-16 03:00:00,2023-10-25 03:00:00
e9f024d1-b33a-4b5a-912e-7400d9b8116b,330,2024-04-01 00:00:00,1,434.0,99,52.08,0.0,confirmed,2024-06-02 00:00:00,2024-03-31 20:00:00,2024-03-31 20:00:00
fae17afb-e37e-4d8c-9568-543e1b1653e5,483,2023-07-19 00:00:00,7,500.5,59,60.06,50.05,cancelled,2024-01-07 00:00:00,2023-07-18 11:00:00,2023-07-18 11:00:00
517a158e-e379-4c74-a941-92235ae24ac5,325,2023-04-10 00:00:00,4,1152.0,111,138.24,0.0,confirmed,2023-09-11 00:00:00,2023-04-09 16:00:00,2023-04-09 16:00:00
f0779527-ce65-4732-a611-49dce3626116,250,2024-02-23 00:00:00,6,1632.0,112,195.84,0.0,confirmed,2024-03-15 00:00:00,2024-02-22 11:00:00,2024-03-03 11:00:00
c6b76e22-c1b3-4fa6-8b0b-9c61efba44d5,44,2023-05-06 00:00:00,9,594.0,147,71.28,0.0,confirmed,2023-06-24 00:00:00,2023-05-05 19:00:00,2023-05-05 19:00:00
b091b579-e08b-4e62-8a82-447cc121212a,472,2023-10-08 00:00:00,11,8096.0,83,971.52,0.0,confirmed,2024-01-04 00:00:00,2023-10-07 17:00:00,2023-10-07 17:00:00
df6bf9c8-d01c-464f-a4da-d41fbbf15983,388,2023-08-25 00:00:00,3,510.0,46,61.2,51.0,cancelled,2024-01-25 00:00:00,2023-08-24 04:00:00,2023-08-24 04:00:00
ab9a2c48-c867-4ddd-a738-d6650e909618,453,2024-04-14 00:00:00,12,3240.0,66,388.8,324.0,cancelled,2024-09-01 00:00:00,2024-04-13 10:00:00,2024-04-13 10:00:00
8a52b4cd-e471-41ac-9a9f-3c8dc82a8405,310,2023-12-03 00:00:00,8,1056.0,94,126.72,105.6,cancelled,2024-03-23 00:00:00,2023-12-02 13:00:00,2023-12-02 13:00:00
10e76874-9195-4ea9-8929-20750367d346,295,2024-07-04 00:00:00,2,140.0,129,16.8,0.0,confirmed,2024-08-02 00:00:00,2024-07-03 17:00:00,2024-07-03 17:00:00
8c7e174b-3d05-4215-ab71-10b4153faecb,451,2024-06-02 00:00:00,9,4914.0,84,589.68,0.0,confirmed,2024-08-01 00:00:00,2024-06-01 14:00:00,2024-06-11 14:00:00
a77bcbbb-351e-4643-963a-6dd3e76c49d2,315,2023-08-25 00:00:00,3,1872.0,89,224.64,187.2,cancelled,2024-01-06 00:00:00,2023-08-24 02:00:00,2023-08-24 02:00:00
419978fd-3fde-4b8e-a7ca-4a87ef87636b,387,2023-11-30 00:00:00,6,684.0,119,82.08,0.0,confirmed,2024-01-21 00:00:00,2023-11-29 18:00:00,2023-11-29 18:00:00
1819c02c-b043-4c29-aded-c83dcf6c2bad,209,2023-05-12 00:00:00,8,1088.96,122,130.68,0.0,confirmed,2023-10-09 00:00:00,2023-05-11 00:00:00,2023-05-11 00:00:00
0209d7f9-736c-4df3-a30a-b3d7765e9d65,432,2024-01-06 00:00:00,2,448.0,106,53.76,0.0,confirmed,2024-01-19 00:00:00,2024-01-05 14:00:00,2024-01-05 14:00:00
ca77781e-13bc-4ee1-9acf-db15eb2abcc5,335,2023-09-27 00:00:00,3,484.5,102,58.14,0.0,confirmed,2023-11-17 00:00:00,2023-09-26 15:00:00,2023-09-26 15:00:00
9ed27185-b76f-43f1-8b4e-54fff9c8bbc6,298,2023-08-25 00:00:00,2,644.0,95,77.28,64.4,cancelled,2024-01-05 00:00:00,2023-08-24 16:00:00,2023-08-31 16:00:00
69a749f5-0b5d-43ed-81bd-3da94834e62c,68,2024-03-16 00:00:00,7,924.0,70,110.88,92.4,cancelled,2024-07-08 00:00:00,2024-03-15 17:00:00,2024-03-15 17:00:00
d574c56d-7e9e-433e-9af2-1d5e2e061e74,375,2024-01-16 00:00:00,5,577.5,77,69.3,0.0,confirmed,2024-07-05 00:00:00,2024-01-15 20:00:00,2024-01-15 20:00:00
5df0f488-188e-41cf-acb8-e174a26a0345,211,2023-12-07 00:00:00,3,600.0,43,72.0,0.0,confirmed,2024-05-22 00:00:00,2023-12-06 10:00:00,2023-12-08 10:00:00
fdcc6d2d-777f-4394-9ac1-ee85380f3322,178,2024-07-15 00:00:00,2,416.5,59,49.98,0.0,confirmed,2024-12-16 00:00:00,2024-07-14 22:00:00,2024-07-14 22:00:00
7a87b04e-40b0-4140-9c97-f975e91f0089,310,2023-12-02 00:00:00,5,660.0,89,79.2,0.0,confirmed,2023-12-17 00:00:00,2023-12-01 13:00:00,2023-12-01 13:00:00
ef097acc-75ac-4237-a895-82d38227d5bb,62,2023-09-02 00:00:00,2,224.0,146,26.88,0.0,confirmed,2023-10-05 00:00:00,2023-09-01 16:00:00,2023-09-01 16:00:00
165ed25b-9435-4042-87e1-5e3575d1a4d5,385,2024-03-23 00:00:00,14,3136.0,102,376.32,313.6,cancelled,2024-08-10 00:00:00,2024-03-22 21:00:00,2024-03-22 21:00:00
499c661d-e2b8-44e7-8b1b-c53cce0ecd5c,93,2024-02-06 00:00:00,10,1662.5,87,199.5,166.25,cancelled,2024-07-02 00:00:00,2024-02-05 17:00:00,2024-02-13 17:00:00
bc0ba86b-5d7a-4900-834c-fca8730b0954,245,2024-02-07 00:00:00,4,756.0,100,90.72,75.6,cancelled,2024-07-12 00:00:00,2024-02-06 14:00:00,2024-02-06 14:00:00
35d94360-6f0b-4dc6-ab82-ebb97108ed7c,268,2023-11-20 00:00:00,2,418.0,49,50.16,41.8,cancelled,2024-01-15 00:00:00,2023-11-19 20:00:00,2023-11-19 20:00:00
d8b7d5c0-f710-49c2-9cb8-54406b2c52f4,358,2024-06-11 00:00:00,4,480.0,85,57.6,48.0,cancelled,2024-10-10 00:00:00,2024-06-10 01:00:00,2024-06-10 01:00:00
8516de00-4511-4063-b1a0-dca153644df9,231,2023-11-26 00:00:00,5,763.1,73,91.57,76.31,cancelled,2024-02-10 00:00:00,2023-11-25 17:00:00,2023-11-25 17:00:00
d9450ed6-e640-41bb-aa3b-81ee5bf8902e,253,2023-05-12 00:00:00,5,962.5,115,115.5,0.0,confirmed,2023-06-03 00:00:00,2023-05-11 18:00:00,2023-05-11 18:00:00
39e5e6c6-cbb7-4034-8ce7-b283fe297c68,389,2023-05-18 00:00:00,13,2252.25,131,270.27,0.0,confirmed,2023-11-07 00:00:00,2023-05-17 19:00:00,2023-05-17 19:00:00
066860ea-c48e-44aa-8048-7b63d764deae,169,2024-03-16 00:00:00,2,416.0,128,49.92,41.6,cancelled,2024-07-28 00:00:00,2024-03-15 17:00:00,2024-03-15 17:00:00
ffaae6a9-e8b0-4251-a0b0-b16037fda18e,97,2023-02-25 00:00:00,5,831.25,49,99.75,0.0,confirmed,2023-05-24 00:00:00,2023-02-24 16:00:00,2023-02-24 16:00:00
e16efb71-0f3f-409a-9a0f-3ee322fef1c0,418,2024-04-19 00:00:00,2,600.0,101,72.0,60.0,cancelled,2024-10-06 00:00:00,2024-04-18 14:00:00,2024-04-18 14:00:00
b21dc1af-fc68-4169-8209-96bb4ab3d09d,260,2023-08-14 00:00:00,1,133.0,132,15.96,13.3,cancelled,2023-10-13 00:00:00,2023-08-13 08:00:00,2023-08-13 08:00:00
1952b7b8-7c29-415d-8d79-8d05e943b2df,261,2023-12-24 00:00:00,6,1560.0,67,187.2,156.0,cancelled,2024-03-23 00:00:00,2023-12-23 14:00:00,2023-12-23 14:00:00
ad6ce2c9-7756-491f-b90c-759fb7c1a17c,160,2023-07-12 00:00:00,7,1309.0,81,157.08,0.0,confirmed,2023-12-10 00:00:00,2023-07-11 06:00:00,2023-07-11 06:00:00
89f30894-11c6-40a2-9686-12f49b8d76d4,98,2024-03-23 00:00:00,13,2398.5,102,287.82,0.0,confirmed,2024-06-15 00:00:00,2024-03-22 04:00:00,2024-03-22 04:00:00
a563e3e5-f5c0-4b3d-83a7-84b6ff6144b3,255,2023-10-10 00:00:00,10,1980.0,70,237.6,0.0,confirmed,2023-12-15 00:00:00,2023-10-09 19:00:00,2023-10-09 19:00:00
86f56a02-de63-4d74-8ae6-d903419b8a1b,112,2023-11-18 00:00:00,1,396.0,82,47.52,39.6,cancelled,2024-01-22 00:00:00,2023-11-17 19:00:00,2023-11-17 19:00:00
5616f63f-dbc8-4666-9d63-814ed1767dc0,454,2024-04-29 00:00:00,1,208.0,146,24.96,0.0,confirmed,2024-07-10 00:00:00,2024-04-28 17:00:00,2024-04-28 17:00:00
e3bfd4db-2b83-447e-93c9-d56682be32f2,260,2023-05-07 00:00:00,4,532.0,123,63.84,0.0,confirmed,2023-05-12 00:00:00,2023-05-06 03:00:00,2023-05-06 03:00:00
7718adcf-d58d-45da-94de-5541d206dbe6,158,2024-01-23 00:00:00,7,1424.5,141,170.94,142.45,cancelled,2024-06-15 00:00:00,2024-01-22 22:00:00,2024-01-22 22:00:00
9461ccf5-e69b-4c9f-a7a7-248e33dbb39d,27,2024-04-05 00:00:00,1,372.0,136,44.64,37.2,cancelled,2024-07-19 00:00:00,2024-04-04 07:00:00,2024-04-04 07:00:00
9f3321dc-7fb7-4622-8722-0b43b24c4e5e,178,2023-12-24 00:00:00,13,2707.25,145,324.87,270.73,cancelled,2024-05-23 00:00:00,2023-12-23 11:00:00,2023-12-23 11:00:00
7a9cce1a-3c29-4806-8cc1-4f4d92f05c70,158,2023-08-13 00:00:00,9,1831.5,81,219.78,0.0,confirmed,2024-02-05 00:00:00,2023-08-12 23:00:00,2023-08-12 23:00:00
c708fd2c-fa06-4be5-9a60-4e819ca77c4d,432,2024-04-17 00:00:00,7,1568.0,59,188.16,0.0,confirmed,2024-07-20 00:00:00,2024-04-16 18:00:00,2024-04-16 18:00:00
59a667c8-05b2-4a21-9c69-e3598f57c208,121,2023-08-08 00:00:00,10,950.0,72,114.0,95.0,cancelled,2024-01-30 00:00:00,2023-08-07 13:00:00,2023-08-10 13:00:00
855b823d-0d1a-44ab-b5ba-555b2e1f88b2,55,2023-12-15 00:00:00,7,1085.0,78,130.2,0.0,confirmed,2024-05-06 00:00:00,2023-12-14 13:00:00,2023-12-14 13:00:00
ad6b681c-a5dc-4ed4-a99c-e2ba71d69d35,187,2023-10-02 00:00:00,8,3588.0,62,430.56,358.8,cancelled,2024-03-29 00:00:00,2023-10-01 09:00:00,2023-10-01 09:00:00
8495cbd5-67c8-43e7-b76e-1517c5639645,17,2023-09-22 00:00:00,13,3536.0,86,424.32,353.6,cancelled,2024-02-18 00:00:00,2023-09-21 04:00:00,2023-09-21 04:00:00
26a91ff8-0257-419f-8b6d-6b6029ac8f3a,351,2024-04-13 00:00:00,10,2310.0,85,277.2,231.0,cancelled,2024-10-09 00:00:00,2024-04-12 02:00:00,2024-04-20 02:00:00
401a62f5-196e-4be0-ba0a-16de86dddba8,10,2024-04-05 00:00:00,2,768.0,112,92.16,0.0,confirmed,2024-07-27 00:00:00,2024-04-04 07:00:00,2024-04-04 07:00:00
6e7109b1-7ef0-43f0-b0c4-754918c9510b,151,2024-09-14 00:00:00,11,3157.0,79,378.84,315.7,cancelled,2025-02-23 00:00:00,2024-09-13 18:00:00,2024-09-18 18:00:00
2d29ee33-d5dd-41c3-a3b9-bc4c2a283112,13,2023-06-09 00:00:00,8,1792.0,117,215.04,179.2,cancelled,2023-10-07 00:00:00,2023-06-08 08:00:00,2023-06-08 08:00:00
d9791f4f-bb82-4245-be2e-18ccdab3d538,108,2024-07-31 00:00:00,13,589.94,69,70.79,0.0,confirmed,2024-09-29 00:00:00,2024-07-30 09:00:00,2024-07-30 09:00:00
f0996960-e879-4b9a-8962-1e3b6bea689b,192,2023-03-15 00:00:00,2,308.0,149,36.96,30.8,cancelled,2023-04-28 00:00:00,2023-03-14 14:00:00,2023-03-14 14:00:00
bd8a9385-4a7b-488e-b261-7af160fb0d82,407,2023-01-08 00:00:00,5,550.0,118,66.0,0.0,confirmed,2023-01-21 00:00:00,2023-01-07 01:00:00,2023-01-07 01:00:00
1e7884b5-8d94-412f-9752-54503cc741a5,319,2024-04-12 00:00:00,10,1361.2,150,163.34,0.0,confirmed,2024-05-23 00:00:00,2024-04-11 21:00:00,2024-04-11 21:00:00
3fe21203-dc75-41f8-9c89-8a9964cc34b1,172,2023-10-11 00:00:00,11,1089.0,82,130.68,0.0,confirmed,2024-02-07 00:00:00,2023-10-10 16:00:00,2023-10-10 16:00:00
d653fd21-62a0-491a-846e-ecc298dd96e4,175,2023-05-04 00:00:00,3,285.0,56,34.2,0.0,confirmed,2023-05-25 00:00:00,2023-05-03 10:00:00,2023-05-03 10:00:00
fb3c8c5b-3520-4419-b7a9-22c2cd6bc41f,173,2024-07-17 00:00:00,7,2604.0,103,312.48,0.0,confirmed,2024-12-31 00:00:00,2024-07-16 01:00:00,2024-07-16 01:00:00
86ef6c39-3c88-4089-bcc5-25f8ffe2da82,224,2023-09-27 00:00:00,5,522.5,53,62.7,0.0,confirmed,2024-02-06 00:00:00,2023-09-26 04:00:00,2023-09-26 04:00:00
f5568e08-2a68-447d-adf8-e3cae9c9f820,453,2024-06-22 00:00:00,11,2970.0,49,356.4,0.0,confirmed,2024-11-26 00:00:00,2024-06-21 11:00:00,2024-06-23 11:00:00
d7d1db25-fc36-477c-bf43-8ca01f1c85c0,388,2023-11-22 00:00:00,13,2210.0,136,265.2,0.0,confirmed,2024-02-21 00:00:00,2023-11-21 06:00:00,2023-11-21 06:00:00
10daac3e-79fc-4892-96ab-c12426e9a071,337,2024-02-03 00:00:00,6,2700.0,95,324.0,0.0,confirmed,2024-05-08 00:00:00,2024-02-02 09:00:00,2024-02-02 09:00:00
971a270e-5bd5-40d4-b8e7-21822677f296,93,2024-01-01 00:00:00,10,1662.5,136,199.5,0.0,confirmed,2024-01-15 00:00:00,2023-12-31 15:00:00,2023-12-31 15:00:00
58c4389f-f837-4a20-bc07-e8b23a458806,152,2023-05-16 00:00:00,4,1620.0,145,194.4,0.0,confirmed,2023-07-22 00:00:00,2023-05-15 13:00:00,2023-05-19 13:00:00
4eb3d64f-b665-46ad-a1ae-0c4aa83691f7,448,2023-06-17 00:00:00,8,1064.0,130,127.68,0.0,confirmed,2023-07-25 00:00:00,2023-06-16 13:00:00,2023-06-16 13:00:00
aca71f8e-48af-4358-b8e6-ec8a152660a6,411,2024-03-29 00:00:00,11,1149.5,76,137.94,114.95,cancelled,2024-09-23 00:00:00,2024-03-28 16:00:00,2024-04-01 16:00:00
e33c3e19-b779-4d01-ab72-b48a3fe3edd5,144,2023-12-07 00:00:00,9,1260.0,87,151.2,126.0,cancelled,2024-02-12 00:00:00,2023-12-06 21:00:00,2023-12-06 21:00:00
f5cffc74-5f9f-4f3f-b6a1-d74f1e764bbc,76,2024-03-08 00:00:00,4,476.0,58,57.12,0.0,confirmed,2024-04-14 00:00:00,2024-03-07 16:00:00,2024-03-14 16:00:00
6ff96fa6-71eb-40bc-8a9d-d153cc376f6b,354,2023-10-16 00:00:00,2,980.0,136,117.6,0.0,confirmed,2023-11-12 00:00:00,2023-10-15 18:00:00,2023-10-15 18:00:00
88500292-24af-4097-bb5e-6a1acc9674df,432,2024-06-07 00:00:00,11,2464.0,138,295.68,0.0,confirmed,2024-08-22 00:00:00,2024-06-06 14:00:00,2024-06-06 14:00:00
043fa2a0-308b-4015-af20-b42062b20248,498,2024-04-29 00:00:00,9,1260.0,41,151.2,0.0,confirmed,2024-08-16 00:00:00,2024-04-28 13:00:00,2024-04-28 13:00:00
73d66b64-db7a-46ac-938c-70db089fd626,373,2024-01-25 00:00:00,5,980.0,59,117.6,98.0,cancelled,2024-07-12 00:00:00,2024-01-24 18:00:00,2024-01-24 18:00:00
53977255-57c3-4f69-aaa9-0efa2ad16bda,163,2023-01-14 00:00:00,13,8970.0,98,1076.4,0.0,confirmed,2023-02-27 00:00:00,2023-01-13 06:00:00,2023-01-13 06:00:00
dc401618-8394-453e-a3f5-b9a75879d8bd,470,2024-06-16 00:00:00,13,3289.0,53,394.68,328.9,cancelled,2024-11-14 00:00:00,2024-06-15 02:00:00,2024-06-15 02:00:00
9a2230bb-d4f7-4a36-b030-0ee4d0c2a89e,287,2024-01-07 00:00:00,7,630.0,59,75.6,0.0,confirmed,2024-06-04 00:00:00,2024-01-06 09:00:00,2024-01-06 09:00:00
181ed26b-edd4-41a7-900b-c82afe2cc292,498,2024-08-14 00:00:00,11,1540.0,132,184.8,154.0,cancelled,2024-08-23 00:00:00,2024-08-13 15:00:00,2024-08-13 15:00:00
9aa1b2d3-1288-4904-9b92-4e236bd761d5,265,2023-10-14 00:00:00,2,660.0,116,79.2,66.0,cancelled,2023-11-13 00:00:00,2023-10-13 15:00:00,2023-10-13 15:00:00
3125fb78-27d9-487f-978c-5f97d54c2e29,40,2023-12-26 00:00:00,6,1188.0,63,142.56,0.0,confirmed,2024-02-05 00:00:00,2023-12-25 10:00:00,2023-12-25 10:00:00
7cce13d3-79bc-406d-9548-e717da6ddb53,171,2023-03-10 00:00:00,8,440.0,113,52.8,44.0,cancelled,2023-08-16 00:00:00,2023-03-09 04:00:00,2023-03-13 04:00:00
afa03e63-902d-470f-92a6-ae911ffc658e,119,2023-11-12 00:00:00,8,952.0,136,114.24,95.2,cancelled,2024-03-20 00:00:00,2023-11-11 18:00:00,2023-11-11 18:00:00
f783646e-767e-4f28-9880-eee3eeffb236,262,2023-01-31 00:00:00,11,6468.0,107,776.16,0.0,confirmed,2023-04-26 00:00:00,2023-01-30 10:00:00,2023-01-30 10:00:00
1b56091f-8c43-49f4-840a-03675627740e,303,2023-12-16 00:00:00,10,1520.0,148,182.4,152.0,cancelled,2024-04-11 00:00:00,2023-12-15 04:00:00,2023-12-22 04:00:00
36cc2c71-0a5b-4eba-9cf9-4243c9245eba,298,2023-09-21 00:00:00,4,1288.0,54,154.56,0.0,confirmed,2024-02-13 00:00:00,2023-09-20 13:00:00,2023-09-20 13:00:00
77b60f99-fb86-43c2-ad7d-4a29d028017c,160,2023-10-30 00:00:00,13,2431.0,67,291.72,243.1,cancelled,2024-04-22 00:00:00,2023-10-29 16:00:00,2023-10-29 16:00:00
5c99d862-dc5d-491a-8de0-84cef09d239b,248,2023-08-22 00:00:00,5,1500.0,81,180.0,150.0,cancelled,2023-10-24 00:00:00,2023-08-21 13:00:00,2023-08-21 13:00:00
461bd89e-e624-4427-bff6-39f193506565,423,2023-09-27 00:00:00,7,1470.0,81,176.4,0.0,confirmed,2023-10-05 00:00:00,2023-09-26 13:00:00,2023-10-01 13:00:00
a1e1abfe-0337-473d-93aa-1f66ef1577d8,450,2023-08-27 00:00:00,10,1320.0,99,158.4,0.0,confirmed,2023-10-12 00:00:00,2023-08-26 07:00:00,2023-08-26 07:00:00
d9ea4927-f22a-4a3f-bf5c-827946dce7fc,428,2024-06-05 00:00:00,8,3024.0,48,362.88,302.4,cancelled,2024-11-29 00:00:00,2024-06-04 08:00:00,2024-06-04 08:00:00
cc1fbb54-86e0-47e3-a986-c9c7e9628f0a,251,2024-03-08 00:00:00,12,2277.0,133,273.24,0.0,confirmed,2024-08-11 00:00:00,2024-03-07 11:00:00,2024-03-07 11:00:00
b656512d-a7f9-4a74-821b-2791f9014dd1,23,2023-12-28 00:00:00,14,1666.0,60,199.92,166.6,cancelled,2024-03-26 00:00:00,2023-12-27 03:00:00,2023-12-27 03:00:00
1b379d91-3754-4017-b1f2-db1cd01b1d09,330,2024-03-05 00:00:00,3,1302.0,93,156.24,130.2,cancelled,2024-05-18 00:00:00,2024-03-04 16:00:00,2024-03-08 16:00:00
cd184fd6-1ed6-4f81-a338-fca81a161055,292,2023-07-08 00:00:00,11,6930.0,61,831.6,0.0,confirmed,2023-12-19 00:00:00,2023-07-07 20:00:00,2023-07-07 20:00:00
2da3eac8-178e-4900-8194-3c43e6c990d3,346,2023-11-18 00:00:00,1,160.0,103,19.2,0.0,confirmed,2023-12-26 00:00:00,2023-11-17 19:00:00,2023-11-17 19:00:00
4a04ed8e-28df-43fc-a38f-fca8611ec489,201,2024-01-10 00:00:00,9,2016.0,53,241.92,0.0,confirmed,2024-05-09 00:00:00,2024-01-09 12:00:00,2024-01-09 12:00:00
5bf951e4-fc3a-4302-be49-c8eedf81c990,494,2024-03-21 00:00:00,7,2128.0,86,255.36,0.0,confirmed,2024-05-18 00:00:00,2024-03-20 23:00:00,2024-03-20 23:00:00
da97a5b5-31ee-473c-9b2e-58c81b5f6ef8,291,2023-12-16 00:00:00,5,595.0,63,71.4,0.0,confirmed,2023-12-25 00:00:00,2023-12-15 23:00:00,2023-12-21 23:00:00
23e2597c-7a70-428a-967f-d0b860ff4fe8,456,2023-11-15 00:00:00,5,2357.5,92,282.9,0.0,confirmed,2024-02-19 00:00:00,2023-11-14 18:00:00,2023-11-17 18:00:00
8c8bfa90-00cd-43f2-a956-33632030916b,464,2023-02-13 00:00:00,2,320.0,52,38.4,32.0,cancelled,2023-06-11 00:00:00,2023-02-12 01:00:00,2023-02-12 01:00:00
0cf67be9-e164-46a0-a16a-1f76783f4946,133,2023-09-27 00:00:00,2,858.0,123,102.96,0.0,confirmed,2024-01-16 00:00:00,2023-09-26 23:00:00,2023-09-30 23:00:00
59e5dc6f-4a74-4eba-a0bb-2f62f758b7dd,106,2024-01-01 00:00:00,7,519.75,84,62.37,0.0,confirmed,2024-01-22 00:00:00,2023-12-31 22:00:00,2023-12-31 22:00:00
67012d6d-2283-441f-8f64-7bb8c2e0f763,197,2024-05-31 00:00:00,11,3448.5,115,413.82,0.0,confirmed,2024-10-03 00:00:00,2024-05-30 15:00:00,2024-05-30 15:00:00
6de55d1d-8405-44e7-84c9-9c104faa87f4,37,2023-05-03 00:00:00,10,2940.0,77,352.8,0.0,confirmed,2023-06-26 00:00:00,2023-05-02 06:00:00,2023-05-02 06:00:00
9c123e02-0e1b-40ea-bb31-9cf3eaeb6325,122,2024-09-12 00:00:00,6,2340.0,86,280.8,234.0,cancelled,2025-01-10 00:00:00,2024-09-11 13:00:00,2024-09-11 13:00:00
d115419f-f17a-4f1f-b713-c40ac579b4d6,317,2024-06-11 00:00:00,7,1372.0,95,164.64,0.0,confirmed,2024-06-24 00:00:00,2024-06-10 18:00:00,2024-06-10 18:00:00
d8a9cfd7-3918-42f2-9b87-8b4e2e039292,243,2024-07-06 00:00:00,3,264.0,57,31.68,0.0,confirmed,2024-12-31 00:00:00,2024-07-05 21:00:00,2024-07-14 21:00:00
c2bf1d55-a4a9-499c-930b-21eaa0dd4fa0,209,2023-11-17 00:00:00,10,1361.2,150,163.34,0.0,confirmed,2023-12-05 00:00:00,2023-11-16 03:00:00,2023-11-16 03:00:00
fc4e60f5-8718-4986-90a5-b74e30791340,274,2024-03-12 00:00:00,13,1852.5,128,222.3,185.25,cancelled,2024-05-16 00:00:00,2024-03-11 22:00:00,2024-03-11 22:00:00
ae658c6f-e5b8-41ea-a355-e0b2d6e6423f,460,2023-12-17 00:00:00,9,4968.0,148,596.16,0.0,confirmed,2024-01-29 00:00:00,2023-12-16 19:00:00,2023-12-16 19:00:00
4a57f576-a60c-4c5f-bd94-aee3d5d653c6,39,2023-03-25 00:00:00,13,1716.0,84,205.92,0.0,confirmed,2023-06-28 00:00:00,2023-03-24 02:00:00,2023-03-24 02:00:00
a7de8db3-1a05-4d3f-b8a3-2942e8306426,297,2023-11-15 00:00:00,9,1732.5,46,207.9,173.25,cancelled,2024-04-21 00:00:00,2023-11-14 21:00:00,2023-11-20 21:00:00
a0a94ce7-303e-4486-a3dc-69326ace39bb,21,2024-04-24 00:00:00,2,589.0,93,70.68,58.9,cancelled,2024-09-19 00:00:00,2024-04-23 03:00:00,2024-04-23 03:00:00
a441692b-4d3a-4fe7-a519-e6fdaed7142c,312,2023-11-20 00:00:00,4,825.0,65,99.0,0.0,confirmed,2023-12-02 00:00:00,2023-11-19 06:00:00,2023-11-19 06:00:00
2589059f-2a3a-403e-a21d-e1adc6e1f38a,56,2023-04-07 00:00:00,6,1536.0,139,184.32,153.6,cancelled,2023-07-15 00:00:00,2023-04-06 23:00:00,2023-04-06 23:00:00
0d61decd-e10f-4d4d-acee-2b3de0276d14,137,2023-06-17 00:00:00,7,2660.0,63,319.2,266.0,cancelled,2023-12-13 00:00:00,2023-06-16 07:00:00,2023-06-18 07:00:00
78925779-ae3f-46d0-a57a-59647346e4e2,428,2024-03-24 00:00:00,13,4914.0,64,589.68,0.0,confirmed,2024-06-04 00:00:00,2024-03-23 04:00:00,2024-03-23 04:00:00
ba1965cf-32a2-4e81-841d-03ce80cac337,141,2023-11-08 00:00:00,6,742.5,144,89.1,0.0,confirmed,2024-02-25 00:00:00,2023-11-07 08:00:00,2023-11-07 08:00:00
14ed97c2-fe01-41a5-a6c2-71eb0f4dac06,148,2023-11-20 00:00:00,6,1023.0,56,122.76,0.0,confirmed,2024-01-18 00:00:00,2023-11-19 04:00:00,2023-11-19 04:00:00
3a6464bb-3df4-4e15-8536-8a00ed69b27b,299,2024-01-24 00:00:00,10,825.0,93,99.0,82.5,cancelled,2024-02-28 00:00:00,2024-01-23 06:00:00,2024-01-23 06:00:00
e7a75e0b-3b8c-425a-b058-ba13c8bba966,175,2023-02-14 00:00:00,12,1140.0,134,136.8,0.0,confirmed,2023-03-07 00:00:00,2023-02-13 21:00:00,2023-02-13 21:00:00
764ceaf5-86fd-47ca-884a-11dd2a73c652,161,2024-04-18 00:00:00,8,1840.0,120,220.8,0.0,confirmed,2024-06-08 00:00:00,2024-04-17 16:00:00,2024-04-17 16:00:00
23c410e2-132a-4d9b-b592-c6b51afad2fc,352,2024-02-12 00:00:00,5,1072.5,147,128.7,107.25,cancelled,2024-05-25 00:00:00,2024-02-11 16:00:00,2024-02-19 16:00:00
45671894-8099-4027-adeb-18807402dbe1,221,2023-09-25 00:00:00,9,2160.0,117,259.2,0.0,confirmed,2024-02-11 00:00:00,2023-09-24 21:00:00,2023-09-24 21:00:00
e80dc5e4-b000-4737-bc17-6da826906403,472,2023-10-09 00:00:00,14,10304.0,46,1236.48,0.0,confirmed,2024-03-18 00:00:00,2023-10-08 18:00:00,2023-10-08 18:00:00
b3fc7e9d-b8d4-4953-b150-8757868fc0d8,140,2024-07-17 00:00:00,14,1617.0,43,194.04,0.0,confirmed,2024-09-08 00:00:00,2024-07-16 17:00:00,2024-07-16 17:00:00
007fad35-3599-4d3c-b47f-6a2fc61d4f85,156,2023-06-20 00:00:00,4,570.0,113,68.4,0.0,confirmed,2023-07-06 00:00:00,2023-06-19 12:00:00,2023-06-22 12:00:00
c3da348b-8ab5-4735-87ec-1ebe9807c4dc,11,2024-08-24 00:00:00,10,1600.0,61,192.0,0.0,confirmed,2024-11-17 00:00:00,2024-08-23 15:00:00,2024-08-23 15:00:00
84dea147-212a-488e-b7b2-e40ffb5c9ca3,15,2023-10-12 00:00:00,4,924.0,51,110.88,0.0,confirmed,2024-02-21 00:00:00,2023-10-11 14:00:00,2023-10-11 14:00:00
cc3ae0d0-e967-4cbb-95fe-073d11cb6b6a,460,2023-11-27 00:00:00,7,3864.0,44,463.68,0.0,confirmed,2024-01-04 00:00:00,2023-11-26 03:00:00,2023-11-26 03:00:00
cf4c5b8d-1183-4cbc-a619-2d6fb3c02d1d,165,2023-10-29 00:00:00,9,2016.0,62,241.92,201.6,cancelled,2024-03-04 00:00:00,2023-10-28 06:00:00,2023-10-28 06:00:00
c2b85e6f-b84f-4039-b380-b480161f9a8f,446,2023-07-21 00:00:00,8,1274.0,96,152.88,0.0,confirmed,2023-08-31 00:00:00,2023-07-20 04:00:00,2023-07-20 04:00:00
196ada40-2623-429c-b7c2-22fc6b33a0c9,44,2023-05-03 00:00:00,3,198.0,107,23.76,19.8,cancelled,2023-07-15 00:00:00,2023-05-02 13:00:00,2023-05-02 13:00:00
57eadd0c-e557-44b4-a4d0-33ca637f8de6,105,2023-12-16 00:00:00,14,1078.0,55,129.36,0.0,confirmed,2024-01-26 00:00:00,2023-12-15 00:00:00,2023-12-15 00:00:00
4059b0d4-9189-41a1-9b7a-cd8aa3534c1d,42,2023-09-22 00:00:00,11,2524.5,57,302.94,0.0,confirmed,2023-11-18 00:00:00,2023-09-21 18:00:00,2023-09-21 18:00:00
7c63dbe4-5001-4318-b379-91bece3f9c48,229,2023-04-23 00:00:00,2,407.0,45,48.84,0.0,confirmed,2023-09-22 00:00:00,2023-04-22 04:00:00,2023-04-22 04:00:00
ea28e29d-c752-4bcf-8ad8-ac396f1958f7,66,2023-09-21 00:00:00,8,2720.0,114,326.4,272.0,cancelled,2024-01-04 00:00:00,2023-09-20 07:00:00,2023-09-20 07:00:00
8fa4f100-09ba-4141-9bf5-004bd7a2c891,50,2024-07-22 00:00:00,3,630.0,73,75.6,63.0,cancelled,2024-12-09 00:00:00,2024-07-21 06:00:00,2024-07-21 06:00:00
dd946099-e767-4702-a949-3faba1f3e015,28,2023-12-10 00:00:00,10,2240.0,102,268.8,224.0,cancelled,2024-03-30 00:00:00,2023-12-09 05:00:00,2023-12-09 05:00:00
f0e93889-4289-489e-841e-f0d51ca0ddfe,304,2024-04-07 00:00:00,9,990.0,118,118.8,99.0,cancelled,2024-08-22 00:00:00,2024-04-06 10:00:00,2024-04-15 10:00:00
c645fc01-66db-4e1a-b15d-875039e332ee,231,2023-04-29 00:00:00,6,915.72,100,109.89,91.57,cancelled,2023-08-01 00:00:00,2023-04-28 08:00:00,2023-04-28 08:00:00
e48b9a27-3a52-466a-b72a-456761df8873,9,2023-05-07 00:00:00,10,770.0,56,92.4,77.0,cancelled,2023-08-10 00:00:00,2023-05-06 19:00:00,2023-05-06 19:00:00
4ab7173f-8f9a-48a0-905d-ee47d5ce8e51,337,2024-05-05 00:00:00,13,5850.0,116,702.0,0.0,confirmed,2024-07-01 00:00:00,2024-05-04 21:00:00,2024-05-04 21:00:00
beb06ae2-378c-43bb-8f4d-7da11d5c154a,332,2023-03-19 00:00:00,7,616.0,114,73.92,61.6,cancelled,2023-05-19 00:00:00,2023-03-18 05:00:00,2023-03-18 05:00:00
e6b54ba8-1e11-4f67-9e7a-a6565ead3ae8,293,2023-10-06 00:00:00,10,2945.0,141,353.4,294.5,cancelled,2024-02-22 00:00:00,2023-10-05 00:00:00,2023-10-05 00:00:00
a30f35e2-0b2b-42ff-937e-0bf971dd4c7e,495,2023-12-31 00:00:00,12,1800.0,136,216.0,0.0,confirmed,2024-02-09 00:00:00,2023-12-30 21:00:00,2023-12-30 21:00:00
efb73f54-1626-4bcf-a7e7-965f44547d47,278,2023-03-28 00:00:00,14,2156.0,83,258.72,0.0,confirmed,2023-04-26 00:00:00,2023-03-27 13:00:00,2023-03-27 13:00:00
6084f2e7-a9bb-4d09-a8b4-ea138c3ea58f,208,2024-05-31 00:00:00,2,798.0,130,95.76,79.8,cancelled,2024-07-20 00:00:00,2024-05-30 09:00:00,2024-05-30 09:00:00
97381848-6a2e-4ae8-bd93-628e616c7a0d,43,2024-03-15 00:00:00,4,264.0,101,31.68,0.0,confirmed,2024-08-27 00:00:00,2024-03-14 19:00:00,2024-03-14 19:00:00
5f4af404-08b3-426d-92e7-14da2541c512,342,2023-08-09 00:00:00,3,270.0,64,32.4,27.0,cancelled,2023-12-13 00:00:00,2023-08-08 23:00:00,2023-08-08 23:00:00
27d18d4f-b848-405c-adc2-f09ff21460d8,382,2023-10-24 00:00:00,10,2530.0,109,303.6,0.0,confirmed,2023-11-07 00:00:00,2023-10-23 00:00:00,2023-10-23 00:00:00
766d3f07-676d-4f73-bdba-0dcf36bc39e3,4,2024-04-01 00:00:00,7,1995.0,139,239.4,0.0,confirmed,2024-05-08 00:00:00,2024-03-31 18:00:00,2024-04-03 18:00:00
e953dc4d-1d8e-4ad8-b834-42026409284b,119,2023-09-29 00:00:00,3,357.0,41,42.84,0.0,confirmed,2024-01-09 00:00:00,2023-09-28 20:00:00,2023-09-28 20:00:00
42033a3e-1534-4c09-b11e-a7efeb898ae6,349,2023-06-12 00:00:00,12,924.0,95,110.88,0.0,confirmed,2023-07-09 00:00:00,2023-06-11 00:00:00,2023-06-11 00:00:00
9e1c6bc1-e5bf-4ad8-a96b-904e5e5eefd8,357,2024-02-10 00:00:00,2,304.0,74,36.48,30.4,cancelled,2024-05-07 00:00:00,2024-02-09 15:00:00,2024-02-09 15:00:00
469fcf81-8d7a-44bd-9542-3c4ac9e67cfe,109,2024-02-12 00:00:00,1,630.0,126,75.6,0.0,confirmed,2024-02-17 00:00:00,2024-02-11 19:00:00,2024-02-11 19:00:00
79a690e0-a3ef-4989-9e6b-2f2d8bbf6841,251,2024-01-02 00:00:00,10,1897.5,117,227.7,189.75,cancelled,2024-03-25 00:00:00,2024-01-01 08:00:00,2024-01-01 08:00:00
35e00c2e-c29e-4b32-ae29-7a76ebfb6c11,484,2024-01-04 00:00:00,7,1365.0,118,163.8,136.5,cancelled,2024-06-19 00:00:00,2024-01-03 04:00:00,2024-01-03 04:00:00
02b97ae3-b57c-4d8b-8d97-9e4c46172133,366,2023-10-10 00:00:00,5,805.0,104,96.6,0.0,confirmed,2024-02-15 00:00:00,2023-10-09 03:00:00,2023-10-09 03:00:00
db1c21da-2332-428f-b9fc-6dcfdc5c3fbe,353,2024-02-23 00:00:00,14,1309.0,49,157.08,0.0,confirmed,2024-05-22 00:00:00,2024-02-22 19:00:00,2024-02-22 19:00:00
9dc2682a-f03f-46d0-bb49-50ceacaee766,465,2023-10-21 00:00:00,2,266.0,143,31.92,0.0,confirmed,2024-02-26 00:00:00,2023-10-20 15:00:00,2023-10-20 15:00:00
82c9bfed-cb1d-4e3d-9cfc-5123545a543d,451,2024-04-11 00:00:00,4,2184.0,78,262.08,0.0,confirmed,2024-08-10 00:00:00,2024-04-10 05:00:00,2024-04-10 05:00:00
ac7077ff-d12b-4433-b76a-f25747c789a1,355,2023-12-15 00:00:00,12,3420.0,132,410.4,0.0,confirmed,2024-01-07 00:00:00,2023-12-14 23:00:00,2023-12-14 23:00:00
727ac557-326d-46c8-a579-5fd67c690576,17,2023-04-16 00:00:00,10,2720.0,68,326.4,0.0,confirmed,2023-08-25 00:00:00,2023-04-15 17:00:00,2023-04-15 17:00:00
39d99132-5f8e-4ce7-a7ff-35790c4c12f7,222,2023-12-31 00:00:00,1,230.0,62,27.6,0.0,confirmed,2024-02-01 00:00:00,2023-12-30 20:00:00,2023-12-30 20:00:00
e90b70d0-616f-4bf3-9fa6-60e15d86fa3f,210,2023-11-25 00:00:00,11,1391.5,111,166.98,139.15,cancelled,2024-03-24 00:00:00,2023-11-24 22:00:00,2023-11-24 22:00:00
a85c9ae9-ca3e-461f-ad32-253aece8dd07,451,2024-07-11 00:00:00,13,7098.0,81,851.76,0.0,confirmed,2024-07-23 00:00:00,2024-07-10 07:00:00,2024-07-10 07:00:00
afc6389f-60da-409a-b45c-e19c25395142,147,2024-05-01 00:00:00,2,209.0,130,25.08,20.9,cancelled,2024-06-17 00:00:00,2024-04-30 03:00:00,2024-04-30 03:00:00
54171e6e-e5cd-4bb7-b87b-994e5210edc5,60,2023-10-21 00:00:00,14,1848.0,83,221.76,184.8,cancelled,2024-01-26 00:00:00,2023-10-20 07:00:00,2023-10-20 07:00:00
a0cfbe7d-90cb-4ee2-8619-edfccc6e7c35,79,2023-04-18 00:00:00,6,866.28,150,103.95,0.0,confirmed,2023-04-29 00:00:00,2023-04-17 18:00:00,2023-04-17 18:00:00
93a8c117-ec9d-4d4f-8295-fdd271839593,60,2024-02-26 00:00:00,9,1188.0,41,142.56,0.0,confirmed,2024-08-13 00:00:00,2024-02-25 18:00:00,2024-02-25 18:00:00
ac72a930-d83e-429d-85bf-7198eda27121,398,2023-07-05 00:00:00,14,1904.0,82,228.48,190.4,cancelled,2023-11-11 00:00:00,2023-07-04 09:00:00,2023-07-04 09:00:00
1c5aa3ce-f6b0-4275-a16f-daed7bda4a95,103,2023-09-08 00:00:00,8,1200.0,97,144.0,120.0,cancelled,2024-02-08 00:00:00,2023-09-07 12:00:00,2023-09-13 12:00:00
