BOOKING_ID,LISTING_ID,BOOKING_DATE,NIGHTS_BOOKED,BOOKING_AMOUNT,CLEANING_FEE,SERVICE_FEE,CANCELLATION_FEE,BOOKING_STATUS,STAY_START_DATE,CREATED_AT
0bacc7b1-630a-4146-8142-17445959fb1f,172,2024-04-12 00:00:00,6,855.0,118,102.6,0.0,confirmed,2024-07-25 00:00:00,2024-04-11 16:00:00
0e2682a4-2506-4adf-8ee9-295ffc43994d,174,2023-08-11 00:00:00,12,3420.0,138,410.4,0.0,confirmed,2023-11-13 00:00:00,2023-08-10 23:00:00
2e51262c-d29f-44a0-93dc-731f8bbf4868,79,2023-11-16 00:00:00,3,280.5,43,33.66,0.0,confirmed,2023-12-02 00:00:00,2023-11-15 13:00:00
6b207f19-694f-4fb0-9932-c9a1eb91f658,269,2024-02-06 00:00:00,6,1632.0,85,195.84,0.0,confirmed,2024-05-24 00:00:00,2024-02-05 22:00:00
5e111a7f-ce5d-4d4f-aad1-ceff8e2a8fc0,5,2023-09-17 00:00:00,10,700.0,120,84.0,70.0,cancelled,2023-11-29 00:00:00,2023-09-16 22:00:00
bba35b27-c47a-472b-9177-33c5126c08ad,309,2023-07-23 00:00:00,5,1485.0,145,178.2,0.0,confirmed,2023-08-14 00:00:00,2023-07-22 17:00:00
ece23dde-abf8-4cb1-bc8e-10888701ccbb,107,2024-06-30 00:00:00,2,330.0,135,39.6,0.0,confirmed,2024-10-12 00:00:00,2024-06-29 03:00:00
98ec0ef2-d87e-486a-a4e1-205bab7d0dc1,153,2024-09-15 00:00:00,2,132.0,98,15.84,13.2,cancelled,2025-01-16 00:00:00,2024-09-14 06:00:00
d4a41c03-5add-42b2-83cb-035c1dfad205,108,2023-06-19 00:00:00,11,3069.0,75,368.28,0.0,confirmed,2023-09-03 00:00:00,2023-06-18 04:00:00
bbcac4a7-45fc-4f95-86fd-eb3d768f30b9,225,2023-11-08 00:00:00,14,4018.0,77,482.16,401.8,cancelled,2024-02-05 00:00:00,2023-11-07 06:00:00
55cae665-8423-4202-82a0-b9d3627131a7,320,2023-09-26 00:00:00,9,4464.0,81,535.68,0.0,confirmed,2024-01-22 00:00:00,2023-09-25 07:00:00
158e93e3-fef7-4033-8eb6-e85dec4711e4,71,2023-10-30 00:00:00,12,2754.0,60,330.48,0.0,confirmed,2024-02-08 00:00:00,2023-10-29 10:00:00
73cabe96-0864-4ea4-b886-c280fa3311aa,166,2024-04-26 00:00:00,13,965.25,119,115.83,96.53,cancelled,2024-08-09 00:00:00,2024-04-25 18:00:00
88420a34-ea48-45a0-9fa3-533c4e70cd74,445,2024-04-10 00:00:00,11,7326.0,143,879.12,0.0,confirmed,2024-09-10 00:00:00,2024-04-09 01:00:00
17a06cc8-be03-4465-b01d-072117b85975,75,2023-06-14 00:00:00,5,570.0,136,68.4,57.0,cancelled,2023-10-24 00:00:00,2023-06-13 21:00:00
81e8aad8-92c2-4cb0-a1ec-ac76525657ee,418,2024-02-29 00:00:00,5,1237.5,149,148.5,123.75,cancelled,2024-07-29 00:00:00,2024-02-28 15:00:00
516300ef-4324-4ef3-b295-ff0455d5283f,109,2023-08-29 00:00:00,3,300.0,53,36.0,0.0,confirmed,2023-10-22 00:00:00,2023-08-28 20:00:00
638293ad-b7ce-4b72-ba3f-4fe03f0ee11e,206,2024-01-07 00:00:00,14,2380.0,133,285.6,0.0,confirmed,2024-01-10 00:00:00,2024-01-06 08:00:00
06a65002-c075-42e8-a1cd-6b7f981da6c4,318,2023-11-29 00:00:00,7,1606.5,79,192.78,160.65,cancelled,2024-02-26 00:00:00,2023-11-28 03:00:00
186d6e99-cbf3-468b-a8a5-35179c227b60,499,2024-01-08 00:00:00,1,238.0,88,28.56,0.0,confirmed,2024-06-15 00:00:00,2024-01-07 16:00:00
c1393643-ff40-451f-95a2-de85e34b0ebb,406,2023-12-10 00:00:00,14,1232.0,83,147.84,0.0,confirmed,2024-01-18 00:00:00,2023-12-09 11:00:00
4f668a21-cade-4937-b7d8-482d4af2a8da,63,2023-12-09 00:00:00,4,1680.0,54,201.6,168.0,cancelled,2024-04-18 00:00:00,2023-12-08 23:00:00
4d200d13-3cb7-4243-a385-f789f6cba1df,457,2024-02-09 00:00:00,14,2093.0,51,251.16,0.0,confirmed,2024-03-02 00:00:00,2024-02-08 07:00:00
9a7f1183-8062-49be-9522-52376821aa91,234,2023-07-05 00:00:00,1,300.0,112,36.0,0.0,confirmed,2023-12-14 00:00:00,2023-07-04 00:00:00
3d2f497b-60e3-49c4-8878-41f89f894608,228,2024-01-24 00:00:00,14,1995.0,87,239.4,0.0,confirmed,2024-03-23 00:00:00,2024-01-23 05:00:00
0210a7a0-f6f3-4138-9820-6e12aabf9689,95,2023-10-13 00:00:00,3,792.0,87,95.04,0.0,confirmed,2023-11-05 00:00:00,2023-10-12 05:00:00
1c0a5a12-25d7-4330-970f-2b525c64b77f,194,2024-04-08 00:00:00,11,2359.5,122,283.14,235.95,cancelled,2024-07-07 00:00:00,2024-04-07 08:00:00
3ac97d5d-2ae0-404a-8eb2-e3aae62c436c,241,2024-04-04 00:00:00,6,1470.0,66,176.4,0.0,confirmed,2024-05-24 00:00:00,2024-04-03 05:00:00
9b520bde-2d6b-4821-9cef-f8e1772b522a,276,2023-12-30 00:00:00,13,7325.5,84,879.06,0.0,confirmed,2024-02-28 00:00:00,2023-12-29 15:00:00
0dbf1a2d-ee58-4cff-bdc7-71113e13ef7f,433,2024-01-22 00:00:00,3,420.0,126,50.4,42.0,cancelled,2024-07-11 00:00:00,2024-01-21 20:00:00
615b3d16-7402-4ef1-8265-641b451a496b,189,2024-08-06 00:00:00,7,616.0,92,73.92,0.0,confirmed,2024-08-22 00:00:00,2024-08-05 08:00:00
f50baed9-e54c-4b6a-88db-55b37909fe1c,473,2024-01-11 00:00:00,11,1886.5,107,226.38,188.65,cancelled,2024-07-05 00:00:00,2024-01-10 00:00:00
1c79925e-415b-424f-9427-c9fbf933da92,18,2023-11-13 00:00:00,9,2646.0,89,317.52,0.0,confirmed,2024-01-04 00:00:00,2023-11-12 18:00:00
79757251-1374-4c2b-80f0-12d17c074177,12,2023-03-11 00:00:00,10,1210.0,136,145.2,0.0,confirmed,2023-06-28 00:00:00,2023-03-10 08:00:00
b10dd114-6adb-4ccf-87d5-89e327d948ea,141,2023-12-09 00:00:00,13,3744.0,76,449.28,0.0,confirmed,2024-02-03 00:00:00,2023-12-08 22:00:00
7f432496-75e8-4b21-b76f-1011b1bea2b0,295,2023-08-29 00:00:00,6,5520.0,149,662.4,552.0,cancelled,2023-11-02 00:00:00,2023-08-28 03:00:00
e7e71baf-5f6a-43a0-83de-399442821c20,431,2023-07-20 00:00:00,5,500.0,57,60.0,0.0,confirmed,2023-11-29 00:00:00,2023-07-19 08:00:00
da2a5fe8-7ec1-4c74-b18c-02a11a5fdf5e,344,2024-05-23 00:00:00,10,1278.8,70,153.46,0.0,confirmed,2024-07-14 00:00:00,2024-05-22 21:00:00
9b58e3b8-45f6-46b6-9489-3d2fc098e0be,484,2024-03-13 00:00:00,11,847.0,47,101.64,0.0,confirmed,2024-07-27 00:00:00,2024-03-12 14:00:00
dd13af5e-7cd4-4f43-8634-247dd497739c,315,2024-01-22 00:00:00,8,2040.0,128,244.8,0.0,confirmed,2024-02-13 00:00:00,2024-01-21 21:00:00
cd0ca066-4bba-4691-a9d5-ed8de5da097d,386,2023-03-18 00:00:00,10,1890.0,62,226.8,0.0,confirmed,2023-05-31 00:00:00,2023-03-17 09:00:00
944ce4a9-28f2-4119-b02f-afb8b996409e,352,2023-08-22 00:00:00,9,1728.0,116,207.36,172.8,cancelled,2024-02-06 00:00:00,2023-08-21 09:00:00
93677cd6-dccf-445a-8cd3-73eeb5d85598,377,2023-04-11 00:00:00,9,4488.75,85,538.65,0.0,confirmed,2023-04-30 00:00:00,2023-04-10 22:00:00
e980f1f6-bea1-4eeb-bcfa-7b9620be17b6,401,2023-09-02 00:00:00,12,5472.0,128,656.64,0.0,confirmed,2024-01-13 00:00:00,2023-09-01 19:00:00
19bbcdcb-00f5-47b8-9f5d-927a398a2b55,317,2023-06-09 00:00:00,12,1584.0,82,190.08,0.0,confirmed,2023-09-07 00:00:00,2023-06-08 09:00:00
ceb21863-9a2a-456c-8295-7dff6608a845,33,2023-04-06 00:00:00,5,925.0,145,111.0,92.5,cancelled,2023-06-06 00:00:00,2023-04-05 23:00:00
c016daa6-5b7e-4083-8ede-8773bb092af4,370,2024-03-29 00:00:00,1,90.75,136,10.89,0.0,confirmed,2024-04-13 00:00:00,2024-03-28 07:00:00
fd52635a-59a3-4604-9291-f65f08a80832,228,2024-05-12 00:00:00,14,1995.0,101,239.4,0.0,confirmed,2024-05-22 00:00:00,2024-05-11 07:00:00
22b855c6-f2a7-41c6-9595-401dade64add,243,2024-02-05 00:00:00,3,1701.0,55,204.12,0.0,confirmed,2024-05-06 00:00:00,2024-02-04 09:00:00
ec8b86ee-18db-42e3-976e-84649b7ee53b,157,2024-01-29 00:00:00,4,682.0,93,81.84,0.0,confirmed,2024-03-23 00:00:00,2024-01-28 03:00:00
47716dde-71bf-4f8f-be8d-293ed1bfe2c8,376,2023-03-23 00:00:00,1,629.0,95,75.48,0.0,confirmed,2023-08-01 00:00:00,2023-03-22 20:00:00
3855435e-8b30-4e96-a62d-f536e3886457,327,2023-06-06 00:00:00,5,2340.0,95,280.8,0.0,confirmed,2023-08-30 00:00:00,2023-06-05 06:00:00
89e4b417-445d-471d-b1d2-54e2395e77a3,359,2024-07-09 00:00:00,13,2184.0,104,262.08,0.0,confirmed,2024-10-10 00:00:00,2024-07-08 21:00:00
d5bd5717-b8e9-490b-a49c-1192ae2dfe24,175,2024-03-17 00:00:00,7,1212.75,119,145.53,0.0,confirmed,2024-07-07 00:00:00,2024-03-16 06:00:00
3ab74595-65cb-4761-9d63-726237b74df1,63,2023-04-27 00:00:00,10,4200.0,150,504.0,420.0,cancelled,2023-10-17 00:00:00,2023-04-26 17:00:00
ecc72286-b5bb-4b11-8130-91dec873e929,11,2023-10-18 00:00:00,3,370.5,113,44.46,0.0,confirmed,2023-10-27 00:00:00,2023-10-17 13:00:00
b1bf43e9-0de5-4c87-b4d9-ae644ac08ba0,452,2024-03-15 00:00:00,4,960.0,150,115.2,96.0,cancelled,2024-09-07 00:00:00,2024-03-14 12:00:00
c1605978-4730-4321-bb68-88cf5c95a712,287,2023-08-23 00:00:00,1,205.0,95,24.6,0.0,confirmed,2023-09-28 00:00:00,2023-08-22 14:00:00
bb30d8bd-8577-4eb6-84c0-28116a18f831,25,2024-06-23 00:00:00,2,1480.0,144,177.6,0.0,confirmed,2024-09-13 00:00:00,2024-06-22 19:00:00
47e91414-5b85-4a4c-a1f6-be7cb3065a07,91,2024-04-23 00:00:00,4,231.0,56,27.72,0.0,confirmed,2024-10-05 00:00:00,2024-04-22 00:00:00
debddb6d-afb0-43ad-aa8b-3cc596252cca,13,2023-12-22 00:00:00,7,1428.0,49,171.36,0.0,confirmed,2024-02-11 00:00:00,2023-12-21 07:00:00
09060ceb-52b3-404c-9cf1-7b8e78f87852,387,2024-06-04 00:00:00,6,924.0,88,110.88,92.4,cancelled,2024-09-17 00:00:00,2024-06-03 01:00:00
3855680b-1635-425d-9d5c-3c0a444378d9,370,2024-04-16 00:00:00,13,1179.75,100,141.57,117.98,cancelled,2024-08-27 00:00:00,2024-04-15 06:00:00
a072ce15-a5de-40e8-b0a4-5961b38acc1e,274,2023-04-04 00:00:00,1,230.0,67,27.6,0.0,confirmed,2023-04-07 00:00:00,2023-04-03 16:00:00
5919f77f-40a2-4fee-8321-5d09cafd1eab,82,2023-11-25 00:00:00,13,2840.5,100,340.86,284.05,cancelled,2024-04-08 00:00:00,2023-11-24 05:00:00
b97a3c3e-d13a-4cf6-a548-d3229c5f1018,129,2023-04-04 00:00:00,10,3060.0,88,367.2,0.0,confirmed,2023-05-29 00:00:00,2023-04-03 04:00:00
93e76ff5-6414-4402-b0a4-2f96998bcbda,164,2023-09-05 00:00:00,8,2496.0,136,299.52,0.0,confirmed,2023-12-21 00:00:00,2023-09-04 07:00:00
15be40e8-9161-4149-952b-f2f1e3ec5727,37,2024-04-15 00:00:00,4,1680.0,150,201.6,0.0,confirmed,2024-04-20 00:00:00,2024-04-14 17:00:00
ecdaf2a2-e8c4-4cf0-801b-177821642821,367,2023-08-24 00:00:00,3,1152.0,95,138.24,0.0,confirmed,2023-10-18 00:00:00,2023-08-23 05:00:00
0f4604b4-5d2c-45dd-b379-b7629ea8a961,234,2023-12-01 00:00:00,3,900.0,63,108.0,0.0,confirmed,2024-04-26 00:00:00,2023-11-30 22:00:00
5819ea12-417a-4a08-a382-fb31c1d1f5c3,166,2024-01-22 00:00:00,4,297.0,126,35.64,0.0,confirmed,2024-03-07 00:00:00,2024-01-21 01:00:00
934dc24f-bf02-4477-9143-aa5f06d9ca5a,324,2024-02-27 00:00:00,5,750.0,123,90.0,0.0,confirmed,2024-08-08 00:00:00,2024-02-26 06:00:00
64812255-a04d-4754-a227-c3f8746c31a8,238,2023-11-29 00:00:00,10,2450.0,42,294.0,0.0,confirmed,2023-12-14 00:00:00,2023-11-28 18:00:00
a60785cf-8948-43d1-af29-389a43f8a337,193,2023-08-30 00:00:00,12,6300.0,52,756.0,0.0,confirmed,2023-12-04 00:00:00,2023-08-29 23:00:00
c942376e-5f16-4c83-a6c6-3b4081c3c80e,85,2024-04-26 00:00:00,7,637.0,65,76.44,0.0,confirmed,2024-06-14 00:00:00,2024-04-25 09:00:00
4b017602-5c6a-4198-9e36-ca889c02dba3,460,2023-12-27 00:00:00,5,1700.0,128,204.0,0.0,confirmed,2024-01-12 00:00:00,2023-12-26 23:00:00
e62df414-fd42-4dde-9d82-1d944143f6ec,294,2024-06-26 00:00:00,4,864.0,82,103.68,0.0,confirmed,2024-08-06 00:00:00,2024-06-25 00:00:00
ee124210-355a-4fd3-b8a8-99915e33fa4d,93,2023-08-04 00:00:00,2,224.0,44,26.88,22.4,cancelled,2023-10-26 00:00:00,2023-08-03 13:00:00
6b509a5f-4edd-470d-9b5a-cb68a946c72b,240,2023-12-23 00:00:00,14,1330.0,145,159.6,0.0,confirmed,2024-04-13 00:00:00,2023-12-22 14:00:00
a93d808b-973d-478e-b966-a755dd689ecf,375,2023-11-26 00:00:00,12,4560.0,75,547.2,0.0,confirmed,2024-01-19 00:00:00,2023-11-25 01:00:00
1b4ff286-1b3b-4903-a3d4-ba9314608218,226,2023-05-17 00:00:00,4,304.0,93,36.48,0.0,confirmed,2023-06-11 00:00:00,2023-05-16 18:00:00
edfb6a20-6537-4698-9b2b-cefff589b1b3,445,2024-02-21 00:00:00,12,7992.0,112,959.04,0.0,confirmed,2024-07-25 00:00:00,2024-02-20 11:00:00
3a4be0bb-2a3f-4f68-bd76-0bd2125400e7,131,2023-09-03 00:00:00,7,1010.66,47,121.28,101.07,cancelled,2024-01-06 00:00:00,2023-09-02 09:00:00
b9f9dde2-548e-45f1-99ea-cfeed761696f,145,2023-06-20 00:00:00,13,2284.75,140,274.17,0.0,confirmed,2023-08-01 00:00:00,2023-06-19 13:00:00
74013534-ec02-4454-909f-00b924297fc1,47,2023-12-27 00:00:00,4,532.0,96,63.84,0.0,confirmed,2024-06-02 00:00:00,2023-12-26 08:00:00
6fc6b774-7dea-474a-b45b-4ef35c758e11,260,2023-10-07 00:00:00,11,1463.0,99,175.56,0.0,confirmed,2023-10-23 00:00:00,2023-10-06 07:00:00
63763052-f7a9-45ac-8b83-c3a849a70c67,350,2024-01-15 00:00:00,2,252.0,70,30.24,0.0,confirmed,2024-03-01 00:00:00,2024-01-14 01:00:00
7e328d6d-84b4-47b3-bb6a-4fa308c825a1,231,2024-01-03 00:00:00,5,440.0,73,52.8,0.0,confirmed,2024-03-09 00:00:00,2024-01-02 23:00:00
89017c7e-bfb5-4325-8d45-383d029f41a3,433,2023-09-05 00:00:00,11,1540.0,148,184.8,0.0,confirmed,2023-12-04 00:00:00,2023-09-04 06:00:00
2b98f3ef-b47c-4cdf-8fda-ffa16eb1d837,489,2024-05-10 00:00:00,8,2508.0,96,300.96,250.8,cancelled,2024-07-21 00:00:00,2024-05-09 01:00:00
1561d0bb-48bb-4b51-b207-9f015cc123f5,483,2024-04-26 00:00:00,6,1458.0,140,174.96,0.0,confirmed,2024-05-06 00:00:00,2024-04-25 23:00:00
fc8dfad6-f088-4c82-a03d-e1e7791af56d,333,2024-02-28 00:00:00,8,1056.0,97,126.72,105.6,cancelled,2024-05-27 00:00:00,2024-02-27 14:00:00
ab4e65da-a492-4b84-b468-ebdf1a90f3a5,90,2024-02-06 00:00:00,7,1260.0,131,151.2,0.0,confirmed,2024-06-15 00:00:00,2024-02-05 18:00:00
d1468823-aefc-46b2-a112-aac83dded7be,21,2023-04-24 00:00:00,7,1232.0,148,147.84,123.2,cancelled,2023-09-08 00:00:00,2023-04-23 18:00:00
a5ccdfc7-21bd-40ba-9783-d62ed0e7bac8,198,2024-02-13 00:00:00,12,1824.0,116,218.88,0.0,confirmed,2024-04-17 00:00:00,2024-02-12 06:00:00
984f1d27-f1fc-4902-ad0c-ac0870a11f9b,145,2023-07-21 00:00:00,5,878.75,99,105.45,87.88,cancelled,2023-12-08 00:00:00,2023-07-20 01:00:00
60eb1763-0587-4fda-97a6-e8fd37a558c6,276,2023-12-07 00:00:00,2,1127.0,65,135.24,0.0,confirmed,2024-02-27 00:00:00,2023-12-06 00:00:00
8a02931e-204c-4c52-9787-8fb1e6a36b35,19,2023-08-03 00:00:00,13,2665.0,138,319.8,0.0,confirmed,2023-12-18 00:00:00,2023-08-02 16:00:00
878d2a46-7275-48ed-b8d8-32e43f3dba1c,314,2024-03-08 00:00:00,1,960.0,91,115.2,0.0,confirmed,2024-08-19 00:00:00,2024-03-07 13:00:00
7355ece2-5dcc-4973-a2b9-5c467b2abe0a,479,2024-08-23 00:00:00,2,266.0,114,31.92,0.0,confirmed,2025-02-03 00:00:00,2024-08-22 15:00:00
8d5009ca-4910-43cd-9d10-df59331196a0,228,2024-02-10 00:00:00,10,1425.0,60,171.0,0.0,confirmed,2024-03-15 00:00:00,2024-02-09 05:00:00
c7b7ed5d-cb60-4e22-a138-35b5b927ba5d,228,2023-09-19 00:00:00,4,570.0,85,68.4,0.0,confirmed,2024-01-21 00:00:00,2023-09-18 12:00:00
33707809-941b-4f44-8796-211a15f82332,280,2024-02-28 00:00:00,7,1732.5,143,207.9,0.0,confirmed,2024-03-05 00:00:00,2024-02-27 12:00:00
f2c609fd-d6c5-4d4b-bf1e-7c77fd725f46,275,2023-12-19 00:00:00,7,1295.0,150,155.4,0.0,confirmed,2024-01-30 00:00:00,2023-12-18 15:00:00
7c2f5af6-19eb-4b82-a972-e4553cedc0fd,481,2023-12-20 00:00:00,13,858.0,126,102.96,0.0,confirmed,2024-01-18 00:00:00,2023-12-19 22:00:00
785d8618-bfe1-4830-a2fb-6ddbd0b2b81d,396,2023-10-08 00:00:00,14,3920.0,143,470.4,392.0,cancelled,2024-02-21 00:00:00,2023-10-07 15:00:00
d882a155-0dcb-4c5c-8be6-c2fd8e355ff0,482,2023-09-10 00:00:00,8,646.0,129,77.52,0.0,confirmed,2023-11-22 00:00:00,2023-09-09 10:00:00
8357767c-1591-4e8e-8524-1856f99216d5,321,2024-01-18 00:00:00,12,3348.0,137,401.76,0.0,confirmed,2024-01-31 00:00:00,2024-01-17 02:00:00
b95837e6-28c7-4657-ba1f-8cc9e4d06214,332,2023-09-24 00:00:00,6,2079.0,47,249.48,207.9,cancelled,2024-03-05 00:00:00,2023-09-23 14:00:00
433800cd-53b8-433c-bbb9-f1335ecced9b,269,2023-08-02 00:00:00,11,2992.0,101,359.04,0.0,confirmed,2023-09-05 00:00:00,2023-08-01 23:00:00
875d3aca-3179-4fa8-a82d-b301603d807b,108,2023-11-13 00:00:00,10,2790.0,135,334.8,0.0,confirmed,2024-01-01 00:00:00,2023-11-12 06:00:00
b5a38b5b-9149-495f-a7ce-ea75f28b80dd,400,2023-05-18 00:00:00,14,1463.0,96,175.56,0.0,confirmed,2023-10-17 00:00:00,2023-05-17 19:00:00
b0686b8f-21e6-431a-93af-d046ef10278f,171,2023-07-21 00:00:00,2,156.76,112,18.81,0.0,confirmed,2023-09-22 00:00:00,2023-07-20 06:00:00
dcfd10e0-8264-4d4b-90ef-68fa0d2a15c2,79,2023-06-27 00:00:00,6,561.0,67,67.32,0.0,confirmed,2023-08-04 00:00:00,2023-06-26 01:00:00
8648730b-a448-46ba-9895-1d85b79718f6,57,2024-09-04 00:00:00,11,4070.0,146,488.4,0.0,confirmed,2024-12-13 00:00:00,2024-09-03 21:00:00
ead69dcb-4e36-4b45-909b-c4a454c242dd,401,2023-11-25 00:00:00,3,1368.0,123,164.16,0.0,confirmed,2024-05-16 00:00:00,2023-11-24 23:00:00
1b3341d5-e75c-46c2-9063-cef7a439520d,399,2023-09-29 00:00:00,1,165.0,61,19.8,0.0,confirmed,2024-01-12 00:00:00,2023-09-28 00:00:00
954d7a54-6d04-46c7-97aa-0958a09073c7,356,2023-08-27 00:00:00,9,2376.0,90,285.12,0.0,confirmed,2023-10-02 00:00:00,2023-08-26 10:00:00
48f6c4b3-e4f1-460c-a7ea-c0f0bf09356d,138,2023-07-25 00:00:00,7,2310.0,109,277.2,231.0,cancelled,2023-11-04 00:00:00,2023-07-24 09:00:00
ec90eb9d-4767-4e5b-85b9-9b62ef7daf65,338,2024-01-30 00:00:00,4,1024.0,96,122.88,102.4,cancelled,2024-07-24 00:00:00,2024-01-29 01:00:00
ec0e66e5-0055-40ce-aa68-1affcce2f028,171,2023-04-03 00:00:00,6,470.28,139,56.43,47.03,cancelled,2023-08-13 00:00:00,2023-04-02 23:00:00
8213992e-34b6-408c-b280-e17f1adb26fe,204,2023-10-19 00:00:00,12,2223.0,87,266.76,0.0,confirmed,2023-10-21 00:00:00,2023-10-18 18:00:00
e278b0f4-8183-4c7f-927a-1298625b3001,203,2023-08-23 00:00:00,4,1083.0,140,129.96,0.0,confirmed,2023-08-29 00:00:00,2023-08-22 17:00:00
f7cf1ab7-ba83-4549-9868-ca9bbbccf93a,289,2024-06-10 00:00:00,13,3334.5,138,400.14,0.0,confirmed,2024-10-31 00:00:00,2024-06-09 20:00:00
7b31a621-e672-427d-9ded-fa7eba9ab6ef,261,2023-04-04 00:00:00,4,684.0,51,82.08,0.0,confirmed,2023-07-17 00:00:00,2023-04-03 10:00:00
7267ba76-c80f-4cfc-8b45-8e0fe28d8a56,5,2023-09-02 00:00:00,6,420.0,52,50.4,0.0,confirmed,2023-09-30 00:00:00,2023-09-01 09:00:00
d8f7b88a-1bea-4f70-abb6-402d76650e00,268,2023-10-17 00:00:00,9,4464.0,110,535.68,0.0,confirmed,2024-03-03 00:00:00,2023-10-16 04:00:00
17426e7c-7ecc-42a6-afd3-1d0595fb2a7b,202,2024-05-26 00:00:00,3,714.0,87,85.68,0.0,confirmed,2024-06-11 00:00:00,2024-05-25 22:00:00
0ede7e81-8516-4b5f-8618-f81bd2d67c9a,395,2023-02-21 00:00:00,9,4324.5,101,518.94,0.0,confirmed,2023-05-23 00:00:00,2023-02-20 23:00:00
31a9bbf7-2d39-4d11-963e-1e5b4799adfa,414,2023-10-31 00:00:00,14,3360.0,140,403.2,336.0,cancelled,2023-12-13 00:00:00,2023-10-30 10:00:00
46370a9b-7d39-482e-8540-8ca0847d804b,399,2023-04-18 00:00:00,14,2310.0,123,277.2,0.0,confirmed,2023-08-21 00:00:00,2023-04-17 16:00:00
db43662a-a7eb-4847-85ea-9399ca7d34ce,373,2023-08-08 00:00:00,1,85.0,69,10.2,0.0,confirmed,2023-10-11 00:00:00,2023-08-07 07:00:00
6b98b747-8f1b-478a-9de4-7973139fda17,220,2023-09-14 00:00:00,11,2310.0,80,277.2,0.0,confirmed,2023-12-20 00:00:00,2023-09-13 22:00:00
5edd5221-f9f2-4054-96df-f4fb9efbcac0,171,2023-06-15 00:00:00,6,470.28,78,56.43,0.0,confirmed,2023-08-07 00:00:00,2023-06-14 12:00:00
aace47b0-2c51-4b5d-a0e7-e4d361dd994b,325,2023-12-11 00:00:00,7,5670.0,63,680.4,0.0,confirmed,2024-03-17 00:00:00,2023-12-10 00:00:00
ed2930ae-4a4c-4417-b623-6e46de291df8,467,2024-05-21 00:00:00,6,2304.0,132,276.48,0.0,confirmed,2024-10-01 00:00:00,2024-05-20 13:00:00
36b640f4-747a-495a-bdb5-a35ec0b1fa90,405,2023-09-25 00:00:00,9,1386.0,54,166.32,138.6,cancelled,2024-02-24 00:00:00,2023-09-24 02:00:00
0a3595c6-4efc-4448-8844-eb2fe56e8fae,72,2023-11-12 00:00:00,6,1584.0,51,190.08,0.0,confirmed,2024-04-04 00:00:00,2023-11-11 11:00:00
66a159d5-f49d-4074-99aa-a5a2dfda5355,460,2023-07-03 00:00:00,6,2040.0,98,244.8,0.0,confirmed,2023-12-22 00:00:00,2023-07-02 00:00:00
017c6fda-d2bc-4231-a408-6d674a26fdc1,16,2024-04-30 00:00:00,3,555.0,103,66.6,0.0,confirmed,2024-05-30 00:00:00,2024-04-29 18:00:00
2e315cef-422b-4b29-a94a-93bf186a1b8f,500,2024-08-22 00:00:00,9,1225.08,43,147.01,0.0,confirmed,2024-09-28 00:00:00,2024-08-21 09:00:00
74994b10-10ab-45c8-91f5-b5cfeda0c3c6,330,2023-09-12 00:00:00,2,266.5,141,31.98,0.0,confirmed,2023-09-26 00:00:00,2023-09-11 06:00:00
7be34d5b-68c3-4783-b9cf-feb32e928960,273,2024-08-16 00:00:00,6,1323.0,47,158.76,0.0,confirmed,2025-01-24 00:00:00,2024-08-15 08:00:00
1382c134-f30c-456f-91a9-5ddece596d65,402,2023-09-21 00:00:00,9,4896.0,61,587.52,0.0,confirmed,2023-12-02 00:00:00,2023-09-20 21:00:00
226ee9c9-ff3d-4842-9d40-e3277c75f98f,35,2024-07-26 00:00:00,13,3003.0,59,360.36,0.0,confirmed,2024-10-21 00:00:00,2024-07-25 16:00:00
6f72d03d-f19b-4723-88a4-f7d855bddd6d,312,2024-05-10 00:00:00,10,5425.0,110,651.0,0.0,confirmed,2024-06-08 00:00:00,2024-05-09 12:00:00
275bdb68-3213-4110-89b5-429677f2eafb,85,2024-02-17 00:00:00,2,182.0,117,21.84,18.2,cancelled,2024-04-24 00:00:00,2024-02-16 21:00:00
9b01b0a2-5d38-4601-975b-6940ffa3601c,37,2024-04-17 00:00:00,1,420.0,60,50.4,0.0,confirmed,2024-10-05 00:00:00,2024-04-16 10:00:00
de596f9d-3515-4344-afc0-3403dfbeda06,294,2024-08-01 00:00:00,3,648.0,84,77.76,0.0,confirmed,2024-09-16 00:00:00,2024-07-31 05:00:00
e336b749-88cf-45ff-9628-ce69c3fdccc1,240,2023-04-09 00:00:00,1,95.0,145,11.4,9.5,cancelled,2023-06-11 00:00:00,2023-04-08 17:00:00
af1caaa0-e900-4fed-a5ca-e28bfeba578f,36,2023-04-06 00:00:00,12,924.0,134,110.88,92.4,cancelled,2023-08-19 00:00:00,2023-04-05 03:00:00
214dd297-5bb3-49cc-92f2-aacad49763b6,394,2024-07-30 00:00:00,14,1666.0,104,199.92,0.0,confirmed,2024-08-28 00:00:00,2024-07-29 14:00:00
ed7da8ca-b9c0-40d2-8aac-ed5c65496e59,164,2023-09-24 00:00:00,8,2496.0,81,299.52,0.0,confirmed,2023-10-23 00:00:00,2023-09-23 17:00:00
e35ced8e-85cd-46a0-9622-2071bf8e965a,353,2023-07-07 00:00:00,10,1540.0,78,184.8,154.0,cancelled,2023-10-24 00:00:00,2023-07-06 16:00:00
b57cfde0-14e9-4e07-9dc5-673b4585e504,80,2024-04-02 00:00:00,10,2100.0,42,252.0,0.0,confirmed,2024-05-17 00:00:00,2024-04-01 04:00:00
a73ff7de-3938-412e-8b20-badd5a6d6c33,304,2023-08-12 00:00:00,9,5400.0,150,648.0,540.0,cancelled,2023-11-05 00:00:00,2023-08-11 04:00:00
23b47560-284c-43f3-891d-41e1af6082c0,491,2023-04-26 00:00:00,2,432.0,120,51.84,0.0,confirmed,2023-05-27 00:00:00,2023-04-25 10:00:00
0a580c44-13f1-4cc1-887d-29d49e67bf2d,282,2023-10-20 00:00:00,9,2079.0,104,249.48,0.0,confirmed,2024-01-04 00:00:00,2023-10-19 05:00:00
54937a93-4566-45d0-bb58-864074a7da74,291,2023-03-07 00:00:00,11,4719.0,52,566.28,471.9,cancelled,2023-07-14 00:00:00,2023-03-06 22:00:00
00a30010-8dc9-4d6a-ad25-a2715720d7f0,267,2023-02-14 00:00:00,8,2432.0,40,291.84,243.2,cancelled,2023-05-18 00:00:00,2023-02-13 11:00:00
4db2741d-0603-4409-9b77-160dd4856cb6,221,2023-08-04 00:00:00,5,2880.0,44,345.6,0.0,confirmed,2023-12-12 00:00:00,2023-08-03 03:00:00
812737c9-ee4a-47ac-88e9-553f646e6001,86,2023-11-05 00:00:00,6,399.0,145,47.88,39.9,cancelled,2024-03-06 00:00:00,2023-11-04 01:00:00
aa9960b7-4661-445f-8c2b-c69bf8b016d0,119,2024-02-23 00:00:00,3,240.0,81,28.8,0.0,confirmed,2024-03-22 00:00:00,2024-02-22 12:00:00
168d8997-b68a-49e8-853d-ccedb85a6623,283,2023-11-24 00:00:00,1,270.0,111,32.4,27.0,cancelled,2024-03-25 00:00:00,2023-11-23 02:00:00
5afc2caa-f05a-45ba-aec7-9604bae8561e,482,2024-03-01 00:00:00,14,1130.5,89,135.66,113.05,cancelled,2024-06-26 00:00:00,2024-02-29 23:00:00
f82c351c-31f1-445e-8e3e-817841649e79,396,2023-08-11 00:00:00,2,560.0,40,67.2,0.0,confirmed,2023-08-15 00:00:00,2023-08-10 06:00:00
830b082d-828d-45e8-9fed-381b194c9aac,215,2024-06-01 00:00:00,8,1716.0,145,205.92,171.6,cancelled,2024-09-13 00:00:00,2024-05-31 14:00:00
f7e3f6b3-1728-42d8-91d7-2bfe0e6ea2da,288,2024-03-10 00:00:00,10,1755.0,126,210.6,0.0,confirmed,2024-08-13 00:00:00,2024-03-09 09:00:00
0114b09c-7723-4081-a450-40f76be58eff,22,2024-05-26 00:00:00,14,3724.0,50,446.88,372.4,cancelled,2024-10-11 00:00:00,2024-05-25 12:00:00
7ac2da53-76d8-4045-a590-a11cd622a1fa,12,2023-11-19 00:00:00,10,1210.0,106,145.2,0.0,confirmed,2024-01-21 00:00:00,2023-11-18 15:00:00
521872c9-ab15-4cd9-9ea8-dd8a956353ba,351,2024-07-07 00:00:00,6,930.0,106,111.6,93.0,cancelled,2024-12-20 00:00:00,2024-07-06 21:00:00
22e2d0e9-0fca-4c06-94a4-5fd4d5581852,112,2024-05-12 00:00:00,13,12480.0,109,1497.6,1248.0,cancelled,2024-07-03 00:00:00,2024-05-11 15:00:00
bd15f8f4-0989-4af6-bb27-ae673f2fb96d,353,2023-08-11 00:00:00,14,2156.0,74,258.72,215.6,cancelled,2024-01-31 00:00:00,2023-08-10 12:00:00
8121c01a-4594-4268-8731-74c323e94f58,337,2024-01-13 00:00:00,8,720.0,55,86.4,72.0,cancelled,2024-06-14 00:00:00,2024-01-12 00:00:00
2f3f92bc-e5dd-4cbc-a64d-f3f10671557c,16,2024-08-15 00:00:00,1,185.0,71,22.2,0.0,confirmed,2024-10-14 00:00:00,2024-08-14 00:00:00
85aa7087-25c8-400f-9580-263205a387e8,230,2023-07-29 00:00:00,3,1620.0,97,194.4,162.0,cancelled,2023-11-25 00:00:00,2023-07-28 10:00:00
4cdd4fd1-2f1c-44f1-931e-c31384e46687,146,2023-12-17 00:00:00,9,585.0,87,70.2,0.0,confirmed,2024-05-26 00:00:00,2023-12-16 04:00:00
b74a09b3-d9bd-4f03-b588-d2892d42ddc4,428,2024-06-13 00:00:00,9,1291.5,93,154.98,129.15,cancelled,2024-09-18 00:00:00,2024-06-12 13:00:00
c993d3a4-9951-4ea9-b348-6697414d7276,493,2023-10-07 00:00:00,3,924.0,69,110.88,0.0,confirmed,2024-01-29 00:00:00,2023-10-06 08:00:00
57aa5fe1-675a-4796-8ca9-c078e1df67d6,497,2023-12-08 00:00:00,9,1584.0,112,190.08,158.4,cancelled,2024-02-09 00:00:00,2023-12-07 12:00:00
7d77b6b9-abfc-4309-8b27-631792567d2a,460,2024-02-19 00:00:00,7,2380.0,59,285.6,0.0,confirmed,2024-04-12 00:00:00,2024-02-18 04:00:00
a34ac2c6-ded6-458e-9d06-520d1c7293f8,288,2024-01-17 00:00:00,7,1228.5,118,147.42,0.0,confirmed,2024-01-30 00:00:00,2024-01-16 01:00:00
4163eee9-d134-4941-8f0b-a21214fd890c,237,2023-04-06 00:00:00,6,1111.5,70,133.38,0.0,confirmed,2023-05-16 00:00:00,2023-04-05 09:00:00
0afe00ab-0b92-4a80-877d-212b585bcf57,216,2023-10-04 00:00:00,2,308.0,71,36.96,0.0,confirmed,2024-02-12 00:00:00,2023-10-03 09:00:00
c578d116-1619-4d13-ab7d-5bb6089562fe,259,2024-02-22 00:00:00,10,2530.0,41,303.6,0.0,confirmed,2024-07-03 00:00:00,2024-02-21 16:00:00
aa75732d-1699-41f4-a6c8-6411eb0c1a06,185,2024-07-02 00:00:00,6,272.28,51,32.67,0.0,confirmed,2024-10-24 00:00:00,2024-07-01 06:00:00
947e9806-5802-4f85-9821-904e92b64ad0,397,2024-01-20 00:00:00,9,3312.0,142,397.44,0.0,confirmed,2024-05-01 00:00:00,2024-01-19 20:00:00
bcc349cb-1d3d-4065-900f-18785c4286e4,446,2023-10-13 00:00:00,13,1179.75,106,141.57,0.0,confirmed,2024-02-04 00:00:00,2023-10-12 03:00:00
9db3d08f-2a4a-42b6-8856-6fb7c1197abe,117,2023-12-12 00:00:00,3,408.36,128,49.0,40.84,cancelled,2024-03-03 00:00:00,2023-12-11 04:00:00
6c4658ca-7116-4737-97a5-b77e75e2c1eb,79,2023-12-26 00:00:00,12,1122.0,148,134.64,0.0,confirmed,2024-04-18 00:00:00,2023-12-25 17:00:00
9eca8eae-e75b-42f6-b8be-1925e9fb4a88,118,2024-03-12 00:00:00,12,2775.0,49,333.0,0.0,confirmed,2024-03-15 00:00:00,2024-03-11 19:00:00
41637565-a464-4b6a-b584-512169fa3c27,67,2024-03-23 00:00:00,7,1176.0,124,141.12,0.0,confirmed,2024-08-01 00:00:00,2024-03-22 10:00:00
f1090ce5-e276-467f-be60-97247bd476e2,490,2023-08-09 00:00:00,6,1014.0,72,121.68,0.0,confirmed,2023-10-03 00:00:00,2023-08-08 20:00:00
b035df97-7283-4ffd-b4a6-dd7cf73de5f3,74,2023-08-05 00:00:00,8,1344.0,144,161.28,0.0,confirmed,2023-11-01 00:00:00,2023-08-04 11:00:00
f6b264e8-513f-4c19-844d-8cce8ab37906,395,2023-08-24 00:00:00,4,1922.0,69,230.64,192.2,cancelled,2024-01-01 00:00:00,2023-08-23 12:00:00
a1a13043-4ae9-4c79-b10d-555d27915385,215,2024-06-11 00:00:00,2,429.0,70,51.48,0.0,confirmed,2024-11-06 00:00:00,2024-06-10 18:00:00
dfe19578-7570-40cd-9427-769c4e86254d,258,2023-12-17 00:00:00,13,1456.0,114,174.72,0.0,confirmed,2024-04-22 00:00:00,2023-12-16 22:00:00
ffccf10b-67fe-4f59-8496-ff5cbc5c5a62,229,2023-08-25 00:00:00,2,152.0,44,18.24,0.0,confirmed,2024-01-03 00:00:00,2023-08-24 08:00:00
9a448d27-cd80-4640-9b21-37dc4e7e0e61,449,2024-09-19 00:00:00,3,427.5,50,51.3,0.0,confirmed,2024-11-12 00:00:00,2024-09-18 03:00:00
af75568e-9c9a-41ad-9af2-c5b35ddeb0ee,303,2024-06-15 00:00:00,14,5824.0,47,698.88,582.4,cancelled,2024-12-05 00:00:00,2024-06-14 03:00:00
c9aa7cd5-5031-4aaf-8c0a-be6d96fbe965,312,2024-06-11 00:00:00,4,2170.0,89,260.4,0.0,confirmed,2024-11-19 00:00:00,2024-06-10 18:00:00
7c01afc2-115d-496a-baea-33581b8d756a,338,2024-04-18 00:00:00,9,2304.0,123,276.48,0.0,confirmed,2024-09-26 00:00:00,2024-04-17 09:00:00
0871f905-822e-48c4-821f-d921afaa4d6f,431,2023-12-02 00:00:00,2,200.0,84,24.0,0.0,confirmed,2024-02-09 00:00:00,2023-12-01 09:00:00
1bafc87d-b803-4606-aac7-902c9131425e,443,2024-06-29 00:00:00,8,4340.0,83,520.8,0.0,confirmed,2024-10-31 00:00:00,2024-06-28 04:00:00
d5d27e5b-3e74-48bc-a8f5-af1eafa0bc4b,355,2023-03-16 00:00:00,9,2754.0,129,330.48,0.0,confirmed,2023-08-09 00:00:00,2023-03-15 14:00:00
9e745183-d7ee-4444-aa72-2fc2161fa6be,343,2023-12-28 00:00:00,12,1353.0,136,162.36,0.0,confirmed,2024-02-05 00:00:00,2023-12-27 17:00:00
518b0da2-382c-40b3-aeb6-f1e05f2f2cee,79,2023-12-24 00:00:00,1,93.5,140,11.22,0.0,confirmed,2024-01-18 00:00:00,2023-12-23 18:00:00
db7849c8-0789-4809-a00b-86195fb4c487,341,2023-06-19 00:00:00,12,2079.0,95,249.48,207.9,cancelled,2023-08-28 00:00:00,2023-06-18 18:00:00
705f55ef-90d2-4707-96be-a92de12fb6b6,33,2023-08-08 00:00:00,2,370.0,140,44.4,0.0,confirmed,2023-12-03 00:00:00,2023-08-07 16:00:00
e55802f2-d2da-4347-aac8-9e5fb95a62ba,171,2023-11-13 00:00:00,10,783.8,139,94.06,78.38,cancelled,2024-02-20 00:00:00,2023-11-12 00:00:00
2711a871-1971-4d97-a30b-4316ca399d1f,298,2023-03-31 00:00:00,12,1767.0,106,212.04,176.7,cancelled,2023-08-18 00:00:00,2023-03-30 09:00:00
dd94efe1-be35-4d2c-9bca-a595d8e77f27,193,2024-03-18 00:00:00,4,2100.0,137,252.0,0.0,confirmed,2024-08-10 00:00:00,2024-03-17 07:00:00
e0641839-ff44-4237-9749-8e73e8743f76,66,2024-05-22 00:00:00,13,4075.5,138,489.06,0.0,confirmed,2024-08-28 00:00:00,2024-05-21 06:00:00
28989914-50c2-461e-ba5d-5bdc0283cec3,289,2024-02-23 00:00:00,13,3334.5,106,400.14,0.0,confirmed,2024-06-27 00:00:00,2024-02-22 05:00:00
b877c252-fd76-49aa-b280-45092712acce,424,2023-09-09 00:00:00,1,175.0,61,21.0,17.5,cancelled,2023-11-19 00:00:00,2023-09-08 16:00:00
9d0abfa9-442b-4411-85a3-6f844a943752,388,2024-08-12 00:00:00,13,1001.0,109,120.12,0.0,confirmed,2024-11-14 00:00:00,2024-08-11 02:00:00
c84fc588-41d7-4bc5-9b1e-1865f39a2fab,49,2023-03-28 00:00:00,14,3024.0,81,362.88,0.0,confirmed,2023-04-01 00:00:00,2023-03-27 19:00:00
21d52b0a-b788-4141-95d1-cd473f878c95,377,2023-10-17 00:00:00,2,997.5,91,119.7,0.0,confirmed,2024-03-14 00:00:00,2023-10-16 18:00:00
6318e6a2-ae02-4b5e-aea1-e406943c96dc,190,2023-11-22 00:00:00,5,1105.0,68,132.6,0.0,confirmed,2024-05-05 00:00:00,2023-11-21 05:00:00
9c5bac28-649f-4e91-8eb6-f9478e4b7b1f,298,2023-04-21 00:00:00,13,1914.25,57,229.71,191.43,cancelled,2023-09-16 00:00:00,2023-04-20 12:00:00
78cf5178-424a-4cb4-a275-1443e5b196be,122,2024-03-03 00:00:00,4,209.0,87,25.08,20.9,cancelled,2024-06-02 00:00:00,2024-03-02 01:00:00
fdea029c-8e8e-459b-bef5-b529bb60aa66,259,2024-04-01 00:00:00,13,3289.0,102,394.68,0.0,confirmed,2024-08-27 00:00:00,2024-03-31 21:00:00
08227b13-c237-42bd-9c42-f35b701fe4ea,337,2024-02-07 00:00:00,4,360.0,122,43.2,36.0,cancelled,2024-07-05 00:00:00,2024-02-06 13:00:00
24338f5d-dd82-4aed-b844-220681c3f541,410,2024-03-21 00:00:00,3,285.0,130,34.2,28.5,cancelled,2024-06-26 00:00:00,2024-03-20 13:00:00
bd335220-83e2-46a3-8e8d-95d2d8626421,439,2024-06-25 00:00:00,8,924.0,62,110.88,0.0,confirmed,2024-08-17 00:00:00,2024-06-24 15:00:00
7eb30e50-93d8-479e-81fa-017b997539f7,492,2024-01-10 00:00:00,14,931.0,124,111.72,93.1,cancelled,2024-06-20 00:00:00,2024-01-09 02:00:00
5b281e80-86dc-4a42-a187-687a4bd1d3a4,316,2023-11-09 00:00:00,10,2720.0,63,326.4,272.0,cancelled,2024-04-26 00:00:00,2023-11-08 06:00:00
271a2135-fdba-4d33-bc7f-0fb39491c80a,308,2024-06-11 00:00:00,3,231.0,50,27.72,23.1,cancelled,2024-10-18 00:00:00,2024-06-10 19:00:00
b8499177-74c3-4c7c-b537-967103ee9c77,213,2023-05-22 00:00:00,4,1715.0,98,205.8,0.0,confirmed,2023-07-01 00:00:00,2023-05-21 01:00:00
1635512f-d6bf-4074-a7b2-20759d7a2257,36,2023-05-07 00:00:00,6,462.0,67,55.44,0.0,confirmed,2023-07-29 00:00:00,2023-05-06 09:00:00
dcab9a5d-bb14-4ada-a04e-0ed2e97b7fc2,262,2024-03-09 00:00:00,13,1560.0,61,187.2,156.0,cancelled,2024-06-22 00:00:00,2024-03-08 03:00:00
d22fddfc-4e91-4b39-9663-8fc55938ae5c,86,2024-06-08 00:00:00,10,665.0,103,79.8,66.5,cancelled,2024-10-16 00:00:00,2024-06-07 21:00:00
52c3d08e-0dbd-453f-9c3e-8321798c9434,493,2023-09-16 00:00:00,5,1540.0,120,184.8,0.0,confirmed,2023-09-28 00:00:00,2023-09-15 23:00:00
64bdfe07-683d-4253-9b3b-7840f3d6d058,171,2023-03-29 00:00:00,11,862.18,98,103.46,0.0,confirmed,2023-09-24 00:00:00,2023-03-28 23:00:00
00114c77-4ffa-4926-b7c2-4050678ae324,495,2023-11-20 00:00:00,13,1732.25,88,207.87,0.0,confirmed,2024-04-20 00:00:00,2023-11-19 01:00:00
c0a48dbd-d41d-494b-8d2a-6fb82e806982,6,2024-07-16 00:00:00,9,2520.0,47,302.4,0.0,confirmed,2024-12-23 00:00:00,2024-07-15 00:00:00
47cb42d7-422a-41c7-abb5-54f3090b62e2,451,2023-12-25 00:00:00,10,3795.0,77,455.4,0.0,confirmed,2024-02-06 00:00:00,2023-12-24 10:00:00
29f7a143-2f91-4a13-be94-329be4ca983e,376,2023-05-24 00:00:00,2,1258.0,149,150.96,0.0,confirmed,2023-09-01 00:00:00,2023-05-23 23:00:00
3050801a-7987-413a-9123-c98fea2aa371,300,2024-03-29 00:00:00,14,9282.0,46,1113.84,0.0,confirmed,2024-04-06 00:00:00,2024-03-28 09:00:00
c182b499-17e9-43ae-b971-d633be6765de,56,2023-09-08 00:00:00,3,1287.0,134,154.44,0.0,confirmed,2024-01-31 00:00:00,2023-09-07 11:00:00
1f94d102-74c5-4766-9f8c-303ab5855b16,496,2024-07-21 00:00:00,14,3360.0,50,403.2,0.0,confirmed,2024-10-20 00:00:00,2024-07-20 15:00:00
6fd162dc-a396-45a6-9d7e-04c97eb812fd,120,2024-05-02 00:00:00,3,272.25,138,32.67,0.0,confirmed,2024-08-23 00:00:00,2024-05-01 18:00:00
634cdfce-bf3c-4876-b8ad-2023936dc8d8,402,2023-12-19 00:00:00,11,5984.0,135,718.08,598.4,cancelled,2024-02-18 00:00:00,2023-12-18 07:00:00
3ec103e1-9c7b-44e6-9e5e-50faecaff9be,40,2024-04-10 00:00:00,10,2200.0,89,264.0,220.0,cancelled,2024-08-02 00:00:00,2024-04-09 23:00:00
3c572e88-7f4a-4f23-a1fb-9ca201963aa8,323,2024-02-15 00:00:00,8,2944.0,82,353.28,0.0,confirmed,2024-02-18 00:00:00,2024-02-14 04:00:00
7926b5d8-57c8-49fb-8d48-b30b496786b0,454,2024-01-11 00:00:00,1,60.5,43,7.26,6.05,cancelled,2024-05-20 00:00:00,2024-01-10 11:00:00
56e016a5-05eb-41fe-9fba-0ba7b24d5864,133,2024-07-18 00:00:00,13,2541.5,91,304.98,0.0,confirmed,2024-09-05 00:00:00,2024-07-17 04:00:00
10bf7714-5aa4-413d-8b7c-0d5aad61e3d6,44,2023-08-09 00:00:00,9,1575.0,124,189.0,0.0,confirmed,2023-12-28 00:00:00,2023-08-08 10:00:00
ee2ca84d-0b3e-4c1d-a023-c4235ff8b7fe,247,2024-03-14 00:00:00,14,2425.5,73,291.06,0.0,confirmed,2024-04-21 00:00:00,2024-03-13 03:00:00
516c432e-d25d-4523-9fd5-4c65abe71eee,144,2024-01-07 00:00:00,3,360.0,43,43.2,0.0,confirmed,2024-06-16 00:00:00,2024-01-06 23:00:00
21e459a9-41da-44df-a402-7b734257d0f9,15,2024-01-20 00:00:00,4,2254.0,105,270.48,0.0,confirmed,2024-01-30 00:00:00,2024-01-19 01:00:00
09c59a99-317f-4900-a1eb-59f33caf7cd0,81,2023-12-08 00:00:00,7,616.0,89,73.92,0.0,confirmed,2024-03-17 00:00:00,2023-12-07 14:00:00
a17d72ba-d6aa-41b6-b278-2e94781f4934,228,2024-02-20 00:00:00,7,997.5,123,119.7,0.0,confirmed,2024-07-17 00:00:00,2024-02-19 08:00:00
f764d437-a837-47f7-8440-f7a2cddb8caa,353,2023-07-01 00:00:00,13,2002.0,59,240.24,0.0,confirmed,2023-08-19 00:00:00,2023-06-30 07:00:00
d0e1f65d-82d1-4d1c-acce-affe0d4a7bbc,384,2023-11-08 00:00:00,10,5700.0,79,684.0,570.0,cancelled,2024-03-19 00:00:00,2023-11-07 01:00:00
570b369c-4758-4ec4-94ce-2c206b18108e,434,2023-07-09 00:00:00,13,3432.0,56,411.84,0.0,confirmed,2023-12-05 00:00:00,2023-07-08 11:00:00
9a6fabb9-692b-450b-bc4e-34be7860a0c2,288,2023-12-11 00:00:00,7,1228.5,104,147.42,122.85,cancelled,2024-05-12 00:00:00,2023-12-10 00:00:00
0f72cd7d-6c2a-4e3f-be47-6ce059c3edaa,448,2023-09-26 00:00:00,6,1107.0,51,132.84,0.0,confirmed,2023-11-20 00:00:00,2023-09-25 21:00:00
35dd3dc7-64ae-427c-96d7-a66644d58974,146,2024-03-29 00:00:00,12,780.0,137,93.6,0.0,confirmed,2024-07-28 00:00:00,2024-03-28 01:00:00
3e09c86e-2b23-48aa-842b-ff58eb17b8c6,138,2024-01-10 00:00:00,14,4620.0,80,554.4,0.0,confirmed,2024-06-20 00:00:00,2024-01-09 00:00:00
a6ec8b5c-19bd-47a9-b74c-17c1af3af464,270,2023-07-14 00:00:00,4,1292.0,106,155.04,129.2,cancelled,2023-12-14 00:00:00,2023-07-13 04:00:00
24f5c901-aa6a-4a68-aad8-c37b0117e9d8,484,2024-01-27 00:00:00,8,616.0,86,73.92,61.6,cancelled,2024-05-23 00:00:00,2024-01-26 08:00:00
b5553a8a-49cb-47d3-a184-37bf4698f12f,54,2024-01-06 00:00:00,4,220.0,142,26.4,22.0,cancelled,2024-03-22 00:00:00,2024-01-05 13:00:00
5c406f4c-5471-4a72-bb3d-f101119364dd,97,2023-05-12 00:00:00,2,510.0,63,61.2,51.0,cancelled,2023-09-03 00:00:00,2023-05-11 04:00:00
425ac84b-8ac9-4d3d-8f69-c5b14615b202,8,2024-05-10 00:00:00,4,280.48,61,33.66,0.0,confirmed,2024-10-22 00:00:00,2024-05-09 10:00:00
106d8861-3798-459a-b4e3-9c38914cc292,229,2023-08-29 00:00:00,12,912.0,126,109.44,0.0,confirmed,2024-02-12 00:00:00,2023-08-28 14:00:00
b7e58243-9248-4bd1-82cb-6d86ef9b716a,136,2023-12-22 00:00:00,10,800.0,41,96.0,0.0,confirmed,2024-04-05 00:00:00,2023-12-21 03:00:00
8a917fd5-c6d7-453a-84bb-11ff16527bb4,415,2024-06-05 00:00:00,3,594.0,55,71.28,0.0,confirmed,2024-08-29 00:00:00,2024-06-04 17:00:00
1e9e9b72-d27b-4824-ad0b-2022d6bd2755,440,2024-08-04 00:00:00,11,5016.0,149,601.92,0.0,confirmed,2024-11-25 00:00:00,2024-08-03 14:00:00
b8097df4-7535-42fc-82d2-83bcd298e5e3,29,2023-04-17 00:00:00,14,4095.0,147,491.4,0.0,confirmed,2023-07-26 00:00:00,2023-04-16 13:00:00
558f2ca1-316d-490c-81e4-fb4cdfcc9a7c,131,2023-07-20 00:00:00,4,577.52,110,69.3,0.0,confirmed,2023-12-21 00:00:00,2023-07-19 16:00:00
82530af4-2422-4225-af40-8b0c076cf3ff,164,2023-10-14 00:00:00,3,936.0,148,112.32,0.0,confirmed,2024-01-16 00:00:00,2023-10-13 19:00:00
81387d93-b798-4acb-b809-d768f8aaaf44,382,2024-05-02 00:00:00,3,966.0,82,115.92,0.0,confirmed,2024-09-26 00:00:00,2024-05-01 22:00:00
e97b86c7-6650-490e-ae65-4a92bea6aa92,10,2023-09-22 00:00:00,8,2048.0,142,245.76,0.0,confirmed,2024-01-29 00:00:00,2023-09-21 19:00:00
a3647688-bcbf-4301-a804-290b7e80188a,413,2023-10-06 00:00:00,12,2046.0,91,245.52,0.0,confirmed,2024-01-25 00:00:00,2023-10-05 01:00:00
6789254a-194e-4d73-8650-f5fbe8e2b91d,488,2024-09-10 00:00:00,7,770.0,72,92.4,0.0,confirmed,2024-12-02 00:00:00,2024-09-09 14:00:00
759eaa3a-3a45-4786-bd12-fdf027d27f1c,491,2023-10-08 00:00:00,7,1512.0,62,181.44,0.0,confirmed,2023-12-02 00:00:00,2023-10-07 03:00:00
8ad6c40f-5cdf-48d6-8283-7f159d1c2fa1,29,2023-04-06 00:00:00,2,585.0,50,70.2,0.0,confirmed,2023-09-17 00:00:00,2023-04-05 04:00:00
4b7e8d38-4833-4df1-b9ee-cccc33d9c00f,353,2023-07-02 00:00:00,3,462.0,50,55.44,46.2,cancelled,2023-12-19 00:00:00,2023-07-01 23:00:00
3a3b86a8-e343-49c2-a919-599bd869cd1e,108,2023-09-19 00:00:00,4,1116.0,56,133.92,0.0,confirmed,2024-02-28 00:00:00,2023-09-18 14:00:00
518d972c-595f-401e-b319-4f8905d04b54,122,2024-02-28 00:00:00,8,418.0,58,50.16,0.0,confirmed,2024-05-07 00:00:00,2024-02-27 22:00:00
482e5b8f-61f0-409a-85f3-2081504ed50b,201,2024-04-09 00:00:00,13,1179.75,126,141.57,0.0,confirmed,2024-05-13 00:00:00,2024-04-08 18:00:00
9cf26245-0190-457e-af69-1c9307a10e26,315,2023-06-29 00:00:00,8,2040.0,72,244.8,0.0,confirmed,2023-11-19 00:00:00,2023-06-28 13:00:00
649c3cd0-fc01-43dd-bc43-635303fdc9ae,183,2023-11-30 00:00:00,14,1617.0,88,194.04,0.0,confirmed,2023-12-22 00:00:00,2023-11-29 17:00:00
df4df35b-237d-4bdb-a999-ad992cbc6166,99,2024-03-25 00:00:00,8,660.0,85,79.2,0.0,confirmed,2024-05-13 00:00:00,2024-03-24 03:00:00
ce6269b0-96db-4b4e-a152-fcfb7a263a0a,41,2024-04-27 00:00:00,12,3456.0,121,414.72,345.6,cancelled,2024-09-23 00:00:00,2024-04-26 10:00:00
e6c59443-a426-4893-b832-d9f900885220,267,2023-03-23 00:00:00,13,3952.0,105,474.24,0.0,confirmed,2023-07-30 00:00:00,2023-03-22 18:00:00
28eb14ac-a928-4de6-b52a-d11ca9839b30,272,2023-11-21 00:00:00,3,357.0,65,42.84,0.0,confirmed,2024-04-06 00:00:00,2023-11-20 12:00:00
1d988beb-53d4-4cdc-b4fb-e46d43cabd48,266,2024-01-14 00:00:00,1,224.0,86,26.88,0.0,confirmed,2024-05-29 00:00:00,2024-01-13 21:00:00
13681f47-26bf-4869-a13f-d89827e9eb2d,84,2024-02-18 00:00:00,11,1496.0,139,179.52,0.0,confirmed,2024-07-13 00:00:00,2024-02-17 00:00:00
44e811de-260a-48f4-83fb-2d1f1d0c3da2,394,2024-08-28 00:00:00,10,1190.0,57,142.8,119.0,cancelled,2025-01-04 00:00:00,2024-08-27 15:00:00
9933a121-b7f2-42ad-87dc-5297ac2956d6,147,2023-05-03 00:00:00,7,1097.25,98,131.67,0.0,confirmed,2023-06-06 00:00:00,2023-05-02 18:00:00
86e77bbc-4863-4435-afef-83eaca4129d8,82,2023-09-07 00:00:00,8,1748.0,136,209.76,0.0,confirmed,2024-03-02 00:00:00,2023-09-06 02:00:00
858e683c-dc7a-494a-ac1c-631b6b28d56a,86,2024-05-30 00:00:00,12,798.0,113,95.76,0.0,confirmed,2024-09-23 00:00:00,2024-05-29 22:00:00
31b81ef9-42a0-4ad9-8079-f199cd615e8e,216,2023-05-19 00:00:00,1,154.0,134,18.48,15.4,cancelled,2023-09-16 00:00:00,2023-05-18 10:00:00
bb83a7eb-3034-4bdf-b513-4614d728e97b,143,2023-11-24 00:00:00,11,5082.0,60,609.84,0.0,confirmed,2023-12-17 00:00:00,2023-11-23 21:00:00
a4bc26cd-79b4-4480-9797-4f56d1452965,141,2023-10-22 00:00:00,3,864.0,79,103.68,86.4,cancelled,2024-03-29 00:00:00,2023-10-21 20:00:00
5f708b0a-375f-4880-b861-475da98d9d5d,238,2023-12-06 00:00:00,7,1715.0,139,205.8,0.0,confirmed,2024-01-14 00:00:00,2023-12-05 23:00:00
40d00403-cbd9-4a5d-9dcf-56b5ac0c0e3e,270,2023-06-08 00:00:00,5,1615.0,126,193.8,161.5,cancelled,2023-09-26 00:00:00,2023-06-07 19:00:00
652ec152-dc94-4539-873d-450b70b9f9db,305,2024-07-25 00:00:00,9,819.0,63,98.28,0.0,confirmed,2024-09-15 00:00:00,2024-07-24 20:00:00
24bd5832-e318-4d1b-bbe2-f183075cd84e,150,2023-05-12 00:00:00,5,450.0,56,54.0,0.0,confirmed,2023-05-21 00:00:00,2023-05-11 06:00:00
31c3f7bb-fb05-47dc-a2ce-1429f92fc670,283,2023-09-16 00:00:00,11,2970.0,63,356.4,0.0,confirmed,2023-10-14 00:00:00,2023-09-15 15:00:00
731ab0a0-4663-49fb-b2fd-4b4d50b6a543,127,2023-11-08 00:00:00,6,600.0,148,72.0,0.0,confirmed,2023-12-06 00:00:00,2023-11-07 11:00:00
276837f3-1347-49dc-8d5b-68c0cec8d37a,347,2023-12-06 00:00:00,6,660.0,129,79.2,0.0,confirmed,2023-12-28 00:00:00,2023-12-05 06:00:00
2e8ec88a-b833-4218-9403-2880ec078316,463,2024-03-09 00:00:00,13,2730.0,69,327.6,0.0,confirmed,2024-04-09 00:00:00,2024-03-08 13:00:00
5bb82b4f-e422-4efe-83f8-7b35cb2fc741,280,2023-11-02 00:00:00,8,1980.0,72,237.6,198.0,cancelled,2024-02-08 00:00:00,2023-11-01 01:00:00
21faff2c-8e2b-4f65-b081-dd5f66de7522,336,2023-10-02 00:00:00,13,4004.0,65,480.48,400.4,cancelled,2023-10-31 00:00:00,2023-10-01 11:00:00
1ea87061-be2d-4bd3-8dff-bba508d38c0e,139,2024-03-15 00:00:00,9,765.0,86,91.8,76.5,cancelled,2024-07-05 00:00:00,2024-03-14 17:00:00
3507be4c-815c-443b-bc0b-d7b4c3d2d40c,390,2023-11-05 00:00:00,13,3432.0,134,411.84,0.0,confirmed,2024-01-06 00:00:00,2023-11-04 12:00:00
d5679131-4646-4482-86be-38e446a8fd68,405,2023-06-30 00:00:00,14,2156.0,107,258.72,0.0,confirmed,2023-08-18 00:00:00,2023-06-29 04:00:00
4773bf2d-3d38-4eb2-93f1-1e5aa9043f7e,469,2023-07-31 00:00:00,14,5376.0,129,645.12,537.6,cancelled,2023-12-26 00:00:00,2023-07-30 06:00:00
eff576fb-2b1f-4b16-a4c2-83c04fc4be67,386,2023-07-21 00:00:00,10,1890.0,117,226.8,0.0,confirmed,2023-07-26 00:00:00,2023-07-20 13:00:00
3a0a0b24-3da9-4871-acec-2bd9609f4a2c,94,2023-03-06 00:00:00,8,1344.0,106,161.28,0.0,confirmed,2023-04-11 00:00:00,2023-03-05 02:00:00
74a69fd9-ff87-4670-bf64-118c2b7714c0,316,2023-04-07 00:00:00,8,2176.0,118,261.12,0.0,confirmed,2023-05-27 00:00:00,2023-04-06 20:00:00
98457985-6d59-407c-8a34-78dbd261b6c3,5,2023-09-19 00:00:00,14,980.0,61,117.6,0.0,confirmed,2023-10-07 00:00:00,2023-09-18 18:00:00
a7799c60-ae32-4827-a46d-792213653386,141,2023-07-24 00:00:00,5,1440.0,125,172.8,0.0,confirmed,2024-01-13 00:00:00,2023-07-23 17:00:00
2479b32d-a627-4b39-8e78-a61e4e10ab14,161,2023-07-18 00:00:00,11,935.0,84,112.2,0.0,confirmed,2023-12-24 00:00:00,2023-07-17 11:00:00
2d5c23d2-f31b-4972-8793-eeb556022951,106,2024-01-15 00:00:00,3,242.25,110,29.07,0.0,confirmed,2024-03-02 00:00:00,2024-01-14 11:00:00
e37dda43-b5ac-426b-886c-fb02b50d63aa,368,2024-01-21 00:00:00,4,660.0,89,79.2,66.0,cancelled,2024-05-18 00:00:00,2024-01-20 13:00:00
43fdadd5-04d6-4e63-8583-ed0c38df2c32,471,2023-09-14 00:00:00,9,2565.0,84,307.8,0.0,confirmed,2023-09-21 00:00:00,2023-09-13 16:00:00
e78d2bb7-34ed-4577-b2a0-cd9392c970f6,267,2023-02-03 00:00:00,3,912.0,142,109.44,0.0,confirmed,2023-05-14 00:00:00,2023-02-02 01:00:00
4d38e30a-cd4b-4522-83a9-1a3ae72c75d2,197,2024-02-23 00:00:00,12,1800.0,64,216.0,180.0,cancelled,2024-06-27 00:00:00,2024-02-22 19:00:00
298ddebd-82b1-4f97-8419-64b67b043e85,379,2023-03-05 00:00:00,6,5400.0,78,648.0,0.0,confirmed,2023-04-12 00:00:00,2023-03-04 03:00:00
a1aaa0c6-2ca6-4284-bc1e-84d42dd63057,2,2024-04-02 00:00:00,13,2788.5,40,334.62,0.0,confirmed,2024-04-27 00:00:00,2024-04-01 04:00:00
abe75852-0415-4ea3-b877-c34ed1a222a8,147,2023-08-10 00:00:00,9,1410.75,94,169.29,0.0,confirmed,2023-11-12 00:00:00,2023-08-09 19:00:00
afd61d26-7680-47bc-87fa-b884078b763e,468,2024-05-29 00:00:00,8,462.0,87,55.44,0.0,confirmed,2024-07-15 00:00:00,2024-05-28 22:00:00
8aaeeab3-139d-4d53-82c3-cc4e9662231f,139,2024-03-02 00:00:00,7,595.0,143,71.4,0.0,confirmed,2024-06-06 00:00:00,2024-03-01 04:00:00
e28f89db-ed30-4bcc-9d93-e64c3a8a8601,363,2023-11-10 00:00:00,11,3630.0,122,435.6,363.0,cancelled,2024-02-18 00:00:00,2023-11-09 15:00:00
6cadef07-e622-4462-b1f2-57635e9e59ef,48,2023-07-04 00:00:00,9,470.25,118,56.43,47.03,cancelled,2023-10-29 00:00:00,2023-07-03 23:00:00
1165afa5-9cc0-4ab6-be16-d9cd19465eaf,134,2023-09-10 00:00:00,5,1387.5,150,166.5,0.0,confirmed,2024-02-18 00:00:00,2023-09-09 00:00:00
ce5a3979-440c-4d74-959f-09a30d364d7b,358,2024-02-09 00:00:00,1,306.0,73,36.72,30.6,cancelled,2024-07-20 00:00:00,2024-02-08 08:00:00
a20f7340-bef8-42fd-9e47-7028f13c6701,480,2024-03-17 00:00:00,6,470.28,82,56.43,47.03,cancelled,2024-05-24 00:00:00,2024-03-16 18:00:00
74fd58c2-ca64-4884-8ff3-f7bd265b5edc,351,2024-03-05 00:00:00,7,1085.0,124,130.2,0.0,confirmed,2024-07-12 00:00:00,2024-03-04 03:00:00
ae3b348d-9717-4f53-b9dd-579e31ce52f3,241,2024-03-24 00:00:00,2,490.0,133,58.8,0.0,confirmed,2024-04-12 00:00:00,2024-03-23 20:00:00
200f5e19-c02d-46b6-871b-d67f0e962bf1,130,2023-09-26 00:00:00,12,1732.56,127,207.91,0.0,confirmed,2023-10-22 00:00:00,2023-09-25 07:00:00
949bab95-2353-4678-b815-319d5be84dc8,354,2023-04-26 00:00:00,7,2240.0,112,268.8,0.0,confirmed,2023-06-20 00:00:00,2023-04-25 05:00:00
c1a9f0db-1ad2-4986-b658-f6481832df00,225,2023-12-03 00:00:00,13,3731.0,123,447.72,0.0,confirmed,2024-01-31 00:00:00,2023-12-02 23:00:00
057cb087-92db-4862-8b68-8819355b1ec3,472,2023-05-29 00:00:00,10,1200.0,99,144.0,120.0,cancelled,2023-08-05 00:00:00,2023-05-28 10:00:00
43e01e26-5894-4f82-89ba-5b1e40b2984c,493,2023-09-14 00:00:00,10,3080.0,85,369.6,0.0,confirmed,2023-12-28 00:00:00,2023-09-13 00:00:00
c4e11be0-0ca1-4472-b0dd-72d56ff594e2,255,2024-04-09 00:00:00,7,2387.0,73,286.44,238.7,cancelled,2024-10-01 00:00:00,2024-04-08 09:00:00
132fd952-4460-402d-91ab-6cb2da8ded51,309,2023-07-22 00:00:00,10,2970.0,93,356.4,0.0,confirmed,2023-08-16 00:00:00,2023-07-21 05:00:00
6a26e2b9-304a-4123-9401-071ea7af5af5,293,2023-08-29 00:00:00,1,189.75,68,22.77,0.0,confirmed,2023-12-22 00:00:00,2023-08-28 22:00:00
0c2013d9-fd3d-4fa0-aa56-e18d361c0638,456,2024-03-22 00:00:00,8,1760.0,125,211.2,0.0,confirmed,2024-04-24 00:00:00,2024-03-21 07:00:00
1c4e853a-fc51-452f-8b8a-e2d090809513,325,2024-06-06 00:00:00,8,6480.0,60,777.6,648.0,cancelled,2024-11-29 00:00:00,2024-06-05 23:00:00
5d4b1a38-a556-4bdc-85ff-dc5d175ab641,494,2023-05-05 00:00:00,14,6510.0,63,781.2,651.0,cancelled,2023-07-31 00:00:00,2023-05-04 07:00:00
526e429d-39c5-4955-817b-6c6fded48820,449,2024-09-08 00:00:00,5,712.5,144,85.5,71.25,cancelled,2025-02-07 00:00:00,2024-09-07 15:00:00
d357c250-43b9-4547-bcb0-84e1b4d4d0e6,171,2023-02-10 00:00:00,2,156.76,70,18.81,0.0,confirmed,2023-06-18 00:00:00,2023-02-09 22:00:00
8be0c08f-ad08-41d1-ae71-4078c8a31440,400,2023-10-04 00:00:00,1,104.5,51,12.54,10.45,cancelled,2024-03-08 00:00:00,2023-10-03 12:00:00
c7f82083-aa55-4317-b08a-ac7bf3bea86d,171,2023-05-22 00:00:00,13,1018.94,103,122.27,101.89,cancelled,2023-09-30 00:00:00,2023-05-21 20:00:00
24c3e43a-7e10-4f2a-9532-45ab0d86356f,278,2023-08-09 00:00:00,5,960.0,140,115.2,0.0,confirmed,2023-08-27 00:00:00,2023-08-08 11:00:00
40796683-a746-4011-a532-525e40ea978f,413,2024-05-23 00:00:00,6,1023.0,60,122.76,102.3,cancelled,2024-09-05 00:00:00,2024-05-22 14:00:00
b5519d23-7bad-4dab-b306-cd8a13d65055,210,2023-07-13 00:00:00,13,1638.0,123,196.56,163.8,cancelled,2023-12-22 00:00:00,2023-07-12 14:00:00
382ca21a-79ce-4a2d-a5e1-7183e6166024,134,2024-01-06 00:00:00,11,3052.5,48,366.3,0.0,confirmed,2024-05-23 00:00:00,2024-01-05 18:00:00
25a2e112-17fb-4950-b5de-f0575003176d,149,2023-09-12 00:00:00,13,750.75,107,90.09,0.0,confirmed,2023-10-26 00:00:00,2023-09-11 15:00:00
a090903e-6ece-4b5d-aca6-f4e3e33a3d46,372,2024-03-09 00:00:00,1,224.0,78,26.88,0.0,confirmed,2024-09-02 00:00:00,2024-03-08 06:00:00
1fda4ca8-48a4-4efa-a241-253cff83bae1,283,2023-12-10 00:00:00,14,3780.0,76,453.6,0.0,confirmed,2024-01-19 00:00:00,2023-12-09 00:00:00
a40cad50-44cb-45b6-bcc2-646684c6ab79,255,2024-05-05 00:00:00,8,2728.0,99,327.36,272.8,cancelled,2024-10-23 00:00:00,2024-05-04 21:00:00
d4089c72-b9e3-46c1-b412-ad3d66f4167f,320,2024-03-03 00:00:00,10,4960.0,96,595.2,0.0,confirmed,2024-03-30 00:00:00,2024-03-02 15:00:00
2e5c50d4-e2a3-4ed3-8149-464e6d348903,48,2023-10-03 00:00:00,10,522.5,63,62.7,52.25,cancelled,2024-01-11 00:00:00,2023-10-02 04:00:00
2a76ec80-3064-4367-a081-ae696c79742a,457,2024-01-11 00:00:00,10,1495.0,118,179.4,0.0,confirmed,2024-03-02 00:00:00,2024-01-10 08:00:00
dbcc33d7-e4a9-45ab-a6e7-c2fb5fc59e0c,135,2023-10-06 00:00:00,9,1728.0,71,207.36,0.0,confirmed,2024-03-08 00:00:00,2023-10-05 11:00:00
e8594787-f961-4f92-9392-0a1eeeb33406,322,2024-01-11 00:00:00,3,214.5,59,25.74,21.45,cancelled,2024-06-12 00:00:00,2024-01-10 23:00:00
44f46d5e-46bd-44f8-9669-81d022a64904,426,2023-10-09 00:00:00,2,1260.0,57,151.2,0.0,confirmed,2023-10-23 00:00:00,2023-10-08 07:00:00
dfff45ff-e11e-4bd6-8d7b-3412091abdfb,432,2023-09-07 00:00:00,14,2156.0,75,258.72,215.6,cancelled,2023-11-07 00:00:00,2023-09-06 00:00:00
dfdc4edd-2505-4d71-b25c-2d01bb2525de,277,2024-05-09 00:00:00,12,1920.0,102,230.4,192.0,cancelled,2024-09-22 00:00:00,2024-05-08 15:00:00
b2c8475c-4f24-40d2-b8cf-9f90d7640802,128,2023-08-24 00:00:00,4,2016.0,50,241.92,0.0,confirmed,2023-10-21 00:00:00,2023-08-23 17:00:00
262fb6d7-e597-40c3-b259-feb26b400c62,342,2023-12-09 00:00:00,1,80.0,93,9.6,0.0,confirmed,2024-01-15 00:00:00,2023-12-08 00:00:00
e75e92cf-9a4a-4efa-b5ff-51fac56dddab,155,2023-05-20 00:00:00,12,1188.0,71,142.56,118.8,cancelled,2023-11-10 00:00:00,2023-05-19 18:00:00
c4590cb3-2168-4b56-86b4-15064a426715,234,2023-09-30 00:00:00,13,3900.0,78,468.0,0.0,confirmed,2023-10-21 00:00:00,2023-09-29 19:00:00
e04971dd-d2f9-4cb3-8cb2-374dacb3dcab,230,2023-11-18 00:00:00,2,1080.0,113,129.6,108.0,cancelled,2024-01-23 00:00:00,2023-11-17 02:00:00
fa618022-f8b1-41b0-b407-a6fd535044d8,466,2024-01-01 00:00:00,5,1092.5,70,131.1,0.0,confirmed,2024-01-10 00:00:00,2023-12-31 11:00:00
b6370048-970d-4a7a-9d80-9d17d252cee0,348,2024-01-13 00:00:00,2,496.0,120,59.52,0.0,confirmed,2024-06-06 00:00:00,2024-01-12 00:00:00
17778d1f-8ccc-408b-ab1b-d7da7cdf134a,175,2024-03-10 00:00:00,13,2252.25,101,270.27,0.0,confirmed,2024-07-31 00:00:00,2024-03-09 00:00:00
b8c64e33-7f97-4b9a-85c3-cc973ce31110,157,2024-01-29 00:00:00,1,170.5,121,20.46,0.0,confirmed,2024-05-24 00:00:00,2024-01-28 16:00:00
39335a30-beb1-4e06-8fa7-37fb70ee490f,64,2023-08-01 00:00:00,6,883.5,59,106.02,88.35,cancelled,2023-12-23 00:00:00,2023-07-31 10:00:00
c596829d-439a-48cf-8262-80d71f56f4fe,102,2024-03-13 00:00:00,3,210.0,131,25.2,0.0,confirmed,2024-06-14 00:00:00,2024-03-12 19:00:00
569248af-8dc2-46bf-a7b2-348c1b8341e0,278,2023-05-12 00:00:00,7,1344.0,104,161.28,0.0,confirmed,2023-08-19 00:00:00,2023-05-11 14:00:00
aa59337b-24f7-423c-83d8-4be815202621,80,2023-12-16 00:00:00,5,1050.0,116,126.0,0.0,confirmed,2024-02-21 00:00:00,2023-12-15 09:00:00
e5c588e7-4841-4ec8-b6b5-a145246778cb,130,2023-09-09 00:00:00,13,1876.94,141,225.23,0.0,confirmed,2023-10-12 00:00:00,2023-09-08 21:00:00
83ad0ad1-c1e1-49ea-8f2c-6dbe1221c639,375,2024-02-01 00:00:00,4,1520.0,92,182.4,152.0,cancelled,2024-04-28 00:00:00,2024-01-31 17:00:00
ae841ffc-b207-49b6-8803-092b7e0b9389,54,2023-07-15 00:00:00,13,715.0,56,85.8,0.0,confirmed,2023-09-05 00:00:00,2023-07-14 07:00:00
899c6ec9-9cb9-41a8-b824-0bccb02545aa,97,2023-08-10 00:00:00,6,1530.0,130,183.6,153.0,cancelled,2024-01-11 00:00:00,2023-08-09 21:00:00
902bd224-daa1-45b7-88f7-2926a29dd370,432,2024-02-13 00:00:00,1,154.0,132,18.48,15.4,cancelled,2024-04-17 00:00:00,2024-02-12 08:00:00
8a49a898-df30-43fa-b841-f17d49c3becb,331,2023-07-31 00:00:00,7,635.25,53,76.23,0.0,confirmed,2023-12-04 00:00:00,2023-07-30 04:00:00
c5524614-3682-4c4a-adf8-7eb0a501dc62,145,2024-01-13 00:00:00,3,527.25,53,63.27,52.73,cancelled,2024-06-12 00:00:00,2024-01-12 23:00:00
5b7eb363-e0fc-4840-b8d0-2234528d903a,17,2024-07-21 00:00:00,3,1428.0,112,171.36,0.0,confirmed,2024-09-18 00:00:00,2024-07-20 20:00:00
309ee5fb-0362-403c-80d0-9e47bf7137b0,185,2024-04-04 00:00:00,14,635.32,69,76.24,0.0,confirmed,2024-06-02 00:00:00,2024-04-03 06:00:00
ab707922-4643-495f-a118-b80e67643a8f,463,2023-11-13 00:00:00,1,210.0,104,25.2,21.0,cancelled,2024-02-08 00:00:00,2023-11-12 22:00:00
6cb92e6c-9b0e-4de8-bf0c-07ad449361aa,389,2023-09-10 00:00:00,9,2997.0,58,359.64,0.0,confirmed,2023-10-30 00:00:00,2023-09-09 04:00:00
7695ef8a-4ff3-430d-a9b6-95117251c36c,454,2023-10-08 00:00:00,2,121.0,56,14.52,12.1,cancelled,2024-03-27 00:00:00,2023-10-07 21:00:00
2427684a-216c-4b06-a7b2-aaf8d70615cb,422,2023-06-16 00:00:00,6,912.0,141,109.44,91.2,cancelled,2023-08-26 00:00:00,2023-06-15 00:00:00
37c31ac5-ecc9-465c-aa26-60ce59c155d0,217,2023-11-02 00:00:00,7,833.0,133,99.96,0.0,confirmed,2023-11-18 00:00:00,2023-11-01 21:00:00
85bfe62c-e2eb-4ced-b4cb-7b5f203cfce2,453,2023-07-29 00:00:00,14,10290.0,76,1234.8,0.0,confirmed,2023-09-22 00:00:00,2023-07-28 22:00:00
48955be5-4763-452b-9917-d660857078f1,490,2023-10-20 00:00:00,12,2028.0,41,243.36,0.0,confirmed,2024-01-30 00:00:00,2023-10-19 18:00:00
13bafc38-d332-4ae9-9b17-4cc84cc4292b,82,2023-10-16 00:00:00,7,1529.5,128,183.54,0.0,confirmed,2023-10-25 00:00:00,2023-10-15 17:00:00
cfe26861-6f6e-4069-8dee-2c57f7e83cd7,157,2023-12-30 00:00:00,1,170.5,67,20.46,0.0,confirmed,2024-02-22 00:00:00,2023-12-29 03:00:00
b8e60bc0-ccaa-4806-8488-cf00e6995328,448,2023-05-10 00:00:00,8,1476.0,77,177.12,0.0,confirmed,2023-07-10 00:00:00,2023-05-09 22:00:00
2b6a2d42-677c-4763-a61d-02b3eacd404c,341,2024-01-22 00:00:00,3,519.75,132,62.37,0.0,confirmed,2024-05-10 00:00:00,2024-01-21 10:00:00
1f1519b6-c97d-422c-9d27-ad443e1f9068,297,2023-10-22 00:00:00,7,798.0,69,95.76,0.0,confirmed,2023-10-28 00:00:00,2023-10-21 08:00:00
04f7d8ba-67e5-4d1d-adf2-3636df059b13,380,2024-05-15 00:00:00,11,2117.5,106,254.1,0.0,confirmed,2024-08-27 00:00:00,2024-05-14 05:00:00
ffe4dcfe-733c-47f2-aeac-b349ab238098,472,2023-06-27 00:00:00,13,1560.0,111,187.2,0.0,confirmed,2023-07-04 00:00:00,2023-06-26 07:00:00
0e43e0c1-0876-4173-a40f-9fd88ee0857e,389,2023-11-09 00:00:00,1,333.0,116,39.96,33.3,cancelled,2024-02-27 00:00:00,2023-11-08 05:00:00
d3e4cb9d-137b-479b-9577-0443580a02a3,219,2023-11-07 00:00:00,10,9000.0,141,1080.0,900.0,cancelled,2024-03-03 00:00:00,2023-11-06 06:00:00
93bc0a00-738d-4db7-bb30-1ba454d08b59,212,2023-10-18 00:00:00,14,1197.0,147,143.64,0.0,confirmed,2024-01-21 00:00:00,2023-10-17 01:00:00
91f0e47e-26c8-4491-86d2-b823988d5251,293,2023-10-07 00:00:00,9,1707.75,110,204.93,0.0,confirmed,2023-11-24 00:00:00,2023-10-06 21:00:00
2f14c266-7c4f-4b0d-b6d6-fe3f2ab6a227,104,2023-02-02 00:00:00,12,912.0,52,109.44,0.0,confirmed,2023-05-13 00:00:00,2023-02-01 09:00:00
a0772691-ad26-40e9-9da7-69af02a2747a,466,2023-12-25 00:00:00,5,1092.5,135,131.1,0.0,confirmed,2024-02-19 00:00:00,2023-12-24 07:00:00
d35a6fcb-9dae-4513-a75e-1c03853bfe3a,316,2023-11-19 00:00:00,5,1360.0,90,163.2,0.0,confirmed,2024-05-06 00:00:00,2023-11-18 23:00:00
f428b668-d06c-43b5-8e08-2f0be4f8b3a5,75,2023-08-08 00:00:00,13,1482.0,70,177.84,148.2,cancelled,2023-09-30 00:00:00,2023-08-07 01:00:00
8e033652-773e-4135-ab09-bdb588d1a966,190,2024-02-22 00:00:00,11,2431.0,139,291.72,243.1,cancelled,2024-07-16 00:00:00,2024-02-21 14:00:00
f014b377-763b-4078-8b2f-65c2190dbfd2,331,2023-11-21 00:00:00,8,726.0,63,87.12,0.0,confirmed,2023-12-05 00:00:00,2023-11-20 20:00:00
d5b491cd-53d0-423c-9046-48300473bdd8,425,2023-10-30 00:00:00,10,850.0,74,102.0,0.0,confirmed,2024-02-22 00:00:00,2023-10-29 16:00:00
6d9545c8-84c6-4502-9b78-82d1b0c26d61,221,2024-02-29 00:00:00,2,1152.0,119,138.24,115.2,cancelled,2024-07-03 00:00:00,2024-02-28 11:00:00
9e08f139-64f5-4ecf-93f3-4dee05e56189,366,2023-11-10 00:00:00,13,1662.44,69,199.49,0.0,confirmed,2024-02-25 00:00:00,2023-11-09 04:00:00
a8d9b6c5-9b49-4a65-9534-0ed0c1da4055,112,2024-01-14 00:00:00,13,12480.0,144,1497.6,0.0,confirmed,2024-06-21 00:00:00,2024-01-13 04:00:00
d7dc0044-88f3-40c1-a510-25adf87346f3,206,2024-06-25 00:00:00,12,2040.0,119,244.8,0.0,confirmed,2024-11-20 00:00:00,2024-06-24 05:00:00
a7cbf07d-8318-4737-a171-0913202406fe,206,2024-06-13 00:00:00,8,1360.0,129,163.2,0.0,confirmed,2024-11-06 00:00:00,2024-06-12 16:00:00
80d106e5-e8cc-485e-977c-40485ad6c3dc,53,2024-02-27 00:00:00,13,1501.5,45,180.18,0.0,confirmed,2024-06-27 00:00:00,2024-02-26 22:00:00
cc834d22-7e70-414d-8156-702528e1e0e4,359,2024-05-23 00:00:00,4,672.0,68,80.64,0.0,confirmed,2024-07-26 00:00:00,2024-05-22 03:00:00
44d915f1-f570-4146-b672-ca7c73e5751a,217,2024-06-12 00:00:00,9,1071.0,72,128.52,0.0,confirmed,2024-07-02 00:00:00,2024-06-11 10:00:00
5970f7e1-0204-4685-9fdd-c4b27a8d518e,130,2023-05-05 00:00:00,9,1299.42,47,155.93,0.0,confirmed,2023-08-06 00:00:00,2023-05-04 05:00:00
1869dd59-c7b5-47e6-92e6-311efe5caf0d,383,2024-03-20 00:00:00,12,3036.0,140,364.32,0.0,confirmed,2024-05-18 00:00:00,2024-03-19 12:00:00
93325907-b278-44fd-ab7b-1548bceee707,198,2024-04-26 00:00:00,3,456.0,95,54.72,0.0,confirmed,2024-07-26 00:00:00,2024-04-25 19:00:00
b846b8da-f87b-4845-910e-1b3f9bb770a7,368,2024-03-29 00:00:00,12,1980.0,106,237.6,198.0,cancelled,2024-07-25 00:00:00,2024-03-28 22:00:00
6511f27a-7273-4956-9e3e-373f678177f4,322,2024-02-23 00:00:00,11,786.5,57,94.38,0.0,confirmed,2024-04-26 00:00:00,2024-02-22 22:00:00
7af824b5-45df-4782-86ff-23d71fb0d8f7,321,2023-11-24 00:00:00,13,3627.0,74,435.24,362.7,cancelled,2023-12-18 00:00:00,2023-11-23 13:00:00
1c291fcd-e78a-4cb6-9ef1-2b85b63fee22,354,2023-05-17 00:00:00,10,3200.0,146,384.0,0.0,confirmed,2023-09-22 00:00:00,2023-05-16 06:00:00
aa46f89a-3512-4496-9fd1-968bf92fa7a2,211,2024-04-20 00:00:00,12,1848.0,100,221.76,0.0,confirmed,2024-09-05 00:00:00,2024-04-19 22:00:00
a28c1b1c-f608-45cb-9164-8ff5e9d83669,129,2023-05-20 00:00:00,13,3978.0,64,477.36,397.8,cancelled,2023-10-08 00:00:00,2023-05-19 10:00:00
cf965cef-276f-4b79-809c-641ce78be69c,13,2024-07-01 00:00:00,2,408.0,125,48.96,0.0,confirmed,2024-11-08 00:00:00,2024-06-30 13:00:00
418c5cba-55b3-4480-b280-d22ee938b6fb,485,2023-11-28 00:00:00,9,1496.25,71,179.55,0.0,confirmed,2024-01-26 00:00:00,2023-11-27 02:00:00
307e1a27-b1ad-438c-b8bd-92ba897bf7c9,447,2023-10-08 00:00:00,2,420.0,69,50.4,0.0,confirmed,2024-02-08 00:00:00,2023-10-07 14:00:00
d7281563-dbe1-4d7d-af6d-00a9dd061248,274,2023-09-21 00:00:00,12,2760.0,46,331.2,0.0,confirmed,2023-09-23 00:00:00,2023-09-20 13:00:00
6c812a0a-e599-407c-882b-832814731bed,448,2023-11-26 00:00:00,14,2583.0,131,309.96,0.0,confirmed,2023-12-31 00:00:00,2023-11-25 12:00:00
d5fa0cb8-4b11-428e-b1c9-3823bbac1179,196,2024-03-09 00:00:00,2,576.0,119,69.12,0.0,confirmed,2024-06-14 00:00:00,2024-03-08 21:00:00
bc29d5ec-b2f2-45f9-a5e2-e5a1b3aa0b57,406,2024-08-17 00:00:00,6,528.0,121,63.36,0.0,confirmed,2024-12-22 00:00:00,2024-08-16 10:00:00
2f7aadce-04c5-42c3-9a72-9e5dfcc55d0b,132,2024-06-20 00:00:00,8,3472.0,82,416.64,0.0,confirmed,2024-10-17 00:00:00,2024-06-19 17:00:00
83547df6-d6ad-4cf2-8a70-33e338cb9a5e,393,2023-02-24 00:00:00,12,6216.0,89,745.92,0.0,confirmed,2023-04-14 00:00:00,2023-02-23 02:00:00
a088d0c6-2cd5-42f9-bccf-3ba6a2dbd4d1,496,2023-11-27 00:00:00,9,2160.0,83,259.2,0.0,confirmed,2024-02-25 00:00:00,2023-11-26 13:00:00
a58ec55f-6f1b-4016-9ebd-d183c159fc8a,48,2023-10-29 00:00:00,9,470.25,131,56.43,47.03,cancelled,2024-02-24 00:00:00,2023-10-28 08:00:00
4b069fe8-aabf-4d33-96cf-571d937e93fe,352,2023-09-18 00:00:00,2,384.0,112,46.08,0.0,confirmed,2024-01-26 00:00:00,2023-09-17 06:00:00
f4532eff-87e2-41b8-846a-428ab2f01cde,136,2023-10-16 00:00:00,4,320.0,111,38.4,32.0,cancelled,2023-11-02 00:00:00,2023-10-15 20:00:00
5607d5fd-c769-4194-9cbb-e40c4747a627,330,2023-12-11 00:00:00,6,799.5,113,95.94,79.95,cancelled,2024-02-19 00:00:00,2023-12-10 17:00:00
23991b78-848b-4cac-8853-cf199aad196c,118,2023-11-25 00:00:00,6,1387.5,150,166.5,0.0,confirmed,2023-12-18 00:00:00,2023-11-24 18:00:00
c21a1f6f-8cbe-4459-842b-cdafb4a18e08,148,2023-05-22 00:00:00,12,4851.0,99,582.12,0.0,confirmed,2023-08-24 00:00:00,2023-05-21 16:00:00
d874dd35-d694-4287-8a2e-cbf6a8f8b71c,177,2023-03-16 00:00:00,2,198.0,98,23.76,19.8,cancelled,2023-06-01 00:00:00,2023-03-15 17:00:00
ec5ceaf3-6b19-4082-a279-84a40a12d871,450,2023-07-12 00:00:00,8,3136.0,51,376.32,313.6,cancelled,2023-12-14 00:00:00,2023-07-11 18:00:00
71382fa3-83ad-4f26-8297-c8faad489f47,320,2024-03-29 00:00:00,12,5952.0,88,714.24,595.2,cancelled,2024-08-21 00:00:00,2024-03-28 05:00:00
3ae29246-a4f7-427e-82e6-9b7ca376e80f,364,2024-07-06 00:00:00,13,2600.0,84,312.0,0.0,confirmed,2024-10-01 00:00:00,2024-07-05 10:00:00
aa760a0f-af7a-4426-bae3-cf05dc7b1030,451,2023-11-04 00:00:00,5,1897.5,49,227.7,0.0,confirmed,2023-12-04 00:00:00,2023-11-03 09:00:00
f4f026a8-c1a6-4e26-a627-fd2bb2bd6138,482,2023-11-09 00:00:00,7,565.25,93,67.83,0.0,confirmed,2024-01-18 00:00:00,2023-11-08 06:00:00
2ff580e0-9f0f-4265-b28d-e1e200e49d24,390,2023-03-08 00:00:00,12,3168.0,62,380.16,316.8,cancelled,2023-04-25 00:00:00,2023-03-07 06:00:00
f7b6e6d7-22e6-49ed-a6d9-f574675cd063,131,2023-11-04 00:00:00,1,144.38,101,17.33,14.44,cancelled,2024-02-07 00:00:00,2023-11-03 20:00:00
117f34e6-d3fa-461a-bce9-380efa8e9c85,126,2023-03-02 00:00:00,14,1456.0,57,174.72,0.0,confirmed,2023-07-25 00:00:00,2023-03-01 10:00:00
b22c4af2-b181-430f-a46a-adfc9b300aa6,49,2023-11-09 00:00:00,8,1728.0,40,207.36,172.8,cancelled,2024-05-04 00:00:00,2023-11-08 05:00:00
6375e701-a61a-4ec4-b594-6746d8e8a4c8,1,2024-05-11 00:00:00,8,646.0,62,77.52,64.6,cancelled,2024-08-05 00:00:00,2024-05-10 08:00:00
dd8a8371-6267-41e8-906f-b6aaa54953e2,67,2024-06-05 00:00:00,14,2352.0,44,282.24,0.0,confirmed,2024-07-15 00:00:00,2024-06-04 20:00:00
195ac8a3-5bd0-4430-b6d4-525b8ba66cb3,224,2023-05-24 00:00:00,4,784.0,117,94.08,0.0,confirmed,2023-09-02 00:00:00,2023-05-23 23:00:00
a392722e-3181-4b5f-8c66-ee592760f291,418,2024-02-09 00:00:00,12,2970.0,69,356.4,0.0,confirmed,2024-03-14 00:00:00,2024-02-08 20:00:00
456afc37-2d62-4735-a052-f7366ae7eb04,421,2023-05-10 00:00:00,5,857.5,150,102.9,85.75,cancelled,2023-08-20 00:00:00,2023-05-09 16:00:00
b93fdc43-dc34-4794-82de-41900f6bf1a4,179,2023-10-26 00:00:00,5,531.25,123,63.75,0.0,confirmed,2023-11-19 00:00:00,2023-10-25 00:00:00
cfca0003-f48b-42b8-b596-e5e1cb55fce6,421,2023-08-13 00:00:00,10,1715.0,126,205.8,171.5,cancelled,2023-08-24 00:00:00,2023-08-12 21:00:00
f687efc1-a939-49aa-83c2-ac2793544306,20,2023-09-20 00:00:00,14,3542.0,93,425.04,354.2,cancelled,2023-11-29 00:00:00,2023-09-19 19:00:00
0c54fd0d-9bfc-4785-93b7-6915a78e087a,130,2024-02-09 00:00:00,14,2021.32,137,242.56,0.0,confirmed,2024-05-20 00:00:00,2024-02-08 21:00:00
bd650268-c3bc-48a6-a262-8db640fe9c73,81,2023-07-16 00:00:00,1,88.0,112,10.56,0.0,confirmed,2023-08-20 00:00:00,2023-07-15 08:00:00
ffe2cb26-0cd3-4efc-8019-387d6f4d88e0,68,2023-10-08 00:00:00,6,924.0,41,110.88,0.0,confirmed,2024-02-24 00:00:00,2023-10-07 23:00:00
93129741-49ed-4c65-8c18-8d4d109212d8,405,2023-10-18 00:00:00,4,616.0,120,73.92,61.6,cancelled,2024-03-14 00:00:00,2023-10-17 03:00:00
78f7aa4d-65fe-413d-83d9-f3c733be7736,364,2023-12-09 00:00:00,1,200.0,53,24.0,0.0,confirmed,2024-03-15 00:00:00,2023-12-08 02:00:00
cb121223-c113-482d-b9bf-78d571cde96c,370,2024-02-11 00:00:00,12,1089.0,127,130.68,0.0,confirmed,2024-02-13 00:00:00,2024-02-10 12:00:00
e2c631c5-8f6e-4211-bfb7-053b6e7cb394,320,2023-08-04 00:00:00,12,5952.0,67,714.24,595.2,cancelled,2023-10-13 00:00:00,2023-08-03 22:00:00
ddc255a6-c5ed-44d3-ac51-b04de0adbd40,396,2023-04-30 00:00:00,5,1400.0,113,168.0,0.0,confirmed,2023-05-05 00:00:00,2023-04-29 12:00:00
be8140ad-6caa-43b8-85c0-62c9e412edcc,100,2024-03-28 00:00:00,3,777.0,76,93.24,77.7,cancelled,2024-04-14 00:00:00,2024-03-27 05:00:00
b502f54b-a68a-4e5b-b3a0-1a92060c3d7c,466,2024-04-25 00:00:00,2,437.0,81,52.44,0.0,confirmed,2024-05-20 00:00:00,2024-04-24 14:00:00
1feccaaf-d60b-4304-a3af-1e869a3f142b,112,2023-08-08 00:00:00,1,960.0,102,115.2,96.0,cancelled,2023-10-28 00:00:00,2023-08-07 11:00:00
1b2a4ef0-599b-4d4f-ad15-4e0c2cbd487b,385,2024-04-14 00:00:00,13,1137.5,103,136.5,0.0,confirmed,2024-04-17 00:00:00,2024-04-13 06:00:00
cf4bf776-1941-45ac-a7d2-0cb3c8492776,385,2024-04-13 00:00:00,2,175.0,62,21.0,0.0,confirmed,2024-08-20 00:00:00,2024-04-12 11:00:00
d5af5774-adfa-4599-b933-9be9c8646082,177,2023-03-02 00:00:00,7,693.0,48,83.16,0.0,confirmed,2023-08-10 00:00:00,2023-03-01 13:00:00
d62386ff-da98-47b3-a249-6a5943200b82,445,2023-11-17 00:00:00,8,5328.0,49,639.36,0.0,confirmed,2024-02-10 00:00:00,2023-11-16 19:00:00
b3dc8178-1564-4cc1-9858-4980268ad509,330,2023-06-26 00:00:00,6,799.5,77,95.94,0.0,confirmed,2023-11-26 00:00:00,2023-06-25 17:00:00
400f4f4a-d015-4751-8724-c596f232a323,174,2023-12-04 00:00:00,8,2280.0,73,273.6,228.0,cancelled,2024-04-23 00:00:00,2023-12-03 18:00:00
56378c08-04e6-4e97-925b-532aee414213,209,2024-01-15 00:00:00,10,1610.0,129,193.2,161.0,cancelled,2024-07-12 00:00:00,2024-01-14 17:00:00
d5d27e4c-b15b-438b-88c4-b99b85d0ebec,365,2023-03-25 00:00:00,6,756.0,48,90.72,0.0,confirmed,2023-09-05 00:00:00,2023-03-24 07:00:00
8347311b-3bfb-415c-9cdc-a757f7ef183c,41,2024-02-03 00:00:00,9,2592.0,104,311.04,259.2,cancelled,2024-06-07 00:00:00,2024-02-02 14:00:00
134d82d5-bd88-4f94-b1ea-2c003068a5e4,123,2023-05-31 00:00:00,11,1149.5,106,137.94,0.0,confirmed,2023-07-04 00:00:00,2023-05-30 13:00:00
88cee838-93b4-4b8f-9751-c2bbcba1dbc4,24,2023-08-15 00:00:00,11,1386.0,88,166.32,0.0,confirmed,2024-01-24 00:00:00,2023-08-14 22:00:00
88e11686-ecd0-4135-89d9-568832386ede,304,2023-10-19 00:00:00,2,1200.0,61,144.0,120.0,cancelled,2024-04-08 00:00:00,2023-10-18 01:00:00
09404cd4-1144-445e-8a5d-9a970a38837d,149,2023-08-17 00:00:00,2,115.5,93,13.86,0.0,confirmed,2023-11-27 00:00:00,2023-08-16 05:00:00
4755fcd6-92b2-4ee4-b6d9-65e384d33a73,99,2024-05-19 00:00:00,11,907.5,110,108.9,0.0,confirmed,2024-06-01 00:00:00,2024-05-18 19:00:00
180e8fe4-de52-4fb5-a589-90d1f68bb765,132,2024-02-11 00:00:00,7,3038.0,58,364.56,0.0,confirmed,2024-04-19 00:00:00,2024-02-10 21:00:00
cb5aa455-b5b4-40e1-89ab-cf8b729ab563,454,2023-08-30 00:00:00,11,665.5,103,79.86,0.0,confirmed,2023-11-04 00:00:00,2023-08-29 23:00:00
a3de085b-8206-4c75-b4fc-9f9110c51c2a,249,2024-03-29 00:00:00,3,342.0,91,41.04,0.0,confirmed,2024-09-07 00:00:00,2024-03-28 01:00:00
3fbe7044-e11b-4570-a34c-0008fe4be041,155,2023-10-12 00:00:00,2,198.0,144,23.76,19.8,cancelled,2024-03-29 00:00:00,2023-10-11 05:00:00
af2057bc-0475-4df0-8639-d0761b9dd045,429,2024-04-21 00:00:00,2,224.0,126,26.88,0.0,confirmed,2024-07-05 00:00:00,2024-04-20 03:00:00
1a22199c-08d9-4e01-9930-bbbfab3f0437,83,2024-05-08 00:00:00,11,3080.0,43,369.6,0.0,confirmed,2024-06-21 00:00:00,2024-05-07 15:00:00
34fef988-ad23-45ce-9bc9-b848d6d05a30,104,2023-02-16 00:00:00,6,456.0,66,54.72,0.0,confirmed,2023-04-02 00:00:00,2023-02-15 00:00:00
7bdc82dd-bc46-434f-a305-94ebc198c57a,439,2024-03-24 00:00:00,13,1501.5,71,180.18,0.0,confirmed,2024-04-23 00:00:00,2024-03-23 16:00:00
e2ef8407-30b1-418a-b0c9-ef73babe0df6,302,2023-03-06 00:00:00,5,1085.0,87,130.2,0.0,confirmed,2023-07-26 00:00:00,2023-03-05 06:00:00
5cebb272-2a42-49c8-8370-b4db49b762d8,212,2023-09-28 00:00:00,1,85.5,51,10.26,0.0,confirmed,2023-10-11 00:00:00,2023-09-27 17:00:00
c9823f47-ecf4-4221-9fb1-95f9e0478495,176,2023-05-11 00:00:00,14,5082.0,78,609.84,508.2,cancelled,2023-08-15 00:00:00,2023-05-10 17:00:00
737e2b42-fe61-419f-97c8-cfcacca9db96,433,2023-10-27 00:00:00,14,1960.0,68,235.2,0.0,confirmed,2023-12-13 00:00:00,2023-10-26 18:00:00
090c86ca-f7e9-4256-97ba-538c9a8376e5,297,2024-04-17 00:00:00,9,1026.0,115,123.12,0.0,confirmed,2024-08-26 00:00:00,2024-04-16 22:00:00
76141f54-2d75-4546-878e-d6f654650c84,204,2023-08-22 00:00:00,2,370.5,67,44.46,0.0,confirmed,2023-09-27 00:00:00,2023-08-21 13:00:00
7d2832a2-5706-487a-9d33-75729ed52e9a,403,2024-06-27 00:00:00,11,3740.0,105,448.8,0.0,confirmed,2024-09-17 00:00:00,2024-06-26 14:00:00
2b3c3b14-5cb8-471e-8af4-c899695e1e37,196,2024-06-11 00:00:00,7,2016.0,40,241.92,0.0,confirmed,2024-09-10 00:00:00,2024-06-10 10:00:00
16af9491-40a8-4423-abb5-9794d5f0a4a5,139,2023-12-11 00:00:00,3,255.0,56,30.6,0.0,confirmed,2023-12-20 00:00:00,2023-12-10 16:00:00
c4fedf06-1746-40e3-8b0c-dc3f8d0a3f45,238,2024-03-06 00:00:00,1,245.0,133,29.4,0.0,confirmed,2024-06-08 00:00:00,2024-03-05 09:00:00
69ec408b-64b5-411b-93cb-68f033b7510a,347,2024-03-31 00:00:00,2,220.0,108,26.4,0.0,confirmed,2024-09-02 00:00:00,2024-03-30 18:00:00
c7883283-8440-4cc0-a5c7-7cf337af0883,333,2023-12-30 00:00:00,3,396.0,148,47.52,39.6,cancelled,2024-03-30 00:00:00,2023-12-29 23:00:00
2d1cc8f5-bd15-45ba-878c-166994f0c5ac,356,2023-12-13 00:00:00,8,2112.0,61,253.44,0.0,confirmed,2024-05-24 00:00:00,2023-12-12 09:00:00
fe8a4f0b-4a01-463f-8bf5-9122f138c375,56,2024-01-08 00:00:00,12,5148.0,111,617.76,0.0,confirmed,2024-05-03 00:00:00,2024-01-07 20:00:00
4d020cfb-31fd-4883-a602-6ae174e99fda,333,2024-01-08 00:00:00,2,264.0,90,31.68,0.0,confirmed,2024-04-23 00:00:00,2024-01-07 05:00:00
4de45a58-aed2-440f-8b01-3fc56da55269,127,2024-01-12 00:00:00,5,500.0,43,60.0,0.0,confirmed,2024-05-27 00:00:00,2024-01-11 22:00:00
2c4f775c-351a-4fc0-b0af-7b19a71f24b6,465,2023-04-15 00:00:00,3,1008.0,122,120.96,0.0,confirmed,2023-06-13 00:00:00,2023-04-14 02:00:00
a8f20e88-6556-46c3-9369-1a606c1b6faf,468,2024-02-05 00:00:00,13,750.75,48,90.09,75.08,cancelled,2024-05-30 00:00:00,2024-02-04 06:00:00
d39c607c-f84b-4ece-a6e9-b4013120981b,173,2024-02-01 00:00:00,6,684.0,143,82.08,0.0,confirmed,2024-04-17 00:00:00,2024-01-31 10:00:00
e18ea5e9-8343-4b05-a8ff-c190e66cbfd3,21,2023-05-17 00:00:00,7,1232.0,79,147.84,123.2,cancelled,2023-10-22 00:00:00,2023-05-16 22:00:00
84139b7e-0a8c-469a-ab18-bbab4127b34a,164,2023-08-23 00:00:00,4,1248.0,42,149.76,0.0,confirmed,2023-12-22 00:00:00,2023-08-22 05:00:00
0cd0a5fb-93b3-490a-a80b-e3f55e0ddbb9,140,2024-08-20 00:00:00,10,807.5,58,96.9,0.0,confirmed,2025-02-01 00:00:00,2024-08-19 17:00:00
6a53bbe7-0f1c-45c3-9836-58023ced8936,146,2024-07-31 00:00:00,3,195.0,105,23.4,19.5,cancelled,2024-08-22 00:00:00,2024-07-30 11:00:00
f2eba08f-34e9-4463-b984-7a93c09f4a6a,98,2023-07-12 00:00:00,8,1736.0,135,208.32,173.6,cancelled,2023-12-24 00:00:00,2023-07-11 09:00:00
d9b376c0-dc32-44ff-a39f-adba916e9e34,497,2024-05-12 00:00:00,10,1760.0,68,211.2,0.0,confirmed,2024-09-28 00:00:00,2024-05-11 06:00:00
2a7cb567-5bdb-4045-a6bd-418135e62e27,427,2023-08-23 00:00:00,3,256.5,54,30.78,0.0,confirmed,2023-12-03 00:00:00,2023-08-22 21:00:00
01a1e01c-07aa-4114-8b01-0b205fc0b79c,347,2024-08-13 00:00:00,9,990.0,80,118.8,0.0,confirmed,2025-01-13 00:00:00,2024-08-12 22:00:00
053fd430-df03-4adb-b132-6a12b0c7ef33,474,2023-11-24 00:00:00,6,810.0,114,97.2,0.0,confirmed,2024-05-20 00:00:00,2023-11-23 16:00:00
93bb4edc-f943-45b8-a5c5-799c0e7a47d6,289,2024-08-14 00:00:00,1,256.5,94,30.78,0.0,confirmed,2024-11-22 00:00:00,2024-08-13 12:00:00
8ee37195-f520-4316-8ff0-fee038f28f5e,454,2023-11-21 00:00:00,11,665.5,78,79.86,66.55,cancelled,2023-12-28 00:00:00,2023-11-20 09:00:00
02cda5f3-2947-4f0b-9f0f-295a67adff2c,188,2023-11-12 00:00:00,4,511.52,47,61.38,0.0,confirmed,2024-02-17 00:00:00,2023-11-11 07:00:00
ecf6fa30-bc1c-41a8-94a6-483c1310a33b,53,2024-05-30 00:00:00,5,577.5,80,69.3,0.0,confirmed,2024-10-30 00:00:00,2024-05-29 00:00:00
660e8ffe-20ac-4020-8775-6e52bfc4492e,493,2023-12-04 00:00:00,6,1848.0,122,221.76,0.0,confirmed,2024-05-04 00:00:00,2023-12-03 00:00:00
dca4e978-aa3b-4607-b9cd-4fbf682705f0,257,2023-11-03 00:00:00,7,700.0,69,84.0,70.0,cancelled,2023-12-11 00:00:00,2023-11-02 04:00:00
028e82f4-b164-46e1-bcc0-634e3f98e5f3,299,2023-07-22 00:00:00,7,385.0,62,46.2,38.5,cancelled,2023-08-04 00:00:00,2023-07-21 17:00:00
d36d5ef0-e350-41db-acc6-a288ea965a11,378,2023-07-23 00:00:00,11,836.0,94,100.32,0.0,confirmed,2023-11-14 00:00:00,2023-07-22 05:00:00
b57ffe9a-9250-43d2-8bfa-3a3e79446588,118,2023-07-21 00:00:00,9,2081.25,106,249.75,0.0,confirmed,2023-08-04 00:00:00,2023-07-20 02:00:00
1f58a913-bc00-45db-8919-5a4d99a02204,317,2023-06-27 00:00:00,11,1452.0,99,174.24,0.0,confirmed,2023-07-21 00:00:00,2023-06-26 20:00:00
78fef29b-eca0-407e-aa84-ab50600f976c,302,2023-08-22 00:00:00,7,1519.0,45,182.28,0.0,confirmed,2023-11-30 00:00:00,2023-08-21 21:00:00
fd5f8f58-fc73-4a44-b727-74381f915c50,168,2024-01-30 00:00:00,4,627.0,124,75.24,62.7,cancelled,2024-05-15 00:00:00,2024-01-29 14:00:00
becc465c-f40b-44b3-b92d-f97f21ab12a9,1,2024-04-07 00:00:00,1,80.75,117,9.69,0.0,confirmed,2024-05-08 00:00:00,2024-04-06 14:00:00
d51b0bdc-9138-4b84-aed3-07149724b7f3,285,2024-04-06 00:00:00,13,864.5,43,103.74,0.0,confirmed,2024-04-24 00:00:00,2024-04-05 16:00:00
0bffb480-6b3b-40d4-a0d7-a5821131ab22,237,2023-02-04 00:00:00,12,2223.0,50,266.76,222.3,cancelled,2023-05-29 00:00:00,2023-02-03 19:00:00
e4f5149c-09cf-4924-9271-d21a5fc28aae,289,2024-04-08 00:00:00,10,2565.0,100,307.8,256.5,cancelled,2024-06-10 00:00:00,2024-04-07 17:00:00
99866ffc-a8e8-4e46-84e4-181010070154,280,2023-06-14 00:00:00,1,247.5,118,29.7,24.75,cancelled,2023-09-07 00:00:00,2023-06-13 03:00:00
a686f983-77c8-410d-9c12-a7a010ae702e,416,2023-09-05 00:00:00,6,600.0,40,72.0,60.0,cancelled,2023-12-27 00:00:00,2023-09-04 08:00:00
f9f15ac7-215b-4736-bbc7-36fe02c4ec4e,345,2023-10-14 00:00:00,1,165.0,95,19.8,16.5,cancelled,2024-01-09 00:00:00,2023-10-13 12:00:00
5a9e34a8-97cb-4209-8c95-830e114f71de,310,2023-10-02 00:00:00,10,990.0,75,118.8,0.0,confirmed,2024-02-21 00:00:00,2023-10-01 22:00:00
17cc0db7-8109-4e95-bab2-0bf953581315,436,2024-10-17 00:00:00,10,2590.0,129,310.8,0.0,confirmed,2024-11-06 00:00:00,2024-10-16 03:00:00
10ba2bd5-1667-44a5-9b78-ed67ad630894,207,2024-08-03 00:00:00,10,1485.0,94,178.2,148.5,cancelled,2025-01-28 00:00:00,2024-08-02 00:00:00
c0fe442d-a5aa-4485-9c33-266b1aab6611,173,2023-09-14 00:00:00,6,684.0,80,82.08,68.4,cancelled,2023-12-24 00:00:00,2023-09-13 03:00:00
b8218153-6f53-4799-b19e-44d778a58ae4,239,2024-03-01 00:00:00,12,6552.0,67,786.24,0.0,confirmed,2024-07-20 00:00:00,2024-02-29 10:00:00
f6d4187b-0eb2-4482-a0f1-27e98ff29cb8,105,2024-07-24 00:00:00,6,370.5,140,44.46,0.0,confirmed,2024-12-19 00:00:00,2024-07-23 21:00:00
4f2b239d-eafe-4ac2-a3a9-ea299ae476e2,13,2023-10-20 00:00:00,9,1836.0,97,220.32,0.0,confirmed,2024-01-05 00:00:00,2023-10-19 02:00:00
46cf5b3b-d7db-437d-b63f-8008f81f475b,12,2023-10-19 00:00:00,4,484.0,100,58.08,0.0,confirmed,2023-10-29 00:00:00,2023-10-18 09:00:00
75573b45-27ec-4727-9117-6fb5cb3c7442,289,2024-04-01 00:00:00,8,2052.0,57,246.24,0.0,confirmed,2024-04-30 00:00:00,2024-03-31 02:00:00
47556185-09a8-4ed3-b32e-d391b58bdcfe,397,2024-02-06 00:00:00,1,368.0,58,44.16,0.0,confirmed,2024-06-14 00:00:00,2024-02-05 01:00:00
faa976cf-0d19-4e98-a5dd-07b58a7a7917,96,2023-05-18 00:00:00,5,630.0,102,75.6,0.0,confirmed,2023-07-10 00:00:00,2023-05-17 18:00:00
467f60d2-7f6d-4f76-9d1f-7f8901c71532,352,2023-07-01 00:00:00,11,2112.0,95,253.44,211.2,cancelled,2023-09-23 00:00:00,2023-06-30 22:00:00
d1026a49-11b6-4fdf-a6b5-c0577c3214ea,234,2023-12-26 00:00:00,11,3300.0,142,396.0,0.0,confirmed,2024-04-16 00:00:00,2023-12-25 01:00:00
ae0dc3f6-96a8-4229-85ff-d23e9c027af9,461,2023-10-10 00:00:00,13,1872.0,132,224.64,0.0,confirmed,2024-03-03 00:00:00,2023-10-09 07:00:00
fae141c1-e776-40e7-823f-8fa089573599,161,2023-12-01 00:00:00,6,510.0,91,61.2,0.0,confirmed,2024-03-28 00:00:00,2023-11-30 07:00:00
7f46c075-25e6-4a79-92f8-9e9c0f1ca8fc,365,2023-07-17 00:00:00,8,1008.0,148,120.96,0.0,confirmed,2023-09-25 00:00:00,2023-07-16 12:00:00
05877674-df89-4b32-8bf6-5978b3382c8e,274,2023-04-28 00:00:00,6,1380.0,96,165.6,0.0,confirmed,2023-08-06 00:00:00,2023-04-27 18:00:00
6906afbf-fa3d-49f9-bc86-c10011ac91ce,1,2024-02-08 00:00:00,8,646.0,148,77.52,0.0,confirmed,2024-06-28 00:00:00,2024-02-07 03:00:00
478b8056-5eef-402e-91f5-423544c250d4,394,2024-01-02 00:00:00,7,833.0,147,99.96,0.0,confirmed,2024-01-28 00:00:00,2024-01-01 07:00:00
0c355ce6-183a-48ea-a5d9-d13cb73ae406,98,2024-01-08 00:00:00,12,2604.0,72,312.48,0.0,confirmed,2024-05-11 00:00:00,2024-01-07 02:00:00
67f493fe-d2b5-4a9e-97cb-4992e53c4d79,346,2023-08-05 00:00:00,5,760.0,42,91.2,0.0,confirmed,2023-09-28 00:00:00,2023-08-04 19:00:00
625eb367-8afc-4ad8-afcb-1b7ee44e520b,92,2024-04-06 00:00:00,13,4368.0,62,524.16,436.8,cancelled,2024-09-05 00:00:00,2024-04-05 00:00:00
6742bd20-482d-4dc6-b0c7-32269248f34d,328,2023-11-02 00:00:00,1,110.0,75,13.2,0.0,confirmed,2024-03-26 00:00:00,2023-11-01 16:00:00
8ba2a18c-0ecb-499f-b4cb-6b213c7ce04b,79,2024-03-07 00:00:00,14,1309.0,50,157.08,0.0,confirmed,2024-05-04 00:00:00,2024-03-06 05:00:00
08f565c2-bfcd-48a6-b68a-c70d019d3f4f,273,2024-03-11 00:00:00,2,441.0,102,52.92,44.1,cancelled,2024-04-20 00:00:00,2024-03-10 16:00:00
b3b9ae78-cddb-49ae-a446-4e988955eb05,292,2023-05-20 00:00:00,13,1287.0,98,154.44,128.7,cancelled,2023-09-07 00:00:00,2023-05-19 11:00:00
e5c4ac5e-2c26-46c0-9d6b-a8e22219cd09,272,2024-07-10 00:00:00,6,714.0,54,85.68,0.0,confirmed,2024-08-22 00:00:00,2024-07-09 22:00:00
86d92de9-d217-4a75-8a49-79b4bdcdf5d8,284,2024-03-09 00:00:00,3,663.0,52,79.56,66.3,cancelled,2024-08-24 00:00:00,2024-03-08 03:00:00
f0f419a7-4466-4c5c-8d34-75009e8752b7,351,2024-07-24 00:00:00,4,620.0,81,74.4,0.0,confirmed,2024-12-14 00:00:00,2024-07-23 10:00:00
e70f8264-2cfb-4b64-adf5-18b9f9940983,234,2023-07-17 00:00:00,12,3600.0,115,432.0,0.0,confirmed,2023-11-17 00:00:00,2023-07-16 14:00:00
ad4b8067-5f7a-493d-af5e-a44d17d22a10,273,2024-05-09 00:00:00,2,441.0,135,52.92,44.1,cancelled,2024-09-20 00:00:00,2024-05-08 20:00:00
2d8f77fd-7339-4afe-ad36-9ab60455ec8e,499,2023-08-02 00:00:00,6,1428.0,144,171.36,142.8,cancelled,2024-01-13 00:00:00,2023-08-01 10:00:00
0c1b23f0-464d-4bd6-b29d-ffd692970aad,349,2024-10-11 00:00:00,12,4830.0,91,579.6,483.0,cancelled,2024-12-26 00:00:00,2024-10-10 05:00:00
3d2e5f97-ebf2-4cd7-8915-8c0b77362003,176,2024-01-14 00:00:00,6,2178.0,75,261.36,0.0,confirmed,2024-06-09 00:00:00,2024-01-13 01:00:00
62c35c62-a195-4ee8-91d7-3964fc12e223,485,2023-05-24 00:00:00,12,1995.0,84,239.4,0.0,confirmed,2023-08-09 00:00:00,2023-05-23 15:00:00
7b3e578c-8cd2-4fcc-95f0-14b541735e5b,26,2024-01-17 00:00:00,7,404.25,111,48.51,0.0,confirmed,2024-01-27 00:00:00,2024-01-16 05:00:00
f9031512-92c4-40eb-8df8-0a84d7f2f046,360,2024-06-10 00:00:00,6,756.0,74,90.72,75.6,cancelled,2024-08-24 00:00:00,2024-06-09 06:00:00
24ab3327-a919-4960-9fa6-81dd07349e66,107,2023-10-23 00:00:00,8,1320.0,41,158.4,0.0,confirmed,2024-03-17 00:00:00,2023-10-22 17:00:00
19bfa77a-f557-4b0e-9217-c8c89f0b6bd7,164,2023-05-25 00:00:00,9,2808.0,111,336.96,0.0,confirmed,2023-06-02 00:00:00,2023-05-24 14:00:00
e59f6053-1e28-4ac2-838c-e624495b569c,252,2024-06-20 00:00:00,7,616.0,142,73.92,0.0,confirmed,2024-12-12 00:00:00,2024-06-19 07:00:00
024d2664-8169-4a22-9fe3-e135229e5a17,412,2023-11-29 00:00:00,9,1568.25,150,188.19,0.0,confirmed,2024-04-19 00:00:00,2023-11-28 14:00:00
3b610ab6-dd29-4458-a207-75f0f301d75f,42,2023-05-21 00:00:00,8,1064.0,109,127.68,106.4,cancelled,2023-11-06 00:00:00,2023-05-20 02:00:00
f755ad4d-9614-4ae7-9382-dff184c8d464,48,2023-03-02 00:00:00,11,574.75,60,68.97,0.0,confirmed,2023-08-20 00:00:00,2023-03-01 11:00:00
b5de5beb-abb4-40bd-b790-61a15c5fda83,351,2024-09-10 00:00:00,9,1395.0,96,167.4,139.5,cancelled,2025-01-26 00:00:00,2024-09-09 18:00:00
e63c799b-0905-43a9-b26c-cc801c2f3f63,96,2023-05-07 00:00:00,2,252.0,54,30.24,0.0,confirmed,2023-11-02 00:00:00,2023-05-06 06:00:00
ac378a2c-c4ac-4f18-8d8b-0eef16584a7e,461,2024-04-17 00:00:00,4,576.0,50,69.12,0.0,confirmed,2024-05-15 00:00:00,2024-04-16 10:00:00
f73e1cfa-960e-4261-8cf8-2ac503f78d54,8,2024-05-24 00:00:00,7,490.84,49,58.9,0.0,confirmed,2024-09-24 00:00:00,2024-05-23 21:00:00
8d23cd04-1a39-4a0f-b33f-2c668c5f5e95,92,2023-08-26 00:00:00,7,2352.0,148,282.24,0.0,confirmed,2023-09-01 00:00:00,2023-08-25 17:00:00
489dec97-456e-4894-b3db-209a0d5d0d95,344,2024-02-04 00:00:00,12,1534.56,48,184.15,0.0,confirmed,2024-03-05 00:00:00,2024-02-03 00:00:00
7acae29a-0263-4fed-abad-a05ca357b78a,268,2023-12-25 00:00:00,8,3968.0,72,476.16,396.8,cancelled,2024-06-08 00:00:00,2023-12-24 10:00:00
4da2cef7-69f6-430e-aa99-67a6de01802f,37,2024-02-07 00:00:00,2,840.0,88,100.8,0.0,confirmed,2024-07-23 00:00:00,2024-02-06 01:00:00
f1011093-51e2-4f9a-8384-5e74ef1ccdb8,149,2023-10-09 00:00:00,13,750.75,49,90.09,0.0,confirmed,2024-01-01 00:00:00,2023-10-08 18:00:00
52cf2b2a-7292-4c82-86e5-96035d5b9788,237,2023-03-13 00:00:00,7,1296.75,85,155.61,0.0,confirmed,2023-07-28 00:00:00,2023-03-12 16:00:00
bda71737-7df6-46ad-8058-a30d42f35b7a,118,2023-09-11 00:00:00,3,693.75,104,83.25,0.0,confirmed,2023-12-30 00:00:00,2023-09-10 16:00:00
534eca0b-c6b2-4a2f-b564-c3b2c6341c2e,134,2023-11-21 00:00:00,10,2775.0,79,333.0,277.5,cancelled,2024-01-26 00:00:00,2023-11-20 02:00:00
9f401c6e-9b8b-4f89-89c2-1fe431c174fa,263,2023-05-04 00:00:00,13,5616.0,59,673.92,561.6,cancelled,2023-07-30 00:00:00,2023-05-03 03:00:00
b7ba147e-98bd-4934-a87b-c49c3d256951,105,2024-02-02 00:00:00,14,864.5,149,103.74,0.0,confirmed,2024-06-27 00:00:00,2024-02-01 22:00:00
d08c80a2-3b19-484a-b5ec-45183c2bde70,86,2024-08-17 00:00:00,1,66.5,68,7.98,0.0,confirmed,2024-10-28 00:00:00,2024-08-16 11:00:00
60337989-0df5-4ac3-bb40-73c24f70a4df,216,2024-01-04 00:00:00,2,308.0,104,36.96,30.8,cancelled,2024-02-19 00:00:00,2024-01-03 01:00:00
3cad8d41-7399-4a2b-b876-2df989fabf30,404,2024-01-13 00:00:00,9,765.0,62,91.8,0.0,confirmed,2024-05-25 00:00:00,2024-01-12 00:00:00
a0a0a122-ab70-4c84-8199-7b937e403fb7,348,2024-04-05 00:00:00,5,1240.0,150,148.8,0.0,confirmed,2024-05-12 00:00:00,2024-04-04 16:00:00
7f59ea91-3895-4279-a3df-81b69711c303,452,2024-04-27 00:00:00,9,2160.0,68,259.2,0.0,confirmed,2024-07-07 00:00:00,2024-04-26 09:00:00
640dee0c-b531-47cd-8262-336d2f774374,65,2023-12-30 00:00:00,1,93.5,109,11.22,0.0,confirmed,2024-06-07 00:00:00,2023-12-29 03:00:00
63709d6e-0eeb-442b-873d-9403797e6d71,293,2024-02-06 00:00:00,12,2277.0,112,273.24,0.0,confirmed,2024-02-26 00:00:00,2024-02-05 07:00:00
165979f3-f2b2-4fa4-8847-1db6537e8da6,427,2023-11-18 00:00:00,14,1197.0,56,143.64,119.7,cancelled,2024-03-06 00:00:00,2023-11-17 18:00:00
5c0da234-c300-4c2e-b586-79ab8657bffa,282,2023-04-15 00:00:00,9,2079.0,125,249.48,0.0,confirmed,2023-09-30 00:00:00,2023-04-14 07:00:00
a9b754a8-5937-48f0-af04-fe09a97e24fa,372,2024-06-25 00:00:00,1,224.0,132,26.88,0.0,confirmed,2024-09-25 00:00:00,2024-06-24 19:00:00
cb9725ca-f085-47bb-9ff1-c8d8791cea8e,490,2023-07-27 00:00:00,12,2028.0,140,243.36,202.8,cancelled,2023-10-26 00:00:00,2023-07-26 13:00:00
9432bd75-4d14-43bb-9e01-b6a742bbb832,428,2023-09-17 00:00:00,14,2009.0,63,241.08,0.0,confirmed,2023-10-07 00:00:00,2023-09-16 00:00:00
3be1234c-8f4e-4f7b-96ae-831b8953983e,415,2023-11-29 00:00:00,7,1386.0,70,166.32,0.0,confirmed,2024-01-08 00:00:00,2023-11-28 17:00:00
01513fdc-6a21-4363-b0d6-1a34b3439e27,318,2024-03-25 00:00:00,9,2065.5,123,247.86,0.0,confirmed,2024-07-30 00:00:00,2024-03-24 19:00:00
0b00f00d-a89b-4dea-a832-52160bceed85,65,2023-12-18 00:00:00,10,935.0,143,112.2,93.5,cancelled,2024-06-09 00:00:00,2023-12-17 13:00:00
50ac9490-7085-4c18-8836-1458a17657d3,245,2024-07-05 00:00:00,7,840.0,94,100.8,0.0,confirmed,2024-11-24 00:00:00,2024-07-04 20:00:00
ae1f8745-5e16-4ec5-857a-b6fc0f1890f8,88,2023-12-23 00:00:00,7,560.0,116,67.2,56.0,cancelled,2024-04-28 00:00:00,2023-12-22 21:00:00
4970f545-948b-4a85-a2be-e13c914fa48a,16,2023-11-05 00:00:00,5,925.0,66,111.0,0.0,confirmed,2024-01-03 00:00:00,2023-11-04 16:00:00
18370578-b92a-45c1-a8dc-238b2e1ab766,147,2023-04-06 00:00:00,7,1097.25,128,131.67,109.73,cancelled,2023-09-02 00:00:00,2023-04-05 00:00:00
cc750285-ea8c-4bde-844b-e6dff197a98a,456,2024-02-27 00:00:00,5,1100.0,50,132.0,0.0,confirmed,2024-04-29 00:00:00,2024-02-26 10:00:00
cc7807ab-88df-4120-ba71-8ce7aac02146,285,2023-11-27 00:00:00,3,199.5,89,23.94,19.95,cancelled,2024-04-03 00:00:00,2023-11-26 16:00:00
9a5c30b6-4fa1-43ce-b2e5-83376c7c3a88,129,2023-05-15 00:00:00,7,2142.0,124,257.04,0.0,confirmed,2023-08-29 00:00:00,2023-05-14 12:00:00
6ce43fcd-edb5-44aa-a3f8-46cb207f8bd1,297,2023-12-18 00:00:00,6,684.0,145,82.08,68.4,cancelled,2024-06-03 00:00:00,2023-12-17 18:00:00
df50ad1e-93c7-4953-9936-a98851229d42,388,2024-05-31 00:00:00,3,231.0,65,27.72,0.0,confirmed,2024-06-02 00:00:00,2024-05-30 03:00:00
a5a3a077-5c5b-4411-9256-ca49810ec6e8,167,2023-12-12 00:00:00,1,144.38,92,17.33,14.44,cancelled,2024-04-22 00:00:00,2023-12-11 09:00:00
1de58970-4049-4685-8761-ff6bd07de089,250,2023-03-29 00:00:00,2,512.0,121,61.44,51.2,cancelled,2023-06-30 00:00:00,2023-03-28 09:00:00
752d655a-9e95-4e39-99a9-311efd1fc9dc,459,2023-12-06 00:00:00,7,2604.0,73,312.48,260.4,cancelled,2024-03-29 00:00:00,2023-12-05 00:00:00
9a629790-1501-43c1-b1ba-219b4f14f3ac,165,2023-05-31 00:00:00,12,1680.0,116,201.6,0.0,confirmed,2023-11-01 00:00:00,2023-05-30 09:00:00
e9559c11-d29b-4e5b-981f-fdc5dbbd2661,77,2023-04-20 00:00:00,8,1540.0,143,184.8,0.0,confirmed,2023-06-16 00:00:00,2023-04-19 19:00:00
6edad167-a776-42e2-b56b-269ce4c8df83,255,2024-02-22 00:00:00,1,341.0,52,40.92,34.1,cancelled,2024-08-02 00:00:00,2024-02-21 03:00:00
f1686db0-acdb-4673-9e11-cac739f583c2,457,2024-05-05 00:00:00,5,747.5,120,89.7,0.0,confirmed,2024-10-19 00:00:00,2024-05-04 08:00:00
1c29e7e0-8f9f-4924-8b3d-f378505e94cb,48,2023-08-21 00:00:00,6,313.5,65,37.62,31.35,cancelled,2023-12-17 00:00:00,2023-08-20 13:00:00
9785bf00-5553-4276-b6d0-b65e3a0c76e3,160,2024-02-28 00:00:00,2,115.5,53,13.86,0.0,confirmed,2024-07-12 00:00:00,2024-02-27 12:00:00
13c422ca-55d7-41b9-849b-5002ef415592,77,2023-10-02 00:00:00,8,1540.0,70,184.8,154.0,cancelled,2023-11-30 00:00:00,2023-10-01 03:00:00
72348a99-65a5-440f-a930-6e72e6888eb6,339,2024-02-15 00:00:00,11,1936.0,134,232.32,0.0,confirmed,2024-03-31 00:00:00,2024-02-14 13:00:00
daea0a46-47be-41cf-bae1-384668ab1dbc,244,2023-08-19 00:00:00,13,1914.25,73,229.71,191.43,cancelled,2024-02-09 00:00:00,2023-08-18 13:00:00
79be01bc-a8f7-40eb-8790-cef9e3cfa018,317,2023-05-23 00:00:00,14,1848.0,107,221.76,184.8,cancelled,2023-10-31 00:00:00,2023-05-22 17:00:00
f810c662-2804-405c-ac04-70f7b7e29876,161,2024-01-19 00:00:00,9,765.0,82,91.8,0.0,confirmed,2024-07-11 00:00:00,2024-01-18 20:00:00
41e2e55f-a239-4027-b5aa-17ece52cf1da,215,2024-01-18 00:00:00,4,858.0,122,102.96,0.0,confirmed,2024-03-20 00:00:00,2024-01-17 09:00:00
1d0effed-0681-4980-9810-6973b680896d,77,2023-06-08 00:00:00,13,2502.5,116,300.3,0.0,confirmed,2023-07-26 00:00:00,2023-06-07 19:00:00
a69e60da-d908-41c8-8782-e8a25b97ff15,232,2024-02-18 00:00:00,7,1064.0,141,127.68,0.0,confirmed,2024-07-17 00:00:00,2024-02-17 21:00:00
a1037c57-6463-4126-ade6-b7e848c56cf0,5,2023-11-06 00:00:00,7,490.0,65,58.8,0.0,confirmed,2024-01-26 00:00:00,2023-11-05 19:00:00
0b8f44af-97a2-424f-a294-553c9410048e,320,2023-12-03 00:00:00,12,5952.0,66,714.24,0.0,confirmed,2024-03-31 00:00:00,2023-12-02 19:00:00
84ab94cc-a2f2-4fd6-8d7c-63097fbd34f9,24,2023-09-29 00:00:00,5,630.0,118,75.6,63.0,cancelled,2024-03-12 00:00:00,2023-09-28 21:00:00
ef81f239-6d90-44ee-81cf-79eab70c8046,54,2023-11-20 00:00:00,7,385.0,77,46.2,0.0,confirmed,2024-04-16 00:00:00,2023-11-19 20:00:00
1480a03b-5140-4f4e-b5b3-faf905b9c305,162,2024-01-19 00:00:00,11,1694.0,50,203.28,0.0,confirmed,2024-02-09 00:00:00,2024-01-18 23:00:00
922721b6-8f53-46ae-b7a6-625db892ef59,201,2024-05-28 00:00:00,10,907.5,125,108.9,0.0,confirmed,2024-10-22 00:00:00,2024-05-27 06:00:00
de427023-b79a-4418-b623-9fc236651405,330,2023-09-19 00:00:00,2,266.5,65,31.98,0.0,confirmed,2023-11-06 00:00:00,2023-09-18 15:00:00
ba10b29a-d744-43a2-b90b-10a6898ce8c1,369,2024-02-02 00:00:00,8,1248.0,136,149.76,0.0,confirmed,2024-03-23 00:00:00,2024-02-01 17:00:00
a2f1a38a-f4c6-4b53-b7cb-3b762c98b062,97,2024-01-17 00:00:00,11,2805.0,102,336.6,0.0,confirmed,2024-02-01 00:00:00,2024-01-16 13:00:00
fa3ce3a5-8450-4b6a-a35d-78fbb60e3e3e,288,2024-03-26 00:00:00,4,702.0,102,84.24,0.0,confirmed,2024-08-17 00:00:00,2024-03-25 21:00:00
24581e66-11fd-4743-9c1c-d95cecb0cd99,241,2023-10-08 00:00:00,9,2205.0,89,264.6,220.5,cancelled,2024-03-16 00:00:00,2023-10-07 17:00:00
74fab34d-8018-47e9-be5b-d19d935a47ad,233,2024-01-30 00:00:00,8,960.0,130,115.2,0.0,confirmed,2024-02-01 00:00:00,2024-01-29 16:00:00
560fce78-3d4b-4747-b074-fea167e8d577,25,2024-03-27 00:00:00,10,7400.0,149,888.0,740.0,cancelled,2024-07-23 00:00:00,2024-03-26 23:00:00
c766cd72-5f5e-451b-8bfe-f39cb926cb7e,427,2023-08-12 00:00:00,10,855.0,148,102.6,0.0,confirmed,2023-10-06 00:00:00,2023-08-11 21:00:00
c7c97d1c-f649-41eb-9f7c-60a2d1ca59fb,333,2024-04-22 00:00:00,6,792.0,96,95.04,0.0,confirmed,2024-08-19 00:00:00,2024-04-21 10:00:00
b391f0a3-e62b-4ecc-b19d-002cda9bf860,289,2024-04-02 00:00:00,14,3591.0,128,430.92,0.0,confirmed,2024-04-06 00:00:00,2024-04-01 00:00:00
3ee72ded-eebe-48ba-a747-aadf5fb19ff6,268,2023-04-17 00:00:00,11,5456.0,64,654.72,545.6,cancelled,2023-09-09 00:00:00,2023-04-16 09:00:00
568b9a47-d7b7-4a11-8410-32729cfb7b05,336,2023-11-27 00:00:00,1,308.0,111,36.96,0.0,confirmed,2023-12-10 00:00:00,2023-11-26 15:00:00
2d08db3a-3865-4be2-8ef0-a2697734f7cb,15,2024-10-01 00:00:00,2,1127.0,142,135.24,112.7,cancelled,2024-12-15 00:00:00,2024-09-30 10:00:00
005c7b6b-9270-423c-a957-bd40e692cb62,373,2023-08-05 00:00:00,14,1190.0,111,142.8,0.0,confirmed,2023-08-22 00:00:00,2023-08-04 12:00:00
39e3007c-8549-4414-8dd4-d621b22f3d71,315,2023-06-25 00:00:00,4,1020.0,68,122.4,0.0,confirmed,2023-10-06 00:00:00,2023-06-24 23:00:00
993cf50e-0f1f-446a-9a5f-e297f7b53a87,422,2023-03-14 00:00:00,3,456.0,42,54.72,45.6,cancelled,2023-08-14 00:00:00,2023-03-13 04:00:00
023c822f-96cc-4222-96a3-12808b8931fc,385,2023-12-13 00:00:00,11,962.5,139,115.5,96.25,cancelled,2024-05-18 00:00:00,2023-12-12 12:00:00
058796b3-6116-4678-af76-24d0142233ef,153,2023-12-31 00:00:00,11,726.0,80,87.12,72.6,cancelled,2024-04-27 00:00:00,2023-12-30 17:00:00
1c3bba1d-f7ee-4609-8168-feebe811f747,500,2024-08-15 00:00:00,13,1769.56,79,212.35,176.96,cancelled,2024-08-24 00:00:00,2024-08-14 20:00:00
5409fe27-cc4d-44da-8532-75959a637324,303,2024-08-11 00:00:00,2,832.0,112,99.84,0.0,confirmed,2024-12-12 00:00:00,2024-08-10 06:00:00
032aa0f9-8723-4780-a706-dd930e1a6acf,342,2023-05-31 00:00:00,9,720.0,93,86.4,0.0,confirmed,2023-09-01 00:00:00,2023-05-30 10:00:00
19f36d3d-f219-493e-a0e2-a749547fd5b2,360,2024-02-22 00:00:00,10,1260.0,89,151.2,0.0,confirmed,2024-08-05 00:00:00,2024-02-21 03:00:00
c4152212-1b36-408b-a876-9bc855353f46,338,2023-11-28 00:00:00,12,3072.0,72,368.64,0.0,confirmed,2024-02-27 00:00:00,2023-11-27 22:00:00
a9775ae1-01b2-4625-956d-420d3ec578d8,88,2023-05-13 00:00:00,3,240.0,129,28.8,24.0,cancelled,2023-09-27 00:00:00,2023-05-12 05:00:00
86b98217-f6a9-4313-a241-b10854b349d9,402,2023-08-02 00:00:00,13,7072.0,87,848.64,0.0,confirmed,2023-10-02 00:00:00,2023-08-01 10:00:00
6ca9a697-ae32-4966-b0d1-f3cdadb4850e,362,2024-01-27 00:00:00,10,4200.0,45,504.0,420.0,cancelled,2024-07-24 00:00:00,2024-01-26 08:00:00
0b1e56c3-9e34-438c-9763-65121d162958,101,2024-08-02 00:00:00,9,3366.0,112,403.92,336.6,cancelled,2024-08-31 00:00:00,2024-08-01 20:00:00
bab9679b-3085-4b87-8bd1-843fa77d41e1,335,2023-11-03 00:00:00,10,7000.0,105,840.0,0.0,confirmed,2024-02-13 00:00:00,2023-11-02 07:00:00
7760be06-207b-4d6b-afe7-ca2005b70799,282,2023-03-06 00:00:00,7,1617.0,69,194.04,0.0,confirmed,2023-04-17 00:00:00,2023-03-05 20:00:00
9ca8cb06-f913-4c21-9af4-d7ca4e7a91af,473,2024-03-07 00:00:00,8,1372.0,68,164.64,137.2,cancelled,2024-08-10 00:00:00,2024-03-06 08:00:00
7ab9296a-1aa5-41b7-9d0c-e17c7152b774,393,2023-06-01 00:00:00,6,3108.0,91,372.96,0.0,confirmed,2023-10-25 00:00:00,2023-05-31 09:00:00
94019f75-0a6a-4f8c-baa5-2ef686b84d66,46,2024-02-27 00:00:00,12,2352.0,146,282.24,235.2,cancelled,2024-08-07 00:00:00,2024-02-26 06:00:00
745621d2-f529-4919-981b-6c9cdebd0951,50,2023-04-04 00:00:00,12,5145.0,66,617.4,0.0,confirmed,2023-09-09 00:00:00,2023-04-03 02:00:00
201da362-12f7-4473-a63b-dd920e1940b8,179,2023-12-10 00:00:00,7,743.75,129,89.25,0.0,confirmed,2024-04-30 00:00:00,2023-12-09 17:00:00
b463de02-7d32-48b0-a760-1dd89641c3e6,253,2024-02-21 00:00:00,12,3072.0,87,368.64,0.0,confirmed,2024-04-08 00:00:00,2024-02-20 22:00:00
dc91d9c3-1459-4c2e-b148-bf2e09a19139,167,2024-04-25 00:00:00,8,1155.04,138,138.6,0.0,confirmed,2024-05-31 00:00:00,2024-04-24 16:00:00
0b69599d-500b-4e19-9a4e-efd5930513a2,226,2023-11-02 00:00:00,1,76.0,139,9.12,0.0,confirmed,2024-03-16 00:00:00,2023-11-01 22:00:00
7a81ebbe-0b4e-4953-90a2-b81ef7478d4c,158,2024-01-08 00:00:00,9,1512.0,75,181.44,0.0,confirmed,2024-03-31 00:00:00,2024-01-07 13:00:00
5dc791f8-e2cf-4db6-8bec-2ee77de68017,56,2023-12-02 00:00:00,4,1716.0,46,205.92,171.6,cancelled,2024-03-27 00:00:00,2023-12-01 11:00:00
77357359-7ce7-4b4d-82f2-57c5252423cf,227,2023-09-17 00:00:00,1,119.0,132,14.28,0.0,confirmed,2023-11-04 00:00:00,2023-09-16 20:00:00
cfc3c40f-587f-4825-86f8-4eae7ad5c01e,86,2024-01-13 00:00:00,10,665.0,87,79.8,0.0,confirmed,2024-06-15 00:00:00,2024-01-12 19:00:00
af599cb4-1d11-47cd-b044-942aa47edabf,197,2024-03-14 00:00:00,14,2100.0,66,252.0,0.0,confirmed,2024-03-25 00:00:00,2024-03-13 15:00:00
6caabd1f-b99b-412c-8ac7-783629c215f8,145,2024-03-04 00:00:00,3,527.25,44,63.27,0.0,confirmed,2024-04-30 00:00:00,2024-03-03 09:00:00
8f4003f4-87b7-40ef-b095-4b639bf6be3b,72,2024-01-06 00:00:00,4,1056.0,101,126.72,0.0,confirmed,2024-02-06 00:00:00,2024-01-05 23:00:00
df3d998e-8d12-4e56-8927-0efc438fcb92,450,2023-03-05 00:00:00,8,3136.0,51,376.32,0.0,confirmed,2023-06-23 00:00:00,2023-03-04 17:00:00
f4d698f8-1458-4bd5-8f52-75864a0375d3,107,2024-03-30 00:00:00,8,1320.0,141,158.4,0.0,confirmed,2024-04-05 00:00:00,2024-03-29 14:00:00
50cee341-e91f-4f5d-8777-ab5ff9d855f3,105,2024-03-30 00:00:00,10,617.5,103,74.1,61.75,cancelled,2024-07-28 00:00:00,2024-03-29 15:00:00
2bb0fe45-fb38-4fca-b42c-bc8cdddfb725,138,2024-03-14 00:00:00,1,330.0,143,39.6,33.0,cancelled,2024-04-17 00:00:00,2024-03-13 03:00:00
deee29cc-d67e-449b-84fc-14272adee926,463,2024-01-30 00:00:00,14,2940.0,40,352.8,0.0,confirmed,2024-05-28 00:00:00,2024-01-29 22:00:00
f280fd2d-ddb0-4d56-92ce-037cdb9da7b6,370,2023-11-09 00:00:00,11,998.25,59,119.79,99.83,cancelled,2024-01-14 00:00:00,2023-11-08 02:00:00
234f1d43-4dad-460e-ba31-14d579c82b32,356,2024-03-12 00:00:00,10,2640.0,134,316.8,264.0,cancelled,2024-08-06 00:00:00,2024-03-11 17:00:00
592cf65f-a9b3-4028-a729-d0c26cf3986f,50,2023-11-24 00:00:00,6,2572.5,90,308.7,257.25,cancelled,2024-05-20 00:00:00,2023-11-23 06:00:00
99af6f51-30f6-496e-9939-6f5b571a7258,199,2023-08-26 00:00:00,3,655.5,97,78.66,0.0,confirmed,2023-09-07 00:00:00,2023-08-25 06:00:00
6072f95a-49ef-49fb-a390-1906a8fce29e,181,2024-05-21 00:00:00,13,2730.0,87,327.6,273.0,cancelled,2024-08-15 00:00:00,2024-05-20 19:00:00
f2999c79-61ca-41a6-a0a0-a99950d3732f,45,2023-11-21 00:00:00,11,1179.75,65,141.57,0.0,confirmed,2023-12-18 00:00:00,2023-11-20 03:00:00
2287d250-6649-4dfa-b6af-04e8d50c00e4,131,2024-04-22 00:00:00,5,721.9,49,86.63,0.0,confirmed,2024-06-25 00:00:00,2024-04-21 18:00:00
9362f8dc-f9cf-40e8-8fb8-6d7af2bf167b,356,2023-07-30 00:00:00,13,3432.0,136,411.84,0.0,confirmed,2023-10-25 00:00:00,2023-07-29 04:00:00
4a18f8e5-449d-48ed-b44f-155ad0e55b5f,331,2024-01-23 00:00:00,10,907.5,101,108.9,0.0,confirmed,2024-03-23 00:00:00,2024-01-22 09:00:00
b70c346b-926b-4d6b-95e0-8472546e5871,392,2023-12-16 00:00:00,7,1010.66,69,121.28,0.0,confirmed,2024-01-13 00:00:00,2023-12-15 01:00:00
9255935d-18b4-4ac3-b594-f849e677e786,146,2024-05-12 00:00:00,12,780.0,98,93.6,78.0,cancelled,2024-11-06 00:00:00,2024-05-11 04:00:00
aecbe4e2-2b9e-476a-83eb-7db1f85436fe,58,2023-10-15 00:00:00,3,1286.25,73,154.35,128.62,cancelled,2024-03-25 00:00:00,2023-10-14 22:00:00
20f0d395-675a-4021-a3e4-14c4366fcc02,230,2023-11-09 00:00:00,14,7560.0,66,907.2,0.0,confirmed,2024-02-16 00:00:00,2023-11-08 20:00:00
c233420d-fb14-4f48-8388-be60e1c00913,267,2023-02-05 00:00:00,14,4256.0,142,510.72,425.6,cancelled,2023-05-22 00:00:00,2023-02-04 14:00:00
2dabcc1b-e097-42bb-9fa7-c24a3cf1ff60,353,2023-04-22 00:00:00,6,924.0,111,110.88,0.0,confirmed,2023-07-31 00:00:00,2023-04-21 18:00:00
fbead939-a6ee-49e7-a5a4-1e6511aa4603,65,2024-04-24 00:00:00,13,1215.5,73,145.86,121.55,cancelled,2024-09-01 00:00:00,2024-04-23 17:00:00
1843ded8-23d9-4481-84ad-e2cec3804eba,272,2024-07-08 00:00:00,8,952.0,47,114.24,0.0,confirmed,2024-12-05 00:00:00,2024-07-07 06:00:00
32cdf2ca-b190-4169-a343-e0315bcb0f7a,159,2024-03-15 00:00:00,2,448.0,78,53.76,0.0,confirmed,2024-05-10 00:00:00,2024-03-14 04:00:00
3dfe318c-b60e-46fe-9e82-17f9881b5613,95,2023-08-01 00:00:00,5,1320.0,139,158.4,0.0,confirmed,2023-08-08 00:00:00,2023-07-31 08:00:00
4fb32ea7-755b-4abc-876e-0c98f7a00381,138,2023-12-26 00:00:00,9,2970.0,137,356.4,0.0,confirmed,2024-03-31 00:00:00,2023-12-25 09:00:00
e9954809-1700-4e1c-a806-c59cf609c6f3,334,2024-04-21 00:00:00,8,2976.0,68,357.12,0.0,confirmed,2024-09-02 00:00:00,2024-04-20 07:00:00
21c417d9-48a3-4ab2-aac5-5eab8078ef74,360,2023-12-08 00:00:00,11,1386.0,134,166.32,0.0,confirmed,2024-03-20 00:00:00,2023-12-07 12:00:00
2d17eb95-1f5d-4569-9851-440c05a1a9e5,11,2023-09-17 00:00:00,13,1605.5,64,192.66,0.0,confirmed,2023-09-21 00:00:00,2023-09-16 19:00:00
b5549aaf-c32b-4f12-8ad1-ea599b521ec9,95,2024-01-14 00:00:00,9,2376.0,144,285.12,0.0,confirmed,2024-02-07 00:00:00,2024-01-13 04:00:00
686ca49f-a2aa-45f9-ae66-3a98ec3e568a,216,2023-12-15 00:00:00,2,308.0,135,36.96,0.0,confirmed,2024-02-07 00:00:00,2023-12-14 00:00:00
05fa9689-efb7-4d58-95a2-5716af35e05f,340,2024-01-20 00:00:00,3,198.0,149,23.76,0.0,confirmed,2024-07-04 00:00:00,2024-01-19 12:00:00
b02d9f23-6929-4712-ac72-1411f5e51879,213,2023-04-16 00:00:00,1,428.75,54,51.45,0.0,confirmed,2023-07-09 00:00:00,2023-04-15 07:00:00
32f9970f-2c02-45a0-9716-4533070ad474,280,2023-08-29 00:00:00,11,2722.5,75,326.7,272.25,cancelled,2024-01-22 00:00:00,2023-08-28 22:00:00
69395eb0-4e4a-4eed-b4b5-93b40b107abf,496,2024-04-29 00:00:00,10,2400.0,100,288.0,240.0,cancelled,2024-07-24 00:00:00,2024-04-28 05:00:00
aa5cca72-21d1-450e-8e25-3a40885e7c21,71,2023-09-02 00:00:00,1,229.5,99,27.54,22.95,cancelled,2023-11-20 00:00:00,2023-09-01 11:00:00
ad4fac3b-43c3-42af-94e9-3b9bf17efb9c,184,2023-09-02 00:00:00,11,1815.0,112,217.8,181.5,cancelled,2023-12-22 00:00:00,2023-09-01 19:00:00
24123cf1-cb7b-4f3d-bbe1-9cbf4a288255,137,2023-10-04 00:00:00,7,1030.75,63,123.69,0.0,confirmed,2023-10-06 00:00:00,2023-10-03 03:00:00
7ce1750a-122b-47b6-aaf5-df931430c80f,390,2023-02-08 00:00:00,5,1320.0,82,158.4,0.0,confirmed,2023-04-01 00:00:00,2023-02-07 07:00:00
fe61b0c7-1e93-4620-a296-acccdda67842,361,2023-11-12 00:00:00,3,480.0,84,57.6,0.0,confirmed,2024-05-04 00:00:00,2023-11-11 20:00:00
7eb5bf8d-490b-486a-bc0f-2df5fa3a81af,358,2024-03-30 00:00:00,12,3672.0,69,440.64,0.0,confirmed,2024-04-04 00:00:00,2024-03-29 15:00:00
a5a9c4fe-0850-45d1-a249-009edd2435a7,328,2024-02-17 00:00:00,13,1430.0,110,171.6,143.0,cancelled,2024-06-10 00:00:00,2024-02-16 04:00:00
2a34e1bb-2641-4bac-b214-2a824e1cd6d1,223,2023-09-20 00:00:00,4,704.0,148,84.48,0.0,confirmed,2023-10-23 00:00:00,2023-09-19 09:00:00
38041c06-8d4f-4203-aedf-2684c5033f6b,445,2023-08-18 00:00:00,12,7992.0,144,959.04,0.0,confirmed,2023-09-22 00:00:00,2023-08-17 01:00:00
4336cc1d-ed82-4a47-b6f3-af925c24c787,240,2023-05-09 00:00:00,4,380.0,43,45.6,38.0,cancelled,2023-08-10 00:00:00,2023-05-08 11:00:00
337ffa3f-0c0b-496f-995d-a5ead0a53bbd,289,2023-11-30 00:00:00,11,2821.5,101,338.58,282.15,cancelled,2024-03-05 00:00:00,2023-11-29 20:00:00
ecca0020-0bf1-4432-a6e8-015d96f84445,14,2023-12-23 00:00:00,4,2016.0,99,241.92,0.0,confirmed,2024-03-05 00:00:00,2023-12-22 15:00:00
426a17b5-8065-4db4-a274-8c9a58da5f83,402,2023-04-16 00:00:00,8,4352.0,123,522.24,0.0,confirmed,2023-05-26 00:00:00,2023-04-15 23:00:00
3c66805c-1a7d-4baf-98c7-40ebd3e18ac9,182,2024-01-28 00:00:00,8,2560.0,90,307.2,0.0,confirmed,2024-07-01 00:00:00,2024-01-27 01:00:00
612e1574-0b63-466f-98ad-f1ad09eb8781,94,2023-05-14 00:00:00,14,2352.0,148,282.24,0.0,confirmed,2023-10-24 00:00:00,2023-05-13 15:00:00
855bce99-3861-46e5-94a2-60d2f6d5d2cf,492,2024-03-08 00:00:00,3,199.5,80,23.94,19.95,cancelled,2024-07-05 00:00:00,2024-03-07 00:00:00
3f7c8d95-4fa3-458e-8c54-e2c894f537ad,496,2024-03-09 00:00:00,14,3360.0,62,403.2,336.0,cancelled,2024-03-13 00:00:00,2024-03-08 00:00:00
f33af2a0-19ea-41c4-a6f9-e3fa661107ee,175,2023-07-18 00:00:00,4,693.0,114,83.16,0.0,confirmed,2023-11-19 00:00:00,2023-07-17 03:00:00
0f8f355f-9f84-46fe-92d6-56e35a91b44b,195,2023-09-02 00:00:00,14,3822.0,133,458.64,0.0,confirmed,2023-10-23 00:00:00,2023-09-01 21:00:00
d30c00bf-db83-4335-9e87-4bbd0cec892e,88,2024-01-18 00:00:00,13,1040.0,59,124.8,0.0,confirmed,2024-01-31 00:00:00,2024-01-17 19:00:00
42bd83b4-b1aa-40a7-997b-6c4b9ae53b7a,20,2024-06-10 00:00:00,11,2783.0,127,333.96,0.0,confirmed,2024-08-04 00:00:00,2024-06-09 01:00:00
1e7b979b-970d-4f0d-ad10-30a8d7365ec0,350,2023-12-01 00:00:00,2,252.0,127,30.24,25.2,cancelled,2024-04-13 00:00:00,2023-11-30 08:00:00
e052ef7f-a3a2-4708-8890-e79ea43b6dee,91,2024-01-12 00:00:00,14,808.5,113,97.02,0.0,confirmed,2024-03-10 00:00:00,2024-01-11 14:00:00
ccac9b88-63ed-4dcc-9e73-67856b0b6660,60,2024-06-29 00:00:00,3,210.36,76,25.24,21.04,cancelled,2024-11-22 00:00:00,2024-06-28 12:00:00
99e85b37-d5a5-4d0c-9996-f313031b9f51,341,2023-10-09 00:00:00,7,1212.75,122,145.53,0.0,confirmed,2024-01-30 00:00:00,2023-10-08 06:00:00
36a2cd7c-766c-4aca-9760-002a8a98a0e0,480,2023-12-14 00:00:00,12,940.56,121,112.87,0.0,confirmed,2024-01-31 00:00:00,2023-12-13 15:00:00
69d05fa8-1e28-4993-a64d-2ae58e0c222f,77,2023-05-13 00:00:00,12,2310.0,59,277.2,231.0,cancelled,2023-10-12 00:00:00,2023-05-12 14:00:00
05a66731-ae92-4896-9d04-9cb7ca01201e,106,2023-09-12 00:00:00,2,161.5,51,19.38,16.15,cancelled,2023-12-07 00:00:00,2023-09-11 23:00:00
f9970753-8c35-43b0-8d93-4d319cddb9fa,45,2023-05-12 00:00:00,3,321.75,48,38.61,0.0,confirmed,2023-10-02 00:00:00,2023-05-11 19:00:00
7a3bac09-aa23-4f77-ae4c-e57297dc5c6e,269,2023-07-02 00:00:00,9,2448.0,99,293.76,0.0,confirmed,2023-09-07 00:00:00,2023-07-01 08:00:00
51727567-b2b7-409e-b952-d7905fb53da2,318,2024-04-05 00:00:00,4,918.0,133,110.16,91.8,cancelled,2024-06-20 00:00:00,2024-04-04 04:00:00
3ed763c4-6aef-4621-81b2-bf6a5bc8e3f7,88,2023-09-03 00:00:00,1,80.0,108,9.6,0.0,confirmed,2023-12-16 00:00:00,2023-09-02 03:00:00
dd15d541-7d9a-4e30-8b85-83b1b0cc05a0,348,2024-01-04 00:00:00,6,1488.0,111,178.56,148.8,cancelled,2024-06-19 00:00:00,2024-01-03 06:00:00
d3ac0e7d-fc5f-4a90-a319-7f456c1ea659,336,2023-06-09 00:00:00,8,2464.0,74,295.68,0.0,confirmed,2023-07-18 00:00:00,2023-06-08 04:00:00
8cc3c4b3-bb15-4c04-a374-11e2ed54d3b3,171,2023-09-18 00:00:00,13,1018.94,96,122.27,0.0,confirmed,2023-11-08 00:00:00,2023-09-17 07:00:00
249a7dc6-4480-4966-ba99-77de8bd79ce5,477,2023-10-22 00:00:00,10,2590.0,93,310.8,259.0,cancelled,2024-01-29 00:00:00,2023-10-21 19:00:00
6b3d3be7-ea2a-4869-a6a3-4928c8e933a6,352,2023-05-31 00:00:00,12,2304.0,92,276.48,0.0,confirmed,2023-08-22 00:00:00,2023-05-30 23:00:00
cf504c98-73c2-408c-9098-e27f7b9c8841,319,2023-11-17 00:00:00,3,1255.5,132,150.66,0.0,confirmed,2023-12-18 00:00:00,2023-11-16 05:00:00
78ffeb2a-6b97-4ae8-b6e7-f3af782ee4c5,148,2023-04-10 00:00:00,9,3638.25,132,436.59,0.0,confirmed,2023-06-29 00:00:00,2023-04-09 23:00:00
bce29e95-bb83-467a-bb7b-6feb8ae08454,498,2024-01-12 00:00:00,14,1960.0,106,235.2,196.0,cancelled,2024-04-13 00:00:00,2024-01-11 20:00:00
249176e6-bf98-44a9-9224-d07daf29ba20,386,2023-06-06 00:00:00,10,1890.0,58,226.8,0.0,confirmed,2023-07-29 00:00:00,2023-06-05 03:00:00
a17015eb-e55a-4f10-a99c-100666ecef06,29,2023-10-13 00:00:00,6,1755.0,105,210.6,0.0,confirmed,2024-03-28 00:00:00,2023-10-12 02:00:00
1898b49b-bc46-47cc-875c-b372fabf2194,18,2023-12-17 00:00:00,5,1470.0,54,176.4,0.0,confirmed,2024-03-06 00:00:00,2023-12-16 04:00:00
27785a84-05c8-4c5d-bbb6-652acbcafcca,482,2023-12-27 00:00:00,5,403.75,147,48.45,0.0,confirmed,2024-01-27 00:00:00,2023-12-26 09:00:00
b4f99b1d-6332-4111-a31e-4e85cc8f9fd8,413,2024-02-10 00:00:00,11,1875.5,66,225.06,0.0,confirmed,2024-05-27 00:00:00,2024-02-09 09:00:00
646d2787-c44b-4134-9f2f-02e912cf283b,162,2023-07-24 00:00:00,6,924.0,112,110.88,0.0,confirmed,2023-09-14 00:00:00,2023-07-23 08:00:00
775e9661-45b2-42a3-9c9b-e77b79b541d5,222,2023-07-26 00:00:00,13,2265.25,65,271.83,226.53,cancelled,2023-10-16 00:00:00,2023-07-25 22:00:00
a689c57e-3836-4be5-8948-d991ed103d6e,437,2024-04-22 00:00:00,12,1050.0,42,126.0,105.0,cancelled,2024-09-03 00:00:00,2024-04-21 11:00:00
c43feab1-0497-4195-b0f4-c9fd4bd67a27,339,2024-03-15 00:00:00,13,2288.0,143,274.56,0.0,confirmed,2024-04-14 00:00:00,2024-03-14 17:00:00
c99bf64f-8757-4711-8ef0-61b9a65911e7,259,2024-04-30 00:00:00,2,506.0,106,60.72,50.6,cancelled,2024-09-10 00:00:00,2024-04-29 11:00:00
0b7a0965-5b46-47a5-a02f-94d4caa6fba1,124,2024-02-01 00:00:00,6,1224.0,86,146.88,122.4,cancelled,2024-06-19 00:00:00,2024-01-31 06:00:00
c2341580-f4ea-4983-a6f8-f1abc951f4ca,78,2023-11-12 00:00:00,11,2403.5,51,288.42,240.35,cancelled,2024-04-06 00:00:00,2023-11-11 00:00:00
8b3e641f-739d-4023-a4c4-7aa4bed604b9,298,2023-08-15 00:00:00,11,1619.75,61,194.37,0.0,confirmed,2023-10-29 00:00:00,2023-08-14 12:00:00
0a3fe1fa-d1d1-4d8d-9013-bae9c348ced1,455,2024-02-05 00:00:00,1,119.0,91,14.28,11.9,cancelled,2024-02-23 00:00:00,2024-02-04 07:00:00
db8170c6-351c-405b-907d-f704149844ae,425,2024-01-10 00:00:00,11,935.0,74,112.2,93.5,cancelled,2024-04-04 00:00:00,2024-01-09 08:00:00
3b432181-2fce-4379-bfc1-26573b967df9,362,2024-01-08 00:00:00,14,5880.0,41,705.6,0.0,confirmed,2024-03-18 00:00:00,2024-01-07 06:00:00
3cd4e839-3196-483f-b087-111869387cfe,340,2023-09-01 00:00:00,5,330.0,148,39.6,0.0,confirmed,2023-10-06 00:00:00,2023-08-31 06:00:00
628c2727-b9f0-4f28-8570-cf355b54a883,58,2023-08-16 00:00:00,12,5145.0,103,617.4,0.0,confirmed,2023-08-23 00:00:00,2023-08-15 21:00:00
4a542362-abee-435a-8752-ce63f929beb9,161,2023-04-16 00:00:00,13,1105.0,55,132.6,0.0,confirmed,2023-06-09 00:00:00,2023-04-15 21:00:00
edd92543-fa4e-4dd7-a38f-35087702da4c,427,2023-11-29 00:00:00,13,1111.5,78,133.38,0.0,confirmed,2024-04-04 00:00:00,2023-11-28 21:00:00
f607f323-9f40-459a-8bb5-56d86c1abbfd,332,2024-07-02 00:00:00,8,2772.0,144,332.64,0.0,confirmed,2024-08-15 00:00:00,2024-07-01 05:00:00
9b861e5f-fb94-4d2b-8e5c-7e4765dda10e,68,2023-10-29 00:00:00,11,1694.0,87,203.28,169.4,cancelled,2024-02-22 00:00:00,2023-10-28 00:00:00
b43504d9-950d-4795-b4d4-0868ff7035e5,440,2024-02-20 00:00:00,8,3648.0,150,437.76,0.0,confirmed,2024-06-11 00:00:00,2024-02-19 20:00:00
f403cd63-5269-42cb-8cda-cb913906a5fc,166,2023-11-05 00:00:00,14,1039.5,99,124.74,0.0,confirmed,2024-04-05 00:00:00,2023-11-04 12:00:00
63442ae2-cd3c-4b81-bd3f-1ed3c06fb4b0,266,2024-03-04 00:00:00,12,2688.0,90,322.56,0.0,confirmed,2024-05-24 00:00:00,2024-03-03 17:00:00
f753cd2f-5b98-4a09-bbca-37b4a2511e6d,380,2024-02-24 00:00:00,11,2117.5,138,254.1,211.75,cancelled,2024-05-30 00:00:00,2024-02-23 23:00:00
1b179a06-cb75-4f36-887a-a17b5e08adf9,318,2024-08-17 00:00:00,11,2524.5,110,302.94,0.0,confirmed,2024-12-14 00:00:00,2024-08-16 17:00:00
fd597d24-53cf-4f88-b152-ab645ddb4061,182,2024-03-21 00:00:00,10,3200.0,79,384.0,320.0,cancelled,2024-08-13 00:00:00,2024-03-20 06:00:00
43741efe-5969-4ac5-83a6-48440cf2be9f,21,2023-09-11 00:00:00,3,528.0,101,63.36,0.0,confirmed,2023-09-20 00:00:00,2023-09-10 08:00:00
579f536e-a4c5-4a08-b63a-8aea5dbd9c81,476,2024-08-18 00:00:00,8,2176.0,122,261.12,0.0,confirmed,2024-12-29 00:00:00,2024-08-17 15:00:00
e8521975-6c26-4354-b71c-04c4d0a24a69,78,2023-06-05 00:00:00,11,2403.5,124,288.42,240.35,cancelled,2023-09-18 00:00:00,2023-06-04 03:00:00
157388c9-2802-4277-852e-49f7bbc4ec13,97,2023-12-25 00:00:00,13,3315.0,132,397.8,0.0,confirmed,2024-05-06 00:00:00,2023-12-24 21:00:00
20388362-16d5-4797-af9d-e8543d19e321,400,2023-12-03 00:00:00,12,1254.0,57,150.48,0.0,confirmed,2023-12-29 00:00:00,2023-12-02 22:00:00
e5ce3538-4833-463e-bc8f-639aeb7079f8,319,2024-04-10 00:00:00,6,2511.0,117,301.32,251.1,cancelled,2024-07-16 00:00:00,2024-04-09 18:00:00
b28afa35-62ab-4b0c-8c69-c9032a47ac0a,425,2023-09-15 00:00:00,13,1105.0,88,132.6,0.0,confirmed,2024-02-18 00:00:00,2023-09-14 02:00:00
7f46752e-f1f7-4c37-b82e-bff205a05c6c,11,2023-06-14 00:00:00,10,1235.0,75,148.2,0.0,confirmed,2023-09-16 00:00:00,2023-06-13 03:00:00
36c7ea39-7573-4204-901b-fe059a25abd6,419,2023-12-24 00:00:00,13,1859.0,77,223.08,185.9,cancelled,2024-06-02 00:00:00,2023-12-23 15:00:00
64dcd4f6-979e-420f-a887-6f52481e02e9,195,2023-10-09 00:00:00,3,819.0,40,98.28,81.9,cancelled,2024-04-05 00:00:00,2023-10-08 05:00:00
1f02fedb-5689-4d78-b4b7-8cd5135f8aee,120,2024-02-24 00:00:00,13,1179.75,130,141.57,117.98,cancelled,2024-04-26 00:00:00,2024-02-23 05:00:00
727ff045-cdac-4e4e-be15-bf1e5f124cd6,328,2023-12-30 00:00:00,13,1430.0,103,171.6,0.0,confirmed,2024-05-01 00:00:00,2023-12-29 21:00:00
94865b81-8cdb-4868-9808-e385b986c694,76,2023-10-16 00:00:00,4,374.0,124,44.88,0.0,confirmed,2023-12-07 00:00:00,2023-10-15 09:00:00
52fe8d9d-b641-4fd5-b0f2-a2cfd1962d19,435,2023-08-13 00:00:00,6,840.0,142,100.8,0.0,confirmed,2024-01-08 00:00:00,2023-08-12 21:00:00
7184eeb1-4a23-44d1-8f1e-0a32cdcb4a83,12,2023-06-20 00:00:00,3,363.0,41,43.56,0.0,confirmed,2023-07-12 00:00:00,2023-06-19 00:00:00
f1bb8554-c19d-4766-9346-62ac9b0f74ea,177,2023-06-22 00:00:00,10,990.0,76,118.8,0.0,confirmed,2023-06-28 00:00:00,2023-06-21 01:00:00
ec43ae1c-18e2-4ad1-87e9-82d89eee1e4e,62,2023-10-31 00:00:00,11,1760.0,139,211.2,176.0,cancelled,2024-02-01 00:00:00,2023-10-30 18:00:00
787568da-0ab9-4bc4-9325-7d59971f3fbf,245,2024-07-11 00:00:00,5,600.0,52,72.0,60.0,cancelled,2024-12-29 00:00:00,2024-07-10 18:00:00
9202b94b-c234-4cbf-94d0-17d3f79426ef,211,2023-12-22 00:00:00,5,770.0,67,92.4,0.0,confirmed,2024-02-22 00:00:00,2023-12-21 05:00:00
c94d1c70-734a-4973-865d-1b8773374958,339,2024-02-04 00:00:00,7,1232.0,109,147.84,0.0,confirmed,2024-02-27 00:00:00,2024-02-03 02:00:00
20a6e19d-4678-42e7-920b-bced7cb595fb,216,2023-10-14 00:00:00,6,924.0,127,110.88,0.0,confirmed,2024-03-12 00:00:00,2023-10-13 20:00:00
3e6b0b33-1526-4b33-be55-4ed9ae413762,374,2024-02-10 00:00:00,14,1309.0,144,157.08,130.9,cancelled,2024-04-21 00:00:00,2024-02-09 18:00:00
7da10940-0773-4e00-8f52-a77f6bfd9518,145,2023-09-27 00:00:00,3,527.25,121,63.27,0.0,confirmed,2023-09-29 00:00:00,2023-09-26 20:00:00
14c2f492-db44-43e0-9071-f968f4534122,274,2023-11-09 00:00:00,13,2990.0,106,358.8,299.0,cancelled,2024-03-22 00:00:00,2023-11-08 21:00:00
d6a7d346-7b17-4ea1-9626-14132a174c1e,350,2024-05-23 00:00:00,9,1134.0,130,136.08,0.0,confirmed,2024-06-05 00:00:00,2024-05-22 23:00:00
aa241fb1-f825-4015-a82d-6caaa4cb8725,16,2024-07-30 00:00:00,3,555.0,146,66.6,0.0,confirmed,2024-10-29 00:00:00,2024-07-29 06:00:00
d546f935-1ec9-4bd8-b0af-8445f4b37a81,384,2023-04-20 00:00:00,4,2280.0,132,273.6,0.0,confirmed,2023-06-06 00:00:00,2023-04-19 21:00:00
1672f533-1c86-40f6-9969-7546dc46fd37,176,2023-07-14 00:00:00,6,2178.0,40,261.36,0.0,confirmed,2023-08-18 00:00:00,2023-07-13 00:00:00
7dffb759-340c-4639-9f18-078affc9769a,409,2024-03-28 00:00:00,13,1859.0,133,223.08,0.0,confirmed,2024-09-22 00:00:00,2024-03-27 14:00:00
ddfbe857-86ac-4cf2-a318-f690c55dc1cc,461,2023-12-17 00:00:00,13,1872.0,67,224.64,187.2,cancelled,2024-03-05 00:00:00,2023-12-16 13:00:00
ed88cf74-93c6-4789-91b8-14d505c319bd,135,2023-09-24 00:00:00,1,192.0,87,23.04,0.0,confirmed,2023-11-09 00:00:00,2023-09-23 19:00:00
77085749-d306-4914-aadc-88f2beec6f40,467,2023-11-01 00:00:00,12,4608.0,113,552.96,0.0,confirmed,2024-04-05 00:00:00,2023-10-31 20:00:00
19bb8f02-fc54-44bf-a2b1-053052f0d6b7,384,2023-10-07 00:00:00,11,6270.0,144,752.4,627.0,cancelled,2023-12-20 00:00:00,2023-10-06 09:00:00
cd12d35c-c618-470c-aa6c-73387dfff5c8,78,2023-10-14 00:00:00,9,1966.5,51,235.98,0.0,confirmed,2023-11-10 00:00:00,2023-10-13 07:00:00
a90aa69b-b693-4fea-9930-7436f0384ee6,63,2023-08-03 00:00:00,6,2520.0,107,302.4,0.0,confirmed,2023-09-20 00:00:00,2023-08-02 19:00:00
11c69ab8-f26c-45d5-abb0-f84be061dfb9,364,2024-01-18 00:00:00,8,1600.0,147,192.0,160.0,cancelled,2024-05-19 00:00:00,2024-01-17 23:00:00
f2881a9b-4ff6-4b50-848b-8566b355061b,212,2024-03-29 00:00:00,12,1026.0,58,123.12,0.0,confirmed,2024-05-25 00:00:00,2024-03-28 15:00:00
272fa320-5f73-4836-bf19-26ca60e5a90f,167,2024-07-15 00:00:00,8,1155.04,88,138.6,0.0,confirmed,2024-10-18 00:00:00,2024-07-14 01:00:00
366f1119-45c7-4ee4-a500-b3ea78b6ca0b,486,2023-09-26 00:00:00,12,2520.0,125,302.4,0.0,confirmed,2024-01-12 00:00:00,2023-09-25 15:00:00
65dd52bd-0f9b-4c9c-abe5-f4e1b93838d3,169,2023-11-19 00:00:00,6,1800.0,147,216.0,0.0,confirmed,2024-01-22 00:00:00,2023-11-18 14:00:00
2c4fe562-6f77-4800-8ac3-e645ab61ef12,17,2024-01-15 00:00:00,8,3808.0,126,456.96,0.0,confirmed,2024-03-04 00:00:00,2024-01-14 06:00:00
8ee76e51-8f34-4809-843c-ba7605476244,448,2023-04-25 00:00:00,5,922.5,55,110.7,0.0,confirmed,2023-06-26 00:00:00,2023-04-24 20:00:00
e05578c8-5f52-42e5-b353-89406de787bb,73,2024-09-29 00:00:00,3,228.0,144,27.36,0.0,confirmed,2024-12-20 00:00:00,2024-09-28 02:00:00
4fab9e35-6d72-4f35-af98-a227b55082ec,336,2023-06-16 00:00:00,3,924.0,57,110.88,0.0,confirmed,2023-07-13 00:00:00,2023-06-15 17:00:00
39216b4c-c88f-4a53-a821-f01c725687a8,276,2024-03-31 00:00:00,1,563.5,132,67.62,0.0,confirmed,2024-05-07 00:00:00,2024-03-30 05:00:00
40af5935-0824-44b2-8e6e-9b8ffd5733d9,321,2024-01-01 00:00:00,7,1953.0,57,234.36,195.3,cancelled,2024-01-03 00:00:00,2023-12-31 15:00:00
5a61d992-fe98-41fd-9872-de1ed39afa1f,266,2023-10-11 00:00:00,8,1792.0,52,215.04,179.2,cancelled,2023-10-20 00:00:00,2023-10-10 13:00:00
6f6eb645-1aa4-4151-a257-381686ea5284,11,2024-01-11 00:00:00,10,1235.0,130,148.2,0.0,confirmed,2024-05-04 00:00:00,2024-01-10 21:00:00
c347a68f-5fd4-4689-91c5-850266ac749f,124,2024-07-24 00:00:00,4,816.0,128,97.92,0.0,confirmed,2024-11-01 00:00:00,2024-07-23 17:00:00
f2c32bf7-d09f-406a-aecb-62bf2d7a4708,238,2023-10-08 00:00:00,7,1715.0,142,205.8,0.0,confirmed,2023-11-25 00:00:00,2023-10-07 12:00:00
1aa4968a-e4e5-414e-8b52-997a301f23f7,377,2023-06-22 00:00:00,2,997.5,137,119.7,0.0,confirmed,2023-10-28 00:00:00,2023-06-21 05:00:00
a2b6e2c8-77b6-44e7-b8f2-9a26323a2f11,389,2024-03-24 00:00:00,13,4329.0,63,519.48,0.0,confirmed,2024-05-20 00:00:00,2024-03-23 20:00:00
1ce7e72a-791f-4893-b77e-a0bdd833a68c,411,2024-04-05 00:00:00,13,7176.0,133,861.12,717.6,cancelled,2024-04-20 00:00:00,2024-04-04 06:00:00
ec38a95b-9ee8-4a86-820c-22509553180c,380,2023-12-01 00:00:00,6,1155.0,71,138.6,0.0,confirmed,2023-12-30 00:00:00,2023-11-30 22:00:00
d8aa86ed-bfc5-4b68-a1b0-59bb11546859,369,2024-05-10 00:00:00,1,156.0,49,18.72,15.6,cancelled,2024-07-28 00:00:00,2024-05-09 02:00:00
486feabb-0cf8-4d10-a260-debbab302d87,84,2024-07-02 00:00:00,1,136.0,115,16.32,13.6,cancelled,2024-11-10 00:00:00,2024-07-01 12:00:00
f6442fa7-d3f0-4ec8-8064-b0597dec37eb,270,2023-07-11 00:00:00,8,2584.0,64,310.08,258.4,cancelled,2023-10-29 00:00:00,2023-07-10 16:00:00
968a007f-8240-4ddc-a632-82a2da31a806,74,2023-04-19 00:00:00,1,168.0,105,20.16,16.8,cancelled,2023-09-21 00:00:00,2023-04-18 13:00:00
dfd0d8df-14f8-48db-8943-fb6e56dd0598,433,2024-01-12 00:00:00,10,1400.0,102,168.0,0.0,confirmed,2024-01-27 00:00:00,2024-01-11 19:00:00
ac0c7ef6-5a89-4a6c-884f-4b01ce51794c,53,2023-10-25 00:00:00,14,1617.0,94,194.04,0.0,confirmed,2023-12-21 00:00:00,2023-10-24 14:00:00
f29318f4-1355-49e2-9647-c9cb72c8c01e,63,2023-11-13 00:00:00,14,5880.0,128,705.6,0.0,confirmed,2024-03-08 00:00:00,2023-11-12 02:00:00
ddd74d09-7251-4655-a613-5e20572e2d28,338,2024-03-11 00:00:00,14,3584.0,85,430.08,0.0,confirmed,2024-03-19 00:00:00,2024-03-10 02:00:00
481de8ca-7cd5-4198-b86d-3fc20d960b59,383,2024-02-20 00:00:00,4,1012.0,87,121.44,0.0,confirmed,2024-02-24 00:00:00,2024-02-19 06:00:00
0cc720d8-5ece-4f64-a986-493452af5be3,209,2023-11-03 00:00:00,14,2254.0,80,270.48,0.0,confirmed,2024-02-23 00:00:00,2023-11-02 19:00:00
d243f6e8-286d-4990-bf4d-3e3834af4597,445,2024-01-30 00:00:00,9,5994.0,71,719.28,0.0,confirmed,2024-06-30 00:00:00,2024-01-29 16:00:00
500b595c-6251-4dae-8267-e2e8928c5531,277,2024-08-11 00:00:00,10,1600.0,125,192.0,0.0,confirmed,2024-11-27 00:00:00,2024-08-10 01:00:00
2fce1b31-021b-45e0-835f-7b47d4d423b4,132,2023-12-09 00:00:00,7,3038.0,122,364.56,303.8,cancelled,2023-12-28 00:00:00,2023-12-08 21:00:00
84611cc0-d5af-470a-a620-6c04aa61ec74,499,2023-06-29 00:00:00,4,952.0,53,114.24,0.0,confirmed,2023-08-07 00:00:00,2023-06-28 04:00:00
01ce794e-9771-408d-b8e1-4967593494e7,228,2024-04-12 00:00:00,8,1140.0,76,136.8,0.0,confirmed,2024-08-06 00:00:00,2024-04-11 10:00:00
e6f3ea53-ea6b-4459-8793-7a98c32e193a,282,2023-06-13 00:00:00,5,1155.0,95,138.6,0.0,confirmed,2023-06-29 00:00:00,2023-06-12 19:00:00
75967585-bb89-4fb2-bbe4-724fb0d5e682,210,2023-05-31 00:00:00,1,126.0,139,15.12,0.0,confirmed,2023-09-28 00:00:00,2023-05-30 16:00:00
122d58de-90d1-4f98-88bd-1cb7548fd062,480,2024-05-31 00:00:00,2,156.76,45,18.81,0.0,confirmed,2024-06-29 00:00:00,2024-05-30 05:00:00
8b811946-e355-4fe1-8af2-17e3c5d29669,71,2023-09-25 00:00:00,9,2065.5,63,247.86,0.0,confirmed,2023-11-04 00:00:00,2023-09-24 01:00:00
e46fc132-d958-40a9-ba46-e8a825b0b056,147,2023-06-23 00:00:00,12,1881.0,142,225.72,0.0,confirmed,2023-07-11 00:00:00,2023-06-22 19:00:00
171ecdd3-4495-4cc3-93a6-50dd2746187a,427,2023-12-02 00:00:00,4,342.0,58,41.04,34.2,cancelled,2024-02-27 00:00:00,2023-12-01 09:00:00
9a62fe6c-b32a-4596-813e-1a182dec31d2,382,2024-10-08 00:00:00,13,4186.0,103,502.32,418.6,cancelled,2025-02-12 00:00:00,2024-10-07 10:00:00
1ac8ceea-c707-4be3-9c54-f461358baf5f,198,2024-06-18 00:00:00,6,912.0,78,109.44,0.0,confirmed,2024-08-02 00:00:00,2024-06-17 11:00:00
76883d87-51a5-48df-b025-22090d9d91e8,105,2024-01-20 00:00:00,4,247.0,59,29.64,0.0,confirmed,2024-02-15 00:00:00,2024-01-19 14:00:00
196ce934-13ca-476b-b4ba-5f726091546f,434,2023-08-03 00:00:00,1,264.0,139,31.68,0.0,confirmed,2023-12-27 00:00:00,2023-08-02 01:00:00
b61cd298-e7f9-4940-aca6-73dd155d30eb,360,2024-01-07 00:00:00,8,1008.0,114,120.96,100.8,cancelled,2024-01-21 00:00:00,2024-01-06 11:00:00
afa4523a-56e3-4816-92f2-f1c908bf1bcf,460,2023-10-26 00:00:00,6,2040.0,86,244.8,204.0,cancelled,2023-11-21 00:00:00,2023-10-25 11:00:00
f4de3cea-459a-4ab1-acad-10083d6197d6,23,2024-04-17 00:00:00,9,1782.0,79,213.84,178.2,cancelled,2024-06-25 00:00:00,2024-04-16 23:00:00
5a6a0822-71a7-497c-b7a4-5a3229083498,217,2024-02-14 00:00:00,7,833.0,68,99.96,0.0,confirmed,2024-07-02 00:00:00,2024-02-13 20:00:00
338a122a-238c-495c-b291-aab0a10c099a,215,2024-05-27 00:00:00,13,2788.5,92,334.62,0.0,confirmed,2024-08-03 00:00:00,2024-05-26 19:00:00
832f341d-5b36-4c50-8da2-3e88facab3c4,351,2024-03-19 00:00:00,6,930.0,106,111.6,0.0,confirmed,2024-07-07 00:00:00,2024-03-18 14:00:00
7dd0b477-6df0-477b-aa51-57898e5d3bf2,418,2023-10-04 00:00:00,5,1237.5,102,148.5,123.75,cancelled,2024-02-28 00:00:00,2023-10-03 20:00:00
347c9a60-00fa-421d-8788-98ba91583110,142,2024-09-25 00:00:00,1,184.0,120,22.08,0.0,confirmed,2025-01-15 00:00:00,2024-09-24 07:00:00
9e2e2e1a-9773-4a54-aeb8-500c699cb3e4,412,2023-09-14 00:00:00,1,174.25,54,20.91,0.0,confirmed,2024-01-04 00:00:00,2023-09-13 09:00:00
cb0809d4-5af1-4291-b656-81ac97dd3dc3,466,2024-08-09 00:00:00,8,1748.0,59,209.76,0.0,confirmed,2024-09-13 00:00:00,2024-08-08 05:00:00
96f2115c-c907-465f-9086-c864173573d6,393,2023-05-30 00:00:00,5,2590.0,63,310.8,0.0,confirmed,2023-09-19 00:00:00,2023-05-29 16:00:00
5dbff703-fc2b-47ed-bf7d-98b75ab7933a,192,2023-07-03 00:00:00,13,3094.0,55,371.28,0.0,confirmed,2023-07-12 00:00:00,2023-07-02 06:00:00
494b4146-1f12-4d5e-811b-c03e488f5632,452,2024-01-11 00:00:00,4,960.0,94,115.2,0.0,confirmed,2024-06-28 00:00:00,2024-01-10 18:00:00
7ae7c373-dba3-4304-8d11-c7570622f5ec,336,2024-01-12 00:00:00,6,1848.0,98,221.76,184.8,cancelled,2024-05-05 00:00:00,2024-01-11 07:00:00
7f03bba1-efdc-4233-b658-09be7d74fe78,355,2023-09-26 00:00:00,10,3060.0,104,367.2,0.0,confirmed,2023-12-19 00:00:00,2023-09-25 05:00:00
7fac1819-e14e-4462-88e5-0e330423874d,370,2023-10-21 00:00:00,3,272.25,142,32.67,27.23,cancelled,2023-12-03 00:00:00,2023-10-20 07:00:00
d7da53cf-44e0-4b30-86bf-b5157ebf2ad5,82,2023-07-13 00:00:00,13,2840.5,47,340.86,0.0,confirmed,2023-12-30 00:00:00,2023-07-12 07:00:00
06afaca1-6cc5-41a0-8fde-7c6370301969,73,2024-04-13 00:00:00,3,228.0,130,27.36,0.0,confirmed,2024-07-24 00:00:00,2024-04-12 06:00:00
a6dc1a9e-594d-49af-b6bd-8ac28903db44,29,2023-12-23 00:00:00,7,2047.5,136,245.7,204.75,cancelled,2023-12-30 00:00:00,2023-12-22 07:00:00
71a8c84a-864b-48a5-8b92-585f330e2fe7,385,2024-06-17 00:00:00,8,700.0,79,84.0,0.0,confirmed,2024-07-14 00:00:00,2024-06-16 03:00:00
240221d6-8de0-4299-ac73-eee732bd1b4d,125,2024-05-07 00:00:00,14,11340.0,70,1360.8,0.0,confirmed,2024-07-11 00:00:00,2024-05-06 08:00:00
00e31403-dc13-4013-a5a3-56ee477b063a,117,2024-01-07 00:00:00,1,136.12,147,16.33,0.0,confirmed,2024-03-07 00:00:00,2024-01-06 11:00:00
f36f71c6-3a3b-4fd9-9868-44ca2db891ca,406,2024-02-12 00:00:00,11,968.0,53,116.16,0.0,confirmed,2024-06-01 00:00:00,2024-02-11 02:00:00
ad9f5923-cf1a-4e0e-b371-118c04733dae,452,2024-04-05 00:00:00,3,720.0,89,86.4,72.0,cancelled,2024-08-05 00:00:00,2024-04-04 22:00:00
c0e6096a-e2de-45d5-96d6-6d1760f73848,400,2023-07-04 00:00:00,8,836.0,148,100.32,0.0,confirmed,2023-08-07 00:00:00,2023-07-03 22:00:00
6f309c76-12b8-43c0-a0da-4669d23123d4,399,2023-09-05 00:00:00,10,1650.0,58,198.0,165.0,cancelled,2024-02-03 00:00:00,2023-09-04 15:00:00
d700e908-fa15-40c0-a7dd-ed67d5208137,171,2023-06-24 00:00:00,3,235.14,85,28.22,0.0,confirmed,2023-07-16 00:00:00,2023-06-23 01:00:00
04dd0cfe-50d9-43c7-ac68-7404846fd2e7,150,2023-08-12 00:00:00,3,270.0,97,32.4,27.0,cancelled,2023-10-22 00:00:00,2023-08-11 11:00:00
24f9d4ae-c35d-4e68-8a32-cbbf34ca27c5,384,2023-07-13 00:00:00,11,6270.0,117,752.4,0.0,confirmed,2023-11-03 00:00:00,2023-07-12 22:00:00
b7ff9d4c-4009-4cde-8e36-51f98fa8fa05,376,2023-07-02 00:00:00,10,6290.0,71,754.8,0.0,confirmed,2023-07-07 00:00:00,2023-07-01 19:00:00
29f70828-c0d4-477a-837d-3eb7edd63ab1,167,2024-04-28 00:00:00,13,1876.94,147,225.23,187.69,cancelled,2024-08-01 00:00:00,2024-04-27 00:00:00
ab929ce2-09ef-41a3-9c94-d889096953a6,360,2024-01-01 00:00:00,10,1260.0,70,151.2,126.0,cancelled,2024-03-17 00:00:00,2023-12-31 13:00:00
bdacef62-b6d2-472c-a07b-dbcdd85220dc,497,2024-07-20 00:00:00,11,1936.0,126,232.32,193.6,cancelled,2024-09-21 00:00:00,2024-07-19 02:00:00
86cf1f8c-9246-41e7-ab60-8e3783c09f1b,352,2023-05-24 00:00:00,3,576.0,146,69.12,57.6,cancelled,2023-08-27 00:00:00,2023-05-23 16:00:00
ef4ad8b7-6fae-4219-8329-c9c5e91fdcf6,282,2023-11-28 00:00:00,1,231.0,79,27.72,23.1,cancelled,2024-03-03 00:00:00,2023-11-27 04:00:00
3a00c329-8335-48f3-9966-a53dc9f20781,88,2023-06-30 00:00:00,11,880.0,147,105.6,0.0,confirmed,2023-11-30 00:00:00,2023-06-29 11:00:00
027bb130-286e-40bf-b17b-fb652cb5f3fe,64,2023-10-29 00:00:00,13,1914.25,40,229.71,0.0,confirmed,2023-12-24 00:00:00,2023-10-28 18:00:00
b7988c13-60b3-46b3-a86e-d1a71e72071e,403,2023-10-26 00:00:00,7,2380.0,113,285.6,0.0,confirmed,2024-03-12 00:00:00,2023-10-25 22:00:00
dc136af2-04bd-4d07-879a-f536f0715122,8,2024-03-03 00:00:00,11,771.32,101,92.56,0.0,confirmed,2024-07-13 00:00:00,2024-03-02 22:00:00
9d817134-6398-4ada-a7a6-a888bd829e14,364,2024-01-20 00:00:00,14,2800.0,91,336.0,0.0,confirmed,2024-02-21 00:00:00,2024-01-19 02:00:00
72b2690b-1af9-47da-bfd9-436196ae4983,310,2023-10-20 00:00:00,4,396.0,86,47.52,0.0,confirmed,2023-11-30 00:00:00,2023-10-19 17:00:00
579bb568-d228-406d-a20c-3cb6ce3de639,199,2023-11-03 00:00:00,8,1748.0,65,209.76,0.0,confirmed,2023-12-10 00:00:00,2023-11-02 03:00:00
f590fe0d-a338-4946-99b8-a102cb5cc08f,284,2024-04-14 00:00:00,10,2210.0,112,265.2,0.0,confirmed,2024-09-14 00:00:00,2024-04-13 20:00:00
b3f72771-039f-4372-9d37-e7b2f65479e8,108,2023-11-24 00:00:00,5,1395.0,130,167.4,0.0,confirmed,2023-12-01 00:00:00,2023-11-23 07:00:00
64b4b709-aae7-452b-8b7a-983c6252de88,322,2023-10-22 00:00:00,8,572.0,101,68.64,57.2,cancelled,2023-12-28 00:00:00,2023-10-21 00:00:00
f7cf2429-ee02-48d0-9e9d-a74f8ce14a80,286,2023-08-15 00:00:00,10,5940.0,118,712.8,0.0,confirmed,2023-10-30 00:00:00,2023-08-14 02:00:00
d36f15d8-fbf3-472f-a95d-f9af5d0a00b0,148,2023-08-28 00:00:00,6,2425.5,140,291.06,0.0,confirmed,2023-09-02 00:00:00,2023-08-27 06:00:00
c04ee3ca-9480-4bff-9048-ca882d5dc05e,337,2024-07-24 00:00:00,8,720.0,53,86.4,0.0,confirmed,2024-10-12 00:00:00,2024-07-23 04:00:00
2d4774a8-dacb-40ed-ac39-cb5c8667f493,172,2023-11-01 00:00:00,11,1567.5,143,188.1,156.75,cancelled,2024-03-15 00:00:00,2023-10-31 14:00:00
64926449-0bfe-471a-8f48-33b6582dd830,249,2024-02-02 00:00:00,2,228.0,53,27.36,22.8,cancelled,2024-05-31 00:00:00,2024-02-01 01:00:00
027fb4cf-929d-43b9-82ac-ea096d3a3585,390,2023-05-26 00:00:00,6,1584.0,120,190.08,0.0,confirmed,2023-09-17 00:00:00,2023-05-25 04:00:00
c98c6bf7-a48f-43cf-aeb9-d4c63c34fe9b,51,2023-11-11 00:00:00,13,5408.0,96,648.96,0.0,confirmed,2024-02-14 00:00:00,2023-11-10 18:00:00
0960cae0-a52a-4376-b50b-97fa14ff1a8b,18,2023-09-27 00:00:00,13,3822.0,77,458.64,0.0,confirmed,2023-11-29 00:00:00,2023-09-26 01:00:00
18262f84-fabe-496b-acfb-ac7c108f2601,248,2023-12-30 00:00:00,1,217.0,122,26.04,21.7,cancelled,2024-03-19 00:00:00,2023-12-29 01:00:00
6b453a3d-ccf7-47b9-a334-058546084f60,372,2024-02-06 00:00:00,6,1344.0,90,161.28,0.0,confirmed,2024-06-22 00:00:00,2024-02-05 21:00:00
60019395-0552-4421-badc-2db794fe3fde,147,2023-04-22 00:00:00,11,1724.25,129,206.91,0.0,confirmed,2023-05-19 00:00:00,2023-04-21 02:00:00
152826a8-20c7-4bf0-8210-439832e66deb,260,2024-03-26 00:00:00,12,1596.0,131,191.52,159.6,cancelled,2024-09-16 00:00:00,2024-03-25 23:00:00
e8f70be7-c84a-4c74-b325-0ef4df888077,113,2024-01-29 00:00:00,13,2408.25,121,288.99,240.83,cancelled,2024-03-14 00:00:00,2024-01-28 22:00:00
84abf6b7-888c-4450-8ef3-2950b7350b9c,406,2023-12-15 00:00:00,12,1056.0,142,126.72,105.6,cancelled,2024-04-27 00:00:00,2023-12-14 03:00:00
2d7658a1-e9bb-4ed9-8cd5-4c3e87352c3c,489,2024-04-02 00:00:00,9,2821.5,61,338.58,0.0,confirmed,2024-06-12 00:00:00,2024-04-01 22:00:00
742de06b-bdde-44d4-b5f8-a1b339e03873,137,2023-06-16 00:00:00,11,1619.75,131,194.37,161.98,cancelled,2023-11-18 00:00:00,2023-06-15 07:00:00
a7678830-7789-4813-b015-33ecfa7f98c0,73,2024-01-24 00:00:00,5,380.0,55,45.6,38.0,cancelled,2024-05-22 00:00:00,2024-01-23 09:00:00
4347c955-88a4-43e4-b84e-8a384d6017d1,56,2023-11-01 00:00:00,10,4290.0,121,514.8,429.0,cancelled,2024-01-09 00:00:00,2023-10-31 00:00:00
57fcaff3-c3ea-4762-81ee-1e92d6dbeab9,177,2023-04-11 00:00:00,6,594.0,45,71.28,0.0,confirmed,2023-05-01 00:00:00,2023-04-10 05:00:00
691fdc9d-c0d4-4004-a793-1c05882245f6,363,2023-11-14 00:00:00,13,4290.0,136,514.8,0.0,confirmed,2023-12-05 00:00:00,2023-11-13 15:00:00
fe142eb1-6bac-4173-9769-f2c2bd7bbdfd,328,2024-03-11 00:00:00,3,330.0,140,39.6,0.0,confirmed,2024-07-03 00:00:00,2024-03-10 14:00:00
8d4ce328-865a-41e9-8653-05fb7d7e7bba,410,2023-10-18 00:00:00,5,475.0,77,57.0,47.5,cancelled,2024-03-07 00:00:00,2023-10-17 06:00:00
6af432ba-2d2b-4f77-a742-fc378482a7e2,212,2023-09-08 00:00:00,10,855.0,75,102.6,0.0,confirmed,2023-10-26 00:00:00,2023-09-07 09:00:00
ad9c992e-2328-4828-a44d-ab413e3d0bea,87,2024-08-28 00:00:00,8,704.0,143,84.48,0.0,confirmed,2024-08-30 00:00:00,2024-08-27 10:00:00
b966db49-b8ee-4542-ac0f-f9ab7fd00c2e,247,2024-09-23 00:00:00,11,1905.75,95,228.69,0.0,confirmed,2024-12-23 00:00:00,2024-09-22 16:00:00
0c8b7532-28a3-40ab-928d-5e1c3ff08970,30,2024-06-29 00:00:00,13,2398.5,68,287.82,239.85,cancelled,2024-11-19 00:00:00,2024-06-28 01:00:00
32535c31-1f51-4d40-8faa-4e586580826c,256,2024-01-23 00:00:00,5,1500.0,43,180.0,150.0,cancelled,2024-03-28 00:00:00,2024-01-22 19:00:00
1028463a-20cc-4d32-999e-1bb7e118a9fa,203,2023-06-22 00:00:00,4,1083.0,89,129.96,0.0,confirmed,2023-07-31 00:00:00,2023-06-21 10:00:00
39826edb-c6e0-4c92-a51e-ad83fc8c76cc,41,2024-06-26 00:00:00,12,3456.0,118,414.72,0.0,confirmed,2024-08-03 00:00:00,2024-06-25 10:00:00
08ab11be-3a67-47bd-94be-b30c6a644cf8,200,2024-01-31 00:00:00,6,1632.0,137,195.84,0.0,confirmed,2024-06-06 00:00:00,2024-01-30 14:00:00
ece2fb1c-3a4b-4908-954f-758af343d477,76,2023-12-03 00:00:00,2,187.0,118,22.44,0.0,confirmed,2024-04-21 00:00:00,2023-12-02 16:00:00
1f8bbab5-d133-4452-aa1f-aa6fb09b4639,315,2023-10-20 00:00:00,10,2550.0,74,306.0,0.0,confirmed,2024-01-29 00:00:00,2023-10-19 17:00:00
ac2c1e0c-802e-44ac-a145-64868b397202,44,2023-10-17 00:00:00,13,2275.0,95,273.0,0.0,confirmed,2024-01-03 00:00:00,2023-10-16 14:00:00
0774f9d4-67cc-41c0-ba47-95e953b7d04b,365,2023-06-02 00:00:00,1,126.0,61,15.12,0.0,confirmed,2023-06-06 00:00:00,2023-06-01 01:00:00
43887701-c3b5-40ae-be98-c0b146d320e9,171,2023-02-10 00:00:00,2,156.76,93,18.81,0.0,confirmed,2023-07-22 00:00:00,2023-02-09 11:00:00
3406ea71-d193-474d-9b82-27500b7df2cd,383,2024-02-13 00:00:00,8,2024.0,80,242.88,202.4,cancelled,2024-06-27 00:00:00,2024-02-12 06:00:00
a1f0304b-2ae8-4769-b516-36e0be6ef04c,373,2024-01-06 00:00:00,4,340.0,60,40.8,34.0,cancelled,2024-07-03 00:00:00,2024-01-05 00:00:00
7dcab566-cd5f-4b01-ac37-8de6f7c6945d,19,2023-08-17 00:00:00,9,1845.0,149,221.4,184.5,cancelled,2023-08-28 00:00:00,2023-08-16 23:00:00
d4a64ec2-3ae9-4d5c-a804-a4926caefa68,368,2024-03-12 00:00:00,10,1650.0,77,198.0,0.0,confirmed,2024-03-18 00:00:00,2024-03-11 05:00:00
7bf3803e-c0be-4808-a185-27c39904a23e,294,2024-09-17 00:00:00,7,1512.0,117,181.44,151.2,cancelled,2025-02-16 00:00:00,2024-09-16 02:00:00
c868c6fe-bf13-4900-9a2e-a8289bbad8c9,65,2024-01-27 00:00:00,11,1028.5,80,123.42,102.85,cancelled,2024-06-14 00:00:00,2024-01-26 05:00:00
03f19571-95de-4f65-843e-69401ca08f01,138,2024-01-28 00:00:00,12,3960.0,97,475.2,0.0,confirmed,2024-07-19 00:00:00,2024-01-27 05:00:00
a8beb76d-032c-455e-a478-4e14ad00c9b7,5,2023-05-27 00:00:00,2,140.0,56,16.8,0.0,confirmed,2023-10-05 00:00:00,2023-05-26 08:00:00
61e364eb-6893-442e-a734-026ed857f334,321,2023-09-20 00:00:00,7,1953.0,119,234.36,0.0,confirmed,2023-10-04 00:00:00,2023-09-19 21:00:00
2fd75d74-0c57-4481-a217-46565e2d1bed,29,2023-07-26 00:00:00,12,3510.0,148,421.2,351.0,cancelled,2024-01-11 00:00:00,2023-07-25 00:00:00
86711b63-9223-4c1c-8633-5afffd3ec19f,265,2024-03-12 00:00:00,10,2380.0,98,285.6,0.0,confirmed,2024-07-21 00:00:00,2024-03-11 20:00:00
394e81b1-3abe-4fd8-a2d6-c7275d5bd0d5,217,2024-04-03 00:00:00,12,1428.0,44,171.36,142.8,cancelled,2024-06-27 00:00:00,2024-04-02 08:00:00
f67caf1b-b17a-41b2-a288-6c5ac9ef1eac,407,2023-10-24 00:00:00,3,462.0,84,55.44,0.0,confirmed,2023-12-29 00:00:00,2023-10-23 22:00:00
c30712fb-9158-4308-9a5b-4787ea39f9cf,185,2024-03-25 00:00:00,9,408.42,61,49.01,0.0,confirmed,2024-05-28 00:00:00,2024-03-24 09:00:00
7121809a-893e-43fb-b171-b3bc1bc62602,193,2023-08-31 00:00:00,6,3150.0,127,378.0,315.0,cancelled,2023-12-11 00:00:00,2023-08-30 03:00:00
f9aa8b8e-1552-4914-990c-3d9c91772330,243,2023-12-04 00:00:00,10,5670.0,103,680.4,0.0,confirmed,2024-02-16 00:00:00,2023-12-03 16:00:00
4c54d034-77bc-4e61-bfbe-6eae2747cbe1,45,2023-04-14 00:00:00,1,107.25,55,12.87,10.73,cancelled,2023-05-02 00:00:00,2023-04-13 12:00:00
1eed362f-16a7-48a0-bbbe-1ae863a69744,140,2023-11-27 00:00:00,5,403.75,44,48.45,0.0,confirmed,2023-12-07 00:00:00,2023-11-26 02:00:00
544e4ba7-f120-48b0-9566-1fb98837e381,273,2024-01-02 00:00:00,1,220.5,73,26.46,0.0,confirmed,2024-05-25 00:00:00,2024-01-01 13:00:00
31171742-3aeb-4077-88e2-d23f1e3113c3,91,2024-07-01 00:00:00,13,750.75,101,90.09,75.08,cancelled,2024-12-01 00:00:00,2024-06-30 02:00:00
ccf05205-9ae8-4b2d-a914-2b6497c97617,378,2024-01-11 00:00:00,11,836.0,144,100.32,0.0,confirmed,2024-02-19 00:00:00,2024-01-10 10:00:00
80d1d3bc-aac2-4648-a942-a4b8ff6b0fc7,456,2024-01-20 00:00:00,6,1320.0,134,158.4,0.0,confirmed,2024-07-02 00:00:00,2024-01-19 02:00:00
9201f58a-c2fe-4d46-a44c-0946440c146b,179,2023-10-31 00:00:00,7,743.75,145,89.25,0.0,confirmed,2024-02-03 00:00:00,2023-10-30 07:00:00
4f452bee-1eb6-4bd7-b3ef-92b1c84e316a,392,2024-04-07 00:00:00,4,577.52,138,69.3,57.75,cancelled,2024-07-12 00:00:00,2024-04-06 20:00:00
3909d5ba-9915-4be4-afdf-02f4f94e8c80,152,2024-07-02 00:00:00,13,2840.5,42,340.86,0.0,confirmed,2024-08-21 00:00:00,2024-07-01 17:00:00
20cace57-03cf-401f-af34-69500d5ed4f1,201,2024-09-03 00:00:00,12,1089.0,114,130.68,0.0,confirmed,2024-11-12 00:00:00,2024-09-02 22:00:00
0208888e-e321-4f0f-acb7-db25dccacb92,435,2024-01-08 00:00:00,9,1260.0,89,151.2,126.0,cancelled,2024-03-11 00:00:00,2024-01-07 05:00:00
82818aad-a5c3-4819-9529-559dcbff1f32,145,2024-02-28 00:00:00,12,2109.0,123,253.08,0.0,confirmed,2024-08-25 00:00:00,2024-02-27 11:00:00
d10ed03d-cc29-490a-bfe9-d9b3682231f7,193,2023-10-13 00:00:00,8,4200.0,67,504.0,420.0,cancelled,2023-12-31 00:00:00,2023-10-12 22:00:00
b86036b7-1134-43e2-8fcf-3660d7459d68,460,2023-09-13 00:00:00,7,2380.0,60,285.6,238.0,cancelled,2024-01-09 00:00:00,2023-09-12 21:00:00
8585992e-33f3-4b9f-8d36-7b659590932c,65,2024-02-18 00:00:00,11,1028.5,81,123.42,102.85,cancelled,2024-06-18 00:00:00,2024-02-17 08:00:00
e8c094af-9fd4-453b-8fc2-a3a0cbf63c76,22,2023-11-19 00:00:00,8,2128.0,127,255.36,0.0,confirmed,2024-04-05 00:00:00,2023-11-18 15:00:00
25725089-e4ce-4869-ac98-2a2ea8094a09,409,2024-02-25 00:00:00,7,1001.0,144,120.12,100.1,cancelled,2024-08-06 00:00:00,2024-02-24 19:00:00
093eaaeb-2d11-4191-9a5c-b61a750e1b81,493,2024-01-11 00:00:00,2,616.0,95,73.92,0.0,confirmed,2024-03-28 00:00:00,2024-01-10 00:00:00
f404d529-2a52-41cf-af4a-5fc508c61cfd,144,2024-03-09 00:00:00,12,1440.0,50,172.8,144.0,cancelled,2024-04-14 00:00:00,2024-03-08 06:00:00
84ca6bbf-ee10-412b-99ae-6bd9860e2639,360,2023-10-19 00:00:00,14,1764.0,127,211.68,0.0,confirmed,2023-10-21 00:00:00,2023-10-18 10:00:00
a5fe5662-4373-4a7e-af05-7e8be15033f3,478,2023-10-16 00:00:00,5,1093.75,95,131.25,0.0,confirmed,2023-11-26 00:00:00,2023-10-15 05:00:00
3c3c3f3f-f1d0-4ffe-83f5-5e688b2b9a01,276,2024-03-19 00:00:00,6,3381.0,70,405.72,338.1,cancelled,2024-05-23 00:00:00,2024-03-18 09:00:00
72943bcd-cb81-41b0-9c59-01313b8bcca5,394,2024-08-13 00:00:00,14,1666.0,53,199.92,166.6,cancelled,2025-01-11 00:00:00,2024-08-12 19:00:00
cbe7ccd6-38db-4e69-8be7-90224982f656,307,2023-10-07 00:00:00,4,693.0,40,83.16,0.0,confirmed,2023-12-07 00:00:00,2023-10-06 04:00:00
6b5083db-c5b2-4514-8f2b-6dd15310ea24,231,2024-02-06 00:00:00,11,968.0,127,116.16,0.0,confirmed,2024-04-11 00:00:00,2024-02-05 05:00:00
faa90896-9f13-4bec-b3ea-b41698aa0e88,128,2023-11-02 00:00:00,7,3528.0,77,423.36,0.0,confirmed,2024-02-04 00:00:00,2023-11-01 08:00:00
dfdf7f73-4226-451f-b493-17e834d19de4,120,2024-02-01 00:00:00,2,181.5,78,21.78,18.15,cancelled,2024-04-14 00:00:00,2024-01-31 13:00:00
1b0c5f3d-d889-47fa-8ebf-5510f90a8da0,229,2024-01-29 00:00:00,1,76.0,77,9.12,0.0,confirmed,2024-02-10 00:00:00,2024-01-28 07:00:00
035f14bc-97f5-43ae-ac0f-13f3bc6b79a8,285,2023-09-03 00:00:00,3,199.5,150,23.94,0.0,confirmed,2023-12-18 00:00:00,2023-09-02 06:00:00
98f91a2a-d034-4c85-bf94-c940571809ae,340,2024-03-25 00:00:00,11,726.0,81,87.12,0.0,confirmed,2024-04-09 00:00:00,2024-03-24 12:00:00
3a9e4e7d-c3f5-4475-a54c-606bb5b8d9cc,264,2023-12-25 00:00:00,10,2160.0,67,259.2,0.0,confirmed,2024-02-24 00:00:00,2023-12-24 20:00:00
d00fd4eb-7af9-447e-ad32-72c568406125,448,2023-05-24 00:00:00,11,2029.5,126,243.54,0.0,confirmed,2023-06-24 00:00:00,2023-05-23 13:00:00
2312ab4f-9f2b-4d75-a79c-059a98d37630,311,2023-03-18 00:00:00,8,1632.0,52,195.84,163.2,cancelled,2023-04-23 00:00:00,2023-03-17 19:00:00
2bbaebfd-c296-46a7-9adc-2119064105af,474,2024-08-09 00:00:00,14,1890.0,70,226.8,189.0,cancelled,2025-01-22 00:00:00,2024-08-08 17:00:00
c1e6dc53-d93f-4095-90e2-7cb0de9af8b4,349,2024-05-25 00:00:00,10,4025.0,109,483.0,402.5,cancelled,2024-05-31 00:00:00,2024-05-24 21:00:00
f7b542b7-0735-42db-9b37-6f5319045b5f,179,2023-12-02 00:00:00,11,1168.75,120,140.25,0.0,confirmed,2024-02-24 00:00:00,2023-12-01 05:00:00
81418240-78af-4514-8e83-c245ae086c85,5,2023-07-11 00:00:00,11,770.0,115,92.4,77.0,cancelled,2023-11-12 00:00:00,2023-07-10 18:00:00
09d808cf-acda-4c7d-a7d2-0169efa05bf6,381,2023-11-02 00:00:00,12,8568.0,73,1028.16,0.0,confirmed,2024-01-20 00:00:00,2023-11-01 21:00:00
d38ec9fd-cc16-49b9-b1ac-dd000157cf2d,33,2023-10-18 00:00:00,4,740.0,126,88.8,74.0,cancelled,2024-03-21 00:00:00,2023-10-17 17:00:00
a83da773-3166-4530-b445-bc541ea9b905,467,2023-09-23 00:00:00,13,4992.0,118,599.04,0.0,confirmed,2023-11-25 00:00:00,2023-09-22 04:00:00
a865ca42-b2b0-4566-bee1-195ee47c77b5,89,2023-08-25 00:00:00,8,2852.0,129,342.24,0.0,confirmed,2024-01-05 00:00:00,2023-08-24 01:00:00
7e8065ec-a8f3-4e65-af94-fc4360ba1b95,182,2024-04-25 00:00:00,14,4480.0,102,537.6,0.0,confirmed,2024-07-24 00:00:00,2024-04-24 16:00:00
e9438279-6be9-41bf-ac99-50a5dd9845ea,268,2023-08-18 00:00:00,10,4960.0,114,595.2,496.0,cancelled,2023-09-30 00:00:00,2023-08-17 07:00:00
c136c381-45af-4ede-935a-f793f7ac84bb,434,2023-12-23 00:00:00,14,3696.0,136,443.52,0.0,confirmed,2024-03-22 00:00:00,2023-12-22 04:00:00
9a26f533-b9b7-4052-a9fe-10b1684a5a87,190,2023-12-19 00:00:00,8,1768.0,96,212.16,0.0,confirmed,2024-05-14 00:00:00,2023-12-18 12:00:00
dc3e3b36-3b71-4052-9d0f-be90385cd4c3,446,2023-10-08 00:00:00,14,1270.5,48,152.46,0.0,confirmed,2023-11-18 00:00:00,2023-10-07 12:00:00
dbd3fefa-5801-4b88-8fdd-bd64b287b63f,242,2023-12-21 00:00:00,2,693.0,83,83.16,0.0,confirmed,2024-03-03 00:00:00,2023-12-20 14:00:00
9e91cc4e-7e2c-4a96-afd1-5c0ed7c7ae27,393,2023-11-05 00:00:00,7,3626.0,105,435.12,0.0,confirmed,2023-12-15 00:00:00,2023-11-04 20:00:00
a08de658-e4d3-4e99-8b93-d33d8a0c96d4,12,2023-08-12 00:00:00,4,484.0,86,58.08,0.0,confirmed,2023-11-25 00:00:00,2023-08-11 08:00:00
c761f47a-abfa-494d-8611-131330dca7d7,446,2023-02-23 00:00:00,6,544.5,75,65.34,0.0,confirmed,2023-03-10 00:00:00,2023-02-22 08:00:00
89ee3643-4a69-4eae-989f-f3cc8576975b,481,2023-10-20 00:00:00,14,924.0,80,110.88,0.0,confirmed,2023-11-22 00:00:00,2023-10-19 08:00:00
8b4eb937-7e63-4423-a930-8de74d656622,369,2024-06-04 00:00:00,12,1872.0,79,224.64,0.0,confirmed,2024-10-08 00:00:00,2024-06-03 14:00:00
1b9c8a87-089a-4185-a86e-a6d9a0efe380,359,2024-04-03 00:00:00,13,2184.0,105,262.08,0.0,confirmed,2024-09-17 00:00:00,2024-04-02 08:00:00
07f8d412-dceb-4bc6-8b87-f23d93d07e73,220,2023-06-17 00:00:00,13,2730.0,65,327.6,273.0,cancelled,2023-09-23 00:00:00,2023-06-16 18:00:00
da5e7455-4438-4548-a74b-82ecc70a7122,201,2024-09-12 00:00:00,12,1089.0,89,130.68,0.0,confirmed,2024-10-06 00:00:00,2024-09-11 05:00:00
9b432131-130e-4942-9bb8-eca984414b51,388,2024-02-02 00:00:00,2,154.0,62,18.48,0.0,confirmed,2024-04-06 00:00:00,2024-02-01 02:00:00
e8f09fe9-d8d5-4b92-a23a-36d0269eaf46,148,2023-05-22 00:00:00,6,2425.5,60,291.06,0.0,confirmed,2023-10-13 00:00:00,2023-05-21 06:00:00
30354748-e0df-4ca4-8781-fa5244c5ee9e,77,2023-05-21 00:00:00,9,1732.5,90,207.9,173.25,cancelled,2023-10-22 00:00:00,2023-05-20 19:00:00
59ee00d9-52e5-4bb7-a03a-287e76fe8847,35,2023-12-22 00:00:00,2,462.0,85,55.44,0.0,confirmed,2024-05-16 00:00:00,2023-12-21 02:00:00
5f2b499d-db07-441d-9658-60139bc385c1,195,2023-10-07 00:00:00,6,1638.0,100,196.56,0.0,confirmed,2023-11-30 00:00:00,2023-10-06 16:00:00
3e4418a4-9122-404d-b067-63ae80535b9d,110,2023-05-30 00:00:00,6,1053.0,118,126.36,0.0,confirmed,2023-09-12 00:00:00,2023-05-29 13:00:00
341a73c5-f9a1-4b1a-9d0c-f4442fd0da5a,37,2023-12-31 00:00:00,8,3360.0,69,403.2,0.0,confirmed,2024-04-14 00:00:00,2023-12-30 05:00:00
e92a74c2-fcc2-4880-bb04-0008c306eacc,483,2024-08-17 00:00:00,5,1215.0,100,145.8,0.0,confirmed,2024-09-26 00:00:00,2024-08-16 06:00:00
bd2ed15f-2c12-43c7-82c7-2bcce2c3bc0a,172,2023-11-09 00:00:00,7,997.5,68,119.7,0.0,confirmed,2024-03-23 00:00:00,2023-11-08 07:00:00
6ef5fb64-3853-4de5-9a06-1e6064167277,202,2024-03-20 00:00:00,12,2856.0,68,342.72,285.6,cancelled,2024-05-27 00:00:00,2024-03-19 00:00:00
3a03d748-507d-4df4-9982-515e1760f4c8,193,2023-09-17 00:00:00,7,3675.0,101,441.0,367.5,cancelled,2024-01-31 00:00:00,2023-09-16 12:00:00
766587fa-4e3d-4a69-95fe-5a0516ee5b19,193,2023-11-15 00:00:00,12,6300.0,144,756.0,0.0,confirmed,2023-12-28 00:00:00,2023-11-14 22:00:00
a33bd385-042c-4ff9-96af-38a5394b2cec,387,2024-08-09 00:00:00,7,1078.0,112,129.36,0.0,confirmed,2024-08-25 00:00:00,2024-08-08 06:00:00
b27ad676-384e-47f2-9411-d7f41f4d591b,443,2024-08-08 00:00:00,4,2170.0,128,260.4,217.0,cancelled,2024-11-28 00:00:00,2024-08-07 10:00:00
a8c4ddb1-92d6-476b-8b3c-262db88beabb,222,2023-12-03 00:00:00,12,2091.0,123,250.92,209.1,cancelled,2024-05-09 00:00:00,2023-12-02 04:00:00
792ddc59-1d7b-41a0-b5f1-b0d876bc2e0c,426,2023-09-25 00:00:00,13,8190.0,128,982.8,0.0,confirmed,2023-10-29 00:00:00,2023-09-24 10:00:00
672bae3b-0c3d-4fbe-987f-d9865f9b12c4,494,2024-01-08 00:00:00,9,4185.0,55,502.2,418.5,cancelled,2024-06-12 00:00:00,2024-01-07 07:00:00
c77fa362-e918-4f51-996b-823c1e1218ed,134,2024-01-29 00:00:00,3,832.5,139,99.9,0.0,confirmed,2024-07-12 00:00:00,2024-01-28 14:00:00
4a6c75cb-3fd5-4927-b31d-d73d8f2564b2,418,2023-11-14 00:00:00,6,1485.0,46,178.2,148.5,cancelled,2024-04-20 00:00:00,2023-11-13 22:00:00
db18b5e4-7cc8-4bef-89cb-c9e7041e11e9,331,2023-08-08 00:00:00,7,635.25,111,76.23,63.53,cancelled,2023-09-16 00:00:00,2023-08-07 04:00:00
08e097a7-b26d-4a13-aa6f-8ed712be7fdb,172,2023-10-20 00:00:00,9,1282.5,62,153.9,128.25,cancelled,2024-01-26 00:00:00,2023-10-19 02:00:00
67a93ab5-bab4-4b49-9891-b9bd1e72ee4f,173,2024-02-09 00:00:00,13,1482.0,45,177.84,0.0,confirmed,2024-07-14 00:00:00,2024-02-08 00:00:00
e196e67d-7ca8-45c3-91fb-a48ff4c60b86,455,2024-03-31 00:00:00,2,238.0,92,28.56,0.0,confirmed,2024-05-04 00:00:00,2024-03-30 22:00:00
120c9b86-1f28-406c-ae9d-ec06fbdad361,315,2023-08-14 00:00:00,9,2295.0,76,275.4,0.0,confirmed,2023-11-09 00:00:00,2023-08-13 10:00:00
884f4e0f-0921-4ebb-880e-3e079137feff,193,2024-01-27 00:00:00,1,525.0,49,63.0,52.5,cancelled,2024-04-03 00:00:00,2024-01-26 08:00:00
216f5ea2-9c11-4dc3-b230-d62485342019,499,2024-02-18 00:00:00,6,1428.0,58,171.36,0.0,confirmed,2024-02-29 00:00:00,2024-02-17 12:00:00
9310ce68-5f08-48fb-998d-0225a24b9849,101,2024-03-09 00:00:00,13,4862.0,104,583.44,0.0,confirmed,2024-03-15 00:00:00,2024-03-08 19:00:00
799fa923-8b64-4d50-b0f3-11301589d2b7,306,2023-09-26 00:00:00,3,511.5,88,61.38,0.0,confirmed,2024-01-28 00:00:00,2023-09-25 13:00:00
6f99192e-934f-45c2-a790-a8697fb2ca66,363,2023-04-07 00:00:00,10,3300.0,73,396.0,0.0,confirmed,2023-06-21 00:00:00,2023-04-06 01:00:00
a29909b1-3355-4531-ab16-f3d211ad638a,229,2024-01-23 00:00:00,7,532.0,70,63.84,53.2,cancelled,2024-04-30 00:00:00,2024-01-22 00:00:00
89c2e12d-a9db-4674-be40-52dff5bfbc38,412,2024-05-29 00:00:00,8,1394.0,127,167.28,139.4,cancelled,2024-09-25 00:00:00,2024-05-28 20:00:00
f04797de-9e29-4bb9-b8e5-0abc6431180b,7,2023-10-26 00:00:00,11,1254.0,107,150.48,0.0,confirmed,2023-12-04 00:00:00,2023-10-25 09:00:00
d6e5a192-cd60-4106-a22f-11645bf6b739,85,2024-03-06 00:00:00,7,637.0,124,76.44,0.0,confirmed,2024-07-26 00:00:00,2024-03-05 13:00:00
e8de28cb-8c1f-4a60-89bd-9e4deec29505,246,2023-04-14 00:00:00,6,1536.0,118,184.32,153.6,cancelled,2023-09-21 00:00:00,2023-04-13 09:00:00
9e6ffa09-2f6f-4d82-be3d-40125a8e2a14,205,2023-11-25 00:00:00,12,693.0,141,83.16,69.3,cancelled,2024-01-12 00:00:00,2023-11-24 03:00:00
ab4c67c5-f044-4e7d-9f89-fb778a826ef7,122,2023-12-23 00:00:00,3,156.75,137,18.81,15.68,cancelled,2024-04-11 00:00:00,2023-12-22 15:00:00
1d82aeaa-ee68-4436-8e0c-758f8a5a9935,80,2024-03-25 00:00:00,7,1470.0,118,176.4,0.0,confirmed,2024-04-10 00:00:00,2024-03-24 22:00:00
fa861dd4-9499-4ac0-ad2e-0e8c797f88df,422,2023-04-09 00:00:00,13,1976.0,42,237.12,0.0,confirmed,2023-09-14 00:00:00,2023-04-08 12:00:00
c0a60845-56e6-4dc2-b7ee-3489b20db5a6,201,2024-02-20 00:00:00,10,907.5,69,108.9,90.75,cancelled,2024-07-06 00:00:00,2024-02-19 21:00:00
e3561b57-a3db-417a-800f-f3769fa158a3,418,2024-04-02 00:00:00,14,3465.0,60,415.8,0.0,confirmed,2024-04-08 00:00:00,2024-04-01 04:00:00
620cf47c-3137-4cd9-9216-1dad2737c7ea,240,2023-06-26 00:00:00,7,665.0,85,79.8,0.0,confirmed,2023-12-01 00:00:00,2023-06-25 18:00:00
799f60fb-66af-4757-bac9-57e03fedb7fc,278,2023-05-16 00:00:00,3,576.0,88,69.12,0.0,confirmed,2023-07-03 00:00:00,2023-05-15 09:00:00
17377c5c-8283-4817-b1de-2ae6eca82158,117,2023-07-29 00:00:00,9,1225.08,57,147.01,0.0,confirmed,2023-10-06 00:00:00,2023-07-28 11:00:00
f549175d-2a8a-46c6-8957-d3b8d793d22f,193,2024-05-28 00:00:00,4,2100.0,46,252.0,0.0,confirmed,2024-08-13 00:00:00,2024-05-27 22:00:00
d6b72a1a-2a0a-43f6-aada-c95d11441297,334,2024-04-23 00:00:00,1,372.0,88,44.64,37.2,cancelled,2024-10-14 00:00:00,2024-04-22 15:00:00
5e829911-02d3-4a01-a930-c0f9b486d2ab,23,2024-07-13 00:00:00,13,2574.0,71,308.88,257.4,cancelled,2024-11-21 00:00:00,2024-07-12 09:00:00
bd958305-c27b-4f19-a255-0739a950bb69,398,2023-09-29 00:00:00,2,130.0,140,15.6,0.0,confirmed,2024-03-03 00:00:00,2023-09-28 23:00:00
a6e6e96e-5ed7-4cda-b7fe-8b689d36c4ad,14,2024-01-11 00:00:00,13,6552.0,107,786.24,0.0,confirmed,2024-04-16 00:00:00,2024-01-10 17:00:00
12cb162d-b0a8-4030-a60a-8f1d03e4b1d7,64,2023-05-08 00:00:00,14,2061.5,143,247.38,0.0,confirmed,2023-09-01 00:00:00,2023-05-07 23:00:00
3f1a069c-4b25-4bfc-b892-4be574195a35,95,2024-01-12 00:00:00,13,3432.0,81,411.84,0.0,confirmed,2024-06-25 00:00:00,2024-01-11 18:00:00
771f46e3-cc00-4a0d-a84c-920ecac06510,108,2023-09-07 00:00:00,12,3348.0,94,401.76,0.0,confirmed,2023-10-14 00:00:00,2023-09-06 16:00:00
3a8fe3e7-d374-4be8-a6f4-7a5e0139f291,388,2024-07-09 00:00:00,8,616.0,96,73.92,0.0,confirmed,2024-08-05 00:00:00,2024-07-08 01:00:00
69dd4e30-5f48-478d-9676-4ebeae6c9876,47,2024-03-23 00:00:00,12,1596.0,131,191.52,0.0,confirmed,2024-05-06 00:00:00,2024-03-22 10:00:00
cab68ece-9000-43df-8fb7-f3b3b6b2356e,296,2024-09-15 00:00:00,4,266.0,110,31.92,0.0,confirmed,2024-10-13 00:00:00,2024-09-14 07:00:00
56d18372-6202-4241-919d-03e132b0ffc7,202,2023-09-27 00:00:00,5,1190.0,80,142.8,0.0,confirmed,2023-12-06 00:00:00,2023-09-26 12:00:00
0ddbd858-b89f-4931-9feb-3387710760d1,79,2023-05-30 00:00:00,14,1309.0,65,157.08,0.0,confirmed,2023-10-26 00:00:00,2023-05-29 16:00:00
3afe4ea0-64c4-4fd7-ab89-338fead80f8c,204,2023-10-13 00:00:00,10,1852.5,93,222.3,0.0,confirmed,2023-10-25 00:00:00,2023-10-12 08:00:00
4cf8d9d4-5905-4a24-87e4-58ceb893008f,307,2024-01-24 00:00:00,4,693.0,127,83.16,0.0,confirmed,2024-04-08 00:00:00,2024-01-23 13:00:00
9579f75f-b621-48de-965f-6d85b693c142,207,2024-04-26 00:00:00,14,2079.0,49,249.48,207.9,cancelled,2024-08-09 00:00:00,2024-04-25 12:00:00
7b80d04b-cee6-4b69-a4b8-6d7378ee6593,381,2023-10-20 00:00:00,9,6426.0,126,771.12,0.0,confirmed,2023-11-28 00:00:00,2023-10-19 00:00:00
2a2b6991-a0b6-42cd-8199-2a6cffd73b61,279,2024-04-04 00:00:00,12,3168.0,89,380.16,0.0,confirmed,2024-08-17 00:00:00,2024-04-03 19:00:00
a5d30f32-f0cc-4638-b8e0-611da8ba67d3,392,2023-12-27 00:00:00,3,433.14,54,51.98,0.0,confirmed,2024-01-20 00:00:00,2023-12-26 02:00:00
dbd999e0-4219-4e45-982a-5f8b28d1c4b6,167,2024-01-12 00:00:00,8,1155.04,58,138.6,0.0,confirmed,2024-02-29 00:00:00,2024-01-11 12:00:00
ea9083ad-60ad-4ed1-88f7-359283e37704,183,2024-01-16 00:00:00,8,924.0,139,110.88,0.0,confirmed,2024-04-16 00:00:00,2024-01-15 10:00:00
cd20c5fd-62e3-4003-ae5a-c76853658a12,66,2023-12-19 00:00:00,3,940.5,52,112.86,0.0,confirmed,2024-02-04 00:00:00,2023-12-18 15:00:00
a69c1d4f-35b1-448b-9583-c87bbab94a9e,188,2024-01-29 00:00:00,4,511.52,114,61.38,51.15,cancelled,2024-05-16 00:00:00,2024-01-28 06:00:00
a4e4015e-15c6-4ef7-a4ee-1a1de5fd03e6,190,2024-01-18 00:00:00,10,2210.0,105,265.2,221.0,cancelled,2024-06-07 00:00:00,2024-01-17 01:00:00
413bc7d0-b0a8-4bda-824b-77636129a245,460,2023-07-28 00:00:00,13,4420.0,120,530.4,442.0,cancelled,2023-12-17 00:00:00,2023-07-27 15:00:00
cd66e1eb-454f-451a-83c1-e7f887fc9233,487,2023-10-30 00:00:00,5,770.0,134,92.4,0.0,confirmed,2024-02-12 00:00:00,2023-10-29 09:00:00
bf6f66da-2d2f-4012-b139-52f8c8df3f2c,327,2023-04-09 00:00:00,14,6552.0,141,786.24,0.0,confirmed,2023-07-30 00:00:00,2023-04-08 00:00:00
835ba5f8-6105-4219-bd5f-140dff7e5c6e,101,2024-03-08 00:00:00,6,2244.0,115,269.28,0.0,confirmed,2024-06-21 00:00:00,2024-03-07 21:00:00
3fe14d67-cb2c-4b33-8407-70cfe987d86d,131,2023-10-10 00:00:00,12,1732.56,46,207.91,173.26,cancelled,2023-12-10 00:00:00,2023-10-09 18:00:00
7d99a46f-e718-4668-88ad-6f1345e0f504,438,2024-02-23 00:00:00,10,4200.0,59,504.0,0.0,confirmed,2024-08-13 00:00:00,2024-02-22 08:00:00
f4a94989-6634-4371-8fac-b2151ed3a620,2,2024-04-09 00:00:00,13,2788.5,90,334.62,278.85,cancelled,2024-07-19 00:00:00,2024-04-08 01:00:00
443b8fc6-ba9b-46cb-b7cb-64568476fcd7,196,2023-10-29 00:00:00,3,864.0,125,103.68,86.4,cancelled,2024-01-06 00:00:00,2023-10-28 07:00:00
d740caba-dae9-453b-b3d6-2d93cabedeff,304,2023-10-03 00:00:00,9,5400.0,113,648.0,540.0,cancelled,2024-02-14 00:00:00,2023-10-02 18:00:00
b84ee301-2cd9-45a7-b4b4-73f0c88cf0ec,496,2024-02-06 00:00:00,8,1920.0,144,230.4,192.0,cancelled,2024-06-06 00:00:00,2024-02-05 09:00:00
799d1716-f9ec-4cf5-b95f-84ada477a2cb,186,2024-03-12 00:00:00,4,1920.0,134,230.4,0.0,confirmed,2024-04-19 00:00:00,2024-03-11 06:00:00
6596a454-9dfb-4e9c-b987-6cb5348592fb,203,2023-08-07 00:00:00,3,812.25,44,97.47,0.0,confirmed,2023-10-19 00:00:00,2023-08-06 13:00:00
88ec5f11-9ffe-4d8c-92f6-b56d3ac071cd,434,2023-08-14 00:00:00,5,1320.0,150,158.4,132.0,cancelled,2023-12-20 00:00:00,2023-08-13 06:00:00
e0cd249f-8f1c-4401-b0d9-0c5178c015da,370,2023-11-20 00:00:00,2,181.5,150,21.78,18.15,cancelled,2024-03-06 00:00:00,2023-11-19 16:00:00
00be222e-0288-48ed-980f-466f931526e8,294,2024-03-08 00:00:00,9,1944.0,86,233.28,194.4,cancelled,2024-06-09 00:00:00,2024-03-07 01:00:00
a2da5311-e3e1-4246-81f9-631c5de33d8b,350,2023-08-20 00:00:00,2,252.0,58,30.24,0.0,confirmed,2023-09-21 00:00:00,2023-08-19 21:00:00
3e6a05ad-5629-4b4f-8cd8-beda1cbf21e8,394,2024-07-15 00:00:00,8,952.0,80,114.24,0.0,confirmed,2024-11-15 00:00:00,2024-07-14 02:00:00
9afae7b2-e2ba-4fad-b74f-2e69ec4e8a60,52,2024-05-06 00:00:00,8,836.0,76,100.32,83.6,cancelled,2024-09-21 00:00:00,2024-05-05 00:00:00
6677745d-ba12-4ca4-9caf-ea69008f889f,487,2024-05-24 00:00:00,8,1232.0,103,147.84,0.0,confirmed,2024-07-15 00:00:00,2024-05-23 10:00:00
14266658-cd4e-434c-a165-69bca4dce8e2,373,2023-07-24 00:00:00,4,340.0,41,40.8,0.0,confirmed,2023-08-23 00:00:00,2023-07-23 07:00:00
0c34d17c-66fc-4abe-bbc3-c93ce2ee5b5f,329,2023-12-17 00:00:00,2,272.0,105,32.64,0.0,confirmed,2024-01-27 00:00:00,2023-12-16 12:00:00
98b5d0c8-e5dd-4fd7-ba21-b8ab746ec795,278,2023-09-09 00:00:00,1,192.0,91,23.04,0.0,confirmed,2023-10-21 00:00:00,2023-09-08 12:00:00
71c87e11-98ad-43fc-8d81-a68bfc076ff8,300,2024-07-02 00:00:00,6,3978.0,74,477.36,0.0,confirmed,2024-07-14 00:00:00,2024-07-01 21:00:00
4beab899-6801-4c2f-bf01-2da38cbcaef7,364,2024-08-26 00:00:00,14,2800.0,81,336.0,280.0,cancelled,2025-01-25 00:00:00,2024-08-25 12:00:00
7ffdca89-9069-4d83-bbcb-f752878af56d,467,2023-09-23 00:00:00,10,3840.0,70,460.8,0.0,confirmed,2023-09-25 00:00:00,2023-09-22 18:00:00
5c139a0c-5f4c-4683-a527-32dbf3142c5f,237,2023-07-06 00:00:00,13,2408.25,72,288.99,0.0,confirmed,2023-08-22 00:00:00,2023-07-05 16:00:00
85b3ed4f-a0c3-4c87-bbf8-a208bfa87db7,327,2023-03-21 00:00:00,5,2340.0,55,280.8,0.0,confirmed,2023-07-01 00:00:00,2023-03-20 15:00:00
352bfcf6-3671-49cd-95e1-ec853d31edc8,106,2023-09-04 00:00:00,14,1130.5,84,135.66,0.0,confirmed,2024-02-01 00:00:00,2023-09-03 14:00:00
d3af3bbe-7494-4bb7-8e06-a93b8dc125cf,231,2023-09-15 00:00:00,10,880.0,88,105.6,88.0,cancelled,2023-12-15 00:00:00,2023-09-14 17:00:00
df7b8ffe-71ca-4d22-b866-4eb49c26e800,152,2024-06-23 00:00:00,4,874.0,130,104.88,0.0,confirmed,2024-10-12 00:00:00,2024-06-22 00:00:00
00f4d4ed-7cc4-45af-a7fa-89a6baa4b812,102,2024-05-29 00:00:00,4,280.0,55,33.6,28.0,cancelled,2024-11-10 00:00:00,2024-05-28 22:00:00
dcf6fd1e-a5da-4db5-8b2b-65363f2d9b59,188,2024-06-10 00:00:00,12,1534.56,53,184.15,0.0,confirmed,2024-08-07 00:00:00,2024-06-09 22:00:00
f47caf49-1857-4131-8dd2-fee898bcd0b6,325,2024-04-15 00:00:00,1,810.0,115,97.2,0.0,confirmed,2024-04-17 00:00:00,2024-04-14 18:00:00
782afc7e-742c-4c44-b6da-1ffb3ad16e67,471,2024-01-28 00:00:00,7,1995.0,62,239.4,199.5,cancelled,2024-04-01 00:00:00,2024-01-27 00:00:00
f9d0bd47-d23b-4ade-a5c7-434be3e7718b,77,2023-09-04 00:00:00,5,962.5,99,115.5,96.25,cancelled,2023-10-30 00:00:00,2023-09-03 06:00:00
90dc3fc1-cdb3-4ce4-b5f6-7752b027909e,295,2023-08-20 00:00:00,5,4600.0,125,552.0,0.0,confirmed,2023-12-14 00:00:00,2023-08-19 08:00:00
2ce9e94d-86ce-4f3a-8347-299c2e920ba7,240,2023-05-02 00:00:00,11,1045.0,143,125.4,0.0,confirmed,2023-10-18 00:00:00,2023-05-01 21:00:00
fa28da59-2f59-4209-8f60-57f5511cfb94,383,2023-11-06 00:00:00,9,2277.0,103,273.24,0.0,confirmed,2024-03-29 00:00:00,2023-11-05 12:00:00
d08092ae-f2f2-4e1c-a9b2-b1e62be721b1,366,2023-10-26 00:00:00,2,255.76,92,30.69,25.58,cancelled,2024-03-24 00:00:00,2023-10-25 19:00:00
ca130cd3-865c-49ca-9a41-38ba701bb8d5,108,2023-02-23 00:00:00,12,3348.0,148,401.76,0.0,confirmed,2023-08-18 00:00:00,2023-02-22 10:00:00
c3a38bf6-6711-4080-99f3-3edaca4ce1fa,447,2023-09-07 00:00:00,10,2100.0,126,252.0,210.0,cancelled,2023-10-31 00:00:00,2023-09-06 05:00:00
7b9f5575-bb89-40ac-b904-1f1938b93da6,293,2024-01-13 00:00:00,13,2466.75,141,296.01,0.0,confirmed,2024-05-30 00:00:00,2024-01-12 16:00:00
b111d88a-c36c-4d5a-a697-8be1a2f224b9,187,2023-10-26 00:00:00,8,1008.0,126,120.96,0.0,confirmed,2023-12-23 00:00:00,2023-10-25 04:00:00
2758da49-0164-4477-94ec-51dd43281c2c,141,2023-07-23 00:00:00,6,1728.0,78,207.36,172.8,cancelled,2023-11-18 00:00:00,2023-07-22 12:00:00
604c31cd-e86a-4bf0-a9c3-4d96e0b6a4ee,148,2023-03-04 00:00:00,14,5659.5,134,679.14,0.0,confirmed,2023-08-06 00:00:00,2023-03-03 06:00:00
e0a0b9d3-8e2b-46b7-b824-931b3544df91,169,2024-02-04 00:00:00,4,1200.0,87,144.0,0.0,confirmed,2024-07-23 00:00:00,2024-02-03 19:00:00
94022817-092a-49c6-af6b-ebd088d7562f,196,2023-11-11 00:00:00,4,1152.0,57,138.24,115.2,cancelled,2023-12-17 00:00:00,2023-11-10 06:00:00
15905e9f-52c4-434b-8654-a58811d4bae7,116,2023-12-16 00:00:00,6,2688.0,51,322.56,0.0,confirmed,2024-02-18 00:00:00,2023-12-15 17:00:00
ae8c8ac9-cc06-4996-91b3-98eaf14128d5,292,2023-04-01 00:00:00,1,99.0,48,11.88,9.9,cancelled,2023-04-27 00:00:00,2023-03-31 12:00:00
459124d9-99b1-4d9f-bdda-fe9a935316ef,167,2024-07-06 00:00:00,10,1443.8,53,173.26,0.0,confirmed,2024-10-05 00:00:00,2024-07-05 03:00:00
d7c2ebe3-7957-45fc-beaf-406be7f37214,320,2023-06-29 00:00:00,8,3968.0,134,476.16,396.8,cancelled,2023-09-13 00:00:00,2023-06-28 16:00:00
ca8a673f-996d-4694-aa86-c2da3a72cf54,290,2024-06-02 00:00:00,6,445.5,71,53.46,0.0,confirmed,2024-07-11 00:00:00,2024-06-01 14:00:00
4b208cdc-b29c-489a-ab46-0f42eac0c46e,217,2024-03-01 00:00:00,12,1428.0,73,171.36,142.8,cancelled,2024-07-10 00:00:00,2024-02-29 00:00:00
8c1c226c-a402-4388-9efc-952892170c05,120,2024-01-28 00:00:00,4,363.0,136,43.56,0.0,confirmed,2024-06-12 00:00:00,2024-01-27 04:00:00
daecdeba-7e1e-489f-acb4-76af7d4275e0,78,2023-06-14 00:00:00,13,2840.5,53,340.86,0.0,confirmed,2023-11-24 00:00:00,2023-06-13 23:00:00
28311b0c-4ef6-411b-a00f-0c3c4f8b54b5,148,2023-05-10 00:00:00,9,3638.25,138,436.59,0.0,confirmed,2023-08-10 00:00:00,2023-05-09 13:00:00
5d78d172-f18a-4dca-a9a5-647c8b552a00,73,2024-06-11 00:00:00,12,912.0,105,109.44,0.0,confirmed,2024-06-29 00:00:00,2024-06-10 12:00:00
2bc50fe7-bd5e-42d6-a93b-99d0566fc9fd,288,2023-12-16 00:00:00,8,1404.0,94,168.48,140.4,cancelled,2024-04-23 00:00:00,2023-12-15 19:00:00
b08c56a2-04d8-42bb-96cb-170eb82b8049,281,2024-01-19 00:00:00,4,1456.0,55,174.72,0.0,confirmed,2024-07-09 00:00:00,2024-01-18 19:00:00
e1672ff0-4455-4ed4-9ef3-9ec87b3c8741,129,2023-06-16 00:00:00,9,2754.0,54,330.48,0.0,confirmed,2023-10-03 00:00:00,2023-06-15 15:00:00
e53ad685-2779-4342-88bf-022fa26bc9fa,233,2023-12-29 00:00:00,8,960.0,55,115.2,0.0,confirmed,2024-05-30 00:00:00,2023-12-28 05:00:00
f095c901-c06f-4e66-817c-7a58152b42fc,292,2023-10-15 00:00:00,8,792.0,78,95.04,0.0,confirmed,2023-11-10 00:00:00,2023-10-14 03:00:00
5910fca0-ab0b-4116-8c6d-4635766169f8,125,2024-03-30 00:00:00,12,9720.0,62,1166.4,972.0,cancelled,2024-06-27 00:00:00,2024-03-29 17:00:00
4a94d0be-7263-4c32-901a-19e80de9a77b,186,2024-03-29 00:00:00,2,960.0,116,115.2,96.0,cancelled,2024-09-07 00:00:00,2024-03-28 11:00:00
06d1a9fa-c2f8-44b6-9741-55f1a2bf0500,168,2023-08-08 00:00:00,4,627.0,77,75.24,0.0,confirmed,2024-02-02 00:00:00,2023-08-07 14:00:00
aa57ff28-ccf6-4b6f-844f-68e8e90493ea,83,2024-03-18 00:00:00,2,560.0,66,67.2,0.0,confirmed,2024-04-17 00:00:00,2024-03-17 01:00:00
e5e0319a-0a30-46d8-84fd-f3f63888fb04,91,2024-07-17 00:00:00,12,693.0,84,83.16,0.0,confirmed,2024-09-19 00:00:00,2024-07-16 18:00:00
781641d0-2143-4f40-98e7-24f1a45747ce,379,2023-10-18 00:00:00,11,9900.0,123,1188.0,0.0,confirmed,2024-03-17 00:00:00,2023-10-17 08:00:00
137e8ef0-3781-45a8-aa81-2943729b0120,173,2023-06-07 00:00:00,3,342.0,138,41.04,34.2,cancelled,2023-11-09 00:00:00,2023-06-06 22:00:00
387db129-c6ce-4345-8ec7-ea23c3ee292a,455,2023-12-13 00:00:00,8,952.0,130,114.24,0.0,confirmed,2024-05-18 00:00:00,2023-12-12 14:00:00
383431f5-9969-4853-affe-5c99e436fdaf,461,2024-02-23 00:00:00,12,1728.0,110,207.36,172.8,cancelled,2024-06-17 00:00:00,2024-02-22 15:00:00
183df1b3-846e-46c6-8efc-facf73915002,201,2024-04-18 00:00:00,6,544.5,93,65.34,0.0,confirmed,2024-06-07 00:00:00,2024-04-17 21:00:00
6c6b3e8e-aef7-445a-ba1f-90b386e5c149,53,2024-03-30 00:00:00,1,115.5,127,13.86,0.0,confirmed,2024-06-20 00:00:00,2024-03-29 12:00:00
26963496-ffb0-4fb2-ac2f-ecc5e536ab8f,67,2024-05-08 00:00:00,14,2352.0,101,282.24,235.2,cancelled,2024-08-01 00:00:00,2024-05-07 01:00:00
dbdea0e9-2320-46a0-afe1-31e6475247d0,21,2023-04-23 00:00:00,10,1760.0,93,211.2,176.0,cancelled,2023-08-07 00:00:00,2023-04-22 10:00:00
4a072159-ff38-4710-b7e9-f9a37821ccf8,394,2024-02-10 00:00:00,5,595.0,121,71.4,59.5,cancelled,2024-08-06 00:00:00,2024-02-09 22:00:00
a28c3876-6908-4f85-ad28-ea1a729fcecf,352,2024-01-07 00:00:00,5,960.0,146,115.2,96.0,cancelled,2024-06-04 00:00:00,2024-01-06 19:00:00
4b26e492-a905-4566-b250-e811256d9d36,43,2023-11-24 00:00:00,9,2970.0,100,356.4,0.0,confirmed,2024-03-22 00:00:00,2023-11-23 05:00:00
a2c13a58-8cfd-4d66-8653-daae6862496a,201,2024-01-19 00:00:00,5,453.75,105,54.45,45.38,cancelled,2024-04-15 00:00:00,2024-01-18 19:00:00
60880078-7f7f-455b-9e41-3c94b18fc711,129,2023-11-24 00:00:00,14,4284.0,70,514.08,0.0,confirmed,2024-01-27 00:00:00,2023-11-23 19:00:00
91c4add8-148f-4fc9-a891-aa21debc87d2,378,2024-03-08 00:00:00,11,836.0,117,100.32,0.0,confirmed,2024-06-21 00:00:00,2024-03-07 23:00:00
3e4754e0-7c61-4d70-a737-a6395c1bffe3,41,2024-03-12 00:00:00,6,1728.0,56,207.36,0.0,confirmed,2024-05-01 00:00:00,2024-03-11 16:00:00
676af840-6757-443c-8996-17752ee2f4d6,142,2024-01-17 00:00:00,12,2208.0,100,264.96,0.0,confirmed,2024-03-29 00:00:00,2024-01-16 11:00:00
da327a69-a120-4145-85f9-744ea36562e3,99,2024-03-07 00:00:00,4,330.0,111,39.6,0.0,confirmed,2024-03-09 00:00:00,2024-03-06 02:00:00
599a2b86-3da8-4e2b-a55f-4033211c9def,175,2023-08-24 00:00:00,14,2425.5,137,291.06,0.0,confirmed,2024-01-13 00:00:00,2023-08-23 09:00:00
40194879-5578-425c-be7d-fd85fc69cf94,342,2023-12-10 00:00:00,5,400.0,51,48.0,40.0,cancelled,2024-04-12 00:00:00,2023-12-09 06:00:00
5f1b915e-2448-400d-9d40-d3ad0f97ac1f,14,2023-11-01 00:00:00,1,504.0,106,60.48,50.4,cancelled,2024-01-03 00:00:00,2023-10-31 00:00:00
77c14d4d-c608-4ad7-8101-709fc5c86ad6,402,2024-01-02 00:00:00,9,4896.0,69,587.52,0.0,confirmed,2024-02-04 00:00:00,2024-01-01 11:00:00
8035ef6f-9f26-4f6b-9f6c-0194c860a373,80,2024-05-02 00:00:00,7,1470.0,101,176.4,147.0,cancelled,2024-10-08 00:00:00,2024-05-01 00:00:00
1745a87d-f44b-4734-a8d6-2681f1a037d5,321,2024-01-26 00:00:00,2,558.0,70,66.96,0.0,confirmed,2024-02-25 00:00:00,2024-01-25 18:00:00
cda9670b-e2c1-47c9-aaf4-62deef55464a,36,2023-04-02 00:00:00,8,616.0,135,73.92,0.0,confirmed,2023-05-22 00:00:00,2023-04-01 18:00:00
2665ae14-95c5-4e2c-9a49-c6d49ad666b8,419,2023-11-18 00:00:00,10,1430.0,144,171.6,0.0,confirmed,2024-05-10 00:00:00,2023-11-17 11:00:00
80456da0-df8a-43a0-b395-90e1ec64147b,211,2024-03-23 00:00:00,12,1848.0,133,221.76,0.0,confirmed,2024-04-23 00:00:00,2024-03-22 16:00:00
eb6fb9fb-4751-4799-a227-0685797778b2,270,2023-11-03 00:00:00,11,3553.0,131,426.36,0.0,confirmed,2024-03-27 00:00:00,2023-11-02 02:00:00
f3c840e8-eb65-467b-a56c-bf54ca482558,399,2023-07-14 00:00:00,13,2145.0,107,257.4,0.0,confirmed,2023-12-30 00:00:00,2023-07-13 03:00:00
a6de2bb4-b91d-4e10-bdcb-c472c62522f2,488,2024-06-27 00:00:00,12,1320.0,45,158.4,0.0,confirmed,2024-07-17 00:00:00,2024-06-26 06:00:00
b3c47596-d4ff-4c26-a36c-835ae4f5c811,211,2024-01-30 00:00:00,10,1540.0,57,184.8,0.0,confirmed,2024-02-18 00:00:00,2024-01-29 19:00:00
67ca0cd8-d822-4e07-a41a-fa2c9095504b,491,2023-05-07 00:00:00,3,648.0,130,77.76,0.0,confirmed,2023-05-09 00:00:00,2023-05-06 18:00:00
101c764d-01b0-4e9b-a983-fb4b7c5bc096,131,2023-12-11 00:00:00,11,1588.18,81,190.58,0.0,confirmed,2024-02-28 00:00:00,2023-12-10 08:00:00
22560dfe-792f-436d-9a1d-f4abf0c4287a,121,2023-12-15 00:00:00,12,1824.0,100,218.88,0.0,confirmed,2024-04-09 00:00:00,2023-12-14 19:00:00
c512d41e-21e8-471d-b60b-79e38349a4ef,460,2024-02-02 00:00:00,11,3740.0,82,448.8,374.0,cancelled,2024-07-27 00:00:00,2024-02-01 13:00:00
fae3cfd0-8b2e-49b9-b160-b6d2e4f01ee4,57,2024-06-11 00:00:00,6,2220.0,144,266.4,222.0,cancelled,2024-10-03 00:00:00,2024-06-10 11:00:00
bd8c8659-4c1c-4e07-8893-b3834dd036fb,290,2023-11-02 00:00:00,6,445.5,51,53.46,0.0,confirmed,2024-02-25 00:00:00,2023-11-01 14:00:00
fb4da722-8c67-4746-883c-011c89e20930,11,2023-08-26 00:00:00,11,1358.5,97,163.02,135.85,cancelled,2024-02-09 00:00:00,2023-08-25 03:00:00
4c407750-3375-4a35-8932-12414abccdd2,481,2023-11-18 00:00:00,12,792.0,92,95.04,0.0,confirmed,2024-01-21 00:00:00,2023-11-17 04:00:00
5f411b94-3dd3-4950-a3bb-717533838abe,55,2024-04-30 00:00:00,2,272.0,71,32.64,0.0,confirmed,2024-09-10 00:00:00,2024-04-29 04:00:00
97f4167c-88c1-4e72-a6b1-5fc52e952a73,309,2023-04-11 00:00:00,8,2376.0,121,285.12,0.0,confirmed,2023-08-19 00:00:00,2023-04-10 17:00:00
dbc12ac7-4538-4531-a8b0-f2acf3ff8a01,282,2023-10-23 00:00:00,14,3234.0,130,388.08,0.0,confirmed,2023-11-01 00:00:00,2023-10-22 04:00:00
b4b7a3ea-b24e-47d1-9aad-15e4fa56b5f0,36,2023-02-28 00:00:00,12,924.0,120,110.88,0.0,confirmed,2023-08-05 00:00:00,2023-02-27 11:00:00
f4d4d237-d36d-4318-99b0-b7ddf47494d3,183,2024-07-18 00:00:00,10,1155.0,116,138.6,0.0,confirmed,2024-09-12 00:00:00,2024-07-17 08:00:00
581cd76b-0183-4902-b0c2-25d60a134dfe,82,2023-03-28 00:00:00,14,3059.0,116,367.08,0.0,confirmed,2023-07-10 00:00:00,2023-03-27 14:00:00
17606c0b-120a-484d-b9a0-95ac5ba6cef7,196,2024-07-08 00:00:00,13,3744.0,97,449.28,374.4,cancelled,2024-11-17 00:00:00,2024-07-07 16:00:00
29888551-e3db-4348-ba98-8f49fc568541,19,2023-07-14 00:00:00,12,2460.0,87,295.2,246.0,cancelled,2023-08-16 00:00:00,2023-07-13 18:00:00
c3ad2e3f-f995-4e17-86f5-2be83ec9352d,457,2024-04-22 00:00:00,5,747.5,128,89.7,0.0,confirmed,2024-05-03 00:00:00,2024-04-21 09:00:00
83ef57e7-26fb-42e7-8a57-ce1b140efc15,481,2023-09-26 00:00:00,13,858.0,143,102.96,0.0,confirmed,2024-01-15 00:00:00,2023-09-25 18:00:00
15b8e718-849c-42a2-a659-0855a9b670c6,57,2024-08-15 00:00:00,1,370.0,89,44.4,0.0,confirmed,2025-01-25 00:00:00,2024-08-14 02:00:00
5caa3468-b390-4a2d-bb5a-a35c0d2dcc45,19,2023-11-03 00:00:00,10,2050.0,48,246.0,0.0,confirmed,2024-03-07 00:00:00,2023-11-02 14:00:00
8ed36a46-a119-4a83-b2f1-527fc5d7938a,431,2024-01-01 00:00:00,4,400.0,46,48.0,0.0,confirmed,2024-03-29 00:00:00,2023-12-31 17:00:00
8357401d-02c7-4699-a1d4-a42e87b84331,132,2024-03-13 00:00:00,5,2170.0,132,260.4,0.0,confirmed,2024-05-08 00:00:00,2024-03-12 03:00:00
8f97add9-6d8b-40d1-838c-0cf6962ddc89,175,2024-03-09 00:00:00,2,346.5,102,41.58,0.0,confirmed,2024-04-11 00:00:00,2024-03-08 09:00:00
20d8320b-a236-422f-a106-ef41466da5a1,448,2023-11-22 00:00:00,3,553.5,63,66.42,55.35,cancelled,2024-05-19 00:00:00,2023-11-21 03:00:00
24fd5947-5acc-4b0d-82f4-45b9a372601c,68,2023-06-17 00:00:00,13,2002.0,45,240.24,0.0,confirmed,2023-10-31 00:00:00,2023-06-16 18:00:00
af1ffc7e-e5e5-426f-80bb-d4db78193965,44,2023-09-22 00:00:00,2,350.0,142,42.0,0.0,confirmed,2023-12-25 00:00:00,2023-09-21 14:00:00
50eaaa66-0810-4088-85ca-040e8cf42d87,4,2023-07-10 00:00:00,10,2310.0,142,277.2,0.0,confirmed,2023-07-19 00:00:00,2023-07-09 21:00:00
0797d466-81ef-4a2a-a896-57db3f05e172,387,2024-07-28 00:00:00,5,770.0,96,92.4,0.0,confirmed,2024-10-02 00:00:00,2024-07-27 09:00:00
101bbcc0-af7a-435c-b925-a816b5dee1d8,484,2024-02-12 00:00:00,14,1078.0,114,129.36,0.0,confirmed,2024-04-10 00:00:00,2024-02-11 19:00:00
408a18e2-1e63-44f0-b2f4-75bfd9fba16b,57,2023-12-15 00:00:00,10,3700.0,72,444.0,0.0,confirmed,2024-02-21 00:00:00,2023-12-14 10:00:00
149d69dc-0c6e-4628-8982-b3188b79c272,387,2024-05-05 00:00:00,11,1694.0,56,203.28,169.4,cancelled,2024-07-17 00:00:00,2024-05-04 12:00:00
4e545111-be8c-4183-b51b-0b074f23a640,255,2023-11-17 00:00:00,13,4433.0,62,531.96,443.3,cancelled,2024-01-11 00:00:00,2023-11-16 16:00:00
12b8918c-0e5b-4b3f-8c32-40600130b53a,334,2024-06-16 00:00:00,2,744.0,131,89.28,0.0,confirmed,2024-08-23 00:00:00,2024-06-15 09:00:00
7932fbd9-8e99-4eb1-b03d-33de5bcbff75,321,2023-12-31 00:00:00,9,2511.0,57,301.32,0.0,confirmed,2024-02-21 00:00:00,2023-12-30 10:00:00
dde0e554-137e-4ea3-a036-b6f9053f66ff,420,2024-03-05 00:00:00,14,1130.5,42,135.66,0.0,confirmed,2024-06-11 00:00:00,2024-03-04 04:00:00
b47b3a6e-96fc-4e88-8652-bf8943bc47bb,73,2024-01-01 00:00:00,1,76.0,62,9.12,7.6,cancelled,2024-04-03 00:00:00,2023-12-31 10:00:00
23f7fd9f-24aa-4219-8e01-ebd8d86a4fa3,326,2024-10-07 00:00:00,2,558.0,121,66.96,0.0,confirmed,2024-10-16 00:00:00,2024-10-06 05:00:00
cc118799-585e-4ac4-a67e-1dd69f94fdda,299,2023-12-08 00:00:00,9,495.0,53,59.4,0.0,confirmed,2024-05-19 00:00:00,2023-12-07 21:00:00
c59d76ee-f588-4924-9e4b-cebdcb968127,484,2023-09-24 00:00:00,9,693.0,136,83.16,69.3,cancelled,2023-10-30 00:00:00,2023-09-23 05:00:00
a46f68a1-16d6-46ee-9015-eab75c066362,390,2023-10-15 00:00:00,12,3168.0,143,380.16,0.0,confirmed,2024-01-20 00:00:00,2023-10-14 19:00:00
8eef2cad-cf05-447b-8805-5086eb9115dc,269,2023-11-29 00:00:00,11,2992.0,70,359.04,299.2,cancelled,2024-02-26 00:00:00,2023-11-28 15:00:00
9751cee1-0875-4328-9b55-bed15f0d3559,17,2024-04-02 00:00:00,8,3808.0,76,456.96,0.0,confirmed,2024-06-20 00:00:00,2024-04-01 22:00:00
38394969-ec22-4aad-8b4f-9b92b1867310,240,2023-06-08 00:00:00,4,380.0,108,45.6,0.0,confirmed,2023-07-11 00:00:00,2023-06-07 17:00:00
8f77fbcf-8173-48c9-b383-a44c346249fd,340,2024-02-02 00:00:00,1,66.0,138,7.92,0.0,confirmed,2024-06-02 00:00:00,2024-02-01 07:00:00
18efa791-5724-4892-af59-f7f0d010bbe7,121,2023-06-14 00:00:00,7,1064.0,88,127.68,106.4,cancelled,2023-07-31 00:00:00,2023-06-13 09:00:00
74e8db65-5a59-4222-b708-d3aa6505bac8,35,2024-06-19 00:00:00,8,1848.0,57,221.76,0.0,confirmed,2024-11-11 00:00:00,2024-06-18 08:00:00
65452c2d-d070-43d1-a4e2-db5e106b9437,398,2023-07-05 00:00:00,8,520.0,59,62.4,0.0,confirmed,2023-12-18 00:00:00,2023-07-04 13:00:00
77580ca3-23bc-4c94-8680-21f63428c860,413,2023-09-18 00:00:00,10,1705.0,63,204.6,0.0,confirmed,2024-02-08 00:00:00,2023-09-17 01:00:00
0a0e8d0c-56bc-4410-a7ce-31654badf2f7,338,2023-10-22 00:00:00,9,2304.0,88,276.48,0.0,confirmed,2023-12-17 00:00:00,2023-10-21 05:00:00
c0fcf3de-1d4e-4b56-bb23-c66a2b5aa396,134,2024-02-14 00:00:00,7,1942.5,138,233.1,0.0,confirmed,2024-08-09 00:00:00,2024-02-13 03:00:00
65309169-8ebf-4b5d-886c-9a9dec1e919a,255,2023-10-31 00:00:00,12,4092.0,46,491.04,0.0,confirmed,2023-11-08 00:00:00,2023-10-30 19:00:00
eb55ab5a-9f52-45ab-a72e-b14370150197,48,2023-05-26 00:00:00,14,731.5,55,87.78,73.15,cancelled,2023-08-09 00:00:00,2023-05-25 09:00:00
bb359075-576e-4b4b-853a-c49f780107d5,362,2024-05-25 00:00:00,6,2520.0,86,302.4,0.0,confirmed,2024-06-02 00:00:00,2024-05-24 19:00:00
d6a7107a-a2d4-49ed-955d-d3029771a0a8,481,2023-10-03 00:00:00,6,396.0,44,47.52,0.0,confirmed,2024-03-13 00:00:00,2023-10-02 06:00:00
8b73196e-cd49-42df-9f46-74861299cf11,18,2024-05-09 00:00:00,9,2646.0,90,317.52,0.0,confirmed,2024-10-08 00:00:00,2024-05-08 11:00:00
49d27325-ff13-45ed-864c-2f982d15a9f5,342,2024-01-21 00:00:00,8,640.0,67,76.8,0.0,confirmed,2024-04-16 00:00:00,2024-01-20 14:00:00
fc72dc52-35d5-439c-9520-42b0aeb9acec,122,2024-04-29 00:00:00,10,522.5,91,62.7,52.25,cancelled,2024-09-24 00:00:00,2024-04-28 11:00:00
ff0413a5-5962-4c26-9324-8d28ff6c09c2,186,2024-05-29 00:00:00,2,960.0,149,115.2,96.0,cancelled,2024-09-19 00:00:00,2024-05-28 15:00:00
2873d24f-decc-42fb-b984-a85cb03d3057,475,2023-04-05 00:00:00,11,5313.0,48,637.56,0.0,confirmed,2023-08-09 00:00:00,2023-04-04 03:00:00
5e28351f-a799-44af-9216-d65d0ecf04ee,109,2023-09-08 00:00:00,9,900.0,134,108.0,90.0,cancelled,2024-02-03 00:00:00,2023-09-07 14:00:00
3c942631-bb52-4e49-94e2-f629742c0274,81,2023-12-20 00:00:00,11,968.0,49,116.16,0.0,confirmed,2024-01-26 00:00:00,2023-12-19 13:00:00
0b941295-142f-48b8-88a9-78d7aab22290,395,2023-05-19 00:00:00,9,4324.5,133,518.94,0.0,confirmed,2023-06-18 00:00:00,2023-05-18 10:00:00
e05866c9-29e5-4210-be1b-0f63854b28ba,351,2024-02-19 00:00:00,8,1240.0,79,148.8,124.0,cancelled,2024-05-12 00:00:00,2024-02-18 12:00:00
427c069c-0ccd-43b0-878a-ca2e704d7d5c,43,2023-11-27 00:00:00,7,2310.0,55,277.2,0.0,confirmed,2023-11-30 00:00:00,2023-11-26 17:00:00
6ac7c205-b7ef-4e73-a0bf-21f9c3bb7ef9,160,2023-11-05 00:00:00,11,635.25,143,76.23,0.0,confirmed,2024-03-14 00:00:00,2023-11-04 10:00:00
9a5e5349-b10d-4792-b507-762ea42e1e22,329,2024-06-18 00:00:00,2,272.0,44,32.64,0.0,confirmed,2024-08-05 00:00:00,2024-06-17 15:00:00
cd62ff34-0cd4-4977-a3e3-127d09e2be0a,123,2023-11-08 00:00:00,2,209.0,107,25.08,20.9,cancelled,2024-04-05 00:00:00,2023-11-07 06:00:00
2714925a-8659-498a-9182-3ffce765f7b0,371,2024-02-24 00:00:00,3,480.0,75,57.6,0.0,confirmed,2024-03-07 00:00:00,2024-02-23 05:00:00
b0031171-c59a-4f22-bd3a-7bab4a66ceb0,437,2024-01-08 00:00:00,6,525.0,54,63.0,52.5,cancelled,2024-05-18 00:00:00,2024-01-07 21:00:00
c0885ca5-660d-475b-85d6-223597fdda6c,125,2024-01-03 00:00:00,5,4050.0,83,486.0,0.0,confirmed,2024-05-02 00:00:00,2024-01-02 14:00:00
72ee9585-331a-4a1c-960a-4c50c7089d93,318,2024-04-18 00:00:00,12,2754.0,67,330.48,275.4,cancelled,2024-09-06 00:00:00,2024-04-17 02:00:00
be4f70a4-e729-4644-a3e3-aab8832ced02,273,2024-08-31 00:00:00,13,2866.5,138,343.98,0.0,confirmed,2024-09-21 00:00:00,2024-08-30 19:00:00
8c8287c0-954b-4c79-b103-ed0900374b30,149,2023-05-30 00:00:00,11,635.25,91,76.23,63.53,cancelled,2023-06-05 00:00:00,2023-05-29 08:00:00
41924dc4-1bbf-4d08-9094-05615ef20763,327,2023-04-18 00:00:00,8,3744.0,53,449.28,0.0,confirmed,2023-05-26 00:00:00,2023-04-17 15:00:00
9585b81d-76fa-4b73-a36d-46a87a1d1da2,180,2024-05-21 00:00:00,4,418.0,143,50.16,41.8,cancelled,2024-11-04 00:00:00,2024-05-20 02:00:00
922ef4b4-51f2-4abc-a54b-fa79c59ceba5,144,2024-08-05 00:00:00,13,1560.0,106,187.2,0.0,confirmed,2024-12-21 00:00:00,2024-08-04 05:00:00
2d901b83-5b4f-4e8d-b3a9-8192b8f5f23a,81,2023-06-09 00:00:00,9,792.0,60,95.04,0.0,confirmed,2023-08-02 00:00:00,2023-06-08 03:00:00
25089af8-d68c-4a91-8f0b-7e48f24c6b2c,326,2024-05-07 00:00:00,7,1953.0,85,234.36,0.0,confirmed,2024-10-27 00:00:00,2024-05-06 03:00:00
c2c412fa-1b2a-4d6e-ad78-64323c4baf27,16,2024-02-05 00:00:00,1,185.0,95,22.2,0.0,confirmed,2024-05-15 00:00:00,2024-02-04 08:00:00
35fc497b-a789-4d2e-bcd8-2a2963b61bb0,340,2024-04-18 00:00:00,10,660.0,138,79.2,66.0,cancelled,2024-07-14 00:00:00,2024-04-17 19:00:00
a6d89f4c-2a01-47ab-a883-92f2a37e8741,390,2023-08-28 00:00:00,13,3432.0,124,411.84,0.0,confirmed,2023-12-15 00:00:00,2023-08-27 08:00:00
a5e9bb25-b45e-4ba5-9034-01c0ff3287e9,43,2023-08-01 00:00:00,8,2640.0,76,316.8,0.0,confirmed,2023-08-26 00:00:00,2023-07-31 17:00:00
cd9dc924-c53e-445c-ae7a-05d2536b50c8,184,2023-03-29 00:00:00,11,1815.0,43,217.8,0.0,confirmed,2023-06-19 00:00:00,2023-03-28 21:00:00
977edb3c-d540-475e-857b-7363276ed109,290,2023-10-23 00:00:00,3,222.75,127,26.73,22.28,cancelled,2024-03-30 00:00:00,2023-10-22 08:00:00
d952fb7c-84a4-485d-9ff7-8848ecc03bb1,463,2024-03-23 00:00:00,4,840.0,148,100.8,84.0,cancelled,2024-07-22 00:00:00,2024-03-22 05:00:00
47968ba8-332a-478b-88d6-d46ebf0958f2,31,2023-05-07 00:00:00,7,1232.0,52,147.84,0.0,confirmed,2023-07-06 00:00:00,2023-05-06 22:00:00
c6403526-7c9a-47cc-91f3-0ff5a6815b24,198,2024-06-18 00:00:00,12,1824.0,117,218.88,182.4,cancelled,2024-10-25 00:00:00,2024-06-17 01:00:00
8c36e3df-b380-49ab-bc11-f1321f464a37,244,2023-03-07 00:00:00,13,1914.25,150,229.71,0.0,confirmed,2023-06-30 00:00:00,2023-03-06 18:00:00
d9521e93-9e1f-476c-870e-b6c8122ff602,188,2024-05-03 00:00:00,9,1150.92,120,138.11,0.0,confirmed,2024-08-27 00:00:00,2024-05-02 06:00:00
c8daef60-625a-4357-a5a0-9f19b5eb5fcd,362,2023-12-04 00:00:00,1,420.0,105,50.4,0.0,confirmed,2023-12-19 00:00:00,2023-12-03 04:00:00
cf1d304e-7bdd-4d82-b24b-c1450cc3d0f4,380,2023-09-27 00:00:00,4,770.0,89,92.4,0.0,confirmed,2023-10-07 00:00:00,2023-09-26 09:00:00
850b1051-bd37-4bd8-844c-217da2bec055,123,2023-07-22 00:00:00,3,313.5,93,37.62,0.0,confirmed,2023-09-01 00:00:00,2023-07-21 09:00:00
be97054c-ba80-40d2-9d02-e8ebe0182cbf,495,2023-06-17 00:00:00,5,666.25,73,79.95,0.0,confirmed,2023-07-13 00:00:00,2023-06-16 04:00:00
053d311c-b9e4-4e1d-8751-1df31685398c,408,2024-03-25 00:00:00,14,1680.0,50,201.6,0.0,confirmed,2024-07-07 00:00:00,2024-03-24 17:00:00
f9543de4-007a-4142-94b0-4fd769428b1a,91,2024-05-10 00:00:00,4,231.0,142,27.72,0.0,confirmed,2024-06-02 00:00:00,2024-05-09 01:00:00
2995bd38-9927-4c71-800a-dd4489bd84f3,356,2024-02-03 00:00:00,11,2904.0,101,348.48,0.0,confirmed,2024-02-08 00:00:00,2024-02-02 22:00:00
395417c7-8a8e-4c11-a9b6-bc657a63f789,391,2024-03-25 00:00:00,5,1020.0,145,122.4,0.0,confirmed,2024-08-27 00:00:00,2024-03-24 08:00:00
3ace9993-9841-4c49-b024-b89bc1d86458,311,2023-12-10 00:00:00,9,1836.0,78,220.32,0.0,confirmed,2024-01-09 00:00:00,2023-12-09 03:00:00
918fd204-b620-4bcd-b168-1f581f498909,54,2023-12-01 00:00:00,2,110.0,49,13.2,0.0,confirmed,2024-03-20 00:00:00,2023-11-30 06:00:00
3c88c0f8-3531-4956-9072-678586766d79,477,2024-05-28 00:00:00,12,3108.0,147,372.96,310.8,cancelled,2024-09-04 00:00:00,2024-05-27 09:00:00
fd799238-8514-4190-a712-2e025aad5621,138,2024-04-28 00:00:00,4,1320.0,82,158.4,0.0,confirmed,2024-06-05 00:00:00,2024-04-27 08:00:00
dc994fd4-7292-4ce6-a50d-d78c81f6576d,292,2023-06-10 00:00:00,12,1188.0,77,142.56,0.0,confirmed,2023-08-25 00:00:00,2023-06-09 18:00:00
fe0f75dc-e5f8-438d-bd57-7cbcae9c111a,437,2024-06-23 00:00:00,5,437.5,59,52.5,0.0,confirmed,2024-09-02 00:00:00,2024-06-22 21:00:00
86260576-a1f1-4457-a100-a5ba11ff9643,384,2023-08-07 00:00:00,14,7980.0,80,957.6,798.0,cancelled,2024-01-01 00:00:00,2023-08-06 01:00:00
5cafb60f-c2a6-4961-80d3-5d2154601fc1,485,2023-07-14 00:00:00,2,332.5,42,39.9,33.25,cancelled,2023-11-20 00:00:00,2023-07-13 20:00:00
96c46ff1-ba65-40a6-b9a2-be2802b69254,165,2023-11-21 00:00:00,11,1540.0,62,184.8,0.0,confirmed,2024-02-15 00:00:00,2023-11-20 06:00:00
b525682c-12ca-4ccd-95cb-977d08bf3724,91,2024-07-12 00:00:00,6,346.5,62,41.58,0.0,confirmed,2024-08-24 00:00:00,2024-07-11 09:00:00
f5f07565-f263-4a68-b95e-c8d08add7831,208,2024-08-17 00:00:00,11,1078.0,143,129.36,107.8,cancelled,2024-11-26 00:00:00,2024-08-16 14:00:00
d4ab7224-9929-48c5-9916-8dedb164c030,226,2023-05-13 00:00:00,9,684.0,147,82.08,0.0,confirmed,2023-06-24 00:00:00,2023-05-12 04:00:00
1b5d4ad7-9bc3-4fdb-af42-35bb479c9c51,110,2023-04-20 00:00:00,13,2281.5,133,273.78,228.15,cancelled,2023-10-04 00:00:00,2023-04-19 16:00:00
1724fcb7-da9f-4b74-93cb-50236aad30d9,428,2024-01-01 00:00:00,14,2009.0,136,241.08,0.0,confirmed,2024-02-05 00:00:00,2023-12-31 17:00:00
8189023f-1a2d-495a-97db-f36204617630,488,2024-01-14 00:00:00,12,1320.0,100,158.4,0.0,confirmed,2024-02-01 00:00:00,2024-01-13 13:00:00
ff542f1b-cf12-47f6-baee-0883b7164859,150,2023-07-10 00:00:00,9,810.0,132,97.2,81.0,cancelled,2023-12-23 00:00:00,2023-07-09 05:00:00
efc45002-6e6a-46b8-9010-56a0fd4b1837,463,2024-03-03 00:00:00,1,210.0,137,25.2,0.0,confirmed,2024-08-04 00:00:00,2024-03-02 22:00:00
4a7df0cf-d7bc-4551-b0d9-de4d31b79c31,444,2024-08-08 00:00:00,3,610.5,46,73.26,61.05,cancelled,2024-12-09 00:00:00,2024-08-07 08:00:00
4b76bb84-d772-40bc-bbd4-cb5babaf54a0,446,2023-08-14 00:00:00,8,726.0,99,87.12,0.0,confirmed,2023-10-30 00:00:00,2023-08-13 16:00:00
21a0e646-1601-4eb2-96e5-9e423d789185,294,2024-02-27 00:00:00,3,648.0,99,77.76,64.8,cancelled,2024-05-25 00:00:00,2024-02-26 15:00:00
d3f40db3-abb9-4577-a4d0-f307000e438e,132,2024-02-11 00:00:00,5,2170.0,124,260.4,0.0,confirmed,2024-06-08 00:00:00,2024-02-10 17:00:00
a3c70c5d-8820-4722-8db7-e1ddf5623f72,284,2024-01-25 00:00:00,1,221.0,94,26.52,0.0,confirmed,2024-05-11 00:00:00,2024-01-24 19:00:00
bd963c17-5d4b-40c0-afb8-902df86a7043,209,2023-10-25 00:00:00,9,1449.0,109,173.88,0.0,confirmed,2024-01-20 00:00:00,2023-10-24 21:00:00
7ea90da1-d901-4371-aa98-d9b5fb002ddb,178,2023-07-23 00:00:00,3,2016.0,122,241.92,201.6,cancelled,2023-08-20 00:00:00,2023-07-22 03:00:00
2ccb47ca-263b-4fac-8027-ecf7aa4201dd,396,2023-09-06 00:00:00,14,3920.0,92,470.4,0.0,confirmed,2023-11-03 00:00:00,2023-09-05 14:00:00
fdbe4829-d589-4cc9-b93c-bbb12a20c1f5,27,2024-06-04 00:00:00,6,528.0,131,63.36,0.0,confirmed,2024-07-06 00:00:00,2024-06-03 12:00:00
3a3d99e6-e001-44ec-b6ed-e761d64c259c,257,2023-12-21 00:00:00,7,700.0,96,84.0,70.0,cancelled,2024-05-04 00:00:00,2023-12-20 19:00:00
5b7c7bb7-6329-486c-9fb4-1887f5ec44b6,303,2024-01-13 00:00:00,3,1248.0,133,149.76,124.8,cancelled,2024-06-30 00:00:00,2024-01-12 13:00:00
1a0e70a7-8a05-42b2-9d53-4fdbdf3c0d2c,3,2024-05-15 00:00:00,3,768.0,92,92.16,0.0,confirmed,2024-08-22 00:00:00,2024-05-14 10:00:00
bb8f6cce-42a2-42f5-bcd4-7650b7d68728,296,2024-09-30 00:00:00,7,465.5,83,55.86,46.55,cancelled,2024-10-13 00:00:00,2024-09-29 09:00:00
df446123-4237-4e42-bca3-5bcafea732c6,355,2023-02-04 00:00:00,10,3060.0,131,367.2,0.0,confirmed,2023-03-30 00:00:00,2023-02-03 00:00:00
5b937b83-45ff-4eca-b877-59678ab7e8c5,332,2023-12-01 00:00:00,2,693.0,57,83.16,0.0,confirmed,2024-04-18 00:00:00,2023-11-30 14:00:00
4de1beec-ec81-418b-b446-df683e32c792,197,2023-11-09 00:00:00,13,1950.0,79,234.0,195.0,cancelled,2024-05-01 00:00:00,2023-11-08 16:00:00
3f4f223e-a975-402a-b223-1cec164811dd,313,2024-02-21 00:00:00,8,1984.0,132,238.08,0.0,confirmed,2024-07-16 00:00:00,2024-02-20 02:00:00
69798706-bac4-4fbc-85e2-3e57b1b329e6,238,2023-12-08 00:00:00,1,245.0,67,29.4,24.5,cancelled,2024-05-11 00:00:00,2023-12-07 04:00:00
b52c81a9-93c0-46a5-b08e-b6f17a56ee48,393,2023-08-28 00:00:00,14,7252.0,60,870.24,725.2,cancelled,2023-12-29 00:00:00,2023-08-27 20:00:00
a8d2a8a9-2d38-429c-9d50-edb71b463a82,140,2023-11-22 00:00:00,1,80.75,122,9.69,0.0,confirmed,2024-01-08 00:00:00,2023-11-21 04:00:00
38cb2ecf-1c58-4b70-ac35-4b798f968340,62,2024-01-01 00:00:00,12,1920.0,73,230.4,192.0,cancelled,2024-03-06 00:00:00,2023-12-31 01:00:00
72d5f7d8-0a7d-442f-85a8-0dfc35a5b0d0,272,2023-12-16 00:00:00,1,119.0,115,14.28,0.0,confirmed,2024-04-25 00:00:00,2023-12-15 12:00:00
bc43c72c-3bce-40c6-a625-179dc5369ea3,399,2023-04-26 00:00:00,13,2145.0,98,257.4,0.0,confirmed,2023-06-20 00:00:00,2023-04-25 04:00:00
c694345d-076f-43b7-887e-0ea26bbddbba,411,2024-08-18 00:00:00,10,5520.0,56,662.4,0.0,confirmed,2024-12-04 00:00:00,2024-08-17 11:00:00
56dd7175-167d-40ab-996b-3a45de84ce7a,494,2024-01-19 00:00:00,7,3255.0,79,390.6,0.0,confirmed,2024-03-11 00:00:00,2024-01-18 19:00:00
a72d9de5-26b8-49f5-879d-ac74d6ae3dff,28,2023-10-21 00:00:00,13,988.0,80,118.56,0.0,confirmed,2023-11-27 00:00:00,2023-10-20 01:00:00
efd70bab-ac0a-4adf-8f6a-3a6f1a65dabb,85,2024-02-29 00:00:00,4,364.0,67,43.68,0.0,confirmed,2024-06-24 00:00:00,2024-02-28 16:00:00
536b0d73-c4f8-4429-a064-455fb5dac064,413,2023-12-29 00:00:00,4,682.0,48,81.84,0.0,confirmed,2024-01-25 00:00:00,2023-12-28 21:00:00
6722acc9-db88-4b6e-ba59-f4ef9fdac4c0,49,2023-11-06 00:00:00,1,216.0,148,25.92,0.0,confirmed,2023-12-06 00:00:00,2023-11-05 04:00:00
a3712ad1-0178-4280-9df1-3357ee49eac9,449,2024-05-16 00:00:00,8,1140.0,99,136.8,0.0,confirmed,2024-10-13 00:00:00,2024-05-15 16:00:00
23913caf-1bc1-40e1-bc07-f28cf8ffc62e,403,2023-10-20 00:00:00,13,4420.0,105,530.4,0.0,confirmed,2023-11-01 00:00:00,2023-10-19 09:00:00
0701da7b-3563-4d98-ba53-58651a6e9b46,108,2023-02-27 00:00:00,14,3906.0,54,468.72,390.6,cancelled,2023-04-09 00:00:00,2023-02-26 19:00:00
e18f4dee-f22e-4912-8f3e-f7669df6cfb9,50,2023-10-25 00:00:00,9,3858.75,96,463.05,0.0,confirmed,2023-11-06 00:00:00,2023-10-24 08:00:00
7a19e6c8-a78e-4e8a-93dd-4398561360cc,463,2023-11-15 00:00:00,10,2100.0,125,252.0,210.0,cancelled,2024-04-28 00:00:00,2023-11-14 00:00:00
9bc5cb4b-7a0b-4844-b55e-da39eccc74c7,468,2023-10-21 00:00:00,7,404.25,49,48.51,40.43,cancelled,2024-02-12 00:00:00,2023-10-20 10:00:00
73f6777c-b33b-4090-8157-33c46f53c613,123,2023-04-07 00:00:00,14,1463.0,110,175.56,0.0,confirmed,2023-05-17 00:00:00,2023-04-06 09:00:00
c8bb3aa4-9bf5-4730-ae25-9ef29d1363ee,25,2023-10-21 00:00:00,3,2220.0,72,266.4,0.0,confirmed,2023-12-15 00:00:00,2023-10-20 14:00:00
1b916d90-81e3-47b1-b62c-4b351ff4a407,489,2023-11-26 00:00:00,5,1567.5,56,188.1,0.0,confirmed,2024-03-04 00:00:00,2023-11-25 18:00:00
270169a1-7781-4fc2-be7d-0785712c5be4,245,2024-02-28 00:00:00,5,600.0,126,72.0,60.0,cancelled,2024-04-24 00:00:00,2024-02-27 18:00:00
c771bad2-9eb0-4771-b21c-bff373f8889f,422,2023-11-06 00:00:00,9,1368.0,62,164.16,0.0,confirmed,2024-02-26 00:00:00,2023-11-05 19:00:00
c599a04b-2228-482f-b835-9b457de4a124,79,2023-07-13 00:00:00,10,935.0,119,112.2,93.5,cancelled,2023-12-13 00:00:00,2023-07-12 09:00:00
8b240344-b9b5-407d-99a3-3c008aca4901,249,2024-01-01 00:00:00,9,1026.0,115,123.12,0.0,confirmed,2024-05-31 00:00:00,2023-12-31 12:00:00
a1b260eb-348a-4971-b3c9-01d1ca5f6d21,178,2023-05-27 00:00:00,4,2688.0,49,322.56,268.8,cancelled,2023-08-05 00:00:00,2023-05-26 07:00:00
2a1ee2e7-5ea8-4cfe-978d-3061d13241f7,111,2023-10-21 00:00:00,5,1445.0,93,173.4,0.0,confirmed,2023-12-17 00:00:00,2023-10-20 20:00:00
3581a639-9044-4e71-b1db-65e25b2ebd0d,385,2024-03-27 00:00:00,6,525.0,92,63.0,0.0,confirmed,2024-04-30 00:00:00,2024-03-26 04:00:00
8c4fd3ec-b421-4ce4-b633-3ff444a7816b,90,2024-05-01 00:00:00,5,900.0,52,108.0,0.0,confirmed,2024-06-07 00:00:00,2024-04-30 09:00:00
abeee443-e2f5-4905-98b3-79e0d712c442,138,2024-04-15 00:00:00,12,3960.0,139,475.2,0.0,confirmed,2024-09-11 00:00:00,2024-04-14 23:00:00
fd4b58ec-a6ac-4f72-840c-1d96ce041ca9,91,2024-06-03 00:00:00,13,750.75,126,90.09,75.08,cancelled,2024-08-24 00:00:00,2024-06-02 04:00:00
e8520613-080a-4aa6-be84-eaadb5b35f48,454,2023-11-28 00:00:00,12,726.0,134,87.12,72.6,cancelled,2024-03-17 00:00:00,2023-11-27 01:00:00
b90c0e47-a590-47a5-99d3-9410f50f70a2,251,2023-12-10 00:00:00,13,3744.0,44,449.28,374.4,cancelled,2024-05-13 00:00:00,2023-12-09 12:00:00
a7137a48-3d4a-4a17-99be-c598aa217e73,262,2024-07-28 00:00:00,11,1320.0,114,158.4,132.0,cancelled,2024-10-10 00:00:00,2024-07-27 01:00:00
8905fcaf-70f4-4f06-8011-53a4b519c5b8,207,2024-09-29 00:00:00,11,1633.5,129,196.02,0.0,confirmed,2024-11-09 00:00:00,2024-09-28 11:00:00
9cfe1089-4901-48ce-94d9-f39a2e193ef4,400,2023-04-06 00:00:00,9,940.5,104,112.86,0.0,confirmed,2023-04-24 00:00:00,2023-04-05 09:00:00
cab9c8fe-c0b2-415f-87d6-48bd8150d227,78,2023-10-30 00:00:00,10,2185.0,73,262.2,218.5,cancelled,2024-03-08 00:00:00,2023-10-29 03:00:00
f865a21c-b70e-42f8-b7ef-27e4fa23eab6,406,2023-12-14 00:00:00,6,528.0,105,63.36,52.8,cancelled,2024-02-14 00:00:00,2023-12-13 05:00:00
d53e9844-38d5-4409-ac75-ddfdb4e58237,182,2023-09-21 00:00:00,11,3520.0,102,422.4,0.0,confirmed,2024-03-11 00:00:00,2023-09-20 08:00:00
64e9dd5b-7513-423d-bc21-97c0e585545a,393,2023-07-14 00:00:00,13,6734.0,43,808.08,0.0,confirmed,2023-10-27 00:00:00,2023-07-13 23:00:00
8e1da0ba-5a70-4811-812f-c6356e5f5cac,107,2024-05-26 00:00:00,9,1485.0,41,178.2,0.0,confirmed,2024-07-08 00:00:00,2024-05-25 09:00:00
0f6c44b5-e3bc-4686-a33f-f7d11c1ca125,210,2023-04-05 00:00:00,10,1260.0,112,151.2,126.0,cancelled,2023-05-01 00:00:00,2023-04-04 16:00:00
21174f1e-2faa-42e0-b1c7-7983d8e2cd71,29,2023-11-23 00:00:00,2,585.0,74,70.2,0.0,confirmed,2024-01-02 00:00:00,2023-11-22 10:00:00
2f312cfe-b137-4d4e-a2bc-bf7c69e5ef8e,341,2023-08-05 00:00:00,12,2079.0,59,249.48,0.0,confirmed,2023-09-10 00:00:00,2023-08-04 18:00:00
2c062a85-92b7-4667-9c7f-0e95c232c0db,292,2023-11-27 00:00:00,3,297.0,141,35.64,0.0,confirmed,2024-04-07 00:00:00,2023-11-26 12:00:00
517bcb80-b8d5-449c-92eb-47964fa860ab,482,2023-06-14 00:00:00,11,888.25,96,106.59,0.0,confirmed,2023-10-01 00:00:00,2023-06-13 22:00:00
678c3535-34c2-4019-b7ad-86602f8ba543,103,2023-11-24 00:00:00,6,1170.0,76,140.4,117.0,cancelled,2024-05-15 00:00:00,2023-11-23 13:00:00
15299f96-5159-477e-ab18-ec5e5e0e7f65,81,2024-02-20 00:00:00,4,352.0,48,42.24,0.0,confirmed,2024-06-02 00:00:00,2024-02-19 07:00:00
ee4af21e-eb17-40f7-b85a-a75d3bc8e778,51,2024-05-06 00:00:00,10,4160.0,143,499.2,416.0,cancelled,2024-08-13 00:00:00,2024-05-05 18:00:00
8f7d7d36-041e-4dcf-ae8a-c1eabed7d450,463,2023-10-28 00:00:00,1,210.0,73,25.2,0.0,confirmed,2023-11-10 00:00:00,2023-10-27 06:00:00
1025a089-3155-4015-8af9-87a9c8b260ee,337,2023-11-27 00:00:00,1,90.0,49,10.8,0.0,confirmed,2023-12-17 00:00:00,2023-11-26 18:00:00
b8d8013f-10ad-4d9b-85bb-f0488ddae94a,125,2024-02-18 00:00:00,3,2430.0,60,291.6,243.0,cancelled,2024-05-30 00:00:00,2024-02-17 18:00:00
daadbb69-50a0-449b-8190-b72c178b9530,47,2024-05-22 00:00:00,5,665.0,116,79.8,0.0,confirmed,2024-07-06 00:00:00,2024-05-21 08:00:00
594a9919-63f3-4a7b-974f-8b2e4f2d88c1,334,2024-05-03 00:00:00,3,1116.0,126,133.92,0.0,confirmed,2024-06-22 00:00:00,2024-05-02 19:00:00
d3ff2357-238a-4b94-90a2-a6ce87c9c000,365,2023-02-23 00:00:00,10,1260.0,68,151.2,0.0,confirmed,2023-03-13 00:00:00,2023-02-22 21:00:00
1c8ddd7b-713c-4541-9eed-a92a3546833f,315,2024-01-18 00:00:00,14,3570.0,80,428.4,0.0,confirmed,2024-04-02 00:00:00,2024-01-17 15:00:00
bf7450d3-9636-4fcd-8cc7-727686fc6e2c,140,2024-06-04 00:00:00,8,646.0,115,77.52,0.0,confirmed,2024-08-01 00:00:00,2024-06-03 00:00:00
412f74a2-77d7-43f1-b066-a4f27527a8f6,484,2023-08-08 00:00:00,14,1078.0,63,129.36,0.0,confirmed,2023-10-03 00:00:00,2023-08-07 02:00:00
1788b080-084c-4004-9579-5a7aee01aed6,375,2024-02-03 00:00:00,6,2280.0,82,273.6,0.0,confirmed,2024-03-22 00:00:00,2024-02-02 05:00:00
99170aa1-69a9-4ed1-b9ce-4852b2c275bd,395,2023-04-30 00:00:00,7,3363.5,81,403.62,0.0,confirmed,2023-05-13 00:00:00,2023-04-29 04:00:00
bb7b7769-7d4f-4b2e-be34-b601a8aff111,138,2023-11-02 00:00:00,5,1650.0,65,198.0,0.0,confirmed,2024-01-04 00:00:00,2023-11-01 10:00:00
722ea0fc-8b67-4da9-838a-c36024fca6a3,11,2023-10-12 00:00:00,6,741.0,112,88.92,74.1,cancelled,2024-01-01 00:00:00,2023-10-11 18:00:00
c4ccb551-ca39-4a2d-87fc-da2dc929742a,197,2023-09-22 00:00:00,6,900.0,136,108.0,90.0,cancelled,2023-12-15 00:00:00,2023-09-21 11:00:00
a86270b5-4bb3-44be-b38c-09799d086ae5,257,2024-02-16 00:00:00,7,700.0,94,84.0,0.0,confirmed,2024-02-25 00:00:00,2024-02-15 10:00:00
0458f7cc-87c6-430d-82eb-e45b28b97e65,166,2023-12-14 00:00:00,7,519.75,73,62.37,51.98,cancelled,2024-05-12 00:00:00,2023-12-13 09:00:00
d0e62eee-1d1c-48ff-aac0-5c82618c9275,291,2023-09-16 00:00:00,12,5148.0,65,617.76,0.0,confirmed,2023-12-07 00:00:00,2023-09-15 18:00:00
7f5eed15-a9bd-4a45-8986-e600bd10ff51,254,2023-12-06 00:00:00,6,1710.0,125,205.2,171.0,cancelled,2024-04-03 00:00:00,2023-12-05 19:00:00
63a5c34c-1697-4745-8d93-2130c64b2272,476,2024-09-23 00:00:00,8,2176.0,61,261.12,0.0,confirmed,2024-10-19 00:00:00,2024-09-22 07:00:00
39742e52-04b4-4302-b7b7-8b83479202a8,479,2024-07-23 00:00:00,3,399.0,91,47.88,39.9,cancelled,2024-10-21 00:00:00,2024-07-22 11:00:00
a04f1550-629a-42dc-a650-7af4bbec1ad1,87,2024-09-01 00:00:00,10,880.0,143,105.6,0.0,confirmed,2024-09-14 00:00:00,2024-08-31 02:00:00
ea0655a8-833c-4c14-9917-ec8cdfd2f81b,21,2023-03-27 00:00:00,4,704.0,51,84.48,70.4,cancelled,2023-08-18 00:00:00,2023-03-26 06:00:00
9ccab742-cfe1-4207-9cfd-82f1594dc7dd,262,2024-06-17 00:00:00,14,1680.0,72,201.6,168.0,cancelled,2024-08-16 00:00:00,2024-06-16 03:00:00
ed008693-dda6-42ff-ba79-3faeb146ea29,161,2023-08-10 00:00:00,7,595.0,139,71.4,0.0,confirmed,2024-01-12 00:00:00,2023-08-09 00:00:00
c8c765c3-304d-4434-8304-e08f09cc9e6d,139,2024-03-11 00:00:00,13,1105.0,60,132.6,0.0,confirmed,2024-06-29 00:00:00,2024-03-10 15:00:00
95b9831b-d624-4f54-b06d-b908c9ad11d7,227,2023-10-03 00:00:00,13,1547.0,50,185.64,0.0,confirmed,2023-10-30 00:00:00,2023-10-02 00:00:00
db7ea571-d651-4454-b901-74e0682d31ab,142,2024-10-04 00:00:00,14,2576.0,116,309.12,0.0,confirmed,2024-11-21 00:00:00,2024-10-03 19:00:00
019b1a71-4a5c-4bb0-83f4-d61b1de4222f,107,2023-11-03 00:00:00,10,1650.0,106,198.0,0.0,confirmed,2023-12-06 00:00:00,2023-11-02 02:00:00
c0e0d2af-e2d9-4e5a-866d-07940087448f,141,2024-02-28 00:00:00,3,864.0,93,103.68,0.0,confirmed,2024-03-10 00:00:00,2024-02-27 06:00:00
71f2f95d-eaae-48c1-838e-f08ba32a71d5,228,2024-01-18 00:00:00,7,997.5,56,119.7,0.0,confirmed,2024-02-04 00:00:00,2024-01-17 13:00:00
4e700fb1-fba3-46d6-9466-e5ab871ed8e5,110,2023-06-21 00:00:00,11,1930.5,121,231.66,0.0,confirmed,2023-11-14 00:00:00,2023-06-20 00:00:00
1c5d1a4b-0dad-4680-a24c-bb8fe6e5ee48,363,2023-06-13 00:00:00,13,4290.0,64,514.8,0.0,confirmed,2023-11-12 00:00:00,2023-06-12 06:00:00
09829792-3114-460e-a08d-5982179b2861,356,2023-10-02 00:00:00,11,2904.0,114,348.48,0.0,confirmed,2023-10-29 00:00:00,2023-10-01 12:00:00
7562c876-eb92-4c0f-96b0-9c00ad37be05,39,2023-11-29 00:00:00,2,140.24,56,16.83,0.0,confirmed,2024-02-24 00:00:00,2023-11-28 00:00:00
a1364c1d-3f5f-427e-953a-a9d728a01872,437,2024-05-10 00:00:00,3,262.5,147,31.5,0.0,confirmed,2024-09-23 00:00:00,2024-05-09 01:00:00
5a54a515-e129-4d22-800a-d67582af4cc4,153,2024-02-11 00:00:00,9,594.0,128,71.28,0.0,confirmed,2024-02-26 00:00:00,2024-02-10 10:00:00
610d9f23-5db8-45d7-8d50-e097a6fd5973,391,2024-03-08 00:00:00,2,408.0,146,48.96,0.0,confirmed,2024-05-27 00:00:00,2024-03-07 00:00:00
b6c28f33-0c2e-4b80-8ea0-ce35c5f59113,199,2023-04-01 00:00:00,8,1748.0,149,209.76,174.8,cancelled,2023-07-28 00:00:00,2023-03-31 01:00:00
ec399bb0-7be1-4329-bc16-333c5d49062f,90,2023-08-12 00:00:00,14,2520.0,133,302.4,0.0,confirmed,2023-08-20 00:00:00,2023-08-11 19:00:00
168dfb6f-02f5-454e-b33e-21b9d61418e1,422,2023-03-20 00:00:00,1,152.0,123,18.24,0.0,confirmed,2023-08-05 00:00:00,2023-03-19 15:00:00
426c7121-6a61-4843-bd48-5edee4973d6a,115,2024-01-17 00:00:00,3,214.5,97,25.74,0.0,confirmed,2024-05-12 00:00:00,2024-01-16 04:00:00
9a690e9f-775a-4c5f-9b87-69632aca6b4d,172,2023-10-03 00:00:00,7,997.5,80,119.7,0.0,confirmed,2024-03-28 00:00:00,2023-10-02 16:00:00
45ce63da-d314-47d5-9ede-0d5ef1f27f80,142,2024-01-21 00:00:00,3,552.0,95,66.24,0.0,confirmed,2024-04-03 00:00:00,2024-01-20 05:00:00
59554d80-7193-4c5b-983a-226293948672,102,2024-02-17 00:00:00,9,630.0,131,75.6,0.0,confirmed,2024-04-17 00:00:00,2024-02-16 20:00:00
200b4c82-607e-4c69-9534-9dfb518fa8d2,148,2023-11-02 00:00:00,14,5659.5,125,679.14,565.95,cancelled,2024-01-24 00:00:00,2023-11-01 22:00:00
78804797-1bc9-40a9-9a8b-cfcdbf835351,498,2023-10-14 00:00:00,4,560.0,86,67.2,0.0,confirmed,2024-02-08 00:00:00,2023-10-13 13:00:00
83698045-7639-4a54-93ad-8b57b2593d2e,407,2024-07-06 00:00:00,14,2156.0,149,258.72,0.0,confirmed,2024-12-21 00:00:00,2024-07-05 07:00:00
e558b105-49f1-490f-a2bf-5369a03a6114,101,2024-05-10 00:00:00,6,2244.0,101,269.28,0.0,confirmed,2024-10-04 00:00:00,2024-05-09 04:00:00
93afc0ea-0eaa-444d-b26c-74bd0707b749,211,2024-06-01 00:00:00,13,2002.0,149,240.24,0.0,confirmed,2024-09-13 00:00:00,2024-05-31 22:00:00
1af163bb-8441-49ff-bdd2-a5c91ffa7e3e,333,2023-12-28 00:00:00,8,1056.0,103,126.72,0.0,confirmed,2024-01-15 00:00:00,2023-12-27 02:00:00
3e25700c-c3aa-4f53-a578-b61b2e7865b5,44,2023-09-12 00:00:00,10,1750.0,109,210.0,0.0,confirmed,2023-09-27 00:00:00,2023-09-11 03:00:00
4cb9588f-59b2-44a9-b707-0496b356763b,112,2023-11-15 00:00:00,3,2880.0,59,345.6,0.0,confirmed,2024-04-23 00:00:00,2023-11-14 00:00:00
907061b2-61cd-466d-90d6-3ccfebdd81c0,451,2023-08-18 00:00:00,2,759.0,85,91.08,0.0,confirmed,2024-01-18 00:00:00,2023-08-17 13:00:00
f1ead9f0-1df3-4d09-bad3-62d4a9e03564,135,2023-06-10 00:00:00,14,2688.0,54,322.56,0.0,confirmed,2023-09-27 00:00:00,2023-06-09 13:00:00
0e677c46-9883-4a18-a0c4-09fe47d68287,459,2024-03-25 00:00:00,11,4092.0,46,491.04,0.0,confirmed,2024-05-10 00:00:00,2024-03-24 13:00:00
b87d94f2-8d3f-4ef5-8b83-cc05e59a51a2,336,2023-06-09 00:00:00,10,3080.0,141,369.6,0.0,confirmed,2023-09-16 00:00:00,2023-06-08 23:00:00
28bbf0cd-55a5-4342-80d3-71d870aff381,397,2023-07-24 00:00:00,7,2576.0,80,309.12,0.0,confirmed,2023-12-03 00:00:00,2023-07-23 23:00:00
9512856b-0faf-4e09-a2ab-73b59fa0dff2,428,2024-03-23 00:00:00,14,2009.0,46,241.08,0.0,confirmed,2024-04-30 00:00:00,2024-03-22 04:00:00
2635003e-dae6-4562-80f3-e79c7542d064,271,2023-09-17 00:00:00,4,494.0,133,59.28,49.4,cancelled,2024-03-07 00:00:00,2023-09-16 21:00:00
1bbac575-2a83-4a79-902d-0efee69ffd17,171,2023-05-08 00:00:00,9,705.42,115,84.65,0.0,confirmed,2023-10-24 00:00:00,2023-05-07 01:00:00
e13adad7-f517-428a-8780-88b93293d955,307,2023-12-03 00:00:00,14,2425.5,142,291.06,0.0,confirmed,2024-03-21 00:00:00,2023-12-02 12:00:00
16b27d66-3c60-45e4-b1db-e1f7709038fa,6,2024-04-28 00:00:00,2,560.0,138,67.2,0.0,confirmed,2024-06-07 00:00:00,2024-04-27 15:00:00
c269f34d-54a6-4dc7-bd00-02f3589960bd,301,2024-04-04 00:00:00,6,1050.0,107,126.0,0.0,confirmed,2024-04-20 00:00:00,2024-04-03 04:00:00
9ade67af-f15b-477e-bd3b-9499903180d2,339,2023-12-02 00:00:00,14,2464.0,91,295.68,246.4,cancelled,2024-04-01 00:00:00,2023-12-01 03:00:00
8d918f5c-520b-4167-ad92-1252e955f352,94,2023-02-28 00:00:00,10,1680.0,48,201.6,0.0,confirmed,2023-03-05 00:00:00,2023-02-27 20:00:00
d530197a-0c55-408e-903c-bff303e4ebae,401,2023-05-14 00:00:00,5,2280.0,102,273.6,0.0,confirmed,2023-08-16 00:00:00,2023-05-13 01:00:00
20d433a5-28e6-4d0d-ba4e-70c7e9e6489a,310,2024-02-28 00:00:00,4,396.0,41,47.52,39.6,cancelled,2024-07-31 00:00:00,2024-02-27 20:00:00
6cf9633c-2329-4c64-b758-4a332e15ea3b,170,2023-07-31 00:00:00,5,1600.0,108,192.0,0.0,confirmed,2023-12-20 00:00:00,2023-07-30 21:00:00
dd01a7fa-14ec-43fa-a307-c78babf7eb16,311,2023-04-02 00:00:00,2,408.0,101,48.96,40.8,cancelled,2023-09-11 00:00:00,2023-04-01 19:00:00
8d1913f7-9357-4a61-b695-a50a96589633,147,2023-05-23 00:00:00,1,156.75,42,18.81,0.0,confirmed,2023-06-09 00:00:00,2023-05-22 15:00:00
12e371a5-844b-4055-942f-92ea298eb2bd,138,2024-03-01 00:00:00,11,3630.0,111,435.6,0.0,confirmed,2024-08-19 00:00:00,2024-02-29 13:00:00
df7fc71b-5fb3-4db9-b296-844b14b79610,326,2024-01-08 00:00:00,13,3627.0,111,435.24,0.0,confirmed,2024-04-26 00:00:00,2024-01-07 11:00:00
46174470-884c-4bca-827e-e325dc1de301,41,2023-10-12 00:00:00,12,3456.0,95,414.72,0.0,confirmed,2024-02-16 00:00:00,2023-10-11 21:00:00
dae0f7ff-c5d6-45fb-9130-269db27d4120,98,2024-03-28 00:00:00,12,2604.0,109,312.48,260.4,cancelled,2024-05-23 00:00:00,2024-03-27 06:00:00
0fff371c-31bd-4bf9-a556-2b61ad6098b7,166,2023-09-08 00:00:00,1,74.25,74,8.91,0.0,confirmed,2024-02-26 00:00:00,2023-09-07 17:00:00
660b775c-2233-4c93-b6eb-f66ea1ceb084,390,2023-02-08 00:00:00,11,2904.0,98,348.48,0.0,confirmed,2023-03-15 00:00:00,2023-02-07 10:00:00
e007ba06-0a58-4977-b2e5-060b51ac66b2,390,2023-07-07 00:00:00,7,1848.0,85,221.76,184.8,cancelled,2023-12-13 00:00:00,2023-07-06 08:00:00
170c2d06-ff82-4dbc-aad0-7dda228cd483,415,2024-05-01 00:00:00,14,2772.0,67,332.64,0.0,confirmed,2024-05-15 00:00:00,2024-04-30 12:00:00
b46d819e-fc63-45c9-8fe0-1f9fb072d821,4,2023-10-05 00:00:00,6,1386.0,59,166.32,0.0,confirmed,2024-02-24 00:00:00,2023-10-04 08:00:00
3d9de41c-62ee-4488-af23-2662afd2102a,24,2023-07-07 00:00:00,14,1764.0,147,211.68,0.0,confirmed,2023-07-26 00:00:00,2023-07-06 08:00:00
5cccc67d-f336-4e6a-96c1-f619d6e17348,26,2024-03-22 00:00:00,5,288.75,46,34.65,28.88,cancelled,2024-08-30 00:00:00,2024-03-21 14:00:00
0f08ecae-fdac-4ee6-b5ee-bbda64c2ac2f,471,2023-09-26 00:00:00,7,1995.0,105,239.4,199.5,cancelled,2024-01-01 00:00:00,2023-09-25 06:00:00
9b262300-3be7-4f1b-8624-c8ca68672b52,77,2023-07-04 00:00:00,1,192.5,141,23.1,0.0,confirmed,2023-11-05 00:00:00,2023-07-03 20:00:00
7dea18da-8df4-4641-907c-43582787d264,264,2024-04-07 00:00:00,8,1728.0,97,207.36,172.8,cancelled,2024-05-17 00:00:00,2024-04-06 10:00:00
0f08af40-922a-4e1a-b90d-4cd32fdb3b6f,332,2024-04-27 00:00:00,2,693.0,55,83.16,0.0,confirmed,2024-06-13 00:00:00,2024-04-26 13:00:00
fb386983-213d-4509-ad60-51e0ba92d924,229,2023-08-28 00:00:00,11,836.0,142,100.32,83.6,cancelled,2023-09-27 00:00:00,2023-08-27 12:00:00
abf7d50a-22cd-4e2f-a21a-ee4a581d9cfa,123,2023-10-02 00:00:00,13,1358.5,84,163.02,0.0,confirmed,2023-12-04 00:00:00,2023-10-01 23:00:00
6c98be9f-af3a-46c5-bf4f-a1a677030ae6,276,2023-11-26 00:00:00,8,4508.0,73,540.96,0.0,confirmed,2023-12-13 00:00:00,2023-11-25 22:00:00
58817295-ddb5-4c4a-865e-78293c05b940,4,2023-09-17 00:00:00,2,462.0,56,55.44,0.0,confirmed,2024-01-17 00:00:00,2023-09-16 07:00:00
d87c835a-fe1c-4ff0-a046-e87d48f2b65d,296,2024-07-26 00:00:00,2,133.0,90,15.96,0.0,confirmed,2024-08-06 00:00:00,2024-07-25 02:00:00
9933996b-afcc-4dc1-a8a5-0c820b33053a,356,2023-12-26 00:00:00,2,528.0,51,63.36,52.8,cancelled,2024-06-02 00:00:00,2023-12-25 01:00:00
2566653b-5584-4972-9bc8-87ba5a5d6c6f,40,2024-01-08 00:00:00,13,2860.0,128,343.2,286.0,cancelled,2024-06-10 00:00:00,2024-01-07 23:00:00
a3a8fba6-b749-4f5d-a8ff-b3128c18b92c,217,2024-03-07 00:00:00,1,119.0,58,14.28,11.9,cancelled,2024-06-19 00:00:00,2024-03-06 05:00:00
4b58e867-0586-4420-b8a8-6454797943bc,297,2023-11-25 00:00:00,11,1254.0,84,150.48,125.4,cancelled,2024-02-18 00:00:00,2023-11-24 22:00:00
913533c2-5867-4633-a4b4-265a5a580c1a,205,2024-01-11 00:00:00,8,462.0,106,55.44,46.2,cancelled,2024-05-24 00:00:00,2024-01-10 16:00:00
00cb8094-1dcd-4793-b567-03029cc7c3e5,57,2023-12-11 00:00:00,3,1110.0,53,133.2,0.0,confirmed,2024-02-15 00:00:00,2023-12-10 10:00:00
a57be2f0-498e-47f3-b973-b8c6adafb047,160,2024-02-15 00:00:00,2,115.5,106,13.86,11.55,cancelled,2024-08-11 00:00:00,2024-02-14 15:00:00
6524c272-8f29-41be-900a-0c310e3f0a17,306,2023-05-23 00:00:00,5,852.5,60,102.3,0.0,confirmed,2023-05-27 00:00:00,2023-05-22 17:00:00
8ac5fae3-4ff0-45c3-a217-86301cb47f5c,179,2023-10-08 00:00:00,6,637.5,102,76.5,63.75,cancelled,2024-03-30 00:00:00,2023-10-07 15:00:00
7e32c3ac-ddee-43cd-8656-19e799a2d225,274,2023-04-13 00:00:00,13,2990.0,133,358.8,299.0,cancelled,2023-09-03 00:00:00,2023-04-12 00:00:00
323005fc-fc3c-4beb-83fe-883c7366a424,289,2024-06-26 00:00:00,8,2052.0,128,246.24,205.2,cancelled,2024-10-25 00:00:00,2024-06-25 21:00:00
9f03e096-51ac-463c-b0ae-2bfdcc60739e,257,2024-02-07 00:00:00,13,1300.0,98,156.0,0.0,confirmed,2024-07-15 00:00:00,2024-02-06 23:00:00
6470dd46-959a-4a92-89a9-b53760c55572,131,2024-04-07 00:00:00,8,1155.04,56,138.6,115.5,cancelled,2024-06-15 00:00:00,2024-04-06 10:00:00
8ea937b9-1533-463f-a99d-7d3baac5915a,299,2023-10-14 00:00:00,5,275.0,56,33.0,0.0,confirmed,2024-03-09 00:00:00,2023-10-13 10:00:00
0f11b473-940d-4c6e-8131-0d865c852956,156,2024-06-10 00:00:00,13,5824.0,139,698.88,0.0,confirmed,2024-07-18 00:00:00,2024-06-09 16:00:00
02023ede-9490-46f8-ab4a-6e05d53a3877,103,2024-01-25 00:00:00,9,1755.0,132,210.6,0.0,confirmed,2024-06-27 00:00:00,2024-01-24 06:00:00
d31f8b9d-5c6b-4058-a8cf-80c7fff69ac9,446,2023-06-13 00:00:00,2,181.5,67,21.78,0.0,confirmed,2023-12-07 00:00:00,2023-06-12 23:00:00
10a9aa41-2c43-4a94-a7b4-2c757550d31c,286,2023-02-16 00:00:00,3,1782.0,145,213.84,178.2,cancelled,2023-05-01 00:00:00,2023-02-15 19:00:00
094090e2-4a3b-4cda-9962-a98b355d8e7c,334,2023-12-28 00:00:00,10,3720.0,99,446.4,372.0,cancelled,2024-05-20 00:00:00,2023-12-27 11:00:00
5a7f6392-9ecb-4744-bbd9-33e829ba91c5,150,2024-01-12 00:00:00,11,990.0,144,118.8,0.0,confirmed,2024-03-02 00:00:00,2024-01-11 02:00:00
258a52e3-8fd2-401e-a643-a9f87a3690f7,447,2024-04-30 00:00:00,6,1260.0,62,151.2,126.0,cancelled,2024-08-30 00:00:00,2024-04-29 03:00:00
3514a8ce-f8d5-4e2c-bda5-72c117727a20,121,2023-10-16 00:00:00,5,760.0,92,91.2,0.0,confirmed,2024-01-13 00:00:00,2023-10-15 22:00:00
39c04ed2-7d38-466e-92b8-a547ea315664,339,2023-07-25 00:00:00,12,2112.0,112,253.44,0.0,confirmed,2023-12-13 00:00:00,2023-07-24 13:00:00
868dc0bc-c2cf-4d5e-88c9-74e445ff1bb5,172,2024-05-02 00:00:00,2,285.0,145,34.2,0.0,confirmed,2024-06-09 00:00:00,2024-05-01 19:00:00
5f7c6967-338a-477e-8a38-875e45872301,110,2023-10-23 00:00:00,1,175.5,80,21.06,17.55,cancelled,2023-12-24 00:00:00,2023-10-22 20:00:00
7a3e7186-4294-4242-897a-7b89bf024bfd,146,2024-02-14 00:00:00,12,780.0,137,93.6,78.0,cancelled,2024-08-04 00:00:00,2024-02-13 04:00:00
8f1df114-1804-4ef2-bb5d-ef5bbf3da77c,19,2023-12-08 00:00:00,1,205.0,120,24.6,20.5,cancelled,2024-04-11 00:00:00,2023-12-07 21:00:00
10f87544-11af-4040-aa06-ddeb3ff4b608,205,2024-01-28 00:00:00,11,635.25,116,76.23,0.0,confirmed,2024-03-08 00:00:00,2024-01-27 03:00:00
b16de260-ac85-4371-b96c-ba9fef7bb46b,200,2023-11-01 00:00:00,5,1360.0,45,163.2,136.0,cancelled,2024-01-04 00:00:00,2023-10-31 23:00:00
379ae9ad-b67b-434b-8da4-823457ef4f51,246,2023-09-03 00:00:00,6,1536.0,72,184.32,0.0,confirmed,2023-10-20 00:00:00,2023-09-02 17:00:00
6a36aa94-ca9e-4984-99bb-0052fa549c11,151,2024-01-09 00:00:00,4,2380.0,108,285.6,0.0,confirmed,2024-04-07 00:00:00,2024-01-08 15:00:00
2ce6d368-9d0a-47a6-ab21-326d71fb4bc9,142,2024-07-16 00:00:00,11,2024.0,119,242.88,0.0,confirmed,2024-07-28 00:00:00,2024-07-15 13:00:00
cfb2b368-37f9-4dbc-879a-300793a40d07,305,2023-12-07 00:00:00,10,910.0,127,109.2,0.0,confirmed,2024-02-08 00:00:00,2023-12-06 16:00:00
19243f39-59cc-435e-b567-9bb4734acd4d,184,2023-08-06 00:00:00,12,1980.0,96,237.6,0.0,confirmed,2023-10-23 00:00:00,2023-08-05 18:00:00
aac9f336-06ce-4345-8a84-818ec7d1c4e6,451,2023-09-25 00:00:00,13,4933.5,133,592.02,0.0,confirmed,2024-02-26 00:00:00,2023-09-24 18:00:00
c075ee87-1ee1-43c9-b27e-e03236e37c8b,84,2024-01-02 00:00:00,7,952.0,117,114.24,0.0,confirmed,2024-02-24 00:00:00,2024-01-01 14:00:00
8c0eb4a7-7755-411f-845e-bae30abc5fba,427,2023-08-31 00:00:00,9,769.5,142,92.34,0.0,confirmed,2023-09-05 00:00:00,2023-08-30 17:00:00
d10e565d-0dbc-44b5-b383-33c19b1cbfa7,144,2024-08-19 00:00:00,14,1680.0,130,201.6,0.0,confirmed,2024-10-18 00:00:00,2024-08-18 06:00:00
c6bd1c96-b4ce-4d0d-b5eb-8926b66e91dc,94,2023-06-27 00:00:00,12,2016.0,52,241.92,201.6,cancelled,2023-09-08 00:00:00,2023-06-26 18:00:00
b0786fd9-c593-4b71-b014-026452a476b9,359,2024-06-22 00:00:00,4,672.0,139,80.64,0.0,confirmed,2024-11-18 00:00:00,2024-06-21 04:00:00
4e439b30-4738-4933-aec6-1064943d3be5,295,2023-09-18 00:00:00,6,5520.0,113,662.4,552.0,cancelled,2023-12-21 00:00:00,2023-09-17 03:00:00
5b48540e-a69f-4f08-ac74-a872252c0125,310,2024-06-15 00:00:00,3,297.0,76,35.64,0.0,confirmed,2024-08-18 00:00:00,2024-06-14 02:00:00
1ffda3f4-1063-44b6-978b-836e70c95a71,28,2023-06-12 00:00:00,9,684.0,98,82.08,0.0,confirmed,2023-08-06 00:00:00,2023-06-11 13:00:00
052a86a9-2346-4d8d-8aef-8f92a589f738,425,2024-06-14 00:00:00,9,765.0,139,91.8,0.0,confirmed,2024-10-10 00:00:00,2024-06-13 00:00:00
3f4db7c9-cf79-4193-a50c-4964f6c18ef9,87,2024-05-02 00:00:00,2,176.0,97,21.12,17.6,cancelled,2024-08-21 00:00:00,2024-05-01 03:00:00
e89da5ab-b4ed-4f38-9bce-0c9ac1505185,80,2023-11-23 00:00:00,9,1890.0,94,226.8,0.0,confirmed,2024-02-06 00:00:00,2023-11-22 09:00:00
bebfe5c9-ae3d-4e87-bffd-20b0deb9a05a,438,2024-03-08 00:00:00,3,1260.0,142,151.2,126.0,cancelled,2024-06-24 00:00:00,2024-03-07 16:00:00
65005f38-1e93-4303-b87a-f3744e65a05c,344,2024-02-15 00:00:00,8,1023.04,126,122.76,0.0,confirmed,2024-04-13 00:00:00,2024-02-14 22:00:00
75d163f7-e637-4bc0-93fd-2ba7392286fc,167,2023-12-22 00:00:00,13,1876.94,54,225.23,0.0,confirmed,2024-06-09 00:00:00,2023-12-21 08:00:00
33a33718-ad05-4b9d-9e72-e556bf7aad77,169,2024-03-11 00:00:00,5,1500.0,130,180.0,0.0,confirmed,2024-03-15 00:00:00,2024-03-10 01:00:00
4cc35da7-f6cc-46ac-9a5f-fbbecf95ce70,69,2023-11-03 00:00:00,4,990.0,69,118.8,99.0,cancelled,2024-03-03 00:00:00,2023-11-02 01:00:00
bb738458-6d4b-43e1-bdbe-647c859485be,422,2023-05-15 00:00:00,11,1672.0,90,200.64,0.0,confirmed,2023-05-22 00:00:00,2023-05-14 18:00:00
7cac40f6-5e0e-4309-bfa4-5368e72e7b3f,326,2024-02-28 00:00:00,13,3627.0,90,435.24,0.0,confirmed,2024-03-05 00:00:00,2024-02-27 13:00:00
ec0de648-7473-4a89-a0a0-cba18da78bde,297,2023-10-14 00:00:00,2,228.0,119,27.36,22.8,cancelled,2023-10-20 00:00:00,2023-10-13 21:00:00
57013f92-b032-4ab4-9326-8baeaf065907,375,2023-11-30 00:00:00,3,1140.0,118,136.8,0.0,confirmed,2024-01-24 00:00:00,2023-11-29 06:00:00
4d95a4f2-17b5-4cb3-8512-f890bd9ec710,145,2024-02-07 00:00:00,2,351.5,87,42.18,0.0,confirmed,2024-03-26 00:00:00,2024-02-06 22:00:00
caa04ef7-04db-49cc-bd71-d5516067d4df,427,2023-12-15 00:00:00,1,85.5,96,10.26,8.55,cancelled,2024-06-10 00:00:00,2023-12-14 21:00:00
ee05f902-b4a4-4f83-9e8c-dbd232fe4e39,450,2023-08-01 00:00:00,1,392.0,124,47.04,0.0,confirmed,2023-08-11 00:00:00,2023-07-31 14:00:00
22984962-255d-41a0-a930-e40bcaa532c6,253,2024-02-07 00:00:00,8,2048.0,92,245.76,0.0,confirmed,2024-05-17 00:00:00,2024-02-06 23:00:00
9e7063d8-5f64-4b6d-9de1-45ee5e21242f,78,2024-02-11 00:00:00,13,2840.5,134,340.86,0.0,confirmed,2024-03-03 00:00:00,2024-02-10 02:00:00
24779ab1-417a-470d-93cf-57733c2edaab,127,2023-10-29 00:00:00,6,600.0,71,72.0,60.0,cancelled,2024-02-29 00:00:00,2023-10-28 11:00:00
f92246aa-50db-4784-9d2d-c0eebe5793e9,240,2023-10-08 00:00:00,10,950.0,134,114.0,0.0,confirmed,2023-12-09 00:00:00,2023-10-07 03:00:00
3819ba5c-307f-4479-ad7c-b25031445681,304,2023-05-09 00:00:00,12,7200.0,109,864.0,720.0,cancelled,2023-09-10 00:00:00,2023-05-08 06:00:00
b3b9fdd1-0067-42d7-a2ba-079e3dc50585,211,2024-03-11 00:00:00,4,616.0,99,73.92,61.6,cancelled,2024-08-22 00:00:00,2024-03-10 22:00:00
c2a8215e-25c5-44c8-8d86-8a5a5f98e44d,219,2023-06-29 00:00:00,12,10800.0,46,1296.0,1080.0,cancelled,2023-12-25 00:00:00,2023-06-28 23:00:00
d6e63535-bc50-4fb2-9658-73183964b8bc,83,2024-01-03 00:00:00,4,1120.0,70,134.4,112.0,cancelled,2024-03-26 00:00:00,2024-01-02 02:00:00
f54f0e4a-fd48-428c-a7cc-b68e8c1016ab,102,2024-01-23 00:00:00,13,910.0,74,109.2,91.0,cancelled,2024-03-26 00:00:00,2024-01-22 22:00:00
d50ec768-142b-41d9-a84a-244d00667236,258,2024-06-28 00:00:00,8,896.0,111,107.52,0.0,confirmed,2024-11-21 00:00:00,2024-06-27 03:00:00
31488e33-7442-4ee9-aa85-e20abbaf1558,451,2023-11-10 00:00:00,14,5313.0,145,637.56,0.0,confirmed,2023-11-14 00:00:00,2023-11-09 14:00:00
7a02f151-1012-4376-9690-5d2f5700ac61,106,2023-12-01 00:00:00,3,242.25,60,29.07,0.0,confirmed,2024-05-10 00:00:00,2023-11-30 05:00:00
7a6c87dd-1cf6-4a0b-961a-a352dbcb1bc5,190,2023-09-30 00:00:00,13,2873.0,81,344.76,0.0,confirmed,2023-10-14 00:00:00,2023-09-29 23:00:00
075003bc-2e87-4005-b3fb-1ba3313fe191,205,2023-10-09 00:00:00,13,750.75,131,90.09,0.0,confirmed,2024-02-07 00:00:00,2023-10-08 01:00:00
de5ff6fc-2292-411e-a9b9-433f2caeb656,229,2023-10-07 00:00:00,7,532.0,128,63.84,0.0,confirmed,2024-02-10 00:00:00,2023-10-06 17:00:00
b1e2fdbb-1093-46b9-b240-c4eab6180d58,208,2023-12-09 00:00:00,4,392.0,112,47.04,39.2,cancelled,2024-03-08 00:00:00,2023-12-08 22:00:00
f75e226f-b82d-40cb-ac8e-0a8a7100e257,118,2023-07-06 00:00:00,2,462.5,115,55.5,46.25,cancelled,2023-09-18 00:00:00,2023-07-05 23:00:00
cb439068-67f2-4da8-86cb-c440223af925,421,2024-01-05 00:00:00,5,857.5,120,102.9,0.0,confirmed,2024-03-14 00:00:00,2024-01-04 03:00:00
a1a28ee0-3276-44c3-9ca9-13f4f4fc3fd1,231,2024-01-15 00:00:00,1,88.0,68,10.56,0.0,confirmed,2024-06-06 00:00:00,2024-01-14 14:00:00
89069fa8-32e6-45ec-8f49-0bda2d67fff2,64,2023-07-01 00:00:00,10,1472.5,70,176.7,0.0,confirmed,2023-10-11 00:00:00,2023-06-30 01:00:00
b0176a5a-0ef4-4264-9354-918e00018361,25,2023-10-08 00:00:00,1,740.0,116,88.8,0.0,confirmed,2024-01-15 00:00:00,2023-10-07 21:00:00
21691e1b-f80f-46f1-b606-c641d9e95d6c,481,2024-03-16 00:00:00,11,726.0,54,87.12,0.0,confirmed,2024-03-28 00:00:00,2024-03-15 04:00:00
4e5d2e07-88eb-4901-8edf-acb4f92480c6,262,2024-09-25 00:00:00,6,720.0,132,86.4,72.0,cancelled,2025-01-09 00:00:00,2024-09-24 08:00:00
0fcf832e-cfa6-44e3-a667-e025799f6cb4,397,2023-12-14 00:00:00,2,736.0,136,88.32,0.0,confirmed,2024-02-20 00:00:00,2023-12-13 05:00:00
c26e3981-b617-45a0-b64d-102539fddca3,314,2024-07-18 00:00:00,1,960.0,103,115.2,0.0,confirmed,2024-11-19 00:00:00,2024-07-17 08:00:00
cbae91d6-b9f6-4d44-827d-e0b5e72a5873,408,2023-08-12 00:00:00,5,600.0,141,72.0,0.0,confirmed,2023-09-11 00:00:00,2023-08-11 16:00:00
22e92244-c06b-47ac-b0f3-afe3fbf482c5,164,2023-04-28 00:00:00,10,3120.0,116,374.4,312.0,cancelled,2023-09-13 00:00:00,2023-04-27 09:00:00
7c6d0cf2-8152-4556-8b6e-fff380006585,233,2024-01-17 00:00:00,4,480.0,134,57.6,48.0,cancelled,2024-06-19 00:00:00,2024-01-16 23:00:00
26fb4b44-1252-46fc-a3ef-c810bf1ebd97,12,2023-03-09 00:00:00,9,1089.0,41,130.68,108.9,cancelled,2023-05-25 00:00:00,2023-03-08 07:00:00
aab9afd4-2960-475a-aaff-bbce1d56b2d2,199,2023-06-15 00:00:00,7,1529.5,113,183.54,152.95,cancelled,2023-12-03 00:00:00,2023-06-14 10:00:00
97df755c-df89-4067-aff0-59abae259963,154,2024-03-16 00:00:00,3,1212.75,69,145.53,0.0,confirmed,2024-03-26 00:00:00,2024-03-15 13:00:00
fbd8271b-b314-4e1e-b268-cf9245b931fa,244,2023-06-09 00:00:00,13,1914.25,99,229.71,191.43,cancelled,2023-07-20 00:00:00,2023-06-08 19:00:00
f85f00da-5e23-49d4-a1d8-280a4688fbc2,115,2023-09-20 00:00:00,14,1001.0,100,120.12,0.0,confirmed,2023-10-16 00:00:00,2023-09-19 00:00:00
5effd1e4-7bc6-472f-94c2-d0c84ebb3261,407,2024-04-26 00:00:00,6,924.0,124,110.88,0.0,confirmed,2024-05-02 00:00:00,2024-04-25 13:00:00
70fdb939-4f82-4dd3-8b9b-d5166e40b25d,85,2024-08-10 00:00:00,1,91.0,57,10.92,0.0,confirmed,2024-12-28 00:00:00,2024-08-09 14:00:00
5077fa9e-1601-4e03-bd63-51ba9c9ce14c,308,2024-05-19 00:00:00,10,770.0,62,92.4,77.0,cancelled,2024-09-21 00:00:00,2024-05-18 02:00:00
54190a60-5ad7-452a-9754-efdf96e9275e,13,2023-10-06 00:00:00,2,408.0,103,48.96,0.0,confirmed,2023-11-14 00:00:00,2023-10-05 15:00:00
3bb72b6c-163d-42fa-bf50-a429f09cdf08,296,2024-09-23 00:00:00,6,399.0,145,47.88,0.0,confirmed,2024-12-05 00:00:00,2024-09-22 17:00:00
dc6e62ec-0076-46fd-a37e-e096951cb01b,273,2024-04-26 00:00:00,8,1764.0,143,211.68,0.0,confirmed,2024-09-07 00:00:00,2024-04-25 02:00:00
dc87d49a-1e8a-4cce-b197-78e64cf3340b,173,2023-05-23 00:00:00,11,1254.0,93,150.48,125.4,cancelled,2023-11-16 00:00:00,2023-05-22 15:00:00
7b90f8dd-be55-4ad4-897c-3a0e7e7e6c13,159,2024-06-30 00:00:00,1,224.0,85,26.88,22.4,cancelled,2024-09-29 00:00:00,2024-06-29 01:00:00
fb100549-ff7e-48e5-a664-45c1bacbac76,420,2024-04-28 00:00:00,8,646.0,140,77.52,64.6,cancelled,2024-09-22 00:00:00,2024-04-27 20:00:00
815fd6c5-928e-41b1-8c44-af494bc110ef,430,2023-07-24 00:00:00,9,643.5,107,77.22,0.0,confirmed,2023-08-31 00:00:00,2023-07-23 23:00:00
402f3eeb-c7c1-44f7-b874-7bf87ffca5c9,299,2023-10-15 00:00:00,7,385.0,97,46.2,38.5,cancelled,2023-12-15 00:00:00,2023-10-14 23:00:00
5c1eed04-452c-42ca-b536-ffa2484793ab,69,2023-07-03 00:00:00,6,1485.0,141,178.2,148.5,cancelled,2023-12-27 00:00:00,2023-07-02 17:00:00
ce08bbe0-1b87-4b8f-95ed-8f622da6d684,105,2023-12-17 00:00:00,7,432.25,96,51.87,0.0,confirmed,2024-01-15 00:00:00,2023-12-16 18:00:00
cb2566f9-f884-40e6-84aa-82c29c577161,187,2023-08-19 00:00:00,8,1008.0,43,120.96,100.8,cancelled,2023-11-09 00:00:00,2023-08-18 06:00:00
a9421291-4987-4e77-8b60-ceeeecd03826,372,2024-06-29 00:00:00,7,1568.0,58,188.16,0.0,confirmed,2024-10-22 00:00:00,2024-06-28 06:00:00
59a306d5-b331-45af-8638-37440c26f781,103,2024-03-09 00:00:00,5,975.0,85,117.0,0.0,confirmed,2024-04-19 00:00:00,2024-03-08 01:00:00
d507275e-8a5c-4bb4-bc8d-15aab6b6fbfc,280,2023-08-23 00:00:00,10,2475.0,108,297.0,0.0,confirmed,2023-10-08 00:00:00,2023-08-22 21:00:00
03d9ae93-e8f4-4bf5-a495-fef1865274fd,194,2024-03-21 00:00:00,12,2574.0,150,308.88,257.4,cancelled,2024-05-23 00:00:00,2024-03-20 15:00:00
0c6d68e8-91cc-4eb2-8e0d-e527847a1be1,307,2023-10-13 00:00:00,8,1386.0,60,166.32,0.0,confirmed,2024-01-15 00:00:00,2023-10-12 11:00:00
33bb6726-196d-4a96-9b4a-3671af09ec8c,56,2023-11-08 00:00:00,10,4290.0,122,514.8,0.0,confirmed,2024-03-03 00:00:00,2023-11-07 23:00:00
363c8f8e-6522-4f15-b8fc-0692cf264229,279,2023-08-31 00:00:00,1,264.0,150,31.68,0.0,confirmed,2023-11-07 00:00:00,2023-08-30 16:00:00
138049ec-e9fa-4c6d-abc4-4dbb3bfe5c36,413,2024-03-20 00:00:00,12,2046.0,75,245.52,0.0,confirmed,2024-05-16 00:00:00,2024-03-19 05:00:00
b8be3bb6-33f3-4e87-ba2c-1a3456405edc,62,2024-05-17 00:00:00,1,160.0,51,19.2,16.0,cancelled,2024-06-27 00:00:00,2024-05-16 02:00:00
f4badb81-8d92-4132-868a-ed0b5a0fc415,54,2023-05-14 00:00:00,14,770.0,48,92.4,77.0,cancelled,2023-08-21 00:00:00,2023-05-13 23:00:00
a0c44c65-728a-4aaa-9f51-31194a258767,499,2024-03-10 00:00:00,1,238.0,147,28.56,0.0,confirmed,2024-04-20 00:00:00,2024-03-09 21:00:00
e868ebcb-75e2-4f37-8c5c-e236ed8ba62d,12,2023-09-21 00:00:00,2,242.0,65,29.04,24.2,cancelled,2023-12-22 00:00:00,2023-09-20 10:00:00
2a82651a-6d47-4f04-97e0-86d4154c64ad,233,2024-02-23 00:00:00,12,1440.0,145,172.8,0.0,confirmed,2024-03-28 00:00:00,2024-02-22 14:00:00
d65eb0c1-3e1e-4bd2-b357-e46410dc3bf5,353,2023-12-12 00:00:00,6,924.0,98,110.88,0.0,confirmed,2023-12-19 00:00:00,2023-12-11 14:00:00
923a2278-3971-494b-aaab-6f59a953f9e0,281,2024-06-26 00:00:00,11,4004.0,95,480.48,0.0,confirmed,2024-11-21 00:00:00,2024-06-25 03:00:00
1b04218c-acaf-4f12-b586-d1ec97256bf4,176,2024-01-09 00:00:00,13,4719.0,145,566.28,0.0,confirmed,2024-03-30 00:00:00,2024-01-08 10:00:00
ff9b8d13-5a2f-46fc-a20f-024d13ada23b,62,2023-10-20 00:00:00,11,1760.0,42,211.2,176.0,cancelled,2024-04-06 00:00:00,2023-10-19 08:00:00
f9a45588-5cbb-4dc6-832b-a17992cf473c,348,2024-02-13 00:00:00,13,3224.0,52,386.88,322.4,cancelled,2024-05-16 00:00:00,2024-02-12 02:00:00
06fdab9e-7047-4366-b898-6ec48d81d29e,120,2024-03-26 00:00:00,11,998.25,42,119.79,99.83,cancelled,2024-07-02 00:00:00,2024-03-25 15:00:00
17d28db4-bd6a-4d82-b230-e21cbe2b79cf,169,2023-08-26 00:00:00,12,3600.0,121,432.0,0.0,confirmed,2023-10-25 00:00:00,2023-08-25 14:00:00
cd6ab9d1-e031-4edf-8716-4fa76d9ba1a3,175,2024-02-28 00:00:00,7,1212.75,43,145.53,0.0,confirmed,2024-04-28 00:00:00,2024-02-27 02:00:00
1060623a-d6bb-4499-85d7-55282a8ba69f,160,2024-02-22 00:00:00,7,404.25,86,48.51,0.0,confirmed,2024-04-11 00:00:00,2024-02-21 19:00:00
2c0a3e6e-8e69-4138-b7df-19953567765b,48,2023-07-04 00:00:00,2,104.5,49,12.54,0.0,confirmed,2023-12-21 00:00:00,2023-07-03 19:00:00
e918fcfe-e863-43db-94dd-fc15301b2247,108,2023-05-08 00:00:00,7,1953.0,85,234.36,0.0,confirmed,2023-05-22 00:00:00,2023-05-07 14:00:00
fda51f8b-5a13-4cf1-b791-84aa47a67df3,290,2024-03-29 00:00:00,4,297.0,45,35.64,29.7,cancelled,2024-07-15 00:00:00,2024-03-28 05:00:00
532ad721-b445-4fa3-be95-c70fdc498381,170,2023-08-17 00:00:00,8,2560.0,82,307.2,0.0,confirmed,2023-10-02 00:00:00,2023-08-16 20:00:00
8ec472e0-c054-44c3-8e1f-912dfdc6e5ba,85,2024-04-15 00:00:00,1,91.0,55,10.92,0.0,confirmed,2024-07-14 00:00:00,2024-04-14 21:00:00
7c1efa0c-0572-4d9c-bc3d-415ebaefdb59,3,2024-03-31 00:00:00,13,3328.0,133,399.36,332.8,cancelled,2024-09-18 00:00:00,2024-03-30 11:00:00
bf595ba8-88f4-4503-9891-9cc3f9dc8122,195,2024-04-20 00:00:00,1,273.0,113,32.76,27.3,cancelled,2024-07-30 00:00:00,2024-04-19 22:00:00
1c2c6ef4-5d45-4069-88ee-a32690e43422,271,2023-02-17 00:00:00,6,741.0,59,88.92,0.0,confirmed,2023-07-23 00:00:00,2023-02-16 17:00:00
57d6d532-d5a2-4d66-bca7-957d8f1b8d38,249,2024-03-17 00:00:00,12,1368.0,132,164.16,0.0,confirmed,2024-08-31 00:00:00,2024-03-16 15:00:00
e59fce9a-f0b5-4f38-993d-033e418f129a,2,2023-12-26 00:00:00,4,858.0,119,102.96,85.8,cancelled,2024-01-03 00:00:00,2023-12-25 13:00:00
8d39a706-511e-4ad6-b63a-df147e011aa0,419,2023-10-05 00:00:00,2,286.0,121,34.32,0.0,confirmed,2024-02-16 00:00:00,2023-10-04 14:00:00
33f12e26-d4a4-4d34-90df-d3886ffe7514,235,2024-05-01 00:00:00,1,161.5,40,19.38,0.0,confirmed,2024-06-16 00:00:00,2024-04-30 10:00:00
0e6112a8-e5d6-46be-95f4-96d0acaca089,411,2024-10-02 00:00:00,2,1104.0,150,132.48,0.0,confirmed,2024-11-30 00:00:00,2024-10-01 12:00:00
0316a256-5065-4d17-9b47-05e9078858ee,376,2023-07-30 00:00:00,3,1887.0,112,226.44,0.0,confirmed,2023-08-31 00:00:00,2023-07-29 01:00:00
48280475-9399-425a-b217-ab4b24e29d77,234,2024-02-17 00:00:00,5,1500.0,48,180.0,0.0,confirmed,2024-03-12 00:00:00,2024-02-16 09:00:00
9be3cde6-6790-434f-87d0-25d4a21a947e,422,2023-04-25 00:00:00,1,152.0,98,18.24,0.0,confirmed,2023-10-13 00:00:00,2023-04-24 01:00:00
ae15da43-a565-4d9f-b9b2-0ad3fb01f8fa,27,2023-12-02 00:00:00,14,1232.0,73,147.84,0.0,confirmed,2024-04-19 00:00:00,2023-12-01 01:00:00
14111340-8a05-4b7a-9829-dffb9e46ea4e,410,2023-10-20 00:00:00,2,190.0,146,22.8,0.0,confirmed,2024-03-29 00:00:00,2023-10-19 17:00:00
a714eee3-cb64-4b72-9449-2fb38940f874,401,2023-07-06 00:00:00,14,6384.0,96,766.08,638.4,cancelled,2023-10-22 00:00:00,2023-07-05 16:00:00
02ebd285-b77e-449a-a32b-a4e1136bbba9,459,2024-05-24 00:00:00,14,5208.0,142,624.96,520.8,cancelled,2024-10-30 00:00:00,2024-05-23 15:00:00
5996c569-aa85-496d-b214-694f9c9b5768,335,2023-11-05 00:00:00,8,5600.0,122,672.0,0.0,confirmed,2023-12-15 00:00:00,2023-11-04 06:00:00
cd92a1eb-65dc-4e03-9d73-8f5c1516cc2f,124,2024-06-24 00:00:00,4,816.0,148,97.92,81.6,cancelled,2024-12-01 00:00:00,2024-06-23 08:00:00
d261b974-5257-48cd-9a13-ce9f3b00a643,41,2023-10-30 00:00:00,14,4032.0,101,483.84,0.0,confirmed,2024-01-21 00:00:00,2023-10-29 19:00:00
c41c256a-8eac-44a2-8ec9-f0e1a15b64ba,57,2024-05-27 00:00:00,5,1850.0,98,222.0,0.0,confirmed,2024-09-05 00:00:00,2024-05-26 10:00:00
d739861b-ac8b-46a1-b113-a12eaa04ac49,328,2024-05-31 00:00:00,6,660.0,145,79.2,0.0,confirmed,2024-06-03 00:00:00,2024-05-30 08:00:00
e6a4757c-2ffa-447d-b68b-bc72d90622b0,297,2023-09-14 00:00:00,2,228.0,89,27.36,0.0,confirmed,2023-12-01 00:00:00,2023-09-13 23:00:00
682f18fb-a5b2-43db-9530-c098c3870f2e,98,2023-07-05 00:00:00,1,217.0,64,26.04,0.0,confirmed,2023-07-18 00:00:00,2023-07-04 01:00:00
ce6ebbbf-b255-4dbb-a1e3-d303a0860616,166,2024-02-14 00:00:00,13,965.25,128,115.83,0.0,confirmed,2024-03-25 00:00:00,2024-02-13 12:00:00
666b8827-7415-4ff7-9fa4-a2a4d014bb74,264,2024-04-07 00:00:00,1,216.0,143,25.92,0.0,confirmed,2024-04-21 00:00:00,2024-04-06 22:00:00
0a85988d-93e9-4f4a-80c8-be8512953b82,67,2023-11-30 00:00:00,3,504.0,140,60.48,0.0,confirmed,2024-01-16 00:00:00,2023-11-29 01:00:00
a65f0212-30e7-4363-ad9f-8fe1251a735b,253,2024-01-12 00:00:00,5,1280.0,89,153.6,0.0,confirmed,2024-06-16 00:00:00,2024-01-11 19:00:00
1b6a9d94-b7fd-417d-9f13-b43a931afca2,383,2024-06-02 00:00:00,3,759.0,102,91.08,0.0,confirmed,2024-09-24 00:00:00,2024-06-01 11:00:00
debeadbc-5f09-496c-83fc-ff17e9697d1d,209,2023-06-09 00:00:00,9,1449.0,99,173.88,0.0,confirmed,2023-06-27 00:00:00,2023-06-08 18:00:00
78df0999-7ac6-4596-b443-0a2ce1868300,370,2024-02-14 00:00:00,2,181.5,59,21.78,0.0,confirmed,2024-05-29 00:00:00,2024-02-13 06:00:00
193bdf9e-db9d-45c0-9fa2-bf1f163665f1,195,2024-01-24 00:00:00,6,1638.0,109,196.56,163.8,cancelled,2024-05-02 00:00:00,2024-01-23 01:00:00
b6755f11-37e0-4867-bea9-86867d32d1bf,301,2024-07-07 00:00:00,4,700.0,96,84.0,0.0,confirmed,2024-10-04 00:00:00,2024-07-06 07:00:00
5d153769-37e9-4a40-ba91-91075a13e3c4,123,2023-03-07 00:00:00,5,522.5,102,62.7,0.0,confirmed,2023-06-25 00:00:00,2023-03-06 20:00:00
aed51bbc-0914-493e-96ab-a2419480cb59,29,2023-12-04 00:00:00,7,2047.5,120,245.7,0.0,confirmed,2024-05-16 00:00:00,2023-12-03 15:00:00
13fde835-1281-474a-883f-623e82b5b28b,245,2023-12-29 00:00:00,8,960.0,125,115.2,0.0,confirmed,2024-03-09 00:00:00,2023-12-28 04:00:00
c4c17396-39f1-4a8a-a4be-6f6d9b810373,37,2024-03-31 00:00:00,5,2100.0,82,252.0,0.0,confirmed,2024-09-06 00:00:00,2024-03-30 01:00:00
ca47b1d6-4f57-4a23-850c-6afe93c90edd,228,2024-06-14 00:00:00,1,142.5,138,17.1,0.0,confirmed,2024-08-28 00:00:00,2024-06-13 12:00:00
2c3cf766-4fc7-4b97-a249-f3d13b2cba44,66,2024-02-23 00:00:00,2,627.0,103,75.24,0.0,confirmed,2024-04-27 00:00:00,2024-02-22 14:00:00
b2e77d0a-575a-4c76-80a8-3a1f4828332b,382,2024-07-26 00:00:00,3,966.0,148,115.92,96.6,cancelled,2024-12-30 00:00:00,2024-07-25 18:00:00
795d1ee8-b3ba-4535-bd0b-e77e6ef6222d,466,2024-05-27 00:00:00,5,1092.5,142,131.1,0.0,confirmed,2024-07-27 00:00:00,2024-05-26 18:00:00
8570a739-97ec-4952-94c0-959d9ceb6749,165,2023-03-04 00:00:00,10,1400.0,101,168.0,140.0,cancelled,2023-05-23 00:00:00,2023-03-03 20:00:00
b0035ff0-e1b0-463e-b42f-a243a58f64d3,336,2023-12-28 00:00:00,11,3388.0,69,406.56,0.0,confirmed,2024-02-04 00:00:00,2023-12-27 22:00:00
51c473fe-58cb-4274-aa31-b08ab2137742,130,2023-12-15 00:00:00,5,721.9,149,86.63,0.0,confirmed,2024-01-07 00:00:00,2023-12-14 18:00:00
21b6383d-20cb-429d-8702-c02f096ea9f9,1,2024-06-09 00:00:00,11,888.25,145,106.59,0.0,confirmed,2024-11-05 00:00:00,2024-06-08 06:00:00
e78b9a02-294e-494e-bfb0-1138f40b582d,207,2024-09-01 00:00:00,9,1336.5,42,160.38,133.65,cancelled,2024-12-07 00:00:00,2024-08-31 07:00:00
299bcf92-0865-44ff-8495-443b045e2804,225,2023-07-01 00:00:00,6,1722.0,54,206.64,0.0,confirmed,2023-09-08 00:00:00,2023-06-30 16:00:00
970996df-3ea8-4c28-b4b5-da8a4d5a9d45,389,2023-10-03 00:00:00,8,2664.0,46,319.68,0.0,confirmed,2023-10-21 00:00:00,2023-10-02 02:00:00
01bda669-549c-4762-9cb6-4f1a94f699f2,9,2024-06-11 00:00:00,9,1188.0,82,142.56,118.8,cancelled,2024-06-24 00:00:00,2024-06-10 23:00:00
8dc663d9-1cb0-4b4c-91de-ce78d1512533,75,2023-04-27 00:00:00,12,1368.0,132,164.16,0.0,confirmed,2023-09-25 00:00:00,2023-04-26 03:00:00
7413cd3f-3183-4c20-8ba7-12ffa7b57ae6,424,2024-03-01 00:00:00,7,1225.0,48,147.0,0.0,confirmed,2024-07-25 00:00:00,2024-02-29 13:00:00
a24b8adf-1175-4a82-9491-c27cb09f2a86,341,2023-12-24 00:00:00,1,173.25,74,20.79,0.0,confirmed,2024-05-11 00:00:00,2023-12-23 05:00:00
efcafe38-3783-4089-ba9f-2c8a4bb113e3,312,2024-03-15 00:00:00,1,542.5,129,65.1,0.0,confirmed,2024-07-12 00:00:00,2024-03-14 17:00:00
4fd650f3-56fa-4044-8006-ca09a143fb15,264,2023-10-31 00:00:00,12,2592.0,53,311.04,0.0,confirmed,2023-11-23 00:00:00,2023-10-30 05:00:00
f07bf781-b26c-45c0-94d6-8af4a1103437,339,2024-01-30 00:00:00,14,2464.0,131,295.68,246.4,cancelled,2024-05-30 00:00:00,2024-01-29 02:00:00
eb8c1d18-0331-47f1-9b84-6641dcd78256,374,2024-04-22 00:00:00,5,467.5,105,56.1,0.0,confirmed,2024-06-12 00:00:00,2024-04-21 02:00:00
70dc4200-16e7-4122-8803-d81c9bacfebd,326,2024-07-25 00:00:00,7,1953.0,149,234.36,0.0,confirmed,2024-08-09 00:00:00,2024-07-24 09:00:00
4b3c3b59-7c5a-40e9-ac39-a6ce29adebe0,310,2024-05-15 00:00:00,14,1386.0,109,166.32,0.0,confirmed,2024-11-07 00:00:00,2024-05-14 00:00:00
4633b7aa-071d-45db-bd73-e4f75b2250c8,483,2024-04-17 00:00:00,13,3159.0,91,379.08,0.0,confirmed,2024-05-17 00:00:00,2024-04-16 15:00:00
06ef797b-1b8c-4a99-861c-4a6ef6728c05,305,2024-06-05 00:00:00,7,637.0,129,76.44,0.0,confirmed,2024-11-17 00:00:00,2024-06-04 20:00:00
080e934a-38e7-4d05-862e-17b1d95c0b5a,20,2024-06-13 00:00:00,2,506.0,95,60.72,50.6,cancelled,2024-10-17 00:00:00,2024-06-12 08:00:00
d43d77dc-6e3a-400d-823a-3986b930c2b6,298,2023-03-27 00:00:00,10,1472.5,93,176.7,0.0,confirmed,2023-04-04 00:00:00,2023-03-26 13:00:00
83ebebc7-2a16-4c96-a3b6-08817d4ac88c,444,2024-08-05 00:00:00,4,814.0,113,97.68,0.0,confirmed,2024-09-04 00:00:00,2024-08-04 10:00:00
b21d7db8-ee67-499a-b957-aa2dba26e1d0,9,2023-12-07 00:00:00,5,660.0,58,79.2,66.0,cancelled,2024-04-25 00:00:00,2023-12-06 00:00:00
0566152b-303f-4e85-bfc7-558ebad562da,448,2023-06-05 00:00:00,6,1107.0,105,132.84,0.0,confirmed,2023-07-09 00:00:00,2023-06-04 17:00:00
45bad7d4-1ffe-4f68-be6a-48e158ebf7a2,110,2023-05-16 00:00:00,5,877.5,93,105.3,87.75,cancelled,2023-09-28 00:00:00,2023-05-15 03:00:00
7f4060fb-4964-4124-94ec-5236f2b5f3ff,121,2023-11-08 00:00:00,3,456.0,127,54.72,45.6,cancelled,2024-02-28 00:00:00,2023-11-07 23:00:00
2597505e-4fe8-457e-ad6e-4c41a271bf85,288,2024-05-24 00:00:00,2,351.0,128,42.12,0.0,confirmed,2024-08-12 00:00:00,2024-05-23 10:00:00
a55395c4-bba9-4211-9226-55f121d80acb,385,2024-05-13 00:00:00,3,262.5,117,31.5,26.25,cancelled,2024-10-21 00:00:00,2024-05-12 05:00:00
93b813de-51b8-458c-8c34-b328853f5dd5,154,2024-02-07 00:00:00,11,4446.75,69,533.61,0.0,confirmed,2024-04-06 00:00:00,2024-02-06 01:00:00
06c2c022-9d8a-43b7-9892-7a5f5ed1c4d1,300,2024-06-21 00:00:00,8,5304.0,119,636.48,0.0,confirmed,2024-07-18 00:00:00,2024-06-20 21:00:00
72737833-3da3-439a-b424-08fd798512a9,317,2023-09-17 00:00:00,14,1848.0,140,221.76,0.0,confirmed,2024-03-10 00:00:00,2023-09-16 08:00:00
bd46f51a-89b9-4a5a-bec2-5bd5d03aa4c0,336,2023-08-21 00:00:00,6,1848.0,63,221.76,0.0,confirmed,2023-09-20 00:00:00,2023-08-20 02:00:00
3d9deac7-58a7-488d-a1f5-d6b907542e0b,185,2024-03-08 00:00:00,7,317.66,44,38.12,0.0,confirmed,2024-03-13 00:00:00,2024-03-07 15:00:00
3bf20c71-1ecd-472d-802c-b0d320c26993,106,2024-05-01 00:00:00,12,969.0,69,116.28,0.0,confirmed,2024-08-09 00:00:00,2024-04-30 09:00:00
b9695389-8b41-4284-8433-79110040756e,124,2024-06-10 00:00:00,9,1836.0,124,220.32,0.0,confirmed,2024-10-30 00:00:00,2024-06-09 17:00:00
0320ca59-ad8b-4c29-9379-652a80909b94,59,2024-03-14 00:00:00,10,1705.0,115,204.6,0.0,confirmed,2024-04-23 00:00:00,2024-03-13 00:00:00
3e535b7d-59f5-4523-ac93-5982170240a5,165,2023-06-25 00:00:00,14,1960.0,138,235.2,0.0,confirmed,2023-07-11 00:00:00,2023-06-24 07:00:00
05280ef4-88fc-4463-8bc9-e259543cf4aa,361,2024-02-15 00:00:00,3,480.0,123,57.6,0.0,confirmed,2024-06-14 00:00:00,2024-02-14 18:00:00
cfe89a42-f3bc-4e96-a12a-17d0c549b1ad,158,2023-08-24 00:00:00,9,1512.0,143,181.44,0.0,confirmed,2023-09-23 00:00:00,2023-08-23 17:00:00
a0121551-3ff8-435c-8fd6-eccb93e83e03,494,2023-06-14 00:00:00,1,465.0,150,55.8,46.5,cancelled,2023-11-19 00:00:00,2023-06-13 17:00:00
7caf7472-3372-4ec8-96b1-85adad5cf9f7,497,2024-04-15 00:00:00,9,1584.0,96,190.08,158.4,cancelled,2024-06-30 00:00:00,2024-04-14 10:00:00
312922eb-c066-48c5-ba8a-042336c60791,473,2023-12-05 00:00:00,14,2401.0,43,288.12,240.1,cancelled,2024-03-31 00:00:00,2023-12-04 02:00:00
c17cca55-358c-45fe-afdd-ac99811951ea,368,2024-01-07 00:00:00,3,495.0,90,59.4,0.0,confirmed,2024-02-09 00:00:00,2024-01-06 18:00:00
71d1b283-9ba3-4bbc-ac5b-1095d593f09a,202,2024-07-04 00:00:00,4,952.0,97,114.24,0.0,confirmed,2024-11-12 00:00:00,2024-07-03 20:00:00
ac83b2fc-ef15-4ef1-80bf-551c49af105a,243,2024-04-23 00:00:00,3,1701.0,86,204.12,0.0,confirmed,2024-10-16 00:00:00,2024-04-22 11:00:00
3a8d2030-737e-4800-8db1-d10c9c4199c2,189,2024-07-15 00:00:00,13,1144.0,125,137.28,114.4,cancelled,2024-10-08 00:00:00,2024-07-14 09:00:00
02dff779-5ba5-4cde-a717-5b64bcd5031f,237,2023-07-04 00:00:00,12,2223.0,45,266.76,0.0,confirmed,2023-07-27 00:00:00,2023-07-03 00:00:00
94201d2d-8dc5-4c55-843f-ef65109b5095,109,2024-01-28 00:00:00,2,200.0,73,24.0,0.0,confirmed,2024-02-25 00:00:00,2024-01-27 16:00:00
855fe679-3c56-491b-9697-e8dd2de72f74,54,2023-04-09 00:00:00,10,550.0,108,66.0,0.0,confirmed,2023-06-30 00:00:00,2023-04-08 09:00:00
c1db9b38-5141-4f07-870d-822c7b9913f2,403,2023-12-30 00:00:00,12,4080.0,141,489.6,408.0,cancelled,2024-05-05 00:00:00,2023-12-29 20:00:00
da6152a2-10d6-4b41-9036-1e3306faaf27,237,2023-07-04 00:00:00,4,741.0,63,88.92,0.0,confirmed,2023-10-05 00:00:00,2023-07-03 01:00:00
dfdbf633-b0b3-4723-bc13-029533631dea,402,2024-01-14 00:00:00,7,3808.0,46,456.96,0.0,confirmed,2024-02-05 00:00:00,2024-01-13 03:00:00
95a93975-d5b4-4370-b976-ca2f17f59b1f,145,2024-01-03 00:00:00,2,351.5,80,42.18,0.0,confirmed,2024-02-20 00:00:00,2024-01-02 06:00:00
bd494e8c-894f-4b06-97c9-9526ce5968f6,324,2024-03-08 00:00:00,8,1200.0,102,144.0,0.0,confirmed,2024-06-18 00:00:00,2024-03-07 12:00:00
3648eaba-f653-4428-b788-acf8b6a6763f,215,2023-12-17 00:00:00,6,1287.0,144,154.44,0.0,confirmed,2024-03-11 00:00:00,2023-12-16 07:00:00
c98a8788-4d8a-4a50-9093-92f3bf91c9df,197,2024-01-13 00:00:00,12,1800.0,104,216.0,180.0,cancelled,2024-01-20 00:00:00,2024-01-12 21:00:00
44af9691-ceff-4ef4-84a0-3c4104a15ada,141,2024-03-08 00:00:00,6,1728.0,115,207.36,0.0,confirmed,2024-08-03 00:00:00,2024-03-07 09:00:00
668fcf48-6116-4605-bd62-531114d07508,273,2024-02-09 00:00:00,6,1323.0,106,158.76,132.3,cancelled,2024-06-20 00:00:00,2024-02-08 05:00:00
270d9459-4b66-44ea-b675-51402f589812,266,2024-07-27 00:00:00,14,3136.0,71,376.32,313.6,cancelled,2024-07-29 00:00:00,2024-07-26 22:00:00
deaa607d-c9a5-4884-87ce-360598c9cdea,252,2024-04-06 00:00:00,1,88.0,55,10.56,0.0,confirmed,2024-06-04 00:00:00,2024-04-05 02:00:00
07539467-a572-4436-a873-eeb67c360580,406,2024-07-08 00:00:00,9,792.0,74,95.04,79.2,cancelled,2024-11-10 00:00:00,2024-07-07 03:00:00
dfbe666c-aba7-4a83-91f4-e8c3d528fe04,72,2024-02-17 00:00:00,8,2112.0,49,253.44,211.2,cancelled,2024-08-02 00:00:00,2024-02-16 10:00:00
b894a70f-eb6b-4dec-83bd-db2ae8daf7ba,156,2024-04-21 00:00:00,5,2240.0,58,268.8,0.0,confirmed,2024-05-07 00:00:00,2024-04-20 00:00:00
baf08bbc-bd3f-470f-a224-623e689daf60,263,2023-10-07 00:00:00,6,2592.0,80,311.04,259.2,cancelled,2024-03-18 00:00:00,2023-10-06 02:00:00
2dbc130b-7d53-483a-b862-64eca22f3767,455,2024-02-13 00:00:00,14,1666.0,140,199.92,166.6,cancelled,2024-07-26 00:00:00,2024-02-12 20:00:00
9abfe052-b3d9-4090-9582-c8f766a9e5e9,65,2024-02-26 00:00:00,3,280.5,68,33.66,28.05,cancelled,2024-05-01 00:00:00,2024-02-25 19:00:00
4737d021-19e4-4c5e-90b1-42f6275b9e25,414,2024-04-21 00:00:00,12,2880.0,82,345.6,0.0,confirmed,2024-05-17 00:00:00,2024-04-20 19:00:00
7da56680-f277-4c8f-9f64-33ea80bb38f4,449,2024-01-31 00:00:00,7,997.5,150,119.7,0.0,confirmed,2024-02-25 00:00:00,2024-01-30 03:00:00
75b0eb97-418b-4ba0-bada-fbce5335100e,152,2024-08-09 00:00:00,14,3059.0,137,367.08,0.0,confirmed,2024-08-22 00:00:00,2024-08-08 07:00:00
abcbb82a-2365-45a8-9f52-57281eb0f218,35,2024-02-23 00:00:00,5,1155.0,98,138.6,0.0,confirmed,2024-03-13 00:00:00,2024-02-22 02:00:00
19979da3-f952-4959-8c9e-e37a1aa02fef,62,2024-04-22 00:00:00,3,480.0,143,57.6,0.0,confirmed,2024-05-08 00:00:00,2024-04-21 09:00:00
50803ece-5943-4e65-b19a-70d1984743e3,72,2024-04-24 00:00:00,14,3696.0,74,443.52,0.0,confirmed,2024-05-22 00:00:00,2024-04-23 17:00:00
dd5b69b3-d52a-4f4a-af51-14b3e9d1f539,488,2024-04-19 00:00:00,13,1430.0,101,171.6,143.0,cancelled,2024-07-01 00:00:00,2024-04-18 19:00:00
1c6ac7b8-2c70-4b83-8b7b-5e737e28f9b7,67,2024-03-01 00:00:00,8,1344.0,101,161.28,0.0,confirmed,2024-05-01 00:00:00,2024-02-29 09:00:00
345d5838-c3d0-4905-a231-36a61a6439ad,307,2023-11-20 00:00:00,6,1039.5,46,124.74,0.0,confirmed,2024-05-13 00:00:00,2023-11-19 04:00:00
d94d80cf-010e-4faf-a2e9-d5f417ad91ac,473,2024-03-05 00:00:00,11,1886.5,134,226.38,188.65,cancelled,2024-07-29 00:00:00,2024-03-04 23:00:00
8d469795-a389-426f-be6a-e1310a64749f,51,2023-10-14 00:00:00,14,5824.0,53,698.88,582.4,cancelled,2024-01-16 00:00:00,2023-10-13 10:00:00
385dd852-930f-4961-ba71-29b15a0f452b,489,2023-12-05 00:00:00,6,1881.0,84,225.72,0.0,confirmed,2024-01-28 00:00:00,2023-12-04 23:00:00
bc469e9b-5f1e-481e-a1c2-f7b5e7dcc979,373,2023-04-03 00:00:00,11,935.0,57,112.2,0.0,confirmed,2023-04-12 00:00:00,2023-04-02 10:00:00
abbdb546-516b-44d0-a40e-7023471ccbfc,423,2024-07-12 00:00:00,13,4212.0,74,505.44,0.0,confirmed,2024-09-30 00:00:00,2024-07-11 04:00:00
4504e190-d95e-4f40-8594-4a42a0d465fc,457,2024-05-01 00:00:00,10,1495.0,138,179.4,0.0,confirmed,2024-05-29 00:00:00,2024-04-30 11:00:00
f9bc8e3e-6818-4e15-b89b-472cc76e34f7,166,2024-05-23 00:00:00,2,148.5,86,17.82,0.0,confirmed,2024-11-14 00:00:00,2024-05-22 01:00:00
7fd690a7-0fb2-438a-80a4-63d39985bfc0,8,2024-03-08 00:00:00,13,911.56,40,109.39,0.0,confirmed,2024-04-28 00:00:00,2024-03-07 01:00:00
8681c5e6-601d-44c5-aa04-5c84c20c6245,324,2024-02-03 00:00:00,14,2100.0,128,252.0,0.0,confirmed,2024-06-14 00:00:00,2024-02-02 18:00:00
b4968386-a1ef-4752-85f2-0cf20d14723f,388,2024-06-02 00:00:00,9,693.0,117,83.16,0.0,confirmed,2024-09-04 00:00:00,2024-06-01 21:00:00
5c7bc9d2-033d-49bf-aa8c-ba208db5a8ad,231,2023-09-23 00:00:00,5,440.0,48,52.8,0.0,confirmed,2024-03-14 00:00:00,2023-09-22 07:00:00
5970cbf5-3979-4921-bfdc-0fef43aed4b5,54,2023-12-05 00:00:00,2,110.0,87,13.2,0.0,confirmed,2023-12-30 00:00:00,2023-12-04 03:00:00
df292c43-465a-475e-84b2-72bdd91f6204,376,2023-08-05 00:00:00,1,629.0,138,75.48,0.0,confirmed,2023-10-05 00:00:00,2023-08-04 22:00:00
280edd11-68d6-49b5-a854-4bcd21b773ee,147,2023-08-17 00:00:00,13,2037.75,65,244.53,0.0,confirmed,2023-12-18 00:00:00,2023-08-16 18:00:00
7164f87e-314a-4cd2-a7a1-66a0b4a68e43,201,2024-06-17 00:00:00,2,181.5,132,21.78,0.0,confirmed,2024-10-27 00:00:00,2024-06-16 09:00:00
473382a0-7c22-4db8-be3b-4aa386573720,45,2023-10-07 00:00:00,3,321.75,74,38.61,0.0,confirmed,2024-03-04 00:00:00,2023-10-06 12:00:00
94143e00-243e-4eae-b284-d185afc2e062,204,2024-04-28 00:00:00,10,1852.5,117,222.3,0.0,confirmed,2024-06-14 00:00:00,2024-04-27 02:00:00
bed326e2-9a4b-41a9-9bd1-90e5562e2fea,33,2023-08-10 00:00:00,3,555.0,146,66.6,0.0,confirmed,2023-08-26 00:00:00,2023-08-09 01:00:00
0312c7cb-9a8a-40a4-a9da-cd8e377b326c,72,2024-05-25 00:00:00,8,2112.0,79,253.44,0.0,confirmed,2024-10-26 00:00:00,2024-05-24 02:00:00
c7ab6a40-162d-404d-9a9e-d6de3ea045bf,212,2024-01-13 00:00:00,7,598.5,58,71.82,59.85,cancelled,2024-01-31 00:00:00,2024-01-12 09:00:00
b3dcebea-7fff-4e99-bbeb-bfb9ceaf912f,110,2024-01-03 00:00:00,14,2457.0,55,294.84,0.0,confirmed,2024-05-09 00:00:00,2024-01-02 09:00:00
4ed4376a-5021-482d-8c12-589dfe6c00ae,380,2023-12-03 00:00:00,12,2310.0,120,277.2,0.0,confirmed,2024-02-26 00:00:00,2023-12-02 02:00:00
f1f7330d-9986-4d62-b224-b43a9f89ae7a,317,2023-12-26 00:00:00,8,1056.0,139,126.72,105.6,cancelled,2024-01-05 00:00:00,2023-12-25 03:00:00
9e3785d1-58ce-4239-84fe-8ba85608bb34,420,2024-02-10 00:00:00,6,484.5,88,58.14,0.0,confirmed,2024-07-26 00:00:00,2024-02-09 02:00:00
843d69f9-6fa7-47ce-b6a4-8d8f7caa5465,310,2024-06-16 00:00:00,14,1386.0,150,166.32,138.6,cancelled,2024-12-10 00:00:00,2024-06-15 06:00:00
535c0e17-e108-4d4a-8920-ff975b0e5001,295,2023-07-31 00:00:00,12,11040.0,59,1324.8,1104.0,cancelled,2023-10-03 00:00:00,2023-07-30 22:00:00
fc7a73fb-a03f-4f93-8f94-c7d18218b478,244,2023-05-21 00:00:00,3,441.75,110,53.01,44.18,cancelled,2023-09-16 00:00:00,2023-05-20 10:00:00
425ffd6f-726e-46a6-9faf-2f11ae89b986,107,2024-01-13 00:00:00,8,1320.0,106,158.4,132.0,cancelled,2024-05-23 00:00:00,2024-01-12 19:00:00
99d600f3-c84a-4450-9b01-b132de409108,82,2023-06-05 00:00:00,14,3059.0,150,367.08,0.0,confirmed,2023-09-02 00:00:00,2023-06-04 21:00:00
f33c3a8d-fa1f-4bec-a104-d1cbd086545d,482,2024-03-24 00:00:00,7,565.25,84,67.83,56.53,cancelled,2024-06-05 00:00:00,2024-03-23 20:00:00
c8bd63f3-5b89-47ba-a58b-429e57dd6526,178,2023-07-28 00:00:00,5,3360.0,99,403.2,0.0,confirmed,2023-12-15 00:00:00,2023-07-27 04:00:00
b5a4f466-8946-4e65-8a4c-829e0f8381a8,395,2023-10-04 00:00:00,12,5766.0,103,691.92,576.6,cancelled,2023-12-08 00:00:00,2023-10-03 04:00:00
6bf0240f-21a2-4e39-ae15-69ce963fbe49,395,2023-05-21 00:00:00,14,6727.0,119,807.24,672.7,cancelled,2023-08-02 00:00:00,2023-05-20 19:00:00
19f5d324-0b20-4055-94a0-3310edac5aef,455,2024-05-25 00:00:00,1,119.0,56,14.28,0.0,confirmed,2024-06-16 00:00:00,2024-05-24 13:00:00
2183af03-023e-4e88-893c-aed1bafb40d3,226,2023-11-22 00:00:00,4,304.0,74,36.48,0.0,confirmed,2023-12-11 00:00:00,2023-11-21 03:00:00
36f48378-e41c-4f35-ac8b-6b96b7d3c0f0,96,2024-01-07 00:00:00,2,252.0,138,30.24,25.2,cancelled,2024-03-12 00:00:00,2024-01-06 22:00:00
45a9898a-8bde-41c4-bf3a-4931730b0cad,101,2024-03-18 00:00:00,11,4114.0,114,493.68,411.4,cancelled,2024-06-09 00:00:00,2024-03-17 09:00:00
050e928e-dc42-43be-bbd1-6942a2a98489,153,2024-02-10 00:00:00,14,924.0,50,110.88,92.4,cancelled,2024-05-31 00:00:00,2024-02-09 01:00:00
68042885-8f33-429b-8dde-0c8fcf696a50,150,2023-11-11 00:00:00,11,990.0,94,118.8,99.0,cancelled,2024-02-15 00:00:00,2023-11-10 22:00:00
4029afdd-d2ec-440d-abae-6f69c0674327,333,2023-12-31 00:00:00,5,660.0,84,79.2,66.0,cancelled,2024-06-15 00:00:00,2023-12-30 04:00:00
b7257d0c-829d-41e5-b60c-3f44e63a6500,480,2024-01-12 00:00:00,12,940.56,55,112.87,0.0,confirmed,2024-02-14 00:00:00,2024-01-11 07:00:00
eb2a7eb7-16c0-4967-ac43-0c37c4213e80,23,2024-02-09 00:00:00,13,2574.0,102,308.88,0.0,confirmed,2024-02-21 00:00:00,2024-02-08 11:00:00
12e9d21c-6cd5-4310-9688-143887150e48,209,2023-05-24 00:00:00,2,322.0,131,38.64,0.0,confirmed,2023-07-09 00:00:00,2023-05-23 10:00:00
c624290b-8094-42c7-bb44-c29e92d72086,171,2023-07-16 00:00:00,9,705.42,130,84.65,0.0,confirmed,2023-08-19 00:00:00,2023-07-15 14:00:00
9b89caf7-2d4c-44dd-bbbc-6497bc57d637,36,2023-03-16 00:00:00,2,154.0,58,18.48,0.0,confirmed,2023-06-27 00:00:00,2023-03-15 06:00:00
a28db9e9-6837-4276-8fa5-26548dc1fcec,456,2023-11-09 00:00:00,1,220.0,89,26.4,22.0,cancelled,2024-04-27 00:00:00,2023-11-08 20:00:00
461d5527-8a1e-4324-a705-54620cb96c48,358,2023-12-10 00:00:00,8,2448.0,127,293.76,0.0,confirmed,2024-04-25 00:00:00,2023-12-09 06:00:00
6061b63d-f460-4dab-b298-1a8b2dabafe1,287,2023-02-03 00:00:00,3,615.0,68,73.8,0.0,confirmed,2023-02-15 00:00:00,2023-02-02 19:00:00
0e0fba56-56af-4249-8f7b-29ddae374743,162,2023-11-20 00:00:00,12,1848.0,79,221.76,0.0,confirmed,2024-02-17 00:00:00,2023-11-19 18:00:00
4a2445ba-b341-4d65-afb7-bd7e117a457d,388,2024-06-11 00:00:00,13,1001.0,45,120.12,0.0,confirmed,2024-07-23 00:00:00,2024-06-10 17:00:00
7e10d6c7-9c08-493a-8ece-ef115815da84,239,2024-05-12 00:00:00,9,4914.0,79,589.68,491.4,cancelled,2024-10-05 00:00:00,2024-05-11 10:00:00
ae571ecc-cea5-4816-90e6-70a4c64514a4,25,2024-06-22 00:00:00,11,8140.0,62,976.8,0.0,confirmed,2024-09-07 00:00:00,2024-06-21 01:00:00
9648a3ad-3ac4-43c2-915c-9944d572561d,340,2024-04-14 00:00:00,8,528.0,112,63.36,0.0,confirmed,2024-08-14 00:00:00,2024-04-13 10:00:00
db7e943b-546f-40f1-913e-e242005548f6,432,2023-09-17 00:00:00,10,1540.0,124,184.8,0.0,confirmed,2023-11-03 00:00:00,2023-09-16 22:00:00
ef3c82c7-c854-4fe4-8a46-1eaeb67f9188,48,2023-03-20 00:00:00,6,313.5,133,37.62,0.0,confirmed,2023-08-28 00:00:00,2023-03-19 00:00:00
2fb361a9-6dd2-4c10-8b6f-bcc8d3b0acc7,418,2023-10-04 00:00:00,9,2227.5,123,267.3,0.0,confirmed,2023-12-24 00:00:00,2023-10-03 18:00:00
30abf395-a53b-4ad9-8fe4-8de0959cf2ac,197,2024-02-28 00:00:00,4,600.0,41,72.0,0.0,confirmed,2024-04-23 00:00:00,2024-02-27 08:00:00
c42fcaca-9604-4863-8f29-af976ea112a2,64,2023-11-04 00:00:00,13,1914.25,52,229.71,191.43,cancelled,2024-01-30 00:00:00,2023-11-03 07:00:00
590fa35c-7210-4748-b61d-d4d5e1cb8dc9,63,2023-08-25 00:00:00,2,840.0,149,100.8,84.0,cancelled,2023-11-26 00:00:00,2023-08-24 21:00:00
d2627744-83d1-47ce-b561-951144cbbd44,40,2023-09-16 00:00:00,4,880.0,60,105.6,0.0,confirmed,2024-02-12 00:00:00,2023-09-15 14:00:00
8b5160cd-dd45-48b0-88d2-71d928db1dcc,330,2023-11-02 00:00:00,6,799.5,119,95.94,0.0,confirmed,2024-04-12 00:00:00,2023-11-01 09:00:00
bdc48fb3-5693-44f7-b588-67c40270b7c0,213,2023-05-22 00:00:00,2,857.5,105,102.9,85.75,cancelled,2023-11-07 00:00:00,2023-05-21 20:00:00
4e0bc0ab-5511-4bdb-ba1e-fc5a1fdd9aab,166,2024-02-18 00:00:00,13,965.25,127,115.83,0.0,confirmed,2024-07-28 00:00:00,2024-02-17 11:00:00
bf578883-0dcc-40b9-a010-a25cd2382520,51,2023-11-01 00:00:00,2,832.0,139,99.84,83.2,cancelled,2024-02-07 00:00:00,2023-10-31 06:00:00
d9d02169-07c6-4497-b657-ac2206ad0dee,390,2023-03-13 00:00:00,10,2640.0,101,316.8,0.0,confirmed,2023-03-16 00:00:00,2023-03-12 11:00:00
f3470496-9c12-4922-9000-f15077f98dcc,438,2023-11-04 00:00:00,2,840.0,71,100.8,0.0,confirmed,2023-12-08 00:00:00,2023-11-03 08:00:00
f3c3eebe-ef88-4cdf-9abe-a5e28d683cd8,331,2023-11-20 00:00:00,2,181.5,76,21.78,0.0,confirmed,2024-04-27 00:00:00,2023-11-19 09:00:00
50d86e10-faf1-4fb8-9efd-a0e81fa2ff2d,285,2023-10-22 00:00:00,8,532.0,43,63.84,53.2,cancelled,2024-04-01 00:00:00,2023-10-21 01:00:00
05ff0a84-957b-4040-9680-240205956e72,256,2024-06-06 00:00:00,9,2700.0,97,324.0,0.0,confirmed,2024-08-23 00:00:00,2024-06-05 16:00:00
d4011f11-2233-4e44-b201-3cfae51b5c80,66,2023-08-21 00:00:00,6,1881.0,65,225.72,0.0,confirmed,2023-12-16 00:00:00,2023-08-20 05:00:00
0786cbd4-9bea-4809-9b9b-200695989503,155,2023-03-16 00:00:00,14,1386.0,92,166.32,138.6,cancelled,2023-08-18 00:00:00,2023-03-15 05:00:00
e474a659-6a2c-4377-af9e-91d86b45486f,485,2023-03-11 00:00:00,5,831.25,86,99.75,0.0,confirmed,2023-08-09 00:00:00,2023-03-10 05:00:00
5af11a55-0d60-4dbc-b1af-555bed05f276,402,2023-12-24 00:00:00,8,4352.0,142,522.24,435.2,cancelled,2024-04-06 00:00:00,2023-12-23 06:00:00
d7916647-e246-4731-ad30-73a85ed5b896,232,2023-12-11 00:00:00,9,1368.0,71,164.16,0.0,confirmed,2024-05-26 00:00:00,2023-12-10 10:00:00
b266fa5d-8e9a-4022-b602-822ea6824682,241,2023-12-02 00:00:00,4,980.0,130,117.6,98.0,cancelled,2024-03-15 00:00:00,2023-12-01 06:00:00
bc499986-fb9b-4c0e-8da6-64274fcf8eaf,465,2023-05-07 00:00:00,12,4032.0,107,483.84,403.2,cancelled,2023-08-06 00:00:00,2023-05-06 14:00:00
6b3c2f05-0463-4700-9c4c-14202916b7e1,48,2023-05-08 00:00:00,6,313.5,52,37.62,31.35,cancelled,2023-10-30 00:00:00,2023-05-07 11:00:00
65907175-dd7b-487d-b4ca-4086ff780e60,358,2024-06-06 00:00:00,4,1224.0,67,146.88,0.0,confirmed,2024-10-07 00:00:00,2024-06-05 15:00:00
ea0cf26f-c557-45f9-b97e-74c47867d6b0,358,2023-11-01 00:00:00,6,1836.0,138,220.32,183.6,cancelled,2024-03-24 00:00:00,2023-10-31 18:00:00
0e60b34a-cf4f-4242-9ed7-57636e5da88b,498,2023-12-21 00:00:00,4,560.0,63,67.2,56.0,cancelled,2024-04-06 00:00:00,2023-12-20 05:00:00
c2de8dec-c988-490f-b971-820adb49faed,1,2023-11-30 00:00:00,11,888.25,135,106.59,88.83,cancelled,2024-03-29 00:00:00,2023-11-29 07:00:00
31db3f70-effa-4600-a239-560d96632ab6,61,2023-09-09 00:00:00,11,2541.0,83,304.92,0.0,confirmed,2024-02-29 00:00:00,2023-09-08 16:00:00
b0113372-288b-43fd-a700-b90324a457bd,18,2023-10-07 00:00:00,5,1470.0,70,176.4,0.0,confirmed,2023-11-26 00:00:00,2023-10-06 02:00:00
21b87bd3-4b5e-4edd-8de2-1082386d65c9,320,2024-02-12 00:00:00,5,2480.0,77,297.6,248.0,cancelled,2024-05-27 00:00:00,2024-02-11 10:00:00
c231d736-c72a-4c2f-aef3-3ea021ae23e1,86,2024-02-07 00:00:00,1,66.5,150,7.98,6.65,cancelled,2024-04-09 00:00:00,2024-02-06 21:00:00
7fe279ce-68f9-413c-8048-5ae9e0313c33,407,2024-07-06 00:00:00,6,924.0,102,110.88,0.0,confirmed,2024-11-07 00:00:00,2024-07-05 14:00:00
ae9dc227-08c0-43d8-923a-4be251b85ad4,334,2023-12-22 00:00:00,8,2976.0,101,357.12,0.0,confirmed,2024-05-05 00:00:00,2023-12-21 11:00:00
9135d837-0bfb-4ab9-8df2-8af3784cef6a,183,2023-11-28 00:00:00,2,231.0,143,27.72,0.0,confirmed,2023-12-08 00:00:00,2023-11-27 00:00:00
220635dc-d003-4b49-b399-b42e650032a4,238,2023-12-17 00:00:00,9,2205.0,123,264.6,0.0,confirmed,2023-12-24 00:00:00,2023-12-16 23:00:00
eb2e78ff-02c2-4050-8391-ca1632ddb734,431,2023-10-02 00:00:00,12,1200.0,106,144.0,120.0,cancelled,2023-12-15 00:00:00,2023-10-01 20:00:00
593da390-2b6f-413d-a3a1-b6139296c4e8,207,2024-03-18 00:00:00,10,1485.0,112,178.2,0.0,confirmed,2024-06-30 00:00:00,2024-03-17 04:00:00
a3c9d6fe-303e-4289-9916-e8f7f5d10727,458,2023-06-20 00:00:00,7,2394.0,73,287.28,0.0,confirmed,2023-11-28 00:00:00,2023-06-19 07:00:00
b3ee0b68-2f34-483e-ad54-d1749ae5e6d4,366,2024-02-22 00:00:00,11,1406.68,108,168.8,140.67,cancelled,2024-04-04 00:00:00,2024-02-21 04:00:00
563b7c33-27dd-4b98-8980-58f9959ff5b1,147,2023-08-31 00:00:00,8,1254.0,144,150.48,125.4,cancelled,2023-12-24 00:00:00,2023-08-30 20:00:00
7106e7c5-d67d-40d5-8c3a-b25893d0ba7d,147,2023-10-15 00:00:00,9,1410.75,132,169.29,0.0,confirmed,2023-10-24 00:00:00,2023-10-14 10:00:00
4186de7c-5dd1-4e1c-8ccc-d7970498cdb5,384,2023-08-19 00:00:00,3,1710.0,103,205.2,171.0,cancelled,2023-10-31 00:00:00,2023-08-18 01:00:00
9384e037-169b-442b-b8b3-4606cb91f87c,204,2024-01-04 00:00:00,9,1667.25,92,200.07,166.73,cancelled,2024-07-01 00:00:00,2024-01-03 03:00:00
76367f39-9610-46e6-8d3f-c2161206c407,230,2023-08-18 00:00:00,3,1620.0,116,194.4,162.0,cancelled,2023-11-19 00:00:00,2023-08-17 19:00:00
344b2809-d5cb-4938-a709-60515aedc34a,131,2023-12-03 00:00:00,7,1010.66,116,121.28,101.07,cancelled,2024-02-04 00:00:00,2023-12-02 15:00:00
3829fb07-1955-4abd-a885-136b712714f3,52,2023-10-29 00:00:00,2,209.0,126,25.08,0.0,confirmed,2024-01-22 00:00:00,2023-10-28 18:00:00
47a8f9e5-1fa9-4269-9eb7-f1d82e0918a5,348,2024-02-18 00:00:00,1,248.0,87,29.76,24.8,cancelled,2024-04-21 00:00:00,2024-02-17 07:00:00
f2491462-414a-478f-b30f-43218dd7eb11,251,2023-05-20 00:00:00,1,288.0,46,34.56,0.0,confirmed,2023-09-09 00:00:00,2023-05-19 06:00:00
02618e91-87a3-4c4b-a0f4-7e1cc995f1b9,79,2023-09-03 00:00:00,2,187.0,73,22.44,18.7,cancelled,2024-01-09 00:00:00,2023-09-02 17:00:00
430b887d-40d7-4524-9e80-062b6b336421,176,2023-09-15 00:00:00,14,5082.0,114,609.84,508.2,cancelled,2023-09-23 00:00:00,2023-09-14 22:00:00
08aea16a-18b5-4832-a5d6-60e158ea5def,133,2024-03-09 00:00:00,8,1564.0,43,187.68,0.0,confirmed,2024-06-02 00:00:00,2024-03-08 23:00:00
e4a860df-303d-4754-9878-127f07eb0289,32,2024-02-07 00:00:00,7,1568.0,99,188.16,156.8,cancelled,2024-06-19 00:00:00,2024-02-06 15:00:00
edfc410f-6263-445b-b1b5-ef0ce8b0a97a,404,2023-08-24 00:00:00,14,1190.0,120,142.8,0.0,confirmed,2024-01-06 00:00:00,2023-08-23 02:00:00
bb0d617c-2e3b-4484-af89-63bff82816c8,111,2023-10-07 00:00:00,7,2023.0,71,242.76,0.0,confirmed,2023-12-05 00:00:00,2023-10-06 23:00:00
1ced9f48-273b-4f24-ac00-17006db5e55d,313,2024-05-25 00:00:00,3,744.0,90,89.28,74.4,cancelled,2024-06-17 00:00:00,2024-05-24 14:00:00
bf8540cc-d892-48ae-acb7-3ec7def2fb1a,439,2023-12-11 00:00:00,14,1617.0,150,194.04,161.7,cancelled,2024-05-14 00:00:00,2023-12-10 17:00:00
aa169403-7c8f-4a15-8d7a-c74c78850121,244,2023-08-24 00:00:00,2,294.5,99,35.34,0.0,confirmed,2023-12-30 00:00:00,2023-08-23 01:00:00
ada01950-cf14-4aa1-b7ec-bf2f31b0e2e2,167,2024-08-14 00:00:00,9,1299.42,141,155.93,0.0,confirmed,2024-08-18 00:00:00,2024-08-13 09:00:00
acf07333-3c33-437e-98b1-7faa2291bf6a,291,2023-03-21 00:00:00,10,4290.0,126,514.8,0.0,confirmed,2023-07-27 00:00:00,2023-03-20 20:00:00
6d3b2f96-6569-46d5-a079-1c89881bd092,422,2023-10-18 00:00:00,6,912.0,99,109.44,0.0,confirmed,2023-11-29 00:00:00,2023-10-17 12:00:00
356bf500-af29-40b8-bfb9-467638c6e126,89,2023-11-21 00:00:00,1,356.5,53,42.78,0.0,confirmed,2024-03-07 00:00:00,2023-11-20 03:00:00
6b0552b6-b9be-4871-bd02-437c1b65e872,434,2023-10-03 00:00:00,10,2640.0,132,316.8,0.0,confirmed,2023-10-18 00:00:00,2023-10-02 01:00:00
ee86a916-8946-4268-a395-e96efdc63976,283,2024-04-13 00:00:00,1,270.0,131,32.4,0.0,confirmed,2024-04-26 00:00:00,2024-04-12 14:00:00
9461b321-55ff-43d7-aab5-3e8b04daf5b0,143,2024-03-12 00:00:00,5,2310.0,126,277.2,231.0,cancelled,2024-06-08 00:00:00,2024-03-11 08:00:00
dd88fe83-b556-429b-86d6-a17e25a8942a,119,2024-06-08 00:00:00,14,1120.0,116,134.4,0.0,confirmed,2024-06-21 00:00:00,2024-06-07 04:00:00
81d3095e-27c6-4e0e-9883-1121cf26018d,208,2024-01-04 00:00:00,14,1372.0,71,164.64,137.2,cancelled,2024-05-25 00:00:00,2024-01-03 00:00:00
4b434f62-4c5c-4952-8134-08fa4540f591,266,2023-10-07 00:00:00,7,1568.0,82,188.16,0.0,confirmed,2023-11-02 00:00:00,2023-10-06 17:00:00
19867c25-460a-494c-915d-a8c373f069ed,333,2024-01-02 00:00:00,10,1320.0,133,158.4,0.0,confirmed,2024-02-17 00:00:00,2024-01-01 13:00:00
97749659-761a-4bdb-82fe-3c5acabe04ab,351,2024-03-27 00:00:00,2,310.0,142,37.2,31.0,cancelled,2024-07-28 00:00:00,2024-03-26 04:00:00
c4d262d8-5890-4f52-a84e-55e130e8e2f3,251,2023-05-17 00:00:00,1,288.0,119,34.56,0.0,confirmed,2023-10-12 00:00:00,2023-05-16 08:00:00
2174adf1-4a39-4858-bd95-0c5263146a74,116,2023-12-29 00:00:00,13,5824.0,69,698.88,0.0,confirmed,2024-02-23 00:00:00,2023-12-28 07:00:00
2be66171-b132-4646-8af5-bb4e74185268,339,2024-01-05 00:00:00,14,2464.0,122,295.68,246.4,cancelled,2024-04-15 00:00:00,2024-01-04 09:00:00
a054d9c2-e945-42bb-81e9-889e6827c455,497,2024-03-27 00:00:00,9,1584.0,129,190.08,158.4,cancelled,2024-09-17 00:00:00,2024-03-26 23:00:00
914477a7-a6c3-4299-8b2a-8b455cffad01,474,2023-12-09 00:00:00,8,1080.0,47,129.6,0.0,confirmed,2024-04-24 00:00:00,2023-12-08 20:00:00
c9df841f-8563-4db5-a5d6-e5f4b243a7b5,281,2024-06-12 00:00:00,9,3276.0,105,393.12,0.0,confirmed,2024-10-10 00:00:00,2024-06-11 21:00:00
def96e1b-d79e-4c39-aa5e-92bbf82c4e2d,464,2023-10-11 00:00:00,14,2849.0,75,341.88,0.0,confirmed,2023-12-04 00:00:00,2023-10-10 06:00:00
86aa054c-bca0-4f59-93be-8ea54cd62dfc,45,2023-09-15 00:00:00,5,536.25,53,64.35,0.0,confirmed,2023-10-18 00:00:00,2023-09-14 12:00:00
83530f47-9b39-4c17-9a42-cddbf09e4fde,184,2023-08-30 00:00:00,12,1980.0,123,237.6,0.0,confirmed,2023-10-21 00:00:00,2023-08-29 02:00:00
f0ee79d6-2f65-4631-8a27-8765d6159708,278,2023-07-14 00:00:00,2,384.0,57,46.08,0.0,confirmed,2023-08-28 00:00:00,2023-07-13 08:00:00
7df1cb2a-d263-47e3-8cab-f000be5a8af2,55,2023-12-05 00:00:00,3,408.0,100,48.96,0.0,confirmed,2024-02-26 00:00:00,2023-12-04 00:00:00
a84b5ddb-48a1-48cf-80e4-0a4b8df165f3,159,2023-12-25 00:00:00,6,1344.0,102,161.28,134.4,cancelled,2024-05-20 00:00:00,2023-12-24 10:00:00
bae54bda-8a27-4f2c-978b-0b170d16f023,104,2023-03-12 00:00:00,10,760.0,127,91.2,0.0,confirmed,2023-08-10 00:00:00,2023-03-11 23:00:00
d33cf7d1-5235-44e5-88b7-484f7f1646d7,259,2024-04-21 00:00:00,2,506.0,68,60.72,0.0,confirmed,2024-05-29 00:00:00,2024-04-20 01:00:00
f9d9f4b6-d797-4381-82fe-2b2ccbfb2ccb,469,2023-08-02 00:00:00,6,2304.0,142,276.48,0.0,confirmed,2023-11-07 00:00:00,2023-08-01 11:00:00
64099538-bde6-4a16-b515-8bc9fc4f8acc,87,2023-12-21 00:00:00,14,1232.0,108,147.84,0.0,confirmed,2024-02-16 00:00:00,2023-12-20 05:00:00
6782a1b4-5621-44aa-abfc-e0f2cc92ce8b,399,2023-11-24 00:00:00,4,660.0,69,79.2,0.0,confirmed,2024-03-09 00:00:00,2023-11-23 16:00:00
359301d9-b58c-4faa-9daf-6cd15f846463,256,2024-03-08 00:00:00,7,2100.0,136,252.0,210.0,cancelled,2024-05-07 00:00:00,2024-03-07 18:00:00
f5a4987d-03ec-4f98-84d8-2b9c4eacdb13,297,2024-01-28 00:00:00,6,684.0,67,82.08,0.0,confirmed,2024-06-08 00:00:00,2024-01-27 14:00:00
488899b3-5287-4879-b1ec-d1eb50ccb2ae,129,2023-03-23 00:00:00,11,3366.0,148,403.92,336.6,cancelled,2023-08-27 00:00:00,2023-03-22 22:00:00
1e095e2d-fdb3-42b9-9bf7-aea8f844c387,363,2023-12-17 00:00:00,7,2310.0,89,277.2,231.0,cancelled,2024-01-22 00:00:00,2023-12-16 20:00:00
fde9f3ca-24e7-43c2-8582-cc39cdcc0afc,435,2023-05-31 00:00:00,13,1820.0,91,218.4,0.0,confirmed,2023-09-02 00:00:00,2023-05-30 19:00:00
31a51830-60c3-4fba-b266-84cb0cc690ce,109,2024-05-07 00:00:00,1,100.0,133,12.0,0.0,confirmed,2024-08-13 00:00:00,2024-05-06 12:00:00
cb4014b5-0a7b-40ea-9113-cb078187bc5a,260,2023-12-24 00:00:00,13,1729.0,149,207.48,172.9,cancelled,2024-05-08 00:00:00,2023-12-23 09:00:00
ec50950e-3802-4d1d-b8e1-7fa3638ce8b1,412,2024-04-18 00:00:00,8,1394.0,115,167.28,139.4,cancelled,2024-07-04 00:00:00,2024-04-17 06:00:00
00bfda5d-bd16-437f-95a7-ffd70d68ffa3,180,2023-11-27 00:00:00,9,940.5,48,112.86,0.0,confirmed,2024-01-16 00:00:00,2023-11-26 06:00:00
9d2f7bcf-1488-439b-8f3a-e18f80462fa8,274,2023-06-12 00:00:00,13,2990.0,97,358.8,0.0,confirmed,2023-09-15 00:00:00,2023-06-11 22:00:00
6c4ac65c-3c8d-4c3d-8928-19051d043ae8,262,2024-03-18 00:00:00,3,360.0,64,43.2,0.0,confirmed,2024-08-25 00:00:00,2024-03-17 05:00:00
958ed595-0d68-4bb3-9fa5-c9928f7d3f34,383,2024-05-18 00:00:00,9,2277.0,69,273.24,0.0,confirmed,2024-06-12 00:00:00,2024-05-17 08:00:00
4ecf39e3-214e-4fd1-83e6-7ddc21fb10b9,472,2023-05-07 00:00:00,13,1560.0,52,187.2,0.0,confirmed,2023-10-03 00:00:00,2023-05-06 23:00:00
a7a42f82-efa6-4d6c-9046-b65d6e5bb8d0,269,2023-11-18 00:00:00,6,1632.0,133,195.84,0.0,confirmed,2023-12-26 00:00:00,2023-11-17 23:00:00
32ff3877-a0f0-437c-ad9a-a76ced8ef75c,499,2023-05-23 00:00:00,11,2618.0,66,314.16,0.0,confirmed,2023-05-28 00:00:00,2023-05-22 12:00:00
2cb99622-81a1-44e1-8ce8-b291e79f2d83,64,2023-05-26 00:00:00,7,1030.75,40,123.69,103.08,cancelled,2023-09-12 00:00:00,2023-05-25 06:00:00
075ecd3a-6b69-438e-8ace-95096aeda3e4,105,2024-06-02 00:00:00,9,555.75,118,66.69,55.58,cancelled,2024-10-07 00:00:00,2024-06-01 23:00:00
d5f5cafd-0507-4c7c-a118-eb649cb33d7a,118,2024-01-01 00:00:00,7,1618.75,72,194.25,0.0,confirmed,2024-01-22 00:00:00,2023-12-31 20:00:00
10e046ad-ae28-4b1d-b01e-887d4f7c8a0d,494,2023-10-06 00:00:00,8,3720.0,53,446.4,0.0,confirmed,2024-03-07 00:00:00,2023-10-05 23:00:00
9f32fca2-7ede-4434-82ad-7d9351bc3c97,343,2024-02-11 00:00:00,3,338.25,77,40.59,0.0,confirmed,2024-04-02 00:00:00,2024-02-10 06:00:00
a5daad0e-22dd-4938-bd69-f4d265bafb01,82,2023-06-20 00:00:00,6,1311.0,96,157.32,131.1,cancelled,2023-12-15 00:00:00,2023-06-19 03:00:00
18dd6091-fb26-48df-ae79-e72b6762c0fc,362,2024-06-01 00:00:00,13,5460.0,78,655.2,546.0,cancelled,2024-09-06 00:00:00,2024-05-31 09:00:00
1467fdde-ce22-4e50-b42c-5dd96fc9edea,106,2024-04-29 00:00:00,2,161.5,81,19.38,0.0,confirmed,2024-08-13 00:00:00,2024-04-28 02:00:00
2057561e-3e83-40bf-936a-b73e6e565dfc,175,2023-12-26 00:00:00,2,346.5,116,41.58,0.0,confirmed,2024-06-08 00:00:00,2023-12-25 15:00:00
f0083f0d-9e1a-4eb0-82ba-357d7cc68e10,269,2023-11-19 00:00:00,3,816.0,127,97.92,81.6,cancelled,2024-03-16 00:00:00,2023-11-18 08:00:00
485f64b7-84cd-4c57-9ed9-b8609ea46c94,316,2023-11-04 00:00:00,11,2992.0,70,359.04,299.2,cancelled,2024-02-11 00:00:00,2023-11-03 20:00:00
1d2f1a59-c82e-46cd-8ddc-02953ab823a1,367,2023-02-13 00:00:00,3,1152.0,125,138.24,115.2,cancelled,2023-04-21 00:00:00,2023-02-12 14:00:00
095d2c17-5d1b-4098-9e97-8d73f082c44d,54,2023-05-30 00:00:00,5,275.0,142,33.0,27.5,cancelled,2023-08-18 00:00:00,2023-05-29 22:00:00
456be798-437f-4f50-a700-f2a0d7d6931e,73,2024-04-14 00:00:00,10,760.0,55,91.2,76.0,cancelled,2024-09-24 00:00:00,2024-04-13 07:00:00
e3feaee4-f41f-419e-8645-defb273fe270,1,2023-11-19 00:00:00,1,80.75,133,9.69,0.0,confirmed,2024-05-02 00:00:00,2023-11-18 13:00:00
31d033ec-9274-4e3c-bd6f-709bececa9b3,281,2024-05-20 00:00:00,4,1456.0,55,174.72,0.0,confirmed,2024-05-27 00:00:00,2024-05-19 07:00:00
7ded45a2-65eb-4902-9a08-f5813d53af25,467,2024-02-24 00:00:00,1,384.0,80,46.08,0.0,confirmed,2024-04-04 00:00:00,2024-02-23 17:00:00
127bcb6b-fc47-4a80-a858-ffe5854ec012,93,2023-09-01 00:00:00,13,1456.0,124,174.72,145.6,cancelled,2024-02-19 00:00:00,2023-08-31 15:00:00
b58d3b8f-1fe1-426b-9da6-aee4f8372645,165,2023-10-06 00:00:00,1,140.0,86,16.8,0.0,confirmed,2024-01-30 00:00:00,2023-10-05 04:00:00
daceb1fb-8d2d-45b0-9b37-5852b443eda3,72,2023-09-17 00:00:00,14,3696.0,96,443.52,369.6,cancelled,2024-01-21 00:00:00,2023-09-16 11:00:00
856a460d-ed08-4843-b746-3db0069e3cdd,377,2023-05-29 00:00:00,13,6483.75,42,778.05,0.0,confirmed,2023-06-11 00:00:00,2023-05-28 06:00:00
d8f65fc1-82e3-46cf-97db-c7b4bb6dfcbe,339,2024-02-02 00:00:00,7,1232.0,78,147.84,123.2,cancelled,2024-06-13 00:00:00,2024-02-01 22:00:00
adfe1a48-6890-4d4e-b9cc-03b0c2ef45a1,23,2023-11-16 00:00:00,1,198.0,69,23.76,0.0,confirmed,2023-12-05 00:00:00,2023-11-15 12:00:00
f8742679-0009-4f67-abe9-263c8f2edea7,231,2024-03-13 00:00:00,11,968.0,83,116.16,0.0,confirmed,2024-04-23 00:00:00,2024-03-12 23:00:00
a40fe5a8-2725-4287-89f4-042ddf63b799,152,2024-04-04 00:00:00,8,1748.0,142,209.76,0.0,confirmed,2024-04-26 00:00:00,2024-04-03 01:00:00
bc5faabe-e974-4115-93fd-5016dacab6b1,280,2023-12-09 00:00:00,3,742.5,81,89.1,74.25,cancelled,2024-05-01 00:00:00,2023-12-08 09:00:00
51719a05-8119-4063-8751-4d30587bfa59,90,2023-12-25 00:00:00,6,1080.0,112,129.6,0.0,confirmed,2024-04-03 00:00:00,2023-12-24 20:00:00
448396f1-d309-4ffc-af21-ef064662cd8b,137,2024-02-05 00:00:00,12,1767.0,138,212.04,0.0,confirmed,2024-03-03 00:00:00,2024-02-04 23:00:00
3f1b2322-5a38-46fe-916b-1d8767d7e88c,147,2023-03-26 00:00:00,7,1097.25,97,131.67,0.0,confirmed,2023-04-04 00:00:00,2023-03-25 04:00:00
c392037c-d2e9-4c26-9a7d-b0a1a68a34a1,416,2023-10-08 00:00:00,14,1400.0,132,168.0,0.0,confirmed,2024-01-17 00:00:00,2023-10-07 02:00:00
1d93ea79-5b40-4f7c-b721-e5cf050bf817,175,2023-12-08 00:00:00,3,519.75,140,62.37,0.0,confirmed,2024-03-05 00:00:00,2023-12-07 11:00:00
add4ac29-a585-4491-a1f4-31c72976a3f0,130,2023-11-22 00:00:00,10,1443.8,59,173.26,0.0,confirmed,2024-01-04 00:00:00,2023-11-21 17:00:00
2dcb5894-96fd-430d-aad6-fcd9a6284dd2,400,2023-10-19 00:00:00,14,1463.0,48,175.56,0.0,confirmed,2024-04-09 00:00:00,2023-10-18 18:00:00
f4a131b3-c2fe-4efc-8612-d757961d7461,459,2024-02-12 00:00:00,12,4464.0,68,535.68,0.0,confirmed,2024-02-27 00:00:00,2024-02-11 22:00:00
0642e146-4071-4d55-8e32-42757629c5f1,416,2023-06-18 00:00:00,10,1000.0,95,120.0,0.0,confirmed,2023-09-05 00:00:00,2023-06-17 20:00:00
6cbd4342-0740-42e6-b8e2-5b49b39308e6,326,2024-08-15 00:00:00,5,1395.0,69,167.4,0.0,confirmed,2024-08-18 00:00:00,2024-08-14 01:00:00
a55335e4-5958-4279-8be0-8655ec491836,228,2023-10-02 00:00:00,11,1567.5,81,188.1,156.75,cancelled,2024-01-30 00:00:00,2023-10-01 13:00:00
f2bd3022-b3b7-403b-8c63-af55ffd2d710,162,2023-06-01 00:00:00,10,1540.0,117,184.8,154.0,cancelled,2023-07-09 00:00:00,2023-05-31 16:00:00
f5bf1362-e462-4607-8d6e-bc042154d9f0,183,2024-05-20 00:00:00,11,1270.5,48,152.46,0.0,confirmed,2024-07-29 00:00:00,2024-05-19 23:00:00
299b5940-d876-4982-b871-178ee08bbe98,277,2024-01-20 00:00:00,4,640.0,86,76.8,64.0,cancelled,2024-07-05 00:00:00,2024-01-19 11:00:00
0dc8c0af-4450-481b-aa27-dbe1943e2f01,278,2023-12-17 00:00:00,12,2304.0,80,276.48,0.0,confirmed,2024-01-28 00:00:00,2023-12-16 11:00:00
a3f8b1d2-f434-4179-a135-b974ccf929ba,495,2024-02-25 00:00:00,1,133.25,43,15.99,0.0,confirmed,2024-04-28 00:00:00,2024-02-24 12:00:00
28129b23-ac3b-43fb-a0ea-56edd70e47b9,110,2024-01-05 00:00:00,1,175.5,61,21.06,0.0,confirmed,2024-03-06 00:00:00,2024-01-04 02:00:00
4cf74153-14f2-4213-b1f9-686deeca421a,187,2024-03-27 00:00:00,13,1638.0,137,196.56,0.0,confirmed,2024-07-31 00:00:00,2024-03-26 16:00:00
50f363bc-2974-4bbe-933d-703c0c8f2858,27,2023-11-27 00:00:00,4,352.0,142,42.24,35.2,cancelled,2024-03-18 00:00:00,2023-11-26 23:00:00
c541a541-dc6b-48ff-a477-a9adb49227c0,292,2023-08-18 00:00:00,9,891.0,80,106.92,0.0,confirmed,2023-09-02 00:00:00,2023-08-17 11:00:00
b704e9d4-662b-4da7-aa92-d6322c65f7f6,381,2023-10-17 00:00:00,2,1428.0,72,171.36,142.8,cancelled,2024-01-10 00:00:00,2023-10-16 12:00:00
60eaa937-8ac5-4599-9252-9522d952da08,170,2023-10-20 00:00:00,9,2880.0,65,345.6,0.0,confirmed,2024-02-28 00:00:00,2023-10-19 06:00:00
164d65a6-39c5-42f8-be80-4002937ec59b,171,2023-10-10 00:00:00,1,78.38,54,9.41,0.0,confirmed,2023-12-20 00:00:00,2023-10-09 08:00:00
f676d4f1-6ae9-4e63-8ff2-4ed924536842,22,2024-02-08 00:00:00,11,2926.0,74,351.12,0.0,confirmed,2024-07-03 00:00:00,2024-02-07 09:00:00
09944cc5-fc77-48a0-a8ca-f1a7a615b71f,244,2023-11-07 00:00:00,8,1178.0,90,141.36,0.0,confirmed,2024-03-10 00:00:00,2023-11-06 06:00:00
20703d2d-4010-4d30-b57f-9eeb28f5c994,225,2023-04-28 00:00:00,9,2583.0,84,309.96,258.3,cancelled,2023-07-27 00:00:00,2023-04-27 11:00:00
1c70d7c6-8f8e-4bee-a678-2c28616aabcc,358,2024-04-06 00:00:00,13,3978.0,146,477.36,0.0,confirmed,2024-05-05 00:00:00,2024-04-05 06:00:00
39a305f2-b0bd-4ddf-b041-959ca4f43217,395,2023-05-22 00:00:00,14,6727.0,95,807.24,0.0,confirmed,2023-07-28 00:00:00,2023-05-21 06:00:00
f1ab60f7-fe89-43b0-a27f-362b19d1ac17,128,2023-02-09 00:00:00,12,6048.0,46,725.76,0.0,confirmed,2023-07-23 00:00:00,2023-02-08 23:00:00
1f4b6eda-1706-4cba-8c5b-88b7be088bfc,404,2023-10-28 00:00:00,4,340.0,64,40.8,0.0,confirmed,2023-11-03 00:00:00,2023-10-27 18:00:00
d24f5b7a-8bf6-46a8-bebf-c43cc0cb4cd2,326,2024-01-09 00:00:00,4,1116.0,87,133.92,0.0,confirmed,2024-06-26 00:00:00,2024-01-08 05:00:00
09da1928-42c1-45fd-a975-46eaf6ea44f0,244,2023-09-01 00:00:00,2,294.5,117,35.34,0.0,confirmed,2024-02-13 00:00:00,2023-08-31 21:00:00
8edc53de-0a7a-45f7-91be-2353fe05b182,11,2024-01-28 00:00:00,8,988.0,47,118.56,0.0,confirmed,2024-03-14 00:00:00,2024-01-27 10:00:00
0b886066-7398-457c-903e-c5d22c2e9a32,425,2023-11-11 00:00:00,9,765.0,122,91.8,0.0,confirmed,2024-04-11 00:00:00,2023-11-10 17:00:00
0cb8c2ee-9bee-4de6-ac24-6136622f02c8,225,2023-08-19 00:00:00,8,2296.0,130,275.52,0.0,confirmed,2023-10-06 00:00:00,2023-08-18 15:00:00
878b5117-7343-4f26-ad76-016a648bd2bf,292,2023-11-15 00:00:00,14,1386.0,99,166.32,0.0,confirmed,2023-12-17 00:00:00,2023-11-14 15:00:00
39354362-a2a4-44fc-85d1-4a39e7f764bf,337,2024-05-09 00:00:00,13,1170.0,99,140.4,0.0,confirmed,2024-09-26 00:00:00,2024-05-08 01:00:00
057b40c9-a84b-4bd9-9546-0de9cf582849,370,2024-02-25 00:00:00,7,635.25,115,76.23,63.53,cancelled,2024-03-07 00:00:00,2024-02-24 11:00:00
6299ce4e-3832-4473-b029-bedbb2937726,389,2024-02-22 00:00:00,6,1998.0,57,239.76,0.0,confirmed,2024-06-20 00:00:00,2024-02-21 20:00:00
bf67ac81-cff4-4b18-afa2-cd4a4400f59b,239,2024-03-03 00:00:00,10,5460.0,148,655.2,0.0,confirmed,2024-03-18 00:00:00,2024-03-02 03:00:00
52456b78-17f0-457d-89fb-78c0d352ddc5,312,2024-06-11 00:00:00,5,2712.5,135,325.5,0.0,confirmed,2024-08-31 00:00:00,2024-06-10 17:00:00
89d59c64-a38e-4bbb-a619-1375bd12ec20,179,2024-05-10 00:00:00,13,1381.25,73,165.75,0.0,confirmed,2024-08-12 00:00:00,2024-05-09 19:00:00
691712b4-bab2-4e30-87c9-1dc96b09982a,75,2023-08-25 00:00:00,1,114.0,130,13.68,0.0,confirmed,2023-09-05 00:00:00,2023-08-24 05:00:00
30b9cac7-15b5-4543-8ded-bd2a5b593728,21,2023-02-04 00:00:00,9,1584.0,92,190.08,158.4,cancelled,2023-04-22 00:00:00,2023-02-03 02:00:00
e9f56409-0e22-4a26-9f72-42e0760fdcd3,241,2023-12-21 00:00:00,7,1715.0,69,205.8,0.0,confirmed,2024-03-25 00:00:00,2023-12-20 19:00:00
1ccca347-b8fc-4a92-a19b-7d68d175192b,493,2023-10-01 00:00:00,10,3080.0,68,369.6,0.0,confirmed,2024-01-15 00:00:00,2023-09-30 09:00:00
c5b25ba8-9ad0-4980-9027-1452c45156bb,233,2024-03-28 00:00:00,8,960.0,112,115.2,0.0,confirmed,2024-03-30 00:00:00,2024-03-27 21:00:00
35e9fefe-321e-4da1-b36a-057bd874e25a,164,2023-03-22 00:00:00,10,3120.0,104,374.4,0.0,confirmed,2023-08-03 00:00:00,2023-03-21 03:00:00
a7449e56-43d4-4a3a-98f1-ee137f26fafc,488,2024-01-16 00:00:00,1,110.0,41,13.2,0.0,confirmed,2024-02-06 00:00:00,2024-01-15 16:00:00
710b03b2-9ede-4900-9373-c6f11a967864,345,2023-10-26 00:00:00,6,990.0,94,118.8,0.0,confirmed,2023-11-04 00:00:00,2023-10-25 17:00:00
03e8b3f6-b00b-4cd6-892c-5df7ab2b339c,72,2023-11-16 00:00:00,7,1848.0,84,221.76,184.8,cancelled,2024-05-06 00:00:00,2023-11-15 02:00:00
f8e2d39b-ff38-40ff-ab6a-8d58912e6018,185,2023-11-27 00:00:00,5,226.9,138,27.23,0.0,confirmed,2023-11-29 00:00:00,2023-11-26 12:00:00
5d06e843-3759-4b8c-b42e-0b1df6121dc1,370,2024-03-17 00:00:00,14,1270.5,117,152.46,0.0,confirmed,2024-05-14 00:00:00,2024-03-16 14:00:00
a7726c11-ded4-4f8c-958b-1346b46a546d,16,2024-08-15 00:00:00,4,740.0,58,88.8,74.0,cancelled,2024-10-19 00:00:00,2024-08-14 13:00:00
f35d9343-31c9-49f8-8397-f2effeec2121,103,2023-12-18 00:00:00,12,2340.0,112,280.8,234.0,cancelled,2024-04-15 00:00:00,2023-12-17 03:00:00
7be73714-c31e-42b1-950b-8a61fd65a535,348,2024-01-18 00:00:00,14,3472.0,84,416.64,0.0,confirmed,2024-02-16 00:00:00,2024-01-17 17:00:00
96a48fdc-8705-4b55-a76a-4abc06183a27,245,2023-10-08 00:00:00,5,600.0,109,72.0,60.0,cancelled,2024-02-07 00:00:00,2023-10-07 08:00:00
1c4224c9-3bd8-4492-aee4-ecebc135298c,15,2024-04-23 00:00:00,11,6198.5,134,743.82,0.0,confirmed,2024-08-09 00:00:00,2024-04-22 09:00:00
12a7638d-2e91-4d98-b9ac-9e081eaf01f6,98,2023-11-07 00:00:00,10,2170.0,51,260.4,217.0,cancelled,2024-04-21 00:00:00,2023-11-06 00:00:00
d4e3708a-92e8-4b92-b61a-aa1d48b22cd5,416,2023-06-18 00:00:00,14,1400.0,96,168.0,140.0,cancelled,2023-12-11 00:00:00,2023-06-17 06:00:00
db366687-61f9-4618-b1bd-6ca804b435b7,407,2024-06-26 00:00:00,6,924.0,48,110.88,0.0,confirmed,2024-12-09 00:00:00,2024-06-25 02:00:00
8275fe05-7275-4348-8304-fe0a2e1b77f0,274,2023-07-19 00:00:00,6,1380.0,107,165.6,0.0,confirmed,2023-09-07 00:00:00,2023-07-18 05:00:00
adc744f9-c242-444c-acc0-a939fecb934c,189,2024-01-07 00:00:00,13,1144.0,75,137.28,0.0,confirmed,2024-05-07 00:00:00,2024-01-06 22:00:00
314d473b-dd7b-414b-a6e1-c7753561e5c4,279,2024-04-02 00:00:00,11,2904.0,96,348.48,0.0,confirmed,2024-05-17 00:00:00,2024-04-01 09:00:00
a54c5359-80eb-4e07-b87c-fde041b4b66e,466,2024-08-10 00:00:00,2,437.0,124,52.44,0.0,confirmed,2024-10-06 00:00:00,2024-08-09 12:00:00
3bbc7e16-c888-4cec-9b6e-4146ff41bc2c,463,2024-04-27 00:00:00,10,2100.0,85,252.0,0.0,confirmed,2024-10-01 00:00:00,2024-04-26 07:00:00
ce9518b7-921c-44d8-8fec-776373d21483,156,2024-02-18 00:00:00,4,1792.0,59,215.04,0.0,confirmed,2024-06-09 00:00:00,2024-02-17 00:00:00
79c2edc3-1ea7-44fb-83a7-e50a99031913,384,2023-09-22 00:00:00,6,3420.0,105,410.4,0.0,confirmed,2024-02-04 00:00:00,2023-09-21 16:00:00
54604ec6-4c36-4593-95ef-e92a08484944,78,2023-04-29 00:00:00,9,1966.5,134,235.98,0.0,confirmed,2023-08-16 00:00:00,2023-04-28 02:00:00
9720426f-488a-4e2f-a2fd-674521d822a0,111,2023-11-05 00:00:00,10,2890.0,59,346.8,289.0,cancelled,2024-04-02 00:00:00,2023-11-04 06:00:00
fe387fc1-fe1b-4e12-a7ba-5b68634d2f77,465,2023-06-17 00:00:00,3,1008.0,88,120.96,100.8,cancelled,2023-10-10 00:00:00,2023-06-16 05:00:00
f078494c-3f18-4830-ad75-99b046aa5257,32,2023-07-08 00:00:00,14,3136.0,74,376.32,0.0,confirmed,2023-09-25 00:00:00,2023-07-07 05:00:00
6c681a9a-d5aa-45b6-964e-b3865c15f796,446,2023-05-31 00:00:00,8,726.0,79,87.12,0.0,confirmed,2023-10-09 00:00:00,2023-05-30 21:00:00
95e315bd-cd50-4892-ad53-4a8b409b0dee,47,2024-06-14 00:00:00,1,133.0,45,15.96,0.0,confirmed,2024-07-22 00:00:00,2024-06-13 10:00:00
401ce5e2-2b54-4be1-9920-33d2a222cd06,75,2023-11-01 00:00:00,12,1368.0,47,164.16,0.0,confirmed,2023-11-22 00:00:00,2023-10-31 15:00:00
ece532e0-38a4-440e-9509-abac51858d09,257,2023-07-06 00:00:00,10,1000.0,76,120.0,0.0,confirmed,2023-08-02 00:00:00,2023-07-05 02:00:00
45c4bf33-87b7-43a2-8c2c-694e6f3a968b,335,2023-07-29 00:00:00,10,7000.0,96,840.0,0.0,confirmed,2023-08-28 00:00:00,2023-07-28 08:00:00
18e256cb-a3d8-4575-9b2d-0bf014b34c2f,396,2023-08-02 00:00:00,11,3080.0,40,369.6,0.0,confirmed,2023-08-04 00:00:00,2023-08-01 07:00:00
d4dc388f-38eb-49a7-96a3-9d78014e2e42,191,2023-11-21 00:00:00,5,1190.0,134,142.8,119.0,cancelled,2024-03-20 00:00:00,2023-11-20 11:00:00
c0616961-b1dc-456f-b354-09ac7b08282f,236,2023-12-31 00:00:00,3,199.5,56,23.94,0.0,confirmed,2024-02-05 00:00:00,2023-12-30 12:00:00
a8ad9f2d-1088-4812-9755-c0cc664af8c1,369,2023-12-27 00:00:00,3,468.0,83,56.16,0.0,confirmed,2024-02-25 00:00:00,2023-12-26 01:00:00
191363f4-4fa6-4bdc-bb3e-5cfcfb2daf2d,234,2023-06-02 00:00:00,7,2100.0,79,252.0,210.0,cancelled,2023-08-11 00:00:00,2023-06-01 12:00:00
1c9f145f-b751-4bf2-9c53-29762997f1e8,498,2024-02-04 00:00:00,12,1680.0,53,201.6,0.0,confirmed,2024-07-15 00:00:00,2024-02-03 11:00:00
911c263a-a06c-4782-9017-63c2db0328cd,384,2023-03-06 00:00:00,13,7410.0,47,889.2,0.0,confirmed,2023-03-19 00:00:00,2023-03-05 15:00:00
6f61444a-6069-45e7-9c8d-b364b3c00de2,226,2023-08-29 00:00:00,6,456.0,136,54.72,0.0,confirmed,2023-09-19 00:00:00,2023-08-28 05:00:00
2b304b24-19dc-4b5b-8545-02d36e83b66f,301,2023-10-23 00:00:00,1,175.0,105,21.0,0.0,confirmed,2023-12-06 00:00:00,2023-10-22 23:00:00
38472593-a895-4887-9dfe-e79b66158b06,493,2023-07-31 00:00:00,13,4004.0,126,480.48,0.0,confirmed,2023-12-05 00:00:00,2023-07-30 18:00:00
cadc34fb-f96a-4cff-8f25-ba463851cd1d,195,2024-03-14 00:00:00,1,273.0,57,32.76,0.0,confirmed,2024-05-04 00:00:00,2024-03-13 22:00:00
af203c22-fb3f-4e18-be30-a49daa2cc05d,425,2024-04-01 00:00:00,3,255.0,109,30.6,0.0,confirmed,2024-05-01 00:00:00,2024-03-31 01:00:00
b1b62238-41b2-485c-b633-2f216c5b66cd,353,2023-12-08 00:00:00,6,924.0,65,110.88,0.0,confirmed,2024-01-17 00:00:00,2023-12-07 17:00:00
ea506ecc-ec4e-4e83-b222-c07133f02b8e,409,2024-06-17 00:00:00,14,2002.0,64,240.24,0.0,confirmed,2024-12-06 00:00:00,2024-06-16 16:00:00
954ee663-40c6-459c-a978-d5602610926f,201,2024-08-29 00:00:00,9,816.75,81,98.01,0.0,confirmed,2025-02-24 00:00:00,2024-08-28 18:00:00
44ed53e6-1a98-4fff-acb0-67d412205737,423,2024-02-25 00:00:00,12,3888.0,141,466.56,0.0,confirmed,2024-07-26 00:00:00,2024-02-24 10:00:00
01f5cbcd-19f1-409a-813c-8f8f2b6d0be5,270,2023-07-10 00:00:00,3,969.0,70,116.28,0.0,confirmed,2023-12-30 00:00:00,2023-07-09 00:00:00
51ad7e48-0185-439b-b38f-75a1f7071210,374,2024-01-28 00:00:00,3,280.5,60,33.66,0.0,confirmed,2024-03-07 00:00:00,2024-01-27 14:00:00
43190f64-4855-44a9-85a8-94fb087742c6,105,2024-07-12 00:00:00,13,802.75,128,96.33,0.0,confirmed,2024-10-05 00:00:00,2024-07-11 21:00:00
d6357d1f-a5c0-4e89-b148-84d61160f89b,86,2024-03-22 00:00:00,7,465.5,86,55.86,46.55,cancelled,2024-08-21 00:00:00,2024-03-21 04:00:00
bb96cdf9-5c36-4f06-81dd-5169a21d38cc,472,2023-07-27 00:00:00,13,1560.0,117,187.2,156.0,cancelled,2023-12-03 00:00:00,2023-07-26 06:00:00
2f5a3fdf-7066-4d17-ab6b-6f7fc995cec5,412,2023-09-30 00:00:00,11,1916.75,81,230.01,191.68,cancelled,2024-02-04 00:00:00,2023-09-29 14:00:00
d4ea7e1d-fcc5-47b3-a442-bbaf543cb8f6,272,2023-12-14 00:00:00,10,1190.0,109,142.8,0.0,confirmed,2024-01-29 00:00:00,2023-12-13 13:00:00
9e843a0a-9218-4c8e-ac3b-d7f45561da95,240,2023-08-08 00:00:00,4,380.0,78,45.6,0.0,confirmed,2023-09-30 00:00:00,2023-08-07 14:00:00
430bda13-eb0f-4d0a-847b-6575cb691f4b,371,2024-03-06 00:00:00,7,1120.0,98,134.4,112.0,cancelled,2024-05-26 00:00:00,2024-03-05 18:00:00
78cb3326-72d4-4a46-982a-dadbad6941fe,25,2024-02-08 00:00:00,1,740.0,77,88.8,0.0,confirmed,2024-08-05 00:00:00,2024-02-07 10:00:00
67141c62-19ac-469f-9f2e-1ac5c33d30ec,426,2023-04-21 00:00:00,10,6300.0,77,756.0,630.0,cancelled,2023-08-24 00:00:00,2023-04-20 11:00:00
31f72693-6466-4a9d-a937-89997e534e37,124,2024-05-16 00:00:00,9,1836.0,145,220.32,0.0,confirmed,2024-09-13 00:00:00,2024-05-15 06:00:00
6f0278e8-a763-4de6-a07f-953359d22080,292,2023-03-17 00:00:00,5,495.0,62,59.4,0.0,confirmed,2023-03-26 00:00:00,2023-03-16 23:00:00
e277fb80-957e-49a2-af9e-3c0646c82de0,329,2023-09-09 00:00:00,9,1224.0,78,146.88,122.4,cancelled,2023-12-04 00:00:00,2023-09-08 05:00:00
485e1218-8b90-4580-99fd-f8d1628a6496,351,2024-08-29 00:00:00,5,775.0,52,93.0,0.0,confirmed,2025-01-06 00:00:00,2024-08-28 23:00:00
7e34f905-76a8-484e-9d72-fa5313353b07,420,2024-01-08 00:00:00,14,1130.5,120,135.66,0.0,confirmed,2024-01-17 00:00:00,2024-01-07 10:00:00
b69467f3-095d-46d5-9629-ccf24bd9d8ac,103,2024-01-27 00:00:00,1,195.0,56,23.4,0.0,confirmed,2024-07-03 00:00:00,2024-01-26 05:00:00
f21b5e13-7293-4e4d-9864-926fe501e97c,321,2023-08-04 00:00:00,9,2511.0,147,301.32,251.1,cancelled,2023-11-09 00:00:00,2023-08-03 23:00:00
d66db24b-32be-4c53-8aba-44443d81c85a,217,2024-04-02 00:00:00,13,1547.0,125,185.64,154.7,cancelled,2024-07-14 00:00:00,2024-04-01 20:00:00
459f276f-33f3-41ec-91b4-30f6d873dc1c,273,2024-01-30 00:00:00,3,661.5,47,79.38,0.0,confirmed,2024-02-05 00:00:00,2024-01-29 13:00:00
4fe0709e-015b-4337-a2ba-211337661436,272,2024-03-01 00:00:00,9,1071.0,145,128.52,0.0,confirmed,2024-05-27 00:00:00,2024-02-29 22:00:00
52c291b1-e0ad-4dad-87f3-1f9338a66ba1,479,2024-03-14 00:00:00,2,266.0,125,31.92,26.6,cancelled,2024-09-06 00:00:00,2024-03-13 23:00:00
07f00942-c856-4d2b-b643-3953717585bb,147,2023-10-12 00:00:00,4,627.0,146,75.24,0.0,confirmed,2023-11-16 00:00:00,2023-10-11 04:00:00
9935a8fc-8c3b-44d1-8744-92e980fe5a01,105,2023-11-20 00:00:00,3,185.25,131,22.23,0.0,confirmed,2024-01-15 00:00:00,2023-11-19 00:00:00
10e7c574-3289-4b98-84d5-82cf760c48eb,341,2023-10-26 00:00:00,10,1732.5,103,207.9,173.25,cancelled,2024-02-23 00:00:00,2023-10-25 03:00:00
8c20bbf2-0869-41b7-a279-fa450c7d16b5,29,2023-09-02 00:00:00,2,585.0,70,70.2,0.0,confirmed,2024-02-21 00:00:00,2023-09-01 09:00:00
e2001d1f-a41e-4b86-816c-03fd9ac4ae73,58,2023-11-10 00:00:00,10,4287.5,105,514.5,0.0,confirmed,2024-04-17 00:00:00,2023-11-09 18:00:00
d895efc0-782d-4b8a-b253-0846422f6792,174,2023-07-08 00:00:00,4,1140.0,67,136.8,0.0,confirmed,2023-10-31 00:00:00,2023-07-07 13:00:00
b648a9a6-eb21-49fa-a321-2a3203357fd2,141,2023-11-05 00:00:00,9,2592.0,73,311.04,0.0,confirmed,2024-03-30 00:00:00,2023-11-04 18:00:00
b6ab9601-60b1-4d83-bed6-cb54309a08b6,147,2023-01-27 00:00:00,8,1254.0,98,150.48,0.0,confirmed,2023-02-23 00:00:00,2023-01-26 20:00:00
8b9eacc6-1452-4b60-9849-15c64dfdf2d2,272,2024-01-02 00:00:00,7,833.0,48,99.96,0.0,confirmed,2024-05-18 00:00:00,2024-01-01 06:00:00
fb729dba-11f4-44be-a8b1-8828c1f7cc91,45,2023-04-24 00:00:00,3,321.75,79,38.61,0.0,confirmed,2023-06-11 00:00:00,2023-04-23 17:00:00
faf02ece-6d92-4f6d-beb1-96569bf100b6,173,2024-03-01 00:00:00,1,114.0,88,13.68,11.4,cancelled,2024-06-23 00:00:00,2024-02-29 11:00:00
bb3aa11a-b921-4964-9d97-750c77b2b537,116,2024-04-10 00:00:00,2,896.0,129,107.52,89.6,cancelled,2024-06-26 00:00:00,2024-04-09 01:00:00
03564e41-da6d-49fb-85a9-5ca5afeaf674,223,2023-10-01 00:00:00,14,2464.0,84,295.68,0.0,confirmed,2023-12-13 00:00:00,2023-09-30 19:00:00
ba59b350-3dd8-4f08-81cb-a6b30be1c229,271,2023-05-17 00:00:00,1,123.5,117,14.82,12.35,cancelled,2023-08-15 00:00:00,2023-05-16 08:00:00
440d264a-149f-4cc0-be9c-0f758ef00da3,193,2024-04-21 00:00:00,6,3150.0,103,378.0,0.0,confirmed,2024-06-07 00:00:00,2024-04-20 07:00:00
f756994c-1705-45e0-bfd3-89684a36dc44,484,2023-12-25 00:00:00,7,539.0,131,64.68,0.0,confirmed,2024-01-28 00:00:00,2023-12-24 21:00:00
26f2e05e-8c64-4614-b56f-25c3b115ebd3,402,2023-07-03 00:00:00,10,5440.0,71,652.8,0.0,confirmed,2023-07-05 00:00:00,2023-07-02 21:00:00
b7041186-2c3b-48e6-8b52-bd330979dc38,141,2023-08-23 00:00:00,6,1728.0,46,207.36,0.0,confirmed,2024-01-18 00:00:00,2023-08-22 15:00:00
4fa5008f-de0f-4535-a602-493d5036576c,404,2024-05-10 00:00:00,4,340.0,133,40.8,0.0,confirmed,2024-06-11 00:00:00,2024-05-09 01:00:00
83e8b160-38ec-47c0-983c-3bcc66709249,172,2024-03-02 00:00:00,11,1567.5,148,188.1,0.0,confirmed,2024-07-23 00:00:00,2024-03-01 16:00:00
1480a7d4-7749-4c8b-8bb3-407b3682b5cf,342,2023-07-01 00:00:00,12,960.0,132,115.2,0.0,confirmed,2023-08-24 00:00:00,2023-06-30 18:00:00
4d4d05f5-f9a7-4725-adc4-83b888a76837,95,2023-12-11 00:00:00,14,3696.0,64,443.52,0.0,confirmed,2024-01-29 00:00:00,2023-12-10 08:00:00
c6e238d2-6c67-404e-a776-c9732edd893f,347,2023-11-28 00:00:00,3,330.0,141,39.6,33.0,cancelled,2024-02-06 00:00:00,2023-11-27 05:00:00
1a8b2545-6c43-470d-8cda-55004c69e9b4,181,2024-01-28 00:00:00,1,210.0,50,25.2,0.0,confirmed,2024-05-13 00:00:00,2024-01-27 12:00:00
17f520bd-9695-45b4-ac14-c52be9c7b676,140,2024-01-03 00:00:00,12,969.0,74,116.28,0.0,confirmed,2024-04-03 00:00:00,2024-01-02 20:00:00
86571667-8343-414a-9d00-9f04c83f8eff,419,2023-05-30 00:00:00,6,858.0,112,102.96,0.0,confirmed,2023-08-02 00:00:00,2023-05-29 07:00:00
606aa9c0-ad68-4daf-91aa-202204555a13,228,2023-09-09 00:00:00,3,427.5,89,51.3,42.75,cancelled,2023-11-22 00:00:00,2023-09-08 08:00:00
4d1baa0c-ef69-4786-87df-836fcfc027bd,295,2023-09-28 00:00:00,3,2760.0,64,331.2,0.0,confirmed,2024-03-08 00:00:00,2023-09-27 16:00:00
68ff030e-79be-4dfd-9d21-087195be3ff8,377,2023-05-10 00:00:00,2,997.5,145,119.7,0.0,confirmed,2023-10-27 00:00:00,2023-05-09 23:00:00
7f17b535-3f99-44dc-bc20-31353038e1a3,54,2023-10-15 00:00:00,4,220.0,65,26.4,0.0,confirmed,2024-01-13 00:00:00,2023-10-14 10:00:00
50fbf68e-aa11-4815-8732-32259961fe0e,210,2023-08-13 00:00:00,2,252.0,66,30.24,0.0,confirmed,2024-02-06 00:00:00,2023-08-12 02:00:00
1ffc87b8-2cab-49a5-9b80-b54c15388217,434,2023-06-22 00:00:00,11,2904.0,134,348.48,0.0,confirmed,2023-07-06 00:00:00,2023-06-21 13:00:00
23e2ce71-bef1-4a45-8a37-0a746096b1a9,241,2023-11-25 00:00:00,5,1225.0,126,147.0,0.0,confirmed,2024-02-07 00:00:00,2023-11-24 10:00:00
939d84d4-5adc-4b1e-970d-b0b4390a6fc5,351,2024-03-31 00:00:00,1,155.0,55,18.6,0.0,confirmed,2024-06-17 00:00:00,2024-03-30 16:00:00
a9cfdce8-4bbe-487c-bfa2-0fda61054ec3,200,2023-10-24 00:00:00,10,2720.0,114,326.4,272.0,cancelled,2024-04-01 00:00:00,2023-10-23 01:00:00
032cecef-ecbe-4077-8716-d296f066c1ce,363,2023-08-13 00:00:00,14,4620.0,64,554.4,0.0,confirmed,2023-10-21 00:00:00,2023-08-12 15:00:00
ed57cc5f-b0c7-443e-96e4-a816e911ab70,332,2023-10-22 00:00:00,9,3118.5,112,374.22,311.85,cancelled,2024-01-29 00:00:00,2023-10-21 12:00:00
85ca6b56-d821-4fa6-a0ac-a6d62444d090,304,2023-06-29 00:00:00,9,5400.0,109,648.0,540.0,cancelled,2023-11-02 00:00:00,2023-06-28 03:00:00
f3aaa615-058a-4098-8b01-9fe1837c698c,298,2023-02-09 00:00:00,3,441.75,103,53.01,44.18,cancelled,2023-05-23 00:00:00,2023-02-08 09:00:00
a5917fbc-8653-4241-bde5-9b498c839943,318,2023-11-18 00:00:00,6,1377.0,138,165.24,0.0,confirmed,2024-03-30 00:00:00,2023-11-17 04:00:00
5dc31c71-8322-43eb-ba85-ae8563e9ba11,494,2023-08-20 00:00:00,12,5580.0,123,669.6,0.0,confirmed,2023-12-01 00:00:00,2023-08-19 00:00:00
253b86be-7b80-4220-9609-6a65cf107751,53,2024-03-09 00:00:00,14,1617.0,102,194.04,0.0,confirmed,2024-03-29 00:00:00,2024-03-08 11:00:00
ba72192b-3de2-40de-8571-1eed5a5a58dd,223,2023-11-08 00:00:00,2,352.0,68,42.24,35.2,cancelled,2024-01-30 00:00:00,2023-11-07 19:00:00
3f8eab04-388c-459a-acaf-77aaab1f8b31,301,2024-04-19 00:00:00,4,700.0,109,84.0,0.0,confirmed,2024-09-08 00:00:00,2024-04-18 12:00:00
835179c3-32a6-4000-b954-2e0ee25c686b,83,2024-05-07 00:00:00,8,2240.0,41,268.8,0.0,confirmed,2024-05-31 00:00:00,2024-05-06 15:00:00
fae1cf7f-0e27-408c-8b65-aabe1e4adcbf,431,2024-02-23 00:00:00,14,1400.0,79,168.0,140.0,cancelled,2024-05-17 00:00:00,2024-02-22 18:00:00
42cc0ce4-ee7a-4dd2-aca8-42ca522f5a4b,209,2023-12-18 00:00:00,13,2093.0,50,251.16,209.3,cancelled,2024-04-06 00:00:00,2023-12-17 00:00:00
add6246f-d1a2-4682-aec8-06dace4b0940,377,2023-02-10 00:00:00,12,5985.0,92,718.2,0.0,confirmed,2023-04-27 00:00:00,2023-02-09 10:00:00
a8b20fbf-14dc-47c2-8307-ea808611d248,124,2024-01-10 00:00:00,14,2856.0,66,342.72,285.6,cancelled,2024-05-19 00:00:00,2024-01-09 00:00:00
c04018c6-4548-497f-b423-4e0b6658a552,333,2024-05-21 00:00:00,9,1188.0,74,142.56,0.0,confirmed,2024-08-18 00:00:00,2024-05-20 05:00:00
dfa6d9da-ad0d-4639-9660-053a1b01824c,110,2023-06-16 00:00:00,2,351.0,81,42.12,0.0,confirmed,2023-08-10 00:00:00,2023-06-15 07:00:00
d39b0276-994f-451e-9103-93b2c6e87c22,39,2024-04-03 00:00:00,10,701.2,99,84.14,0.0,confirmed,2024-07-02 00:00:00,2024-04-02 10:00:00
532cdde4-005b-40fe-a6bc-38eabc03477d,59,2024-02-01 00:00:00,1,170.5,50,20.46,0.0,confirmed,2024-06-24 00:00:00,2024-01-31 14:00:00
aea5c681-99ac-4547-92bd-28ad4ef6cf93,116,2024-05-21 00:00:00,6,2688.0,110,322.56,268.8,cancelled,2024-07-26 00:00:00,2024-05-20 09:00:00
2411c06d-b8d4-4f65-a5ea-7b5d79ed22d9,16,2024-07-06 00:00:00,11,2035.0,89,244.2,0.0,confirmed,2024-09-21 00:00:00,2024-07-05 10:00:00
fb98b842-752d-448a-9d90-3068a263d2d4,222,2023-11-11 00:00:00,9,1568.25,116,188.19,156.83,cancelled,2024-04-03 00:00:00,2023-11-10 08:00:00
13d8ca8f-0cfd-426a-bb7f-62cc5fa92c1f,171,2023-06-03 00:00:00,7,548.66,110,65.84,0.0,confirmed,2023-10-31 00:00:00,2023-06-02 17:00:00
f37a96dc-9c72-4040-a5b3-d127bd419c22,361,2023-11-12 00:00:00,13,2080.0,54,249.6,208.0,cancelled,2024-04-08 00:00:00,2023-11-11 16:00:00
2c60f661-5768-4763-adc2-53cafcee72ce,272,2024-01-06 00:00:00,7,833.0,49,99.96,0.0,confirmed,2024-03-07 00:00:00,2024-01-05 05:00:00
a4bdcd7d-11c4-442c-9bef-13add6579302,163,2023-10-04 00:00:00,3,1242.0,117,149.04,0.0,confirmed,2024-01-06 00:00:00,2023-10-03 07:00:00
0642a57f-962d-4d35-b40a-c6bf8bccca10,460,2024-01-14 00:00:00,13,4420.0,83,530.4,442.0,cancelled,2024-06-24 00:00:00,2024-01-13 19:00:00
e23be91b-8b69-4cb3-b830-c3d401ecb1be,203,2023-07-07 00:00:00,3,812.25,145,97.47,81.23,cancelled,2023-08-26 00:00:00,2023-07-06 00:00:00
aed400ff-a6a5-46b2-bd52-9b328a31b3a4,474,2024-07-09 00:00:00,3,405.0,91,48.6,0.0,confirmed,2024-08-14 00:00:00,2024-07-08 00:00:00
1fe7bc9e-bba7-45d7-9f5b-c7a39676958e,112,2023-09-01 00:00:00,13,12480.0,117,1497.6,0.0,confirmed,2024-02-21 00:00:00,2023-08-31 09:00:00
1dcd1b21-0a0d-4a7b-8e4b-f0eda1e9fa8a,426,2023-07-04 00:00:00,10,6300.0,97,756.0,630.0,cancelled,2023-10-15 00:00:00,2023-07-03 13:00:00
cd0c0b31-623e-44bd-b8e7-87752654e925,134,2023-12-12 00:00:00,4,1110.0,56,133.2,0.0,confirmed,2023-12-24 00:00:00,2023-12-11 14:00:00
0ef39faf-0b49-4711-b32f-d570f3532c0f,12,2023-10-31 00:00:00,3,363.0,79,43.56,36.3,cancelled,2024-02-08 00:00:00,2023-10-30 03:00:00
6340cc3b-c7f8-4b47-862c-ba7caf37bd58,342,2023-11-20 00:00:00,8,640.0,116,76.8,64.0,cancelled,2024-03-10 00:00:00,2023-11-19 08:00:00
765f607a-6428-4c5d-8b13-d229cb18cfb2,269,2024-01-26 00:00:00,6,1632.0,135,195.84,0.0,confirmed,2024-04-10 00:00:00,2024-01-25 22:00:00
c4d510c8-676d-41fd-b6ee-b693db9d4438,158,2023-08-25 00:00:00,10,1680.0,114,201.6,0.0,confirmed,2024-02-16 00:00:00,2023-08-24 01:00:00
e3900241-b27d-40b4-a4e2-2b47cbce5337,267,2023-10-11 00:00:00,8,2432.0,109,291.84,0.0,confirmed,2023-10-21 00:00:00,2023-10-10 15:00:00
bc5b6262-b38a-4a0a-8c89-61af615db879,309,2023-03-07 00:00:00,7,2079.0,69,249.48,0.0,confirmed,2023-03-11 00:00:00,2023-03-06 10:00:00
0695c210-56c9-455f-858b-a50925997bb2,215,2023-12-28 00:00:00,11,2359.5,102,283.14,0.0,confirmed,2024-03-23 00:00:00,2023-12-27 06:00:00
0dab6fe5-320a-49d4-b12d-52c22b2f2b23,335,2023-08-01 00:00:00,4,2800.0,139,336.0,0.0,confirmed,2023-08-28 00:00:00,2023-07-31 17:00:00
a52e257d-1b0e-4c6c-a32e-2fcfad5a7db3,227,2023-06-17 00:00:00,3,357.0,100,42.84,0.0,confirmed,2023-08-29 00:00:00,2023-06-16 10:00:00
84725806-556d-4bec-89a6-b63d3effe9d2,130,2024-01-19 00:00:00,3,433.14,122,51.98,0.0,confirmed,2024-03-08 00:00:00,2024-01-18 15:00:00
f800abac-043e-415e-9ae5-338ff233a5cb,453,2023-12-10 00:00:00,13,9555.0,43,1146.6,955.5,cancelled,2024-05-15 00:00:00,2023-12-09 08:00:00
27667c24-6d87-4515-b753-a714051e3a8b,365,2023-11-03 00:00:00,13,1638.0,140,196.56,0.0,confirmed,2024-02-29 00:00:00,2023-11-02 13:00:00
d0841ee3-6cee-4592-b79e-f9fb207c8ccb,454,2023-06-26 00:00:00,13,786.5,76,94.38,0.0,confirmed,2023-11-28 00:00:00,2023-06-25 14:00:00
d343c2d9-9a8e-4534-8f79-76f53ad3ac6f,473,2023-08-16 00:00:00,8,1372.0,92,164.64,0.0,confirmed,2024-01-17 00:00:00,2023-08-15 11:00:00
86d2b1dd-d8bb-4724-9622-17f7037e0ad5,58,2023-08-18 00:00:00,7,3001.25,70,360.15,0.0,confirmed,2023-08-31 00:00:00,2023-08-17 21:00:00
c84ab701-1b04-4ed6-ab27-04e17f951ade,231,2023-12-06 00:00:00,1,88.0,68,10.56,0.0,confirmed,2024-04-18 00:00:00,2023-12-05 03:00:00
712d75f1-fdb8-41e6-9621-9f5f6ac5a36e,413,2024-01-26 00:00:00,13,2216.5,80,265.98,0.0,confirmed,2024-03-15 00:00:00,2024-01-25 03:00:00
52ff0da3-ccb8-420b-80a8-35d0fa74612c,232,2023-11-09 00:00:00,3,456.0,63,54.72,0.0,confirmed,2023-12-17 00:00:00,2023-11-08 02:00:00
69a1497d-8e76-48f6-8cea-c310c90d1096,413,2023-11-03 00:00:00,14,2387.0,112,286.44,0.0,confirmed,2023-12-18 00:00:00,2023-11-02 16:00:00
529530bb-42d3-44f1-b999-de9b565bd4ab,352,2023-09-20 00:00:00,6,1152.0,138,138.24,115.2,cancelled,2023-10-06 00:00:00,2023-09-19 03:00:00
a589d269-ceb9-4f46-bee4-1557f800f2ad,414,2024-02-02 00:00:00,6,1440.0,95,172.8,0.0,confirmed,2024-03-17 00:00:00,2024-02-01 19:00:00
dbf40a48-dc26-4e49-9b29-0b19e38f58fe,414,2024-03-23 00:00:00,7,1680.0,135,201.6,168.0,cancelled,2024-09-16 00:00:00,2024-03-22 00:00:00
2f474f9b-4844-4c13-9281-84696e3aad6f,32,2023-08-18 00:00:00,3,672.0,138,80.64,0.0,confirmed,2023-11-14 00:00:00,2023-08-17 21:00:00
ac3cf32a-7c9b-4e51-9e70-d4be4d8af56d,78,2023-04-28 00:00:00,1,218.5,50,26.22,21.85,cancelled,2023-07-08 00:00:00,2023-04-27 05:00:00
e3a3a48b-4c98-4082-b6fa-3286566d6f69,77,2023-04-28 00:00:00,9,1732.5,103,207.9,0.0,confirmed,2023-06-14 00:00:00,2023-04-27 02:00:00
bfdc1c40-e07e-4788-9eda-ecfae6a74aeb,163,2023-08-11 00:00:00,5,2070.0,125,248.4,0.0,confirmed,2023-11-28 00:00:00,2023-08-10 10:00:00
8514eef8-224f-407f-afc6-989264dacac9,247,2024-07-06 00:00:00,5,866.25,148,103.95,86.62,cancelled,2024-11-07 00:00:00,2024-07-05 06:00:00
7ebbda97-7134-44e7-8003-d987bb900b11,431,2024-02-16 00:00:00,11,1100.0,112,132.0,110.0,cancelled,2024-08-06 00:00:00,2024-02-15 08:00:00
086ec3e1-d155-46c1-917d-796302b069cc,336,2024-01-02 00:00:00,8,2464.0,63,295.68,0.0,confirmed,2024-01-24 00:00:00,2024-01-01 17:00:00
0856846d-9504-44fd-b721-765a75015d0d,267,2023-03-08 00:00:00,13,3952.0,133,474.24,395.2,cancelled,2023-08-07 00:00:00,2023-03-07 21:00:00
a42f311c-adce-489a-a975-aac957174717,283,2023-10-05 00:00:00,4,1080.0,47,129.6,108.0,cancelled,2024-01-21 00:00:00,2023-10-04 06:00:00
b3d09e49-5b79-46a3-b51d-096097192227,439,2024-01-11 00:00:00,14,1617.0,132,194.04,161.7,cancelled,2024-04-01 00:00:00,2024-01-10 06:00:00
f1eeeac7-ead9-48b5-bd81-d92842e17747,338,2024-02-12 00:00:00,14,3584.0,49,430.08,0.0,confirmed,2024-03-31 00:00:00,2024-02-11 11:00:00
c840f305-04ad-4954-b9a4-0a58149331f4,111,2023-11-12 00:00:00,6,1734.0,95,208.08,173.4,cancelled,2024-03-09 00:00:00,2023-11-11 12:00:00
f5a6ce08-79f9-4a3c-a3ac-3f459c532483,1,2024-03-12 00:00:00,3,242.25,45,29.07,24.23,cancelled,2024-07-15 00:00:00,2024-03-11 17:00:00
92a7fac0-d160-4dcc-a93d-7d8edbc6b0de,379,2023-11-03 00:00:00,2,1800.0,71,216.0,180.0,cancelled,2024-03-26 00:00:00,2023-11-02 11:00:00
38985efa-7b45-4643-be76-7935d2d791bd,117,2023-10-14 00:00:00,11,1497.32,95,179.68,149.73,cancelled,2023-11-09 00:00:00,2023-10-13 00:00:00
eb766414-fc11-41d9-8ece-5147dde91ad1,137,2023-07-26 00:00:00,14,2061.5,70,247.38,0.0,confirmed,2023-09-01 00:00:00,2023-07-25 09:00:00
ba7baa13-cec0-4695-922a-2896639f218b,41,2024-07-08 00:00:00,12,3456.0,42,414.72,0.0,confirmed,2024-08-29 00:00:00,2024-07-07 05:00:00
f5385836-40c5-41fe-a5d0-bef774c0921d,178,2023-10-22 00:00:00,2,1344.0,45,161.28,0.0,confirmed,2023-11-07 00:00:00,2023-10-21 04:00:00
f1959444-856e-4561-a023-927ead1f4a6e,307,2023-11-27 00:00:00,12,2079.0,102,249.48,0.0,confirmed,2024-02-04 00:00:00,2023-11-26 09:00:00
9c92affa-54f8-4f01-ac93-883fc59864ba,300,2023-12-22 00:00:00,14,9282.0,82,1113.84,928.2,cancelled,2024-01-13 00:00:00,2023-12-21 11:00:00
02b52995-15f4-4695-a034-bf06e89b1867,118,2024-01-13 00:00:00,9,2081.25,67,249.75,0.0,confirmed,2024-06-03 00:00:00,2024-01-12 15:00:00
72222471-b5c2-4946-ad50-b48e05cea448,115,2024-04-30 00:00:00,13,929.5,76,111.54,0.0,confirmed,2024-05-20 00:00:00,2024-04-29 20:00:00
042bdd80-acaf-45b6-a387-1d83800c0f70,266,2024-02-22 00:00:00,5,1120.0,99,134.4,0.0,confirmed,2024-03-28 00:00:00,2024-02-21 04:00:00
2654f9fe-8138-4e31-9209-2442212ac76c,403,2024-06-14 00:00:00,5,1700.0,149,204.0,0.0,confirmed,2024-09-01 00:00:00,2024-06-13 05:00:00
08b101e9-d3b3-45f6-9891-1da347cd60e6,178,2023-05-04 00:00:00,5,3360.0,101,403.2,0.0,confirmed,2023-09-07 00:00:00,2023-05-03 23:00:00
0a9c601a-8645-409b-a5c9-cce16a517c64,353,2023-07-12 00:00:00,2,308.0,82,36.96,30.8,cancelled,2023-11-07 00:00:00,2023-07-11 00:00:00
a9a571f9-dc00-4533-9b7a-42c0e7209ffd,453,2023-12-22 00:00:00,7,5145.0,62,617.4,0.0,confirmed,2024-02-13 00:00:00,2023-12-21 13:00:00
74b919d0-64d0-4a51-bbf2-b5b3b8fe69ad,113,2023-11-09 00:00:00,6,1111.5,71,133.38,0.0,confirmed,2023-12-07 00:00:00,2023-11-08 01:00:00
d76f5f3b-2c43-4ef4-be62-98b9add368d0,65,2023-11-06 00:00:00,12,1122.0,138,134.64,112.2,cancelled,2024-04-12 00:00:00,2023-11-05 01:00:00
da77b8bd-915a-488e-9739-4de3b8820a3b,1,2024-05-01 00:00:00,10,807.5,98,96.9,0.0,confirmed,2024-10-05 00:00:00,2024-04-30 11:00:00
058d6468-9f45-49aa-b155-f60a3d56dedb,77,2023-06-21 00:00:00,14,2695.0,106,323.4,269.5,cancelled,2023-07-27 00:00:00,2023-06-20 04:00:00
4ee922f3-7179-4975-bb70-10598f2b5ef4,40,2024-03-21 00:00:00,7,1540.0,59,184.8,0.0,confirmed,2024-08-05 00:00:00,2024-03-20 18:00:00
1a10f0d6-52b1-438b-acd9-0769b3079a90,99,2024-02-17 00:00:00,2,165.0,77,19.8,0.0,confirmed,2024-07-11 00:00:00,2024-02-16 06:00:00
1c9c3cf2-86c3-4490-93fe-cdc25840d03b,177,2023-06-05 00:00:00,6,594.0,113,71.28,59.4,cancelled,2023-09-20 00:00:00,2023-06-04 17:00:00
87d010d9-bbcd-480d-8d5c-3e5a1327c1f7,381,2023-12-31 00:00:00,9,6426.0,68,771.12,0.0,confirmed,2024-06-13 00:00:00,2023-12-30 11:00:00
ec0cccb8-a446-4aff-8e59-8c9912a0e2f5,491,2023-05-03 00:00:00,11,2376.0,126,285.12,0.0,confirmed,2023-10-09 00:00:00,2023-05-02 19:00:00
5702d6cd-f308-4017-8fc4-4f549f98e921,149,2023-09-15 00:00:00,7,404.25,72,48.51,40.43,cancelled,2024-02-09 00:00:00,2023-09-14 04:00:00
2d2b57a6-fc75-43bc-aac8-52d9e69edd37,408,2024-04-02 00:00:00,8,960.0,121,115.2,0.0,confirmed,2024-04-05 00:00:00,2024-04-01 11:00:00
853c5667-6094-4f8a-b0da-1ebd8eb93adc,474,2023-11-12 00:00:00,7,945.0,91,113.4,94.5,cancelled,2024-05-08 00:00:00,2023-11-11 17:00:00
8c0512f8-02ff-48d0-92fd-96d9567e4c28,165,2023-04-23 00:00:00,5,700.0,88,84.0,70.0,cancelled,2023-07-10 00:00:00,2023-04-22 14:00:00
d0bdbcbe-460e-40d5-b49c-fbfb50cff600,122,2024-01-03 00:00:00,4,209.0,50,25.08,0.0,confirmed,2024-05-15 00:00:00,2024-01-02 18:00:00
bb70703c-a137-4eb5-bf41-46a0b0b7ddf3,70,2024-04-01 00:00:00,6,672.0,150,80.64,0.0,confirmed,2024-07-01 00:00:00,2024-03-31 00:00:00
35fe736f-a544-4d92-93a2-6563c98867a7,281,2024-04-28 00:00:00,3,1092.0,56,131.04,0.0,confirmed,2024-07-27 00:00:00,2024-04-27 11:00:00
c1124402-28cb-4a08-823d-7cecef66997e,156,2024-01-10 00:00:00,3,1344.0,135,161.28,0.0,confirmed,2024-04-14 00:00:00,2024-01-09 03:00:00
5de23f3a-b71c-4211-bf71-d80e99d10e38,264,2023-10-14 00:00:00,9,1944.0,147,233.28,0.0,confirmed,2023-10-22 00:00:00,2023-10-13 07:00:00
fdccd653-86ba-4e18-9e0a-504193435046,126,2023-06-13 00:00:00,7,728.0,58,87.36,0.0,confirmed,2023-09-17 00:00:00,2023-06-12 05:00:00
5ee07c2e-3491-4362-8d72-39cf1e185773,24,2024-02-03 00:00:00,12,1512.0,62,181.44,151.2,cancelled,2024-05-22 00:00:00,2024-02-02 08:00:00
ae9318d5-279f-4e72-88ad-6364173e59d3,347,2024-03-13 00:00:00,10,1100.0,80,132.0,0.0,confirmed,2024-05-27 00:00:00,2024-03-12 03:00:00
28410c2a-f818-45b2-9f52-e5ce1ec6aa0f,109,2023-11-02 00:00:00,14,1400.0,49,168.0,0.0,confirmed,2023-12-12 00:00:00,2023-11-01 02:00:00
40acdb10-0d25-4e1e-b418-2b35f4c1d4fe,477,2024-04-05 00:00:00,12,3108.0,122,372.96,0.0,confirmed,2024-08-25 00:00:00,2024-04-04 04:00:00
037679b6-9cb4-40c1-9fcc-bbaa40354c21,1,2024-07-10 00:00:00,13,1049.75,64,125.97,0.0,confirmed,2024-12-17 00:00:00,2024-07-09 07:00:00
69d87421-84e9-4633-9c60-07e387887aea,369,2024-01-31 00:00:00,8,1248.0,88,149.76,124.8,cancelled,2024-04-12 00:00:00,2024-01-30 21:00:00
42137548-63af-4d85-9bec-b1ee26d138e4,34,2023-05-30 00:00:00,10,760.0,119,91.2,0.0,confirmed,2023-07-26 00:00:00,2023-05-29 19:00:00
6a0f2da1-3331-4957-8b07-f59089dcba22,269,2023-09-05 00:00:00,6,1632.0,51,195.84,163.2,cancelled,2024-02-23 00:00:00,2023-09-04 17:00:00
9879a4e2-828e-435b-9559-876f339002cb,291,2023-03-15 00:00:00,14,6006.0,129,720.72,0.0,confirmed,2023-04-27 00:00:00,2023-03-14 22:00:00
ad815a66-7b83-48e0-a372-7f669d76e23a,400,2023-06-06 00:00:00,2,209.0,46,25.08,0.0,confirmed,2023-07-13 00:00:00,2023-06-05 01:00:00
1ceaa682-7033-43d8-8621-f04b1763dd4c,261,2023-04-10 00:00:00,11,1881.0,51,225.72,0.0,confirmed,2023-07-04 00:00:00,2023-04-09 15:00:00
4ad3bec2-d1be-4898-a0ac-dc6291e8f868,433,2024-03-30 00:00:00,9,1260.0,45,151.2,126.0,cancelled,2024-07-27 00:00:00,2024-03-29 08:00:00
5178023f-3fdd-45dc-8220-5f65dccfb98e,384,2023-04-21 00:00:00,11,6270.0,72,752.4,0.0,confirmed,2023-04-29 00:00:00,2023-04-20 05:00:00
b498fc44-b58e-4017-adec-ba1554d4c578,55,2023-10-31 00:00:00,7,952.0,81,114.24,0.0,confirmed,2023-12-25 00:00:00,2023-10-30 00:00:00
86afbba2-ed2a-4867-9ca7-910a40e35a7d,89,2023-09-08 00:00:00,5,1782.5,128,213.9,0.0,confirmed,2024-01-16 00:00:00,2023-09-07 05:00:00
5fdb3bff-46cf-4f8e-8a7a-6beaa9abaac4,327,2023-02-18 00:00:00,8,3744.0,42,449.28,374.4,cancelled,2023-08-10 00:00:00,2023-02-17 07:00:00
5a87bdba-15c6-49c3-b0d8-17ea612df477,60,2024-07-29 00:00:00,10,701.2,54,84.14,70.12,cancelled,2024-11-27 00:00:00,2024-07-28 05:00:00
7be65da0-bb71-4e75-88a8-9ddb7cfc32ee,433,2024-01-04 00:00:00,4,560.0,133,67.2,56.0,cancelled,2024-06-26 00:00:00,2024-01-03 13:00:00
0512e34d-f9e6-4e1c-a02c-390ad0df1377,485,2023-06-13 00:00:00,6,997.5,53,119.7,0.0,confirmed,2023-09-28 00:00:00,2023-06-12 12:00:00
2463db3e-0a06-45f0-967e-2c6b2ba40678,270,2023-04-13 00:00:00,13,4199.0,142,503.88,0.0,confirmed,2023-05-31 00:00:00,2023-04-12 03:00:00
fa852a1b-87bb-46d7-b7a3-82abcc765e70,179,2024-04-02 00:00:00,9,956.25,75,114.75,95.62,cancelled,2024-08-04 00:00:00,2024-04-01 06:00:00
fd44ce88-afed-4e83-94f2-fe34400d081d,446,2023-04-05 00:00:00,13,1179.75,92,141.57,0.0,confirmed,2023-08-25 00:00:00,2023-04-04 08:00:00
0d56e0fd-bc95-4147-9447-5cb46823a91c,244,2023-05-17 00:00:00,2,294.5,134,35.34,0.0,confirmed,2023-09-14 00:00:00,2023-05-16 02:00:00
19e5f065-747d-4f02-a0d9-03e083d12a39,64,2024-01-29 00:00:00,9,1325.25,90,159.03,132.53,cancelled,2024-06-28 00:00:00,2024-01-28 07:00:00
c544c927-9bc1-4e09-aa15-b757b626092f,158,2023-06-17 00:00:00,9,1512.0,99,181.44,0.0,confirmed,2023-10-14 00:00:00,2023-06-16 06:00:00
9f298183-23c4-40ad-8b58-67e897da41cb,68,2023-08-09 00:00:00,5,770.0,42,92.4,0.0,confirmed,2023-08-31 00:00:00,2023-08-08 23:00:00
d7ea2de4-d412-4cad-a896-f50874a3f284,443,2024-03-22 00:00:00,7,3797.5,97,455.7,0.0,confirmed,2024-08-07 00:00:00,2024-03-21 02:00:00
000c4d4a-61a8-4d1a-b01e-3ecfe012e3b3,302,2023-09-10 00:00:00,2,434.0,86,52.08,0.0,confirmed,2023-10-07 00:00:00,2023-09-09 10:00:00
1dca20fb-e71e-4a80-bade-f1bf5b8deb4c,45,2023-05-16 00:00:00,7,750.75,92,90.09,0.0,confirmed,2023-05-26 00:00:00,2023-05-15 22:00:00
ecae0a34-1c60-4d86-8386-0d4c0b349555,90,2024-01-28 00:00:00,4,720.0,110,86.4,0.0,confirmed,2024-02-13 00:00:00,2024-01-27 04:00:00
c262c0af-a11d-46ea-8c4c-bc276cb9f0a8,91,2024-05-02 00:00:00,5,288.75,82,34.65,0.0,confirmed,2024-05-13 00:00:00,2024-05-01 13:00:00
8db81bf0-c8df-44d0-a19d-623d4fc202ea,131,2024-01-14 00:00:00,3,433.14,92,51.98,43.31,cancelled,2024-05-16 00:00:00,2024-01-13 07:00:00
390693c3-ed81-466a-81cd-ab7c56c1114f,8,2024-06-07 00:00:00,8,560.96,113,67.32,0.0,confirmed,2024-10-07 00:00:00,2024-06-06 13:00:00
2695e8a4-b5c3-4876-b84a-74c7e4e0780e,452,2024-01-24 00:00:00,10,2400.0,94,288.0,0.0,confirmed,2024-05-29 00:00:00,2024-01-23 13:00:00
f6bbc4f4-fbed-4f64-91cb-27f1fbcf1094,209,2023-10-29 00:00:00,6,966.0,128,115.92,96.6,cancelled,2024-04-17 00:00:00,2023-10-28 13:00:00
b58c9e80-dab2-4010-a080-c0ae5687bce4,90,2023-11-24 00:00:00,5,900.0,59,108.0,0.0,confirmed,2024-02-05 00:00:00,2023-11-23 23:00:00
713a5f83-5f53-4395-863c-90bbcd0b09c4,473,2023-08-26 00:00:00,4,686.0,67,82.32,68.6,cancelled,2024-01-26 00:00:00,2023-08-25 21:00:00
b78041e4-2586-47e6-89c9-cf2b1efb20a3,165,2023-09-30 00:00:00,12,1680.0,121,201.6,0.0,confirmed,2023-11-19 00:00:00,2023-09-29 17:00:00
d581e905-3623-45d9-b5ea-4103a91047a4,45,2023-04-05 00:00:00,4,429.0,128,51.48,0.0,confirmed,2023-09-07 00:00:00,2023-04-04 08:00:00
2a76bc21-f497-4bdb-a4b6-c5df8f12e4d6,223,2024-05-19 00:00:00,14,2464.0,62,295.68,0.0,confirmed,2024-08-19 00:00:00,2024-05-18 08:00:00
f1d423e0-a920-4a00-a9f0-70a29ad311c5,431,2023-06-14 00:00:00,7,700.0,109,84.0,0.0,confirmed,2023-07-22 00:00:00,2023-06-13 20:00:00
8e00760b-4afc-4011-9a49-b28d512098d1,332,2023-12-26 00:00:00,11,3811.5,122,457.38,0.0,confirmed,2024-03-04 00:00:00,2023-12-25 22:00:00
068b4e6c-1ee0-48a3-84ab-370bbf5913e7,103,2024-01-22 00:00:00,7,1365.0,65,163.8,0.0,confirmed,2024-03-13 00:00:00,2024-01-21 00:00:00
7fa844ae-6955-4cb3-999b-5a737be76d46,173,2023-10-15 00:00:00,5,570.0,65,68.4,0.0,confirmed,2024-03-16 00:00:00,2023-10-14 16:00:00
ddeb8e06-60c2-4dd6-8cfb-6cd5fd3f6368,152,2024-08-25 00:00:00,5,1092.5,134,131.1,0.0,confirmed,2024-09-14 00:00:00,2024-08-24 04:00:00
31a4ffd8-f67f-4f61-b709-feece6a3ea45,79,2023-11-07 00:00:00,10,935.0,87,112.2,93.5,cancelled,2024-02-16 00:00:00,2023-11-06 06:00:00
9fb11d8f-4dfd-475d-b725-9613ba1ce8a2,358,2024-03-24 00:00:00,11,3366.0,127,403.92,0.0,confirmed,2024-05-24 00:00:00,2024-03-23 13:00:00
7f4eb2f0-2b65-4db2-b293-bb03a2e0f177,66,2024-03-29 00:00:00,8,2508.0,80,300.96,0.0,confirmed,2024-09-13 00:00:00,2024-03-28 22:00:00
60ad198a-f707-48ac-a129-3c49d4654ca3,432,2023-12-17 00:00:00,7,1078.0,75,129.36,0.0,confirmed,2024-03-16 00:00:00,2023-12-16 09:00:00
8958e857-80e0-431f-a2bc-1eaf5119c3fa,356,2024-04-09 00:00:00,1,264.0,77,31.68,26.4,cancelled,2024-09-03 00:00:00,2024-04-08 07:00:00
d7f6bd4c-a7b9-4cf6-a4fa-c07d1ec7b49c,452,2024-05-27 00:00:00,7,1680.0,54,201.6,0.0,confirmed,2024-10-22 00:00:00,2024-05-26 15:00:00
c5215d55-9e52-4151-a597-2e2423661f0f,199,2023-08-11 00:00:00,13,2840.5,125,340.86,284.05,cancelled,2024-01-23 00:00:00,2023-08-10 18:00:00
00a1a4cb-ffb4-4696-9b47-896606a5945a,86,2024-05-08 00:00:00,9,598.5,54,71.82,0.0,confirmed,2024-07-17 00:00:00,2024-05-07 13:00:00
79f3c93a-3910-4d6b-a5db-d1161f56cdaf,309,2023-07-04 00:00:00,14,4158.0,139,498.96,0.0,confirmed,2023-12-27 00:00:00,2023-07-03 16:00:00
42bc5d28-028c-4062-98f6-4dbc2bc042f5,421,2023-05-17 00:00:00,5,857.5,133,102.9,0.0,confirmed,2023-07-06 00:00:00,2023-05-16 17:00:00
502d4af1-3444-4885-9404-0063cbb0637a,72,2024-05-24 00:00:00,4,1056.0,45,126.72,105.6,cancelled,2024-09-10 00:00:00,2024-05-23 23:00:00
6aab4d6d-f1a2-429b-af5f-f53b5cf590af,467,2024-04-15 00:00:00,8,3072.0,73,368.64,307.2,cancelled,2024-09-24 00:00:00,2024-04-14 18:00:00
9f82cd08-7891-444f-8adb-bf99e21ed838,165,2023-10-11 00:00:00,12,1680.0,71,201.6,0.0,confirmed,2024-02-08 00:00:00,2023-10-10 17:00:00
458b4bf4-5746-45dc-bf0e-fccda1194a47,69,2023-11-17 00:00:00,7,1732.5,48,207.9,0.0,confirmed,2024-04-15 00:00:00,2023-11-16 21:00:00
3a1a4e93-bce4-4e71-96f1-aeb2fafc69c3,87,2024-02-09 00:00:00,13,1144.0,119,137.28,0.0,confirmed,2024-07-09 00:00:00,2024-02-08 07:00:00
a1338952-2da0-4dd9-a6d2-7e2c03c19146,348,2023-12-01 00:00:00,1,248.0,51,29.76,24.8,cancelled,2024-05-26 00:00:00,2023-11-30 03:00:00
b3a3d026-5cce-4edf-a86c-dd2dd9996781,213,2023-03-03 00:00:00,9,3858.75,72,463.05,0.0,confirmed,2023-04-10 00:00:00,2023-03-02 06:00:00
0d078acc-75ec-40e0-9b27-fd933561c3dc,1,2024-05-23 00:00:00,6,484.5,81,58.14,0.0,confirmed,2024-10-14 00:00:00,2024-05-22 10:00:00
4d3bce98-cc06-4f80-b0df-3ea51bf9f4ce,18,2024-05-22 00:00:00,14,4116.0,140,493.92,0.0,confirmed,2024-11-02 00:00:00,2024-05-21 07:00:00
658cae01-8b87-4daa-86fa-88d858da10a3,429,2024-07-29 00:00:00,9,1008.0,134,120.96,0.0,confirmed,2025-01-06 00:00:00,2024-07-28 17:00:00
5700673e-2ef4-430c-b262-8265d67db100,427,2024-03-08 00:00:00,7,598.5,115,71.82,59.85,cancelled,2024-03-20 00:00:00,2024-03-07 05:00:00
5d24c8a7-a3ec-4ee4-96d0-176df72e8e0b,291,2023-09-30 00:00:00,12,5148.0,72,617.76,514.8,cancelled,2024-02-16 00:00:00,2023-09-29 06:00:00
063761f0-4485-4cb4-bfe9-5ceed8c392ad,226,2023-10-30 00:00:00,10,760.0,58,91.2,76.0,cancelled,2024-01-17 00:00:00,2023-10-29 16:00:00
3e1d46aa-2f62-4b4c-ae06-78d18470feef,353,2023-11-18 00:00:00,6,924.0,131,110.88,92.4,cancelled,2024-02-04 00:00:00,2023-11-17 09:00:00
057bca24-8d8f-4dfb-8d49-70acd699b9a8,113,2023-04-23 00:00:00,11,2037.75,63,244.53,203.78,cancelled,2023-09-24 00:00:00,2023-04-22 15:00:00
51be6734-8199-4f48-af65-9e816da3a114,266,2023-12-16 00:00:00,13,2912.0,73,349.44,0.0,confirmed,2023-12-19 00:00:00,2023-12-15 18:00:00
eabec6a7-fdfd-4ac7-ac12-824bc0d1c902,320,2024-03-28 00:00:00,9,4464.0,105,535.68,0.0,confirmed,2024-06-01 00:00:00,2024-03-27 23:00:00
52f3859a-f7aa-4ab3-b795-7ed4f27cc524,357,2024-04-30 00:00:00,11,1361.25,99,163.35,0.0,confirmed,2024-06-05 00:00:00,2024-04-29 15:00:00
127b8f72-9555-4f16-8d38-61f4546de1f4,369,2024-08-04 00:00:00,9,1404.0,105,168.48,0.0,confirmed,2024-08-12 00:00:00,2024-08-03 03:00:00
a19dec2f-a90c-49c1-bc5f-6ce016f9dad3,221,2023-08-24 00:00:00,13,7488.0,74,898.56,0.0,confirmed,2023-11-18 00:00:00,2023-08-23 01:00:00
423cf845-48e3-4530-bf87-ef9aa5393f7a,146,2024-05-22 00:00:00,5,325.0,40,39.0,0.0,confirmed,2024-10-16 00:00:00,2024-05-21 06:00:00
5a1ef54f-ed51-457a-a6ff-65a046e6e376,128,2023-03-15 00:00:00,11,5544.0,132,665.28,0.0,confirmed,2023-05-22 00:00:00,2023-03-14 15:00:00
ab623af0-7674-4efb-8c2a-9f87c37570ec,283,2024-05-15 00:00:00,1,270.0,55,32.4,0.0,confirmed,2024-06-27 00:00:00,2024-05-14 16:00:00
0fa5ffa1-7f4f-4776-a0df-52d71a9f9b5d,151,2024-09-29 00:00:00,4,2380.0,52,285.6,238.0,cancelled,2025-01-26 00:00:00,2024-09-28 11:00:00
72a190dd-9c30-4f9b-b62e-c082b0a246ee,264,2023-12-25 00:00:00,14,3024.0,51,362.88,0.0,confirmed,2024-04-29 00:00:00,2023-12-24 08:00:00
4bb289fb-4f96-48fc-8d4b-4bad5d45c2af,267,2023-09-02 00:00:00,9,2736.0,92,328.32,0.0,confirmed,2024-02-17 00:00:00,2023-09-01 12:00:00
5a5eb6e5-48d0-4beb-8b76-63894e7e6c75,91,2024-07-15 00:00:00,5,288.75,46,34.65,28.88,cancelled,2025-01-01 00:00:00,2024-07-14 06:00:00
265b18b9-4cb3-4218-a296-3bf86fae1bdd,398,2024-03-22 00:00:00,6,390.0,123,46.8,0.0,confirmed,2024-04-16 00:00:00,2024-03-21 04:00:00
1387c080-7c7b-4c60-96f6-3c1717f692c4,395,2023-07-23 00:00:00,2,961.0,146,115.32,0.0,confirmed,2023-09-08 00:00:00,2023-07-22 18:00:00
27484ab3-6d34-4ac9-b492-d139fa5a5ebf,230,2023-09-17 00:00:00,13,7020.0,42,842.4,0.0,confirmed,2023-10-07 00:00:00,2023-09-16 23:00:00
8264d103-cf49-4f9e-af95-08b484da5a2f,83,2024-04-21 00:00:00,4,1120.0,58,134.4,112.0,cancelled,2024-06-29 00:00:00,2024-04-20 00:00:00
819a4b44-17a9-421f-9aad-f2e53f7ea452,402,2023-09-03 00:00:00,3,1632.0,101,195.84,0.0,confirmed,2023-12-15 00:00:00,2023-09-02 07:00:00
cea28315-8577-44e9-93f5-33eee3c4d891,102,2024-04-06 00:00:00,12,840.0,104,100.8,0.0,confirmed,2024-05-19 00:00:00,2024-04-05 01:00:00
79f8678a-90f5-4599-a1c3-48216fbdf089,52,2024-01-09 00:00:00,2,209.0,61,25.08,0.0,confirmed,2024-02-11 00:00:00,2024-01-08 18:00:00
f218ba71-8b38-405e-8127-200036d3ab0b,255,2023-10-31 00:00:00,13,4433.0,95,531.96,443.3,cancelled,2024-04-16 00:00:00,2023-10-30 17:00:00
486b41a4-0dc6-45d8-ac8b-b52d3028bff4,345,2024-05-05 00:00:00,11,1815.0,128,217.8,181.5,cancelled,2024-08-23 00:00:00,2024-05-04 14:00:00
f7b19d6d-248a-453b-a0da-d50f457b2b78,419,2023-07-12 00:00:00,1,143.0,104,17.16,0.0,confirmed,2023-08-18 00:00:00,2023-07-11 12:00:00
c4b0e4b7-5d48-4041-8347-90fa0d49835c,194,2024-05-30 00:00:00,6,1287.0,74,154.44,128.7,cancelled,2024-09-05 00:00:00,2024-05-29 14:00:00
cbf80db1-89e4-4be0-a958-21d96f895dfe,298,2023-06-15 00:00:00,1,147.25,54,17.67,0.0,confirmed,2023-11-27 00:00:00,2023-06-14 20:00:00
b2b8174b-a746-47fe-9a62-5af669bdaaa1,293,2023-10-09 00:00:00,8,1518.0,42,182.16,151.8,cancelled,2024-02-18 00:00:00,2023-10-08 17:00:00
dc44f09c-fe5c-402d-b608-f880b40da0d2,417,2024-06-10 00:00:00,13,2535.0,149,304.2,0.0,confirmed,2024-08-23 00:00:00,2024-06-09 14:00:00
36e55a2a-3eae-4788-be58-3dfb7007a1c6,176,2023-07-13 00:00:00,1,363.0,98,43.56,0.0,confirmed,2023-11-27 00:00:00,2023-07-12 19:00:00
afd9fe64-738f-4c66-a272-1daf5db8c598,208,2024-07-22 00:00:00,13,1274.0,42,152.88,0.0,confirmed,2024-10-28 00:00:00,2024-07-21 13:00:00
1403f000-af63-409e-9e99-e546c0f40f26,24,2024-03-25 00:00:00,6,756.0,61,90.72,75.6,cancelled,2024-07-27 00:00:00,2024-03-24 10:00:00
1d3600e1-361b-4a71-8765-b67c6e5c124b,261,2023-07-06 00:00:00,6,1026.0,71,123.12,0.0,confirmed,2023-09-15 00:00:00,2023-07-05 20:00:00
e169c1cf-54be-4a68-9487-420d1a82189d,106,2023-11-04 00:00:00,7,565.25,96,67.83,0.0,confirmed,2024-04-22 00:00:00,2023-11-03 08:00:00
38e6c40b-13c6-45e3-a9b9-0ca27de9c51d,429,2024-01-07 00:00:00,10,1120.0,100,134.4,0.0,confirmed,2024-01-21 00:00:00,2024-01-06 01:00:00
431a47d0-3f1f-4568-9def-741f75ca1cf0,397,2023-09-12 00:00:00,14,5152.0,85,618.24,515.2,cancelled,2023-11-01 00:00:00,2023-09-11 18:00:00
76b4460a-cb38-4d3d-8a60-9ad751ccf093,35,2024-01-08 00:00:00,5,1155.0,57,138.6,0.0,confirmed,2024-03-09 00:00:00,2024-01-07 21:00:00
e7e0174f-ba2d-4724-ae8d-10fd347adccd,3,2024-02-05 00:00:00,12,3072.0,81,368.64,0.0,confirmed,2024-06-15 00:00:00,2024-02-04 15:00:00
2f0a8a7e-c251-429f-a99d-57a3d980d0de,412,2024-03-24 00:00:00,3,522.75,141,62.73,0.0,confirmed,2024-03-30 00:00:00,2024-03-23 21:00:00
23f1be46-a832-463f-a138-8e25f1d917fe,470,2023-12-27 00:00:00,10,1330.0,59,159.6,133.0,cancelled,2024-06-17 00:00:00,2023-12-26 05:00:00
c3b2b67a-3c25-4ca8-95c3-496c239eecd5,489,2024-06-12 00:00:00,11,3448.5,104,413.82,344.85,cancelled,2024-07-10 00:00:00,2024-06-11 23:00:00
a98db9e9-2371-48fb-ae6d-9b10759e89d5,113,2023-12-03 00:00:00,11,2037.75,117,244.53,203.78,cancelled,2024-05-12 00:00:00,2023-12-02 15:00:00
7ae68705-5608-4346-ab5e-ad65ddf445cc,422,2023-11-21 00:00:00,14,2128.0,72,255.36,212.8,cancelled,2024-04-19 00:00:00,2023-11-20 17:00:00
21eb3f3e-b342-4ffb-a7a5-e569a80ebc08,48,2023-08-01 00:00:00,7,365.75,80,43.89,0.0,confirmed,2023-08-10 00:00:00,2023-07-31 21:00:00
6113cf81-7c55-419c-b06f-ccb38f85f633,276,2024-01-25 00:00:00,6,3381.0,124,405.72,0.0,confirmed,2024-03-16 00:00:00,2024-01-24 02:00:00
f274e8cb-0f47-4edc-bfcd-bf81ed9ff550,427,2023-06-15 00:00:00,3,256.5,93,30.78,25.65,cancelled,2023-08-22 00:00:00,2023-06-14 09:00:00
06158dda-afc5-4483-94ef-9729ac7f54a9,102,2024-02-25 00:00:00,11,770.0,90,92.4,0.0,confirmed,2024-04-10 00:00:00,2024-02-24 20:00:00
30211b93-a2f1-4141-a968-a1e568ce2e18,343,2023-12-09 00:00:00,11,1240.25,50,148.83,0.0,confirmed,2024-04-13 00:00:00,2023-12-08 03:00:00
d68bcbd4-9d23-4874-94f1-7ec64c269db1,79,2023-05-26 00:00:00,1,93.5,117,11.22,0.0,confirmed,2023-07-24 00:00:00,2023-05-25 04:00:00
7e019ec9-a3ed-443c-afba-c72c2968a18b,55,2024-04-21 00:00:00,6,816.0,110,97.92,0.0,confirmed,2024-04-25 00:00:00,2024-04-20 20:00:00
a5a2f41d-511b-42a5-b17f-cbe32b73338d,129,2023-05-20 00:00:00,6,1836.0,78,220.32,183.6,cancelled,2023-08-15 00:00:00,2023-05-19 18:00:00
2ce2a872-5aca-4297-ae01-9368a88a3a73,236,2023-07-14 00:00:00,9,598.5,142,71.82,59.85,cancelled,2023-09-23 00:00:00,2023-07-13 10:00:00
3526db2a-a4af-4b5c-8a45-dee0646f1dbd,430,2023-09-11 00:00:00,11,786.5,89,94.38,78.65,cancelled,2024-01-20 00:00:00,2023-09-10 03:00:00
558b1bce-3952-46a1-b71d-e91b6717fb7f,419,2023-05-12 00:00:00,7,1001.0,112,120.12,0.0,confirmed,2023-11-01 00:00:00,2023-05-11 12:00:00
56ddee56-7828-4726-9bc5-ad5366387e96,114,2024-02-03 00:00:00,2,608.0,120,72.96,0.0,confirmed,2024-02-06 00:00:00,2024-02-02 08:00:00
964662e8-2c14-437b-9210-92d3a7c5af54,85,2024-05-20 00:00:00,11,1001.0,125,120.12,0.0,confirmed,2024-08-31 00:00:00,2024-05-19 13:00:00
ec92b6cf-a7b5-4453-8b3d-20440f825b0c,67,2024-04-20 00:00:00,8,1344.0,117,161.28,0.0,confirmed,2024-05-26 00:00:00,2024-04-19 14:00:00
1731f7d2-9fea-4e47-a736-62f78c70b762,362,2024-04-15 00:00:00,13,5460.0,94,655.2,0.0,confirmed,2024-07-23 00:00:00,2024-04-14 23:00:00
458103e7-01f5-4cc0-bf63-c9a5920465b4,153,2024-08-01 00:00:00,2,132.0,99,15.84,0.0,confirmed,2024-09-01 00:00:00,2024-07-31 07:00:00
c5183532-5f66-48c2-8aa7-f4c08604f26d,93,2023-09-16 00:00:00,9,1008.0,145,120.96,100.8,cancelled,2024-01-11 00:00:00,2023-09-15 12:00:00
fd22f01b-d1ca-452b-9f13-c9516f026461,57,2023-12-12 00:00:00,13,4810.0,78,577.2,0.0,confirmed,2023-12-21 00:00:00,2023-12-11 16:00:00
9e9af93a-94b2-4c6f-96b5-08d9cf8db42e,159,2024-04-04 00:00:00,7,1568.0,140,188.16,156.8,cancelled,2024-09-02 00:00:00,2024-04-03 10:00:00
134fc626-8a55-41d8-8384-908893f9d6f9,245,2024-01-31 00:00:00,12,1440.0,85,172.8,0.0,confirmed,2024-03-16 00:00:00,2024-01-30 00:00:00
9c1ddc8b-1f09-42a7-9e6f-917d33e681eb,276,2024-03-08 00:00:00,4,2254.0,46,270.48,225.4,cancelled,2024-04-14 00:00:00,2024-03-07 20:00:00
4ac95010-74a9-46c3-950b-ec65c11c8c82,37,2024-05-01 00:00:00,2,840.0,118,100.8,0.0,confirmed,2024-07-18 00:00:00,2024-04-30 04:00:00
929b749b-d86c-4fa5-a006-53fdee283061,441,2023-11-29 00:00:00,3,729.0,50,87.48,72.9,cancelled,2023-12-31 00:00:00,2023-11-28 14:00:00
54a613c2-f022-4c47-8167-c61256344c37,447,2023-09-11 00:00:00,3,630.0,47,75.6,0.0,confirmed,2023-10-29 00:00:00,2023-09-10 08:00:00
52da4582-da59-4c35-87c3-fb7dad5c6813,342,2023-11-14 00:00:00,11,880.0,94,105.6,0.0,confirmed,2024-01-09 00:00:00,2023-11-13 09:00:00
e2a96c5c-50d6-4401-8381-e7fd05bddb8a,120,2024-02-04 00:00:00,4,363.0,56,43.56,36.3,cancelled,2024-05-21 00:00:00,2024-02-03 09:00:00
a9288707-b32d-4f23-95da-4215637187ee,76,2023-12-06 00:00:00,14,1309.0,140,157.08,130.9,cancelled,2024-05-13 00:00:00,2023-12-05 06:00:00
0c310bd6-493e-4325-b1fd-2c3418f926ac,480,2023-11-14 00:00:00,10,783.8,71,94.06,0.0,confirmed,2024-03-15 00:00:00,2023-11-13 03:00:00
318d13a2-f741-466e-bf72-89abe79ffa69,43,2023-10-06 00:00:00,5,1650.0,106,198.0,0.0,confirmed,2023-12-01 00:00:00,2023-10-05 16:00:00
027d4010-52a2-4af9-b8c5-840d691d1a26,143,2023-10-31 00:00:00,11,5082.0,77,609.84,0.0,confirmed,2024-03-24 00:00:00,2023-10-30 06:00:00
fb284f21-95be-4c03-8adc-0e79bfb7cde3,366,2023-09-08 00:00:00,2,255.76,52,30.69,0.0,confirmed,2023-09-21 00:00:00,2023-09-07 17:00:00
c66f52dd-b2e2-4cd0-aa1e-577d52456a27,65,2024-05-14 00:00:00,4,374.0,128,44.88,37.4,cancelled,2024-10-07 00:00:00,2024-05-13 14:00:00
76a7d7fa-7385-490c-a343-1d1c51c304c7,21,2023-11-28 00:00:00,13,2288.0,76,274.56,228.8,cancelled,2024-04-21 00:00:00,2023-11-27 23:00:00
edfe0f3e-10fe-4518-8c56-4a070b081c16,404,2023-08-07 00:00:00,2,170.0,92,20.4,17.0,cancelled,2023-12-26 00:00:00,2023-08-06 23:00:00
e6d1a29d-71ff-4c62-8576-316b770df86a,307,2023-10-23 00:00:00,14,2425.5,61,291.06,242.55,cancelled,2024-03-08 00:00:00,2023-10-22 06:00:00
02509343-be27-44da-ab15-69c68a52bfc4,386,2023-06-13 00:00:00,4,756.0,146,90.72,0.0,confirmed,2023-06-17 00:00:00,2023-06-12 06:00:00
b1abdf64-cfc2-421a-a320-edb3b26435dd,192,2023-09-07 00:00:00,6,1428.0,42,171.36,142.8,cancelled,2024-01-30 00:00:00,2023-09-06 09:00:00
16776cbd-e6ea-4454-9b8b-f168499be9b4,326,2024-05-09 00:00:00,9,2511.0,74,301.32,0.0,confirmed,2024-06-09 00:00:00,2024-05-08 04:00:00
51117a46-e814-4aa4-ba14-7f80a83faa17,306,2023-08-25 00:00:00,4,682.0,60,81.84,68.2,cancelled,2023-09-18 00:00:00,2023-08-24 16:00:00
bc2f432b-991a-440c-b46c-06cd64b2886a,19,2023-07-05 00:00:00,2,410.0,44,49.2,41.0,cancelled,2023-10-06 00:00:00,2023-07-04 21:00:00
30e205f9-407c-43ec-a3ea-844bc8eb86c6,32,2023-09-20 00:00:00,10,2240.0,125,268.8,224.0,cancelled,2024-01-14 00:00:00,2023-09-19 13:00:00
6038a0cb-b57f-41c5-affb-0c6ec41cea2c,225,2023-09-15 00:00:00,8,2296.0,127,275.52,0.0,confirmed,2023-12-29 00:00:00,2023-09-14 19:00:00
d0827082-1a36-49b5-9942-443c01859086,77,2023-06-13 00:00:00,9,1732.5,51,207.9,173.25,cancelled,2023-10-10 00:00:00,2023-06-12 09:00:00
80035245-bba5-4969-a6c6-41884581f45a,402,2023-09-14 00:00:00,14,7616.0,94,913.92,0.0,confirmed,2023-09-20 00:00:00,2023-09-13 23:00:00
e416cc61-4766-43ec-945c-b7f291c29040,421,2023-08-30 00:00:00,2,343.0,102,41.16,34.3,cancelled,2023-12-13 00:00:00,2023-08-29 11:00:00
7d65f7ba-1161-4290-b323-43c8a2402f83,69,2023-09-26 00:00:00,7,1732.5,131,207.9,0.0,confirmed,2024-01-13 00:00:00,2023-09-25 12:00:00
f75a5b21-0509-4f9a-a7e6-d92d7edff6a4,368,2023-08-07 00:00:00,6,990.0,144,118.8,0.0,confirmed,2023-10-12 00:00:00,2023-08-06 01:00:00
3957b6cf-7f72-4f92-bfbf-f5d722edd99c,276,2023-09-02 00:00:00,3,1690.5,40,202.86,169.05,cancelled,2024-01-02 00:00:00,2023-09-01 09:00:00
67ce4425-8e2b-4c10-af81-c2ba7620c7e9,156,2024-06-06 00:00:00,8,3584.0,81,430.08,0.0,confirmed,2024-07-07 00:00:00,2024-06-05 07:00:00
592c1050-ca41-4a92-b069-1d172649a695,481,2023-11-04 00:00:00,2,132.0,128,15.84,13.2,cancelled,2024-04-02 00:00:00,2023-11-03 18:00:00
e0930a53-756a-4323-b26b-a57465628fb9,435,2023-12-10 00:00:00,14,1960.0,41,235.2,0.0,confirmed,2024-03-04 00:00:00,2023-12-09 07:00:00
31df74ea-ace5-433a-be66-ffc958ab64a8,487,2024-06-14 00:00:00,2,308.0,78,36.96,0.0,confirmed,2024-11-12 00:00:00,2024-06-13 10:00:00
56a1bc84-d575-4d6d-9964-54f281dcc10e,417,2024-05-22 00:00:00,4,780.0,110,93.6,0.0,confirmed,2024-06-24 00:00:00,2024-05-21 17:00:00
d41ea25d-9c59-4b68-89eb-f8cc4385ac1f,42,2023-06-02 00:00:00,5,665.0,47,79.8,0.0,confirmed,2023-11-11 00:00:00,2023-06-01 16:00:00
f52eb4a3-0d5b-4dde-8bf8-ae9b30262363,49,2023-09-22 00:00:00,6,1296.0,142,155.52,0.0,confirmed,2023-10-09 00:00:00,2023-09-21 19:00:00
44f66a05-47a8-4248-aea5-d0c691b496e0,351,2024-03-15 00:00:00,9,1395.0,43,167.4,0.0,confirmed,2024-04-23 00:00:00,2024-03-14 23:00:00
6b2164e7-75fa-4797-be3a-2f8fb4d4bd23,335,2024-01-30 00:00:00,5,3500.0,124,420.0,350.0,cancelled,2024-06-21 00:00:00,2024-01-29 00:00:00
58f87016-2ed0-4707-915e-86537f12322d,480,2023-08-29 00:00:00,3,235.14,48,28.22,0.0,confirmed,2023-10-05 00:00:00,2023-08-28 00:00:00
77323281-4148-408a-82f4-dae75d432c6f,233,2024-05-08 00:00:00,11,1320.0,134,158.4,0.0,confirmed,2024-10-07 00:00:00,2024-05-07 22:00:00
522ee884-d581-422c-ac90-e7cb2b5a43d0,19,2023-12-12 00:00:00,13,2665.0,56,319.8,266.5,cancelled,2024-04-05 00:00:00,2023-12-11 23:00:00
4f6373f9-0b9d-42c9-a5c8-3360acf55b97,207,2024-10-05 00:00:00,9,1336.5,116,160.38,0.0,confirmed,2024-12-11 00:00:00,2024-10-04 15:00:00
b0cf3ba1-f907-42ec-ab06-d006a774be06,225,2023-05-29 00:00:00,1,287.0,80,34.44,0.0,confirmed,2023-09-12 00:00:00,2023-05-28 16:00:00
a037538e-955d-4f4f-92b7-55464b96cb21,96,2023-08-07 00:00:00,3,378.0,47,45.36,37.8,cancelled,2023-11-01 00:00:00,2023-08-06 04:00:00
fb370c6f-db2f-4f1a-96f3-6cf576416d5c,270,2023-07-28 00:00:00,5,1615.0,81,193.8,0.0,confirmed,2023-07-31 00:00:00,2023-07-27 16:00:00
203feb63-e974-4765-830d-6551392708fb,54,2023-11-20 00:00:00,10,550.0,71,66.0,55.0,cancelled,2024-02-04 00:00:00,2023-11-19 03:00:00
f0e93890-9d89-4e1c-8d42-89ab2766efc1,22,2024-04-13 00:00:00,14,3724.0,87,446.88,0.0,confirmed,2024-06-20 00:00:00,2024-04-12 18:00:00
4e9ac342-e20e-49a7-88ea-72f0d1e0f328,29,2023-11-18 00:00:00,12,3510.0,99,421.2,351.0,cancelled,2024-04-18 00:00:00,2023-11-17 15:00:00
d3f8834f-1630-4ca1-b775-c2e0c7fd5220,190,2024-01-05 00:00:00,6,1326.0,149,159.12,132.6,cancelled,2024-06-08 00:00:00,2024-01-04 14:00:00
7949bfbe-cbf0-43b3-86cc-3dd4f44af391,100,2023-11-19 00:00:00,11,2849.0,125,341.88,0.0,confirmed,2024-01-14 00:00:00,2023-11-18 06:00:00
23abc339-e941-4d12-bb5b-33c3c1fffe4a,481,2024-01-19 00:00:00,8,528.0,126,63.36,0.0,confirmed,2024-01-26 00:00:00,2024-01-18 23:00:00
92538cea-1abb-4516-83c6-ffea4b9b9775,253,2023-06-04 00:00:00,3,768.0,116,92.16,0.0,confirmed,2023-11-15 00:00:00,2023-06-03 09:00:00
592d2a10-f991-4363-b708-a5f1cadb99c0,40,2024-05-05 00:00:00,7,1540.0,108,184.8,154.0,cancelled,2024-10-03 00:00:00,2024-05-04 07:00:00
8f56d7d0-7657-46b0-a8c8-0068867659af,207,2024-05-27 00:00:00,4,594.0,60,71.28,59.4,cancelled,2024-11-15 00:00:00,2024-05-26 18:00:00
06ba9a49-41e1-4b83-b9d1-d2f3b3093124,282,2023-02-17 00:00:00,6,1386.0,124,166.32,0.0,confirmed,2023-07-11 00:00:00,2023-02-16 14:00:00
e6976425-a5af-44ae-83b1-b2087cc97e69,402,2023-10-27 00:00:00,7,3808.0,125,456.96,0.0,confirmed,2024-01-22 00:00:00,2023-10-26 00:00:00
d85646e6-a65d-4a30-bd91-ff905fd151a9,406,2024-05-11 00:00:00,9,792.0,63,95.04,0.0,confirmed,2024-07-11 00:00:00,2024-05-10 00:00:00
9cc43c40-8384-4a59-9a4f-6535e39c955d,61,2023-06-10 00:00:00,11,2541.0,133,304.92,0.0,confirmed,2023-09-20 00:00:00,2023-06-09 14:00:00
c7e53a30-211b-4512-b243-18597dd502e2,75,2023-10-31 00:00:00,12,1368.0,85,164.16,0.0,confirmed,2023-11-13 00:00:00,2023-10-30 06:00:00
ba8e7075-7905-4cdc-b54f-f6cd44bf3280,426,2023-06-09 00:00:00,6,3780.0,68,453.6,0.0,confirmed,2023-07-29 00:00:00,2023-06-08 15:00:00
5e823a98-3f70-4f13-8ac1-c8810bb294bc,440,2024-09-12 00:00:00,3,1368.0,146,164.16,0.0,confirmed,2024-10-25 00:00:00,2024-09-11 18:00:00
89cbdb99-b5cd-448f-b1db-b2615d34bbaf,500,2024-04-02 00:00:00,10,1361.2,63,163.34,0.0,confirmed,2024-09-16 00:00:00,2024-04-01 05:00:00
00f93e50-e1c6-4941-ad61-6551b8342c75,461,2024-01-23 00:00:00,14,2016.0,45,241.92,201.6,cancelled,2024-04-15 00:00:00,2024-01-22 03:00:00
7be5c4de-9c8e-4743-bded-e58bef8a9a04,246,2023-07-11 00:00:00,6,1536.0,102,184.32,0.0,confirmed,2024-01-01 00:00:00,2023-07-10 03:00:00
b122f63a-f233-41fe-b96b-cc1ea731a5c0,221,2024-01-25 00:00:00,14,8064.0,94,967.68,0.0,confirmed,2024-03-01 00:00:00,2024-01-24 02:00:00
5082067d-fc2c-4b12-a03a-97f32f9c74a2,112,2024-01-02 00:00:00,13,12480.0,49,1497.6,1248.0,cancelled,2024-06-09 00:00:00,2024-01-01 04:00:00
ddbe67e9-5c67-4905-b879-de2aed383ca5,402,2023-08-28 00:00:00,1,544.0,117,65.28,0.0,confirmed,2024-02-03 00:00:00,2023-08-27 21:00:00
59241171-82b2-418b-af6c-99437f624abe,342,2023-06-26 00:00:00,11,880.0,111,105.6,88.0,cancelled,2023-11-08 00:00:00,2023-06-25 11:00:00
de2667e8-596a-4838-8729-47930f87fb60,14,2024-02-10 00:00:00,8,4032.0,107,483.84,403.2,cancelled,2024-04-18 00:00:00,2024-02-09 10:00:00
4ce183e7-4c75-40b5-b334-dddcbf0f21b3,379,2023-09-17 00:00:00,10,9000.0,139,1080.0,900.0,cancelled,2023-12-07 00:00:00,2023-09-16 20:00:00
4189ce63-8c0d-4fd4-bc1a-03820f6ede1b,366,2024-01-16 00:00:00,12,1534.56,137,184.15,0.0,confirmed,2024-01-24 00:00:00,2024-01-15 04:00:00
f96c679e-aedd-4e30-b5f7-6185cb1939d3,307,2023-09-22 00:00:00,4,693.0,121,83.16,0.0,confirmed,2023-10-07 00:00:00,2023-09-21 09:00:00
8975a516-aa0b-4410-a93a-6336efc1f580,198,2024-02-09 00:00:00,1,152.0,117,18.24,0.0,confirmed,2024-04-23 00:00:00,2024-02-08 01:00:00
b2eb8fea-786c-4375-ada1-6ab6f52f44db,236,2023-06-10 00:00:00,12,798.0,139,95.76,0.0,confirmed,2023-11-01 00:00:00,2023-06-09 15:00:00
9da35036-f933-4752-9380-2f30747a4dbc,320,2023-11-22 00:00:00,9,4464.0,55,535.68,446.4,cancelled,2024-04-20 00:00:00,2023-11-21 23:00:00
a6bec15e-db04-4de1-876e-d457bccd8a5f,307,2023-12-02 00:00:00,4,693.0,140,83.16,0.0,confirmed,2024-05-14 00:00:00,2023-12-01 09:00:00
53e4cd3d-afb2-4c1d-8103-33b0fd18d6f4,79,2023-12-05 00:00:00,1,93.5,126,11.22,0.0,confirmed,2024-02-10 00:00:00,2023-12-04 19:00:00
dc4bea35-b45c-4ccf-85bf-925cd99096c3,197,2023-11-22 00:00:00,12,1800.0,145,216.0,180.0,cancelled,2024-02-22 00:00:00,2023-11-21 00:00:00
9a535c69-75bf-49c2-a4e4-be97cd5a670f,420,2024-04-30 00:00:00,12,969.0,44,116.28,0.0,confirmed,2024-09-08 00:00:00,2024-04-29 22:00:00
de02a0d2-e5d5-4bea-a722-06ad32cfe1ad,403,2024-06-07 00:00:00,5,1700.0,124,204.0,0.0,confirmed,2024-11-18 00:00:00,2024-06-06 21:00:00
9f06369e-b1d6-4646-a786-d0750fd6de9e,383,2024-05-07 00:00:00,8,2024.0,131,242.88,202.4,cancelled,2024-05-28 00:00:00,2024-05-06 21:00:00
6604bded-0cf1-4da8-9716-016da329e680,57,2024-07-01 00:00:00,11,4070.0,145,488.4,0.0,confirmed,2024-07-12 00:00:00,2024-06-30 19:00:00
ba9099c0-ff9c-4142-ad05-398a6f1284f6,364,2024-03-05 00:00:00,12,2400.0,88,288.0,0.0,confirmed,2024-03-31 00:00:00,2024-03-04 03:00:00
dd351fb8-4911-4316-8281-fb6ebfffaa9a,39,2024-04-24 00:00:00,2,140.24,127,16.83,0.0,confirmed,2024-05-20 00:00:00,2024-04-23 08:00:00
f3c8c417-050e-446f-b743-352b87899386,254,2023-07-25 00:00:00,14,3990.0,102,478.8,0.0,confirmed,2023-09-18 00:00:00,2023-07-24 21:00:00
a7b6c30b-1acb-45ba-9e25-b0b513549cd9,222,2023-11-08 00:00:00,6,1045.5,44,125.46,0.0,confirmed,2023-12-12 00:00:00,2023-11-07 10:00:00
961c8057-d3b4-444f-9d62-aa3be3b45df5,130,2023-09-01 00:00:00,6,866.28,75,103.95,86.63,cancelled,2024-02-13 00:00:00,2023-08-31 05:00:00
8ad19c35-7e1c-44df-99a5-0f87b462dde4,400,2023-10-24 00:00:00,6,627.0,79,75.24,62.7,cancelled,2024-01-28 00:00:00,2023-10-23 12:00:00
da205d09-3759-46ff-92e2-5773a16b1c5c,259,2024-06-19 00:00:00,7,1771.0,96,212.52,0.0,confirmed,2024-07-04 00:00:00,2024-06-18 02:00:00
48e35bc7-acad-449a-a43b-97ba5ed22d99,106,2024-05-29 00:00:00,1,80.75,87,9.69,0.0,confirmed,2024-08-03 00:00:00,2024-05-28 19:00:00
6eb77b1c-2f44-4fa5-b7d2-0c60eb722685,292,2023-02-19 00:00:00,11,1089.0,121,130.68,108.9,cancelled,2023-06-10 00:00:00,2023-02-18 07:00:00
a75c4066-080a-4eb3-9287-932aeed92b62,201,2024-08-14 00:00:00,11,998.25,138,119.79,0.0,confirmed,2024-11-03 00:00:00,2024-08-13 14:00:00
4ef57c42-3b00-429b-a83f-1c4c968a7176,215,2024-05-06 00:00:00,3,643.5,43,77.22,0.0,confirmed,2024-06-30 00:00:00,2024-05-05 04:00:00
6959888c-c38c-447d-a2ac-67dbd1e74391,11,2023-05-29 00:00:00,13,1605.5,150,192.66,0.0,confirmed,2023-10-02 00:00:00,2023-05-28 20:00:00
98fe0b11-e410-45df-b239-2a0e4e37de3f,486,2023-09-11 00:00:00,14,2940.0,82,352.8,294.0,cancelled,2024-01-21 00:00:00,2023-09-10 13:00:00
2b5eee42-c837-490b-9f8b-9ec3a7a9db2e,191,2024-06-19 00:00:00,14,3332.0,140,399.84,333.2,cancelled,2024-12-06 00:00:00,2024-06-18 16:00:00
0dcae54e-42f0-4b1f-a364-03a8b7f3ebec,387,2024-03-04 00:00:00,5,770.0,84,92.4,0.0,confirmed,2024-07-17 00:00:00,2024-03-03 09:00:00
5bd8a0b7-d20a-49e1-a364-4c27fcb64e84,100,2024-03-15 00:00:00,9,2331.0,98,279.72,0.0,confirmed,2024-04-10 00:00:00,2024-03-14 00:00:00
b3942615-2edc-4893-94ca-1e6ae442ff18,108,2023-06-11 00:00:00,9,2511.0,139,301.32,0.0,confirmed,2023-10-31 00:00:00,2023-06-10 23:00:00
1c999614-5ed6-4b67-b897-e46cd5e03099,82,2023-04-24 00:00:00,6,1311.0,54,157.32,0.0,confirmed,2023-08-20 00:00:00,2023-04-23 01:00:00
5cb368c5-e5c2-46fc-990b-43a1083bb6a2,384,2023-08-04 00:00:00,10,5700.0,87,684.0,0.0,confirmed,2023-12-19 00:00:00,2023-08-03 23:00:00
45798d1a-b9f2-432b-b5e5-b28a9bf0b860,472,2023-12-16 00:00:00,5,600.0,99,72.0,0.0,confirmed,2024-05-14 00:00:00,2023-12-15 22:00:00
eeda8283-6d41-4546-9e81-4e43f0d05389,280,2023-10-04 00:00:00,10,2475.0,72,297.0,0.0,confirmed,2023-10-30 00:00:00,2023-10-03 23:00:00
a8140659-5887-4f2c-b609-b28220ae8433,132,2023-12-04 00:00:00,10,4340.0,119,520.8,0.0,confirmed,2024-02-22 00:00:00,2023-12-03 18:00:00
aa100656-ca85-4ea1-bb38-b149ffc1022d,93,2024-01-14 00:00:00,6,672.0,83,80.64,0.0,confirmed,2024-03-23 00:00:00,2024-01-13 15:00:00
a1cdd449-f341-43ec-b5d8-c2d5de25dd27,76,2023-07-29 00:00:00,5,467.5,43,56.1,46.75,cancelled,2024-01-19 00:00:00,2023-07-28 10:00:00
c24372b5-d689-4b0e-8bb9-15d755a44e07,346,2023-09-30 00:00:00,11,1672.0,106,200.64,167.2,cancelled,2023-10-13 00:00:00,2023-09-29 01:00:00
a9774b05-2050-4fbb-931c-b7b4e86e2da2,135,2023-05-01 00:00:00,12,2304.0,116,276.48,0.0,confirmed,2023-06-03 00:00:00,2023-04-30 19:00:00
0a0e08f2-6b0e-454d-a90f-65bdae768fe9,107,2024-03-06 00:00:00,12,1980.0,110,237.6,0.0,confirmed,2024-07-13 00:00:00,2024-03-05 17:00:00
ab077bf7-59ca-492c-b6b8-52910f621ba5,363,2023-03-29 00:00:00,8,2640.0,57,316.8,264.0,cancelled,2023-07-04 00:00:00,2023-03-28 13:00:00
5635ccc4-d068-4d3a-92e6-21c4c6700630,472,2023-12-10 00:00:00,11,1320.0,112,158.4,0.0,confirmed,2024-03-12 00:00:00,2023-12-09 08:00:00
198c81fc-5a93-4a7a-8c22-c46f00195ad4,258,2024-04-21 00:00:00,6,672.0,59,80.64,67.2,cancelled,2024-09-10 00:00:00,2024-04-20 05:00:00
d22de867-f506-461e-85eb-adcf1f0f60c5,24,2024-01-08 00:00:00,2,252.0,84,30.24,0.0,confirmed,2024-02-09 00:00:00,2024-01-07 05:00:00
e0c926c2-b8bd-4703-bd1d-7b7002436175,154,2023-12-13 00:00:00,12,4851.0,67,582.12,0.0,confirmed,2024-03-01 00:00:00,2023-12-12 13:00:00
d219bb56-eeee-44c4-b3f6-42124eaf6805,156,2024-02-07 00:00:00,2,896.0,121,107.52,0.0,confirmed,2024-02-28 00:00:00,2024-02-06 04:00:00
62251be4-d253-4ab4-b080-42ff2dc38b0f,353,2023-07-24 00:00:00,9,1386.0,114,166.32,138.6,cancelled,2023-12-18 00:00:00,2023-07-23 09:00:00
4af28e94-bec5-4e52-a86a-344b02e21662,20,2023-11-25 00:00:00,2,506.0,90,60.72,0.0,confirmed,2024-01-25 00:00:00,2023-11-24 08:00:00
bcbb9859-2898-4b19-9112-0b48a493ffd8,320,2023-09-29 00:00:00,10,4960.0,91,595.2,496.0,cancelled,2024-02-11 00:00:00,2023-09-28 19:00:00
8cc103d3-5f6b-4eb9-8d46-32dd0b476b45,222,2023-07-24 00:00:00,10,1742.5,139,209.1,174.25,cancelled,2024-01-01 00:00:00,2023-07-23 08:00:00
1f1cfb79-dc9a-484a-b815-14c93bb286c2,264,2023-12-14 00:00:00,14,3024.0,70,362.88,0.0,confirmed,2024-03-17 00:00:00,2023-12-13 02:00:00
23932e70-46d4-4a46-a816-87aea364c280,213,2023-09-01 00:00:00,2,857.5,150,102.9,0.0,confirmed,2023-10-15 00:00:00,2023-08-31 04:00:00
d08129d1-8848-49a1-9762-c0e81e1c81e2,32,2024-03-06 00:00:00,6,1344.0,59,161.28,134.4,cancelled,2024-07-15 00:00:00,2024-03-05 11:00:00
02457eb4-004f-441d-8df1-2d9303b21260,137,2024-02-16 00:00:00,1,147.25,93,17.67,0.0,confirmed,2024-04-17 00:00:00,2024-02-15 16:00:00
07715b62-0cab-4238-bada-aa3b37183a85,168,2023-05-27 00:00:00,7,1097.25,140,131.67,0.0,confirmed,2023-10-26 00:00:00,2023-05-26 00:00:00
8645918e-f3cf-4d3b-9d3d-547c67ebc1aa,213,2023-09-01 00:00:00,4,1715.0,96,205.8,0.0,confirmed,2023-10-03 00:00:00,2023-08-31 02:00:00
129a1113-4f4e-4305-8afe-1e96b2d4a878,339,2023-07-29 00:00:00,4,704.0,50,84.48,0.0,confirmed,2023-08-04 00:00:00,2023-07-28 04:00:00
4c690d20-cade-4f6f-80a5-5eeff1f6e3ab,26,2024-03-01 00:00:00,9,519.75,94,62.37,51.98,cancelled,2024-08-11 00:00:00,2024-02-29 06:00:00
d09afb46-a5f0-4074-ad66-ff52877ff263,21,2023-05-24 00:00:00,13,2288.0,141,274.56,0.0,confirmed,2023-06-04 00:00:00,2023-05-23 14:00:00
a89c19ac-61f0-4304-ac69-123161505c7e,387,2024-08-08 00:00:00,9,1386.0,97,166.32,0.0,confirmed,2024-11-06 00:00:00,2024-08-07 14:00:00
aa4b6db9-2128-47c5-b75d-a43d4b2cb4b3,9,2024-01-04 00:00:00,11,1452.0,121,174.24,0.0,confirmed,2024-05-14 00:00:00,2024-01-03 16:00:00
992a98de-09a6-4fa7-87d5-444942ce8a7b,120,2023-11-04 00:00:00,14,1270.5,84,152.46,0.0,confirmed,2024-03-10 00:00:00,2023-11-03 16:00:00
93f69f95-1405-4be4-9e70-6e13b916a6e2,424,2023-08-18 00:00:00,13,2275.0,57,273.0,0.0,confirmed,2023-08-30 00:00:00,2023-08-17 02:00:00
29db511b-7752-47f2-9480-8355a1cc6b06,480,2024-05-01 00:00:00,1,78.38,47,9.41,7.84,cancelled,2024-10-27 00:00:00,2024-04-30 17:00:00
cfd1fdae-3756-4b2b-a647-3d707f314a8e,365,2023-03-06 00:00:00,1,126.0,141,15.12,12.6,cancelled,2023-08-13 00:00:00,2023-03-05 19:00:00
258fd27e-acae-4a24-babf-33a38e05b587,470,2024-08-31 00:00:00,7,931.0,147,111.72,0.0,confirmed,2024-10-27 00:00:00,2024-08-30 01:00:00
414824ac-977a-4804-a1b7-8700c3786610,381,2023-08-12 00:00:00,14,9996.0,126,1199.52,0.0,confirmed,2023-11-04 00:00:00,2023-08-11 03:00:00
d69bf96f-bde2-4ab6-97c0-57e94ccc796c,186,2023-12-08 00:00:00,2,960.0,65,115.2,0.0,confirmed,2024-04-24 00:00:00,2023-12-07 20:00:00
45561f9b-773d-44ff-8d20-94d947243d78,298,2023-01-23 00:00:00,1,147.25,122,17.67,0.0,confirmed,2023-05-03 00:00:00,2023-01-22 15:00:00
73275b41-7c9b-4b4a-bf12-4892502cb41e,434,2023-10-07 00:00:00,11,2904.0,135,348.48,0.0,confirmed,2024-03-05 00:00:00,2023-10-06 12:00:00
3579fd3d-0bc9-4027-b124-45bfbead86c2,279,2024-04-29 00:00:00,11,2904.0,51,348.48,290.4,cancelled,2024-07-12 00:00:00,2024-04-28 11:00:00
1d264b52-1a4b-40b3-8ae9-57b72b56b159,182,2024-04-09 00:00:00,12,3840.0,129,460.8,384.0,cancelled,2024-09-13 00:00:00,2024-04-08 00:00:00
30620ccc-e4f9-4ecf-af2a-93805e2ac4c1,156,2023-11-28 00:00:00,5,2240.0,72,268.8,0.0,confirmed,2024-03-23 00:00:00,2023-11-27 21:00:00
e92616d8-4089-4920-84d4-b32e0d015f80,24,2023-12-11 00:00:00,3,378.0,149,45.36,0.0,confirmed,2023-12-19 00:00:00,2023-12-10 06:00:00
4c375e6a-b343-4a59-9a23-df84d0742d59,399,2023-11-18 00:00:00,9,1485.0,83,178.2,0.0,confirmed,2024-02-07 00:00:00,2023-11-17 03:00:00
ea8f2969-304a-4b1a-9deb-e994e017c850,44,2023-09-18 00:00:00,13,2275.0,143,273.0,0.0,confirmed,2024-02-10 00:00:00,2023-09-17 23:00:00
c6f8ee7f-6d70-4117-9a11-767de5cb163d,157,2024-08-25 00:00:00,2,341.0,114,40.92,34.1,cancelled,2024-12-01 00:00:00,2024-08-24 03:00:00
62977fc9-4756-470c-bee5-70db8ef12c22,151,2024-08-31 00:00:00,8,4760.0,88,571.2,0.0,confirmed,2024-09-05 00:00:00,2024-08-30 18:00:00
f5dee9a9-a6c5-4515-8db0-6f565ac593ec,422,2023-09-08 00:00:00,8,1216.0,99,145.92,121.6,cancelled,2023-09-13 00:00:00,2023-09-07 06:00:00
740efea5-acdf-4b1b-aa46-abc8b4f5870b,101,2024-03-07 00:00:00,6,2244.0,85,269.28,0.0,confirmed,2024-06-19 00:00:00,2024-03-06 01:00:00
228a8a38-0547-4f2f-b7e1-d22b5f18aa69,29,2023-08-13 00:00:00,11,3217.5,75,386.1,0.0,confirmed,2023-09-23 00:00:00,2023-08-12 02:00:00
4df3f0bc-c020-4f1a-9ba1-f1036a3516a0,13,2024-04-26 00:00:00,3,612.0,123,73.44,0.0,confirmed,2024-05-14 00:00:00,2024-04-25 23:00:00
29ffe9e8-8a78-49f2-8058-2654be9c8a69,223,2023-12-04 00:00:00,3,528.0,71,63.36,0.0,confirmed,2024-03-15 00:00:00,2023-12-03 04:00:00
df82d49e-136f-40b4-9f9e-f6154f4808e9,111,2024-06-24 00:00:00,14,4046.0,49,485.52,404.6,cancelled,2024-10-06 00:00:00,2024-06-23 04:00:00
5bb44c3c-1d2c-4c1c-9b8f-6f6da771a9de,264,2024-03-07 00:00:00,9,1944.0,79,233.28,194.4,cancelled,2024-07-10 00:00:00,2024-03-06 12:00:00
6b59a77a-ec52-4b26-8fa8-cafff08b4e38,114,2023-06-04 00:00:00,6,1824.0,120,218.88,0.0,confirmed,2023-07-27 00:00:00,2023-06-03 11:00:00
1a4ae7f4-1a55-47f6-8e63-0e7575c72d53,408,2023-11-07 00:00:00,12,1440.0,133,172.8,144.0,cancelled,2023-12-30 00:00:00,2023-11-06 16:00:00
60ee00c7-7cfb-4eac-a1c7-5581fd828a50,227,2023-09-08 00:00:00,2,238.0,57,28.56,0.0,confirmed,2024-02-20 00:00:00,2023-09-07 03:00:00
86c2a805-f927-4ff2-a117-56841e9076b6,47,2024-07-29 00:00:00,12,1596.0,49,191.52,0.0,confirmed,2024-12-01 00:00:00,2024-07-28 09:00:00
a7d1f9b8-e753-4310-b115-6aedcd75fb5b,215,2024-04-10 00:00:00,10,2145.0,109,257.4,214.5,cancelled,2024-09-24 00:00:00,2024-04-09 15:00:00
d1338d51-946d-49d9-b01d-a166cf26d8c4,86,2024-05-06 00:00:00,12,798.0,98,95.76,0.0,confirmed,2024-11-01 00:00:00,2024-05-05 06:00:00
3ec4b36b-79db-4633-bc0e-352fdd1236d9,238,2024-03-03 00:00:00,13,3185.0,59,382.2,0.0,confirmed,2024-05-06 00:00:00,2024-03-02 20:00:00
db91fd3e-c1b5-4d2d-9f4d-1a5828cc10c5,16,2024-07-24 00:00:00,10,1850.0,55,222.0,0.0,confirmed,2024-11-18 00:00:00,2024-07-23 15:00:00
7acf35db-d2b7-45ed-a1c3-c1d1a0749bcf,21,2023-08-11 00:00:00,5,880.0,102,105.6,88.0,cancelled,2023-10-13 00:00:00,2023-08-10 20:00:00
eb72744f-a633-405e-8ba8-f876d1184603,443,2023-11-30 00:00:00,8,4340.0,131,520.8,0.0,confirmed,2023-12-08 00:00:00,2023-11-29 08:00:00
137f7d33-829e-4040-8d63-864c12eda3bf,31,2023-11-14 00:00:00,4,704.0,141,84.48,0.0,confirmed,2024-04-18 00:00:00,2023-11-13 05:00:00
481b57bf-1103-454c-af2d-dc5e8e783d96,39,2024-07-12 00:00:00,9,631.08,44,75.73,63.11,cancelled,2024-10-13 00:00:00,2024-07-11 07:00:00
464c1477-0c64-4653-bf7f-1e4eed941324,228,2024-01-03 00:00:00,4,570.0,143,68.4,0.0,confirmed,2024-01-18 00:00:00,2024-01-02 05:00:00
634337c5-1a51-4e07-819c-6c9287b9c76c,209,2023-11-12 00:00:00,4,644.0,62,77.28,0.0,confirmed,2024-02-07 00:00:00,2023-11-11 15:00:00
46db0267-a212-48d6-ab4c-c6a4b4b96219,218,2023-12-16 00:00:00,8,1360.0,130,163.2,0.0,confirmed,2024-04-28 00:00:00,2023-12-15 02:00:00
7573bfef-68d8-4465-b9fc-9d8376f95873,127,2023-07-17 00:00:00,8,800.0,50,96.0,0.0,confirmed,2023-11-25 00:00:00,2023-07-16 02:00:00
e16484b1-b37b-470f-8b67-a0b1c5cc6bfb,88,2023-10-02 00:00:00,4,320.0,148,38.4,32.0,cancelled,2023-12-04 00:00:00,2023-10-01 19:00:00
8cfd5f9c-ff7d-4092-8216-32442a6bddac,195,2023-08-29 00:00:00,12,3276.0,142,393.12,0.0,confirmed,2024-01-26 00:00:00,2023-08-28 08:00:00
3927c4d7-cb7a-4b5e-863e-8e0d5f43fbc8,301,2024-05-29 00:00:00,14,2450.0,150,294.0,0.0,confirmed,2024-08-17 00:00:00,2024-05-28 03:00:00
922cb89b-0650-42e1-acd7-a6d691d2bd9a,495,2023-05-22 00:00:00,12,1599.0,61,191.88,0.0,confirmed,2023-10-19 00:00:00,2023-05-21 18:00:00
3f3e5d8a-8d97-48d6-8295-0cc7237a20b0,268,2023-10-10 00:00:00,8,3968.0,136,476.16,0.0,confirmed,2024-02-26 00:00:00,2023-10-09 01:00:00
d17d44d8-4060-47c6-8b70-3f4b1164328f,63,2023-09-02 00:00:00,14,5880.0,60,705.6,0.0,confirmed,2023-10-31 00:00:00,2023-09-01 03:00:00
d5152741-597f-4863-9342-d603e1c368f0,457,2023-12-06 00:00:00,3,448.5,79,53.82,0.0,confirmed,2024-04-05 00:00:00,2023-12-05 04:00:00
3b462fdc-9210-431d-8ebf-3c2fbf3bacce,442,2023-07-14 00:00:00,14,3038.0,91,364.56,0.0,confirmed,2023-12-29 00:00:00,2023-07-13 02:00:00
d7d8897b-da01-42a9-89ee-8fd010d80a52,393,2023-02-28 00:00:00,11,5698.0,64,683.76,0.0,confirmed,2023-07-12 00:00:00,2023-02-27 10:00:00
df0f5679-0f39-4c1c-a6ac-340a81ded02e,60,2024-07-12 00:00:00,1,70.12,132,8.41,7.01,cancelled,2024-09-16 00:00:00,2024-07-11 08:00:00
ccf3887a-4751-4f1f-8925-4f67c67be717,177,2023-11-11 00:00:00,10,990.0,126,118.8,0.0,confirmed,2023-11-25 00:00:00,2023-11-10 22:00:00
0120ada3-90c4-4c3b-985f-fabd09b1252e,390,2023-05-27 00:00:00,2,528.0,95,63.36,0.0,confirmed,2023-08-18 00:00:00,2023-05-26 10:00:00
32674269-c418-4333-8c89-6eeec6e71d31,437,2024-03-27 00:00:00,5,437.5,81,52.5,0.0,confirmed,2024-09-17 00:00:00,2024-03-26 05:00:00
e1e14ebf-7e11-4331-b20f-c2dbf871bef9,345,2024-01-18 00:00:00,7,1155.0,112,138.6,0.0,confirmed,2024-06-27 00:00:00,2024-01-17 07:00:00
64fcd8dc-d15a-4619-8295-5dd400614bfc,390,2023-02-20 00:00:00,14,3696.0,114,443.52,369.6,cancelled,2023-08-04 00:00:00,2023-02-19 10:00:00
74122eb7-19a8-406d-8454-46ad82c7d23c,242,2023-12-24 00:00:00,11,3811.5,47,457.38,381.15,cancelled,2024-05-12 00:00:00,2023-12-23 07:00:00
af889539-d4a6-4bed-9286-d0ecf48fc7ea,165,2023-09-22 00:00:00,3,420.0,136,50.4,0.0,confirmed,2024-02-19 00:00:00,2023-09-21 18:00:00
5eef605b-a9c0-484b-b91f-e6a252aa881a,105,2024-05-04 00:00:00,14,864.5,56,103.74,0.0,confirmed,2024-06-26 00:00:00,2024-05-03 01:00:00
c979beb7-922c-4b60-ab7e-c0ce9dd465d1,148,2023-09-19 00:00:00,3,1212.75,44,145.53,0.0,confirmed,2024-01-15 00:00:00,2023-09-18 07:00:00
1dca6baa-5d7a-4821-838a-36e9bb4ae66e,233,2024-01-31 00:00:00,2,240.0,53,28.8,0.0,confirmed,2024-02-27 00:00:00,2024-01-30 00:00:00
8c0b9775-bf8d-449d-885f-2a958d1325b6,214,2024-03-18 00:00:00,3,660.0,46,79.2,0.0,confirmed,2024-04-22 00:00:00,2024-03-17 17:00:00
07cc5bcf-033a-41b0-88d1-7a5fb21c8157,259,2024-02-29 00:00:00,1,253.0,74,30.36,25.3,cancelled,2024-04-22 00:00:00,2024-02-28 08:00:00
bd282453-af58-4d31-b291-30778d7fbaae,307,2023-06-17 00:00:00,5,866.25,69,103.95,0.0,confirmed,2023-10-08 00:00:00,2023-06-16 10:00:00
d0ef4df0-4287-4f8c-ab33-23d39185939e,93,2024-03-28 00:00:00,9,1008.0,76,120.96,100.8,cancelled,2024-06-19 00:00:00,2024-03-27 17:00:00
b30a3da5-afa0-4f39-9b79-45fd48632c99,220,2023-09-27 00:00:00,2,420.0,134,50.4,0.0,confirmed,2024-03-03 00:00:00,2023-09-26 23:00:00
027d16a9-983b-48fa-8b1f-cd46983e97a9,250,2023-01-12 00:00:00,14,3584.0,88,430.08,358.4,cancelled,2023-06-28 00:00:00,2023-01-11 21:00:00
4bb6c800-8bf1-425c-b434-94fdf99f49db,62,2023-12-01 00:00:00,2,320.0,102,38.4,0.0,confirmed,2024-01-13 00:00:00,2023-11-30 19:00:00
f1def920-8afc-4769-9c19-a962b8042108,457,2024-05-16 00:00:00,2,299.0,112,35.88,29.9,cancelled,2024-06-07 00:00:00,2024-05-15 14:00:00
34275fe6-54a6-494e-8aa2-b366a3cd6823,132,2024-05-30 00:00:00,3,1302.0,147,156.24,0.0,confirmed,2024-07-12 00:00:00,2024-05-29 00:00:00
5bc5b0c5-18c9-4a69-bdf4-3e913ce4fece,351,2024-02-01 00:00:00,11,1705.0,100,204.6,0.0,confirmed,2024-06-22 00:00:00,2024-01-31 17:00:00
85761e70-c9d7-40f3-93a8-7ef9c32ffeb2,242,2024-09-02 00:00:00,14,4851.0,83,582.12,485.1,cancelled,2024-12-25 00:00:00,2024-09-01 05:00:00
c8880e40-d57d-4223-8d95-79621aa680bb,256,2024-05-07 00:00:00,5,1500.0,75,180.0,0.0,confirmed,2024-08-21 00:00:00,2024-05-06 01:00:00
da6a2772-ccca-4efe-b516-dd8d28a87605,334,2024-07-27 00:00:00,9,3348.0,146,401.76,0.0,confirmed,2024-08-14 00:00:00,2024-07-26 09:00:00
daebed2c-826e-4b09-b5b1-9b85f09af14c,137,2023-06-18 00:00:00,8,1178.0,110,141.36,0.0,confirmed,2023-10-17 00:00:00,2023-06-17 14:00:00
bace8e60-0252-43dd-b574-dbcfed68cc76,427,2024-01-18 00:00:00,14,1197.0,46,143.64,119.7,cancelled,2024-06-04 00:00:00,2024-01-17 08:00:00
d4bf1108-ca2a-4fde-b370-134cfcee4ea6,128,2023-02-27 00:00:00,13,6552.0,99,786.24,0.0,confirmed,2023-08-16 00:00:00,2023-02-26 08:00:00
8853a303-48b1-4672-8ff2-10fb54473f71,15,2024-02-26 00:00:00,10,5635.0,79,676.2,563.5,cancelled,2024-07-05 00:00:00,2024-02-25 23:00:00
c037604b-7f78-4454-a01b-0fa3754aba2d,357,2024-04-29 00:00:00,5,618.75,125,74.25,0.0,confirmed,2024-09-07 00:00:00,2024-04-28 06:00:00
7f674ba1-c7a4-444a-a3c7-19d0c634de45,258,2024-03-21 00:00:00,2,224.0,114,26.88,0.0,confirmed,2024-05-21 00:00:00,2024-03-20 07:00:00
9565b29f-e7a4-4478-bce6-6ecf875b03a4,227,2023-08-05 00:00:00,10,1190.0,110,142.8,0.0,confirmed,2023-09-23 00:00:00,2023-08-04 15:00:00
e9497f15-682a-4152-bce7-55e9b4beb32d,460,2024-01-15 00:00:00,2,680.0,68,81.6,0.0,confirmed,2024-02-14 00:00:00,2024-01-14 05:00:00
16d9d056-fe6e-4b76-b532-d06ee962fd51,423,2024-03-31 00:00:00,14,4536.0,49,544.32,453.6,cancelled,2024-07-07 00:00:00,2024-03-30 18:00:00
5f683ee6-9880-4cc9-8438-aae0766687de,346,2023-06-11 00:00:00,4,608.0,110,72.96,0.0,confirmed,2023-06-22 00:00:00,2023-06-10 18:00:00
4f3fe23f-41af-4564-bb15-a6b7cbed805b,372,2024-01-08 00:00:00,1,224.0,115,26.88,0.0,confirmed,2024-03-07 00:00:00,2024-01-07 21:00:00
f6a19376-7d01-4768-bd0c-e34b4e284667,112,2023-08-29 00:00:00,2,1920.0,111,230.4,0.0,confirmed,2023-09-20 00:00:00,2023-08-28 19:00:00
c9725a61-c49c-40ad-91fc-ba8ee7fe7279,233,2024-07-15 00:00:00,13,1560.0,43,187.2,0.0,confirmed,2024-08-13 00:00:00,2024-07-14 10:00:00
7aec04bd-a133-473b-9ba9-2a34aa9e007a,406,2024-02-05 00:00:00,12,1056.0,135,126.72,0.0,confirmed,2024-03-11 00:00:00,2024-02-04 01:00:00
994c8040-0a52-42cc-9ce9-6529de40d73b,401,2023-06-25 00:00:00,12,5472.0,57,656.64,0.0,confirmed,2023-07-04 00:00:00,2023-06-24 01:00:00
4587cd21-b64b-4e80-95cf-26366fe70aec,238,2023-12-31 00:00:00,4,980.0,118,117.6,0.0,confirmed,2024-06-26 00:00:00,2023-12-30 19:00:00
04bfee6e-9892-45c8-96b5-5698ae5bf5bb,67,2023-12-10 00:00:00,10,1680.0,142,201.6,168.0,cancelled,2024-02-28 00:00:00,2023-12-09 11:00:00
6eb61ce2-5f31-410b-9efe-245e4711a6fb,225,2023-12-10 00:00:00,13,3731.0,77,447.72,0.0,confirmed,2024-05-04 00:00:00,2023-12-09 17:00:00
3dcdf2f5-b1dc-455b-bdd0-32b813565581,267,2023-11-17 00:00:00,14,4256.0,78,510.72,0.0,confirmed,2024-02-13 00:00:00,2023-11-16 18:00:00
c20a2e7b-f0c6-4783-b06f-70fe107b5411,53,2024-01-18 00:00:00,10,1155.0,107,138.6,0.0,confirmed,2024-04-16 00:00:00,2024-01-17 04:00:00
1eb34dc0-f4c4-4b32-9b0e-acbd2e179176,86,2024-04-18 00:00:00,12,798.0,57,95.76,79.8,cancelled,2024-10-09 00:00:00,2024-04-17 03:00:00
dde84533-5010-4bc6-a59b-bf63636f114f,96,2023-10-13 00:00:00,4,504.0,91,60.48,0.0,confirmed,2023-12-22 00:00:00,2023-10-12 04:00:00
1627d490-8d79-494d-b8be-b677781cf4c4,306,2023-08-28 00:00:00,11,1875.5,63,225.06,0.0,confirmed,2024-02-05 00:00:00,2023-08-27 06:00:00
73ee0b0b-d426-4454-842b-735e8d46014e,250,2023-04-22 00:00:00,3,768.0,88,92.16,0.0,confirmed,2023-10-12 00:00:00,2023-04-21 04:00:00
557baea5-04e4-4be2-afed-7d3d077ffc50,102,2023-12-12 00:00:00,4,280.0,138,33.6,0.0,confirmed,2024-03-09 00:00:00,2023-12-11 04:00:00
73a61f16-5e15-42d6-8cce-04ad5de6958d,196,2024-05-20 00:00:00,7,2016.0,74,241.92,201.6,cancelled,2024-08-30 00:00:00,2024-05-19 19:00:00
12f27274-5197-40de-9cb9-03a6fef931ff,165,2023-07-20 00:00:00,11,1540.0,82,184.8,0.0,confirmed,2023-07-29 00:00:00,2023-07-19 09:00:00
019a7dfa-276b-4385-add5-846a2a2c1aaa,291,2023-08-26 00:00:00,1,429.0,70,51.48,0.0,confirmed,2023-11-12 00:00:00,2023-08-25 17:00:00
a9aedeba-c479-4a74-9664-13a6aaa78e0c,36,2023-04-16 00:00:00,1,77.0,117,9.24,0.0,confirmed,2023-07-13 00:00:00,2023-04-15 13:00:00
1edb9e3f-159d-44d4-9f67-d29dfb2c219a,89,2023-12-07 00:00:00,4,1426.0,137,171.12,0.0,confirmed,2024-01-20 00:00:00,2023-12-06 13:00:00
08866246-2b6d-41eb-a71f-f908a99466a1,74,2023-06-22 00:00:00,7,1176.0,147,141.12,117.6,cancelled,2023-10-30 00:00:00,2023-06-21 05:00:00
1704af1e-e4a1-4454-95bb-104403f8644b,452,2024-01-17 00:00:00,9,2160.0,100,259.2,216.0,cancelled,2024-05-06 00:00:00,2024-01-16 14:00:00
12a2bc21-e9cf-4723-a557-4038bd70d19b,132,2024-02-01 00:00:00,7,3038.0,61,364.56,0.0,confirmed,2024-07-03 00:00:00,2024-01-31 17:00:00
1e31b0f4-c9dc-4b6e-a697-add6577091c0,37,2023-08-09 00:00:00,11,4620.0,144,554.4,462.0,cancelled,2024-01-09 00:00:00,2023-08-08 07:00:00
ad21515d-6e0f-4dc3-911e-e037f5c64090,326,2024-10-11 00:00:00,8,2232.0,136,267.84,0.0,confirmed,2024-10-29 00:00:00,2024-10-10 18:00:00
2931a8b0-241f-48f2-b31c-c745f06f5aa0,115,2023-07-19 00:00:00,12,858.0,134,102.96,85.8,cancelled,2023-11-30 00:00:00,2023-07-18 21:00:00
2a846f96-a707-4925-b873-153e5f1b3315,425,2024-01-01 00:00:00,11,935.0,87,112.2,0.0,confirmed,2024-05-29 00:00:00,2023-12-31 08:00:00
187fe6ed-15bd-45df-83a7-55b8d370e1bc,183,2024-08-18 00:00:00,13,1501.5,87,180.18,0.0,confirmed,2024-09-09 00:00:00,2024-08-17 16:00:00
5ba60d4a-e287-47a2-bdbd-ba01d99a4715,320,2023-09-10 00:00:00,8,3968.0,113,476.16,0.0,confirmed,2023-11-08 00:00:00,2023-09-09 00:00:00
35e4a89c-6ec4-4d83-99bb-d4dfef4634f9,278,2023-06-28 00:00:00,1,192.0,111,23.04,0.0,confirmed,2023-12-05 00:00:00,2023-06-27 06:00:00
5ba500d5-3f8d-4c8a-ae11-860f02952a0e,122,2024-06-04 00:00:00,3,156.75,135,18.81,0.0,confirmed,2024-09-23 00:00:00,2024-06-03 19:00:00
7afa8508-d381-40f3-be76-9339abd42552,232,2023-06-17 00:00:00,10,1520.0,58,182.4,0.0,confirmed,2023-11-04 00:00:00,2023-06-16 11:00:00
08395819-8536-4b92-a366-ffe47ad47193,114,2024-02-14 00:00:00,2,608.0,91,72.96,0.0,confirmed,2024-07-07 00:00:00,2024-02-13 02:00:00
b40dba1d-4053-470a-8d4d-c59e0bd4b07f,107,2023-11-08 00:00:00,3,495.0,91,59.4,49.5,cancelled,2024-03-23 00:00:00,2023-11-07 03:00:00
2601a1d4-8583-4c6f-a498-38bae85d4c12,456,2023-09-27 00:00:00,4,880.0,96,105.6,0.0,confirmed,2023-10-26 00:00:00,2023-09-26 10:00:00
878ec539-2f25-4ae4-b782-6f6d6d9be924,110,2023-05-01 00:00:00,1,175.5,93,21.06,0.0,confirmed,2023-06-22 00:00:00,2023-04-30 07:00:00
cf5ed27e-810a-4638-8420-086c0f1cd58f,243,2023-09-15 00:00:00,2,1134.0,49,136.08,0.0,confirmed,2023-09-21 00:00:00,2023-09-14 12:00:00
d21f4c51-732c-4cc9-adc7-5e24089f50cd,408,2023-12-21 00:00:00,12,1440.0,66,172.8,0.0,confirmed,2023-12-27 00:00:00,2023-12-20 08:00:00
e527d21a-8239-4597-a957-a6bd196c98ad,370,2024-02-13 00:00:00,9,816.75,135,98.01,81.68,cancelled,2024-05-18 00:00:00,2024-02-12 11:00:00
59f91b40-bbe4-4c6f-8f7a-55fb147fe628,292,2023-10-14 00:00:00,9,891.0,86,106.92,89.1,cancelled,2024-01-19 00:00:00,2023-10-13 10:00:00
007cfc54-c3a5-41ed-a192-cddc444f8b81,426,2023-09-13 00:00:00,4,2520.0,94,302.4,0.0,confirmed,2023-09-22 00:00:00,2023-09-12 21:00:00
0efaddb6-c5f1-45ea-9dec-92688316cfd5,465,2023-10-27 00:00:00,6,2016.0,48,241.92,201.6,cancelled,2023-12-31 00:00:00,2023-10-26 11:00:00
6ae97520-4813-4e9c-af0c-eb92db81abc3,21,2023-04-08 00:00:00,1,176.0,140,21.12,17.6,cancelled,2023-08-25 00:00:00,2023-04-07 12:00:00
6f6f011c-964c-4bda-b8a7-337bdd1e2e1e,192,2023-12-14 00:00:00,12,2856.0,46,342.72,0.0,confirmed,2024-01-22 00:00:00,2023-12-13 11:00:00
d9ff3124-2313-4e14-aacb-707044ace8de,445,2023-12-11 00:00:00,5,3330.0,130,399.6,333.0,cancelled,2024-04-01 00:00:00,2023-12-10 12:00:00
0367415b-d7af-4bea-a5e5-23caa0ed8c22,159,2024-05-27 00:00:00,6,1344.0,116,161.28,0.0,confirmed,2024-09-17 00:00:00,2024-05-26 06:00:00
85be0e6c-921b-434d-98ed-5b052e7fce07,346,2023-11-17 00:00:00,2,304.0,71,36.48,0.0,confirmed,2024-02-07 00:00:00,2023-11-16 21:00:00
fb44cc13-ca46-497f-b785-912f2172dc82,123,2023-02-10 00:00:00,1,104.5,95,12.54,0.0,confirmed,2023-06-27 00:00:00,2023-02-09 18:00:00
1f9b546a-bf7e-48f9-917a-96b31e29efec,200,2024-02-08 00:00:00,10,2720.0,66,326.4,0.0,confirmed,2024-05-23 00:00:00,2024-02-07 09:00:00
4a95db86-c0d6-4dd4-8e78-e3973318efd6,246,2023-07-19 00:00:00,12,3072.0,133,368.64,0.0,confirmed,2023-12-20 00:00:00,2023-07-18 14:00:00
99d757c8-e8bb-4742-b024-ce1b7c645dbc,77,2024-01-20 00:00:00,10,1925.0,43,231.0,192.5,cancelled,2024-04-03 00:00:00,2024-01-19 11:00:00
b09a1c80-d647-4dff-b1c3-704a8b10de1a,444,2024-05-03 00:00:00,11,2238.5,125,268.62,223.85,cancelled,2024-10-29 00:00:00,2024-05-02 12:00:00
111353c8-ec0d-4bfe-bb4a-e8244c0232d1,154,2024-05-03 00:00:00,11,4446.75,78,533.61,0.0,confirmed,2024-06-22 00:00:00,2024-05-02 08:00:00
a843ece5-5dba-406d-b7de-2181e6a48ec6,462,2023-12-31 00:00:00,6,2997.0,53,359.64,299.7,cancelled,2024-02-06 00:00:00,2023-12-30 14:00:00
b74f37a3-cd3c-4683-a99c-86490eaec233,225,2023-08-29 00:00:00,6,1722.0,66,206.64,172.2,cancelled,2024-01-03 00:00:00,2023-08-28 08:00:00
f65ca5d1-e2fb-4650-a652-587b9f38db59,335,2024-03-05 00:00:00,3,2100.0,99,252.0,210.0,cancelled,2024-05-13 00:00:00,2024-03-04 07:00:00
a7b9898b-e3a5-4c61-a43c-2df2a2e072a2,133,2024-06-07 00:00:00,10,1955.0,54,234.6,0.0,confirmed,2024-08-25 00:00:00,2024-06-06 09:00:00
c93aea38-08ad-468a-adb8-7a237fa823ee,360,2024-02-29 00:00:00,7,882.0,89,105.84,88.2,cancelled,2024-06-14 00:00:00,2024-02-28 04:00:00
ed003101-595d-4928-ace6-5ceaf955656f,325,2024-06-16 00:00:00,7,5670.0,87,680.4,567.0,cancelled,2024-12-03 00:00:00,2024-06-15 08:00:00
88abe216-9421-4a4c-a6e9-f6617196fa37,325,2023-12-18 00:00:00,6,4860.0,99,583.2,486.0,cancelled,2024-04-19 00:00:00,2023-12-17 04:00:00
c3085a6f-b46d-4bfc-a97e-fb1d2351e0f7,146,2024-06-30 00:00:00,9,585.0,147,70.2,58.5,cancelled,2024-10-28 00:00:00,2024-06-29 01:00:00
d54a4fed-1d97-4fba-b4e6-2f11f65a9327,462,2024-05-17 00:00:00,8,3996.0,123,479.52,399.6,cancelled,2024-09-09 00:00:00,2024-05-16 05:00:00
dd928325-20ea-4780-954e-6211e0ebe712,128,2023-09-23 00:00:00,14,7056.0,86,846.72,0.0,confirmed,2023-10-04 00:00:00,2023-09-22 18:00:00
6e44df65-1aa6-418f-a711-f668a51e47d4,212,2024-02-17 00:00:00,4,342.0,51,41.04,0.0,confirmed,2024-07-16 00:00:00,2024-02-16 19:00:00
0494e2d0-6585-4ea3-baca-09e06053fe20,139,2024-03-21 00:00:00,13,1105.0,147,132.6,0.0,confirmed,2024-09-02 00:00:00,2024-03-20 20:00:00
df0f2dd6-f81f-4f8e-8ad8-749698ad3257,452,2024-04-19 00:00:00,10,2400.0,97,288.0,0.0,confirmed,2024-09-07 00:00:00,2024-04-18 23:00:00
4c9e8f34-e0cb-4f46-a963-ecd54569043a,204,2024-05-22 00:00:00,9,1667.25,94,200.07,0.0,confirmed,2024-08-22 00:00:00,2024-05-21 14:00:00
da709313-5d62-4fef-8943-e5206f2fddf9,183,2024-02-13 00:00:00,2,231.0,120,27.72,0.0,confirmed,2024-02-16 00:00:00,2024-02-12 16:00:00
fb71f22e-018b-4ba1-bbc1-cd94eb7bd730,378,2023-10-12 00:00:00,13,988.0,98,118.56,0.0,confirmed,2024-02-08 00:00:00,2023-10-11 20:00:00
b160c980-fef3-4aeb-940b-b7f7ce366b94,495,2023-05-31 00:00:00,3,399.75,68,47.97,0.0,confirmed,2023-06-14 00:00:00,2023-05-30 19:00:00
deacfeb2-4369-4fe3-b911-7bf179dc1b7e,471,2024-01-20 00:00:00,4,1140.0,139,136.8,0.0,confirmed,2024-06-29 00:00:00,2024-01-19 19:00:00
5f24f0f3-b2da-40c7-996f-be3e5c6522fd,87,2024-07-24 00:00:00,13,1144.0,58,137.28,0.0,confirmed,2024-10-28 00:00:00,2024-07-23 02:00:00
744f833d-5ce9-41c6-aac8-76da13f2fcfe,242,2024-03-09 00:00:00,4,1386.0,56,166.32,0.0,confirmed,2024-08-01 00:00:00,2024-03-08 18:00:00
d61cf4a7-fee4-4df3-958a-92fa1bdcdf08,115,2023-10-20 00:00:00,9,643.5,139,77.22,0.0,confirmed,2023-11-22 00:00:00,2023-10-19 13:00:00
3ae9ff77-9216-4549-965b-4c4c75509890,479,2024-01-09 00:00:00,12,1596.0,43,191.52,0.0,confirmed,2024-02-11 00:00:00,2024-01-08 19:00:00
1c922381-5abc-41b1-8d65-723e5b98330a,484,2024-01-31 00:00:00,5,385.0,137,46.2,0.0,confirmed,2024-06-04 00:00:00,2024-01-30 23:00:00
1b17d628-a1fc-4507-b0d1-4ee766fec395,483,2024-03-09 00:00:00,3,729.0,58,87.48,0.0,confirmed,2024-03-21 00:00:00,2024-03-08 14:00:00
859c4695-de3c-4af4-9b7e-43767e0aa96b,63,2023-06-05 00:00:00,4,1680.0,81,201.6,0.0,confirmed,2023-06-16 00:00:00,2023-06-04 01:00:00
20dff2ed-de16-4ec0-a727-619f22e278c5,282,2023-05-13 00:00:00,5,1155.0,49,138.6,0.0,confirmed,2023-05-29 00:00:00,2023-05-12 02:00:00
8bd63576-5f3b-4d65-8410-ff7927f03567,487,2024-01-03 00:00:00,5,770.0,138,92.4,0.0,confirmed,2024-01-21 00:00:00,2024-01-02 20:00:00
0e671d3d-36b2-4e30-bdf6-4568bcde8961,409,2024-07-08 00:00:00,2,286.0,83,34.32,28.6,cancelled,2024-12-24 00:00:00,2024-07-07 19:00:00
2846656f-0642-4f28-90e3-4867f821e9e0,131,2023-12-19 00:00:00,10,1443.8,129,173.26,0.0,confirmed,2024-05-14 00:00:00,2023-12-18 03:00:00
f5fa0977-eadc-4bb6-9317-bd4b206c5b95,108,2023-10-23 00:00:00,2,558.0,101,66.96,0.0,confirmed,2024-03-25 00:00:00,2023-10-22 10:00:00
ffe6b3f2-e407-4b89-90fc-5c053392dcb3,485,2023-02-27 00:00:00,5,831.25,134,99.75,83.12,cancelled,2023-04-28 00:00:00,2023-02-26 01:00:00
357e7c42-5f45-4f5f-ae8f-8349dbdf956a,325,2024-03-25 00:00:00,8,6480.0,45,777.6,0.0,confirmed,2024-06-12 00:00:00,2024-03-24 09:00:00
693d72ba-692b-4fc2-be34-60558a21d9f7,68,2023-05-16 00:00:00,6,924.0,94,110.88,0.0,confirmed,2023-09-18 00:00:00,2023-05-15 17:00:00
cd900cb6-c464-4b01-bb69-b852c51760cb,442,2023-09-30 00:00:00,3,651.0,95,78.12,0.0,confirmed,2024-01-23 00:00:00,2023-09-29 02:00:00
e6db4044-0753-4463-a503-503cb183e8a6,23,2023-12-25 00:00:00,8,1584.0,50,190.08,0.0,confirmed,2024-01-17 00:00:00,2023-12-24 04:00:00
fd449f94-3c35-4050-9d28-7f883c19c5c8,246,2023-01-24 00:00:00,8,2048.0,61,245.76,204.8,cancelled,2023-07-02 00:00:00,2023-01-23 10:00:00
9d93d627-31f1-401c-950c-e51b4812d5d7,484,2024-02-24 00:00:00,12,924.0,110,110.88,0.0,confirmed,2024-08-15 00:00:00,2024-02-23 23:00:00
125c36c5-d7be-41ab-abd3-a46274aecd02,379,2023-09-10 00:00:00,10,9000.0,52,1080.0,0.0,confirmed,2023-10-13 00:00:00,2023-09-09 22:00:00
3d0584d3-cfd0-4de9-b200-5f43cfb810db,498,2023-10-13 00:00:00,10,1400.0,112,168.0,0.0,confirmed,2024-04-05 00:00:00,2023-10-12 17:00:00
9bcd2717-eb50-463d-8271-c2817449efdb,44,2023-09-17 00:00:00,14,2450.0,98,294.0,0.0,confirmed,2024-01-09 00:00:00,2023-09-16 19:00:00
ad3e90bf-3c6b-4aa6-add8-b7ded6a3d2c1,263,2023-10-02 00:00:00,2,864.0,106,103.68,0.0,confirmed,2024-01-31 00:00:00,2023-10-01 15:00:00
c266b418-a273-47ae-9c29-ea58338e5203,32,2024-03-15 00:00:00,14,3136.0,121,376.32,0.0,confirmed,2024-08-12 00:00:00,2024-03-14 08:00:00
cf623637-1c91-4154-b4a4-b208c2c3437a,72,2023-11-15 00:00:00,2,528.0,118,63.36,52.8,cancelled,2024-03-17 00:00:00,2023-11-14 19:00:00
242e1d8f-3ffd-4e28-b789-c66f195a47f8,438,2024-02-08 00:00:00,11,4620.0,125,554.4,0.0,confirmed,2024-03-12 00:00:00,2024-02-07 12:00:00
8f2c2965-95c8-4561-be19-2ce552b2a6e2,362,2023-09-28 00:00:00,3,1260.0,99,151.2,0.0,confirmed,2024-01-26 00:00:00,2023-09-27 15:00:00
1044be2f-d001-48d4-af08-a6bca08863e2,401,2023-10-31 00:00:00,13,5928.0,100,711.36,0.0,confirmed,2023-12-10 00:00:00,2023-10-30 19:00:00
2d2ba833-c4e7-410c-ba98-d02e50448787,360,2024-02-10 00:00:00,13,1638.0,65,196.56,0.0,confirmed,2024-02-23 00:00:00,2024-02-09 16:00:00
bc1b406d-c916-4d1a-815e-a8807f616f32,497,2024-01-23 00:00:00,3,528.0,82,63.36,0.0,confirmed,2024-07-17 00:00:00,2024-01-22 10:00:00
f24c292b-e5c8-4ca5-a91a-1f65852e393b,278,2023-05-30 00:00:00,10,1920.0,134,230.4,0.0,confirmed,2023-06-18 00:00:00,2023-05-29 09:00:00
2aca9a98-fb2e-471b-9411-6a485f0049f4,69,2023-12-08 00:00:00,8,1980.0,110,237.6,198.0,cancelled,2024-05-06 00:00:00,2023-12-07 13:00:00
6bdcba80-15d3-40df-a4b0-0600b35cd6ff,480,2024-02-16 00:00:00,5,391.9,90,47.03,0.0,confirmed,2024-07-07 00:00:00,2024-02-15 05:00:00
5b2c134b-0973-4b0f-94ea-16ffbaceba00,279,2023-09-05 00:00:00,9,2376.0,118,285.12,237.6,cancelled,2024-02-02 00:00:00,2023-09-04 19:00:00
5148306d-db68-4e67-b9a7-4fc1991632bc,446,2023-09-25 00:00:00,5,453.75,97,54.45,0.0,confirmed,2024-01-30 00:00:00,2023-09-24 17:00:00
f553f1b0-a2f1-4ad6-b4e5-6e5a9dd830d0,315,2023-09-05 00:00:00,14,3570.0,72,428.4,357.0,cancelled,2024-01-20 00:00:00,2023-09-04 23:00:00
10d7ca33-e08e-4b4e-a6df-e0e0e087b924,279,2024-01-21 00:00:00,1,264.0,128,31.68,26.4,cancelled,2024-03-08 00:00:00,2024-01-20 04:00:00
2a68c2ca-3d3f-4c5f-b865-083e343692c4,25,2023-10-19 00:00:00,11,8140.0,57,976.8,814.0,cancelled,2024-02-01 00:00:00,2023-10-18 14:00:00
1cd1cc73-1231-4da3-9467-6aa63e3840e7,226,2023-05-08 00:00:00,10,760.0,143,91.2,0.0,confirmed,2023-09-21 00:00:00,2023-05-07 12:00:00
f78439bd-02ec-481a-a428-37f5d8cd885c,161,2023-12-21 00:00:00,4,340.0,96,40.8,0.0,confirmed,2024-05-21 00:00:00,2023-12-20 09:00:00
85c010c2-8960-446c-b8be-1e216c1beac3,23,2024-05-17 00:00:00,6,1188.0,42,142.56,0.0,confirmed,2024-08-12 00:00:00,2024-05-16 11:00:00
56e728bb-e853-4b05-9494-a2f78f783feb,210,2023-05-14 00:00:00,3,378.0,77,45.36,0.0,confirmed,2023-10-12 00:00:00,2023-05-13 15:00:00
82a0ca7a-d2fc-4e15-9553-b8de47a6b3f9,480,2024-01-13 00:00:00,12,940.56,48,112.87,94.06,cancelled,2024-04-12 00:00:00,2024-01-12 13:00:00
3b09f3c3-8e03-43c6-90e8-06244612d3a2,102,2024-02-03 00:00:00,1,70.0,60,8.4,0.0,confirmed,2024-02-26 00:00:00,2024-02-02 04:00:00
359af5a5-a7d2-440c-801b-ada6c1ff5f4c,451,2023-09-01 00:00:00,2,759.0,74,91.08,0.0,confirmed,2023-12-03 00:00:00,2023-08-31 07:00:00
68b4e94a-29da-4d8b-ac64-a59ce8f9c689,113,2023-07-07 00:00:00,14,2593.5,78,311.22,0.0,confirmed,2023-08-06 00:00:00,2023-07-06 10:00:00
129eba40-9856-4acf-a962-95d0ba1be8d4,417,2024-03-22 00:00:00,12,2340.0,130,280.8,0.0,confirmed,2024-04-05 00:00:00,2024-03-21 15:00:00
9802e692-1427-4bb7-9424-17a9903b02ae,87,2024-05-12 00:00:00,14,1232.0,90,147.84,0.0,confirmed,2024-05-15 00:00:00,2024-05-11 10:00:00
9977c46d-5f27-4a1e-88d7-e580715a9833,396,2023-09-24 00:00:00,8,2240.0,96,268.8,0.0,confirmed,2023-10-24 00:00:00,2023-09-23 15:00:00
cb6dd7f5-d1dd-48ca-977a-e4864ff21335,72,2024-02-05 00:00:00,2,528.0,58,63.36,0.0,confirmed,2024-03-04 00:00:00,2024-02-04 14:00:00
8d0a502d-785d-4824-a98b-fd441a8a9611,57,2024-06-23 00:00:00,5,1850.0,90,222.0,0.0,confirmed,2024-08-13 00:00:00,2024-06-22 17:00:00
af7b24f9-953a-446e-9b0c-e64c7cc4f246,395,2023-06-11 00:00:00,6,2883.0,80,345.96,288.3,cancelled,2023-09-15 00:00:00,2023-06-10 18:00:00
1e9cf85f-a857-4f79-a8b1-f782c634ea7b,243,2023-09-01 00:00:00,11,6237.0,102,748.44,623.7,cancelled,2024-01-31 00:00:00,2023-08-31 01:00:00
c12d8d2f-efbc-48d7-b5b7-193621451072,169,2024-02-07 00:00:00,7,2100.0,82,252.0,0.0,confirmed,2024-05-06 00:00:00,2024-02-06 21:00:00
b4b65689-2ebb-4978-b5be-d0e8bbe02087,157,2024-06-29 00:00:00,5,852.5,121,102.3,85.25,cancelled,2024-08-13 00:00:00,2024-06-28 06:00:00
7ecd47f8-d43f-4364-b6ec-600af0b2ff54,444,2024-08-09 00:00:00,7,1424.5,148,170.94,0.0,confirmed,2024-09-01 00:00:00,2024-08-08 07:00:00
b7863ea8-6683-4c71-b48e-8a8edc299041,460,2023-09-16 00:00:00,5,1700.0,83,204.0,170.0,cancelled,2024-03-06 00:00:00,2023-09-15 09:00:00
af1d41c9-06de-4ff6-9787-af1c1a16f28e,471,2024-01-26 00:00:00,9,2565.0,139,307.8,0.0,confirmed,2024-07-10 00:00:00,2024-01-25 13:00:00
a7737b70-896d-4e96-a484-de5e7c1a3939,358,2024-01-14 00:00:00,5,1530.0,143,183.6,0.0,confirmed,2024-04-21 00:00:00,2024-01-13 07:00:00
a94ec383-c051-4254-9c6d-1dd8a787f015,81,2024-01-25 00:00:00,9,792.0,85,95.04,0.0,confirmed,2024-01-29 00:00:00,2024-01-24 03:00:00
abf429af-f006-408f-80b4-80392a2a9cca,398,2023-10-27 00:00:00,8,520.0,79,62.4,0.0,confirmed,2024-02-23 00:00:00,2023-10-26 18:00:00
d2a2dce2-28c7-4d87-b4f4-9d3a21510714,184,2023-03-20 00:00:00,9,1485.0,69,178.2,0.0,confirmed,2023-04-09 00:00:00,2023-03-19 19:00:00
7840e478-cd3a-4838-b9f5-c41043785196,234,2023-12-31 00:00:00,13,3900.0,120,468.0,0.0,confirmed,2024-01-24 00:00:00,2023-12-30 14:00:00
f2a141fc-0427-4374-81a5-7f7d0bbba510,418,2024-05-21 00:00:00,8,1980.0,116,237.6,0.0,confirmed,2024-10-26 00:00:00,2024-05-20 18:00:00
9a78b56d-b085-4e97-94d8-805d35a06d49,185,2023-10-03 00:00:00,7,317.66,94,38.12,0.0,confirmed,2023-11-03 00:00:00,2023-10-02 07:00:00
b4efe46b-b670-4187-a73a-a60da3f5e148,33,2023-10-20 00:00:00,2,370.0,56,44.4,0.0,confirmed,2023-11-29 00:00:00,2023-10-19 13:00:00
927febe0-2a7f-4f98-ba54-698f30158272,252,2024-01-13 00:00:00,14,1232.0,89,147.84,0.0,confirmed,2024-05-01 00:00:00,2024-01-12 13:00:00
f8c63090-cbc1-4456-b6e1-f86a2a8becdf,283,2023-10-21 00:00:00,8,2160.0,42,259.2,0.0,confirmed,2024-02-10 00:00:00,2023-10-20 16:00:00
36d42cf1-5471-421f-bfac-f6c31d1e7e6c,383,2024-08-06 00:00:00,11,2783.0,116,333.96,0.0,confirmed,2024-09-01 00:00:00,2024-08-05 10:00:00
44cf7df2-3e3b-423e-8fd5-d31df90d3f76,349,2024-03-19 00:00:00,9,3622.5,77,434.7,0.0,confirmed,2024-07-26 00:00:00,2024-03-18 02:00:00
d655b5a6-1b01-46a7-8dc0-a8b1ee57c8a6,444,2024-02-26 00:00:00,3,610.5,96,73.26,61.05,cancelled,2024-06-17 00:00:00,2024-02-25 18:00:00
36860cf9-5a23-431e-bc2c-577f4e58bfd2,471,2023-11-01 00:00:00,5,1425.0,100,171.0,0.0,confirmed,2024-03-17 00:00:00,2023-10-31 07:00:00
47f07ea4-60eb-4445-be9c-cecb8339be36,295,2023-10-04 00:00:00,12,11040.0,57,1324.8,0.0,confirmed,2024-01-19 00:00:00,2023-10-03 19:00:00
764c83a7-f835-4b75-a3d4-b638e38ab2e3,231,2024-03-13 00:00:00,4,352.0,94,42.24,0.0,confirmed,2024-08-05 00:00:00,2024-03-12 16:00:00
9c970c1d-fc67-4d04-a227-1fd8e99ec142,113,2023-06-16 00:00:00,2,370.5,85,44.46,37.05,cancelled,2023-08-28 00:00:00,2023-06-15 08:00:00
9f7f9e66-c8c9-4fc9-8711-b65c09c7270f,36,2023-08-05 00:00:00,11,847.0,126,101.64,84.7,cancelled,2023-12-13 00:00:00,2023-08-04 17:00:00
54689148-ee2b-46f9-a521-ab46133dc9e8,220,2023-09-15 00:00:00,10,2100.0,73,252.0,210.0,cancelled,2024-01-02 00:00:00,2023-09-14 05:00:00
2cf12a14-7e3c-4b39-9ca6-3873080692c5,263,2023-10-17 00:00:00,5,2160.0,91,259.2,0.0,confirmed,2023-10-23 00:00:00,2023-10-16 00:00:00
16114263-ec42-4e7a-aceb-e8fdc87b9e53,222,2023-07-03 00:00:00,5,871.25,52,104.55,0.0,confirmed,2023-07-07 00:00:00,2023-07-02 04:00:00
a0a4a138-b256-4f81-820f-78f95227623e,400,2023-08-25 00:00:00,2,209.0,147,25.08,20.9,cancelled,2024-01-05 00:00:00,2023-08-24 15:00:00
33727266-5416-406b-abeb-da2955542083,490,2023-09-05 00:00:00,7,1183.0,62,141.96,0.0,confirmed,2023-12-19 00:00:00,2023-09-04 21:00:00
9a40e1d5-f537-476d-9b84-09c6ecd9a644,245,2023-11-25 00:00:00,12,1440.0,132,172.8,0.0,confirmed,2024-01-29 00:00:00,2023-11-24 03:00:00
a86e8bbc-96e2-484a-b7b0-02a7e59ad4c9,237,2023-05-28 00:00:00,3,555.75,144,66.69,55.58,cancelled,2023-09-12 00:00:00,2023-05-27 03:00:00
ef7c7685-c10e-4cad-860e-b6a170f7fe08,250,2023-10-10 00:00:00,14,3584.0,85,430.08,358.4,cancelled,2024-01-17 00:00:00,2023-10-09 07:00:00
54aec38b-5318-4d8c-aa7c-adad21175a32,56,2023-07-18 00:00:00,5,2145.0,100,257.4,0.0,confirmed,2023-07-29 00:00:00,2023-07-17 08:00:00
1ba32507-48b3-4072-99fb-027d984eca59,377,2023-05-27 00:00:00,7,3491.25,116,418.95,0.0,confirmed,2023-10-24 00:00:00,2023-05-26 11:00:00
bb4c32f7-fa35-40d2-a510-40a69e68fe98,81,2024-02-24 00:00:00,14,1232.0,134,147.84,0.0,confirmed,2024-07-02 00:00:00,2024-02-23 09:00:00
df68b7dc-6505-4ed2-8f95-812c3408d2cf,492,2024-03-27 00:00:00,2,133.0,146,15.96,0.0,confirmed,2024-05-13 00:00:00,2024-03-26 14:00:00
f4c9e072-e58d-476e-b208-6ef07ed52712,310,2023-09-16 00:00:00,9,891.0,149,106.92,0.0,confirmed,2024-02-19 00:00:00,2023-09-15 12:00:00
96dde843-b444-4d8f-91c2-ffbcdac4cb07,137,2023-10-15 00:00:00,13,1914.25,123,229.71,0.0,confirmed,2023-12-21 00:00:00,2023-10-14 04:00:00
72465796-8925-426e-a162-a3ee8b6b74a7,346,2023-06-06 00:00:00,8,1216.0,100,145.92,121.6,cancelled,2023-11-23 00:00:00,2023-06-05 12:00:00
dffd89be-0032-483e-99bd-939d89023389,41,2024-02-15 00:00:00,9,2592.0,41,311.04,0.0,confirmed,2024-06-07 00:00:00,2024-02-14 19:00:00
11107984-2ef5-4ec7-a143-a0a827272c8b,138,2023-12-29 00:00:00,2,660.0,121,79.2,0.0,confirmed,2024-01-12 00:00:00,2023-12-28 20:00:00
78ce6278-9f7c-4cd7-9c6d-fa59afa43c6f,466,2024-08-07 00:00:00,4,874.0,44,104.88,87.4,cancelled,2024-12-23 00:00:00,2024-08-06 06:00:00
eef78e42-d7fe-483f-ae95-494a7d501c28,429,2024-05-28 00:00:00,8,896.0,101,107.52,89.6,cancelled,2024-11-09 00:00:00,2024-05-27 05:00:00
35ce6403-5c78-418d-8079-5fcfae1052bf,268,2023-04-16 00:00:00,13,6448.0,138,773.76,0.0,confirmed,2023-07-12 00:00:00,2023-04-15 14:00:00
bfc24671-aec8-48a7-8e20-d5759d6451d0,209,2024-01-09 00:00:00,6,966.0,65,115.92,0.0,confirmed,2024-04-09 00:00:00,2024-01-08 18:00:00
4c7ee11a-7173-4524-aadc-b575adc603c7,405,2023-11-09 00:00:00,6,924.0,107,110.88,0.0,confirmed,2024-01-07 00:00:00,2023-11-08 11:00:00
7a528a6a-00c7-4ba7-a10f-6ff2ccaa2ad2,14,2024-02-18 00:00:00,2,1008.0,108,120.96,0.0,confirmed,2024-04-13 00:00:00,2024-02-17 22:00:00
c9b74e0f-b91a-428b-b42b-9f4ed3a19181,498,2023-10-14 00:00:00,7,980.0,109,117.6,0.0,confirmed,2023-10-27 00:00:00,2023-10-13 18:00:00
58bd7af2-1584-4ba1-9f47-b156021b6c2e,277,2024-04-27 00:00:00,1,160.0,144,19.2,0.0,confirmed,2024-05-12 00:00:00,2024-04-26 05:00:00
295d0f8c-5e76-47fd-9461-391c6a5ddbf6,492,2024-01-10 00:00:00,4,266.0,63,31.92,26.6,cancelled,2024-05-11 00:00:00,2024-01-09 04:00:00
18958f76-cda4-4f67-9f7e-2778c376bb4f,141,2023-08-18 00:00:00,12,3456.0,149,414.72,0.0,confirmed,2024-01-28 00:00:00,2023-08-17 04:00:00
351a1b39-e5ab-4960-9010-2422cdc293b4,57,2024-05-29 00:00:00,9,3330.0,123,399.6,0.0,confirmed,2024-09-28 00:00:00,2024-05-28 14:00:00
1bc9c87a-aacf-46f6-bfb9-e3845b4bc091,73,2024-09-20 00:00:00,13,988.0,133,118.56,0.0,confirmed,2024-10-11 00:00:00,2024-09-19 23:00:00
fab4e69e-1d63-4d34-9d5b-b4cdf7c58691,384,2023-06-17 00:00:00,1,570.0,83,68.4,57.0,cancelled,2023-09-01 00:00:00,2023-06-16 20:00:00
a81cf4d8-44d3-4b94-a838-0af546233d1b,196,2023-12-16 00:00:00,3,864.0,111,103.68,86.4,cancelled,2024-05-09 00:00:00,2023-12-15 09:00:00
40980749-211f-49c8-81b0-3ea090e311ad,112,2024-02-07 00:00:00,1,960.0,97,115.2,96.0,cancelled,2024-04-18 00:00:00,2024-02-06 06:00:00
4136c0a3-ddf6-401d-bd47-75bd7e43353d,82,2023-02-19 00:00:00,4,874.0,43,104.88,87.4,cancelled,2023-04-17 00:00:00,2023-02-18 10:00:00
65ceeb49-cfb4-40ed-bbe9-784056c0dd5a,42,2023-10-22 00:00:00,9,1197.0,147,143.64,119.7,cancelled,2024-02-01 00:00:00,2023-10-21 01:00:00
39f6d847-2eba-47fd-af77-e540f4bec937,299,2023-12-10 00:00:00,1,55.0,53,6.6,5.5,cancelled,2024-04-21 00:00:00,2023-12-09 15:00:00
1665b2c2-18ba-4ebc-accd-56046fcd3588,383,2024-05-06 00:00:00,12,3036.0,129,364.32,0.0,confirmed,2024-08-26 00:00:00,2024-05-05 09:00:00
294cdcd1-70c3-4bb2-8d38-9d3a660439c6,79,2023-06-05 00:00:00,8,748.0,73,89.76,74.8,cancelled,2023-10-09 00:00:00,2023-06-04 22:00:00
4324194a-8714-4573-914d-275fc9b03f65,190,2023-09-28 00:00:00,11,2431.0,93,291.72,243.1,cancelled,2024-02-08 00:00:00,2023-09-27 20:00:00
218053b1-c1fb-470e-b295-d406c54737d4,27,2024-07-24 00:00:00,1,88.0,82,10.56,8.8,cancelled,2024-08-14 00:00:00,2024-07-23 07:00:00
853da4b2-562d-4249-a293-99dbfc7dc6e4,91,2024-08-22 00:00:00,6,346.5,63,41.58,34.65,cancelled,2025-01-08 00:00:00,2024-08-21 10:00:00
48d719d9-8ef4-4fa3-8a27-14ac7a7381ea,391,2024-07-05 00:00:00,1,204.0,146,24.48,20.4,cancelled,2024-07-30 00:00:00,2024-07-04 04:00:00
0a4b1eca-a6b7-4fa7-9e4f-45cd07b6e557,75,2023-04-09 00:00:00,3,342.0,65,41.04,0.0,confirmed,2023-09-11 00:00:00,2023-04-08 07:00:00
c9f9b089-e110-49c1-ab77-1ddb95b608a6,37,2024-02-08 00:00:00,11,4620.0,114,554.4,0.0,confirmed,2024-03-17 00:00:00,2024-02-07 11:00:00
153c483b-382f-4e34-9e65-558a839fd166,415,2024-06-01 00:00:00,8,1584.0,63,190.08,0.0,confirmed,2024-07-26 00:00:00,2024-05-31 13:00:00
35cf89bd-8f1b-459c-a435-5232d2e713d0,266,2024-05-12 00:00:00,4,896.0,59,107.52,0.0,confirmed,2024-08-24 00:00:00,2024-05-11 06:00:00
42267f6c-99c0-4fd4-8d8f-c93276fb67dc,254,2024-02-21 00:00:00,10,2850.0,121,342.0,285.0,cancelled,2024-07-20 00:00:00,2024-02-20 14:00:00
17e65dfe-a024-40ac-806e-e7aaf1fc43dc,381,2024-04-28 00:00:00,14,9996.0,112,1199.52,0.0,confirmed,2024-06-06 00:00:00,2024-04-27 17:00:00
19692869-ce79-4be1-9da1-f670a49a41dc,297,2024-02-15 00:00:00,3,342.0,123,41.04,34.2,cancelled,2024-08-08 00:00:00,2024-02-14 14:00:00
fd1afd04-2c09-4763-9898-01c480f0209c,206,2024-08-10 00:00:00,14,2380.0,99,285.6,0.0,confirmed,2024-08-15 00:00:00,2024-08-09 16:00:00
00a752ea-07ec-419f-b309-62dd9d69d0d6,2,2024-06-21 00:00:00,10,2145.0,87,257.4,0.0,confirmed,2024-08-18 00:00:00,2024-06-20 05:00:00
823f293f-6c76-4ca6-bcb1-d775db5938f7,375,2024-02-20 00:00:00,11,4180.0,40,501.6,0.0,confirmed,2024-08-12 00:00:00,2024-02-19 08:00:00
2ae4fedf-f377-4433-ae25-51a416e9542a,419,2023-11-25 00:00:00,6,858.0,86,102.96,0.0,confirmed,2023-12-16 00:00:00,2023-11-24 23:00:00
d570805f-dbda-4975-aa20-63e6e0e3e05f,67,2024-04-16 00:00:00,6,1008.0,51,120.96,0.0,confirmed,2024-05-04 00:00:00,2024-04-15 01:00:00
c38e7561-a5fd-4478-9313-67092c84c9bf,444,2024-04-09 00:00:00,5,1017.5,103,122.1,0.0,confirmed,2024-08-07 00:00:00,2024-04-08 13:00:00
228e5c3d-9687-42a2-a2e7-1ab800d98991,287,2023-02-16 00:00:00,9,1845.0,94,221.4,0.0,confirmed,2023-04-29 00:00:00,2023-02-15 04:00:00
5805be7b-d240-4cca-b95f-0c6fe8acd468,237,2023-03-03 00:00:00,11,2037.75,134,244.53,0.0,confirmed,2023-03-08 00:00:00,2023-03-02 16:00:00
495e51fa-4095-4aa7-8e4f-a6eef0168039,14,2023-10-06 00:00:00,12,6048.0,64,725.76,0.0,confirmed,2023-10-21 00:00:00,2023-10-05 08:00:00
c76636ef-fba9-44a7-8cdc-f45aa9ff81e1,396,2023-07-03 00:00:00,14,3920.0,146,470.4,0.0,confirmed,2023-07-07 00:00:00,2023-07-02 02:00:00
adf7d3f7-0509-4f13-a68d-a80c3fdef4be,408,2023-12-22 00:00:00,6,720.0,73,86.4,72.0,cancelled,2024-03-12 00:00:00,2023-12-21 02:00:00
54f2cbbd-e315-4b14-9899-b0c1d23d03c8,441,2024-04-22 00:00:00,9,2187.0,131,262.44,0.0,confirmed,2024-06-17 00:00:00,2024-04-21 17:00:00
fd2b2c56-cffe-4209-bb35-a95845476793,315,2023-10-20 00:00:00,1,255.0,40,30.6,25.5,cancelled,2024-03-01 00:00:00,2023-10-19 23:00:00
20e237b5-0f18-4b58-9e26-455e819a68be,291,2023-08-08 00:00:00,14,6006.0,58,720.72,600.6,cancelled,2023-12-07 00:00:00,2023-08-07 04:00:00
e155f85a-e55f-4bea-b9ed-053b5f90e1c3,20,2023-10-18 00:00:00,6,1518.0,59,182.16,0.0,confirmed,2023-11-12 00:00:00,2023-10-17 23:00:00
b28eb9e9-8761-4290-b2fa-5bc8949c5c02,424,2024-03-13 00:00:00,10,1750.0,111,210.0,175.0,cancelled,2024-08-23 00:00:00,2024-03-12 02:00:00
44044591-4903-4e75-8336-3dc463a78f03,472,2023-06-27 00:00:00,11,1320.0,108,158.4,0.0,confirmed,2023-12-03 00:00:00,2023-06-26 11:00:00
28f5daf4-7fde-4aa8-90f1-77c3d2455dbe,234,2023-09-12 00:00:00,7,2100.0,87,252.0,210.0,cancelled,2023-12-04 00:00:00,2023-09-11 15:00:00
4b62025e-7c37-4818-b296-f63930d84816,228,2023-12-05 00:00:00,5,712.5,124,85.5,0.0,confirmed,2024-05-01 00:00:00,2023-12-04 18:00:00
42128dd3-b68e-4738-bf0b-01103c5658da,416,2023-06-05 00:00:00,2,200.0,93,24.0,20.0,cancelled,2023-11-12 00:00:00,2023-06-04 14:00:00
c53a114d-2dec-4dd4-bf26-7ca739d770dc,86,2024-02-24 00:00:00,5,332.5,105,39.9,0.0,confirmed,2024-04-25 00:00:00,2024-02-23 14:00:00
90b7fe07-14e3-4557-8ca4-c3033f47aa10,129,2023-04-23 00:00:00,6,1836.0,136,220.32,183.6,cancelled,2023-09-18 00:00:00,2023-04-22 16:00:00
ae93f010-44a2-4a1b-b7a0-cdbef74cd77f,270,2024-01-06 00:00:00,10,3230.0,136,387.6,323.0,cancelled,2024-02-25 00:00:00,2024-01-05 23:00:00
324f807c-a596-47e3-a465-1442a3d78a54,379,2023-10-26 00:00:00,13,11700.0,44,1404.0,0.0,confirmed,2023-12-29 00:00:00,2023-10-25 00:00:00
d87089bb-7381-4452-9a0f-54907b45ec27,202,2023-12-14 00:00:00,13,3094.0,141,371.28,0.0,confirmed,2024-04-03 00:00:00,2023-12-13 13:00:00
430d5244-bfd0-4038-ab8b-be7b05351823,46,2024-03-06 00:00:00,13,2548.0,60,305.76,0.0,confirmed,2024-08-04 00:00:00,2024-03-05 15:00:00
feba5919-9542-401d-b98d-3b1e90c8942a,417,2023-12-12 00:00:00,6,1170.0,62,140.4,0.0,confirmed,2024-05-13 00:00:00,2023-12-11 03:00:00
64f2e95d-7f11-480c-a821-bfb6e75d7b7c,66,2023-08-22 00:00:00,8,2508.0,128,300.96,0.0,confirmed,2023-12-10 00:00:00,2023-08-21 00:00:00
484c093d-c730-4e81-8e7f-75583b9329e8,147,2023-03-04 00:00:00,5,783.75,76,94.05,0.0,confirmed,2023-05-20 00:00:00,2023-03-03 07:00:00
fe011187-37d3-4caa-bcaa-5e24e69a3be4,392,2023-12-26 00:00:00,13,1876.94,112,225.23,0.0,confirmed,2024-01-26 00:00:00,2023-12-25 10:00:00
ccfc9dfd-5293-4dda-9d6b-4698965e1875,326,2024-08-04 00:00:00,12,3348.0,107,401.76,0.0,confirmed,2024-10-02 00:00:00,2024-08-03 11:00:00
54efad19-2a49-45fc-99f2-1b8bddc5d474,63,2023-07-10 00:00:00,6,2520.0,95,302.4,0.0,confirmed,2023-11-05 00:00:00,2023-07-09 22:00:00
ddce728b-48ce-4555-8b88-121d89ad910b,329,2024-01-24 00:00:00,4,544.0,101,65.28,54.4,cancelled,2024-07-02 00:00:00,2024-01-23 13:00:00
5b1135bc-7c6c-480f-a4e7-f54a8e8539b4,75,2023-12-11 00:00:00,6,684.0,118,82.08,0.0,confirmed,2024-03-21 00:00:00,2023-12-10 13:00:00
b9127d04-ff55-49c3-a778-7461c81db917,399,2023-10-13 00:00:00,2,330.0,57,39.6,0.0,confirmed,2023-11-02 00:00:00,2023-10-12 12:00:00
5cbc0614-5fce-43be-91ad-ae425815dcf5,138,2023-11-18 00:00:00,14,4620.0,60,554.4,0.0,confirmed,2024-05-13 00:00:00,2023-11-17 14:00:00
925566a7-c9ac-476c-aa20-3f8dff84f4ff,192,2023-11-01 00:00:00,14,3332.0,68,399.84,0.0,confirmed,2024-04-23 00:00:00,2023-10-31 03:00:00
0e226253-373e-4c27-ab37-a9a86c5572c6,339,2024-04-20 00:00:00,10,1760.0,118,211.2,176.0,cancelled,2024-07-24 00:00:00,2024-04-19 02:00:00
0e7b85fe-33b5-4f14-838c-04fdfef98a4b,486,2023-05-17 00:00:00,13,2730.0,128,327.6,0.0,confirmed,2023-09-08 00:00:00,2023-05-16 22:00:00
b53b6f2d-a969-41cd-8daf-de96c5d4a8f1,159,2023-11-23 00:00:00,4,896.0,145,107.52,0.0,confirmed,2024-04-18 00:00:00,2023-11-22 09:00:00
5c94b254-e8e5-4157-b264-7c5d4563253c,174,2023-10-25 00:00:00,12,3420.0,111,410.4,342.0,cancelled,2023-12-28 00:00:00,2023-10-24 17:00:00
a5ffb778-2ce1-4c0a-9fcc-046606b1c571,87,2024-01-03 00:00:00,6,528.0,48,63.36,0.0,confirmed,2024-04-29 00:00:00,2024-01-02 15:00:00
42f5016f-e2b9-491e-a552-4f296e463e2a,139,2024-05-24 00:00:00,2,170.0,70,20.4,0.0,confirmed,2024-09-15 00:00:00,2024-05-23 00:00:00
93ccfa9b-fd6f-4aed-982b-89d8aaa51542,41,2024-02-08 00:00:00,3,864.0,66,103.68,0.0,confirmed,2024-03-27 00:00:00,2024-02-07 10:00:00
745fc702-6a3a-40e4-8993-8d82b85d7517,13,2024-06-11 00:00:00,12,2448.0,57,293.76,0.0,confirmed,2024-08-08 00:00:00,2024-06-10 05:00:00
c6cfa589-5d9b-40be-9a3c-d117ad6ac862,63,2023-06-21 00:00:00,8,3360.0,144,403.2,336.0,cancelled,2023-10-18 00:00:00,2023-06-20 07:00:00
beab6bde-b8ce-4d92-95e2-9fa726e4db2d,268,2023-09-13 00:00:00,11,5456.0,45,654.72,0.0,confirmed,2023-10-29 00:00:00,2023-09-12 20:00:00
f90844de-ecdc-4237-9ba5-52661390773e,453,2024-01-22 00:00:00,2,1470.0,94,176.4,147.0,cancelled,2024-07-02 00:00:00,2024-01-21 02:00:00
1d2ad1ed-cc2b-472a-99d0-7bce53d15ac9,16,2024-01-15 00:00:00,2,370.0,45,44.4,0.0,confirmed,2024-06-09 00:00:00,2024-01-14 08:00:00
95c0b4bb-0d1f-4d39-8e14-44c923da69ed,276,2024-03-12 00:00:00,4,2254.0,72,270.48,0.0,confirmed,2024-03-17 00:00:00,2024-03-11 07:00:00
47fbce33-d324-4116-856e-a15fefb9913b,102,2024-02-22 00:00:00,11,770.0,79,92.4,0.0,confirmed,2024-07-20 00:00:00,2024-02-21 02:00:00
a131952f-b4bf-4226-8c74-938da9d0a15b,33,2023-07-31 00:00:00,5,925.0,104,111.0,0.0,confirmed,2023-09-17 00:00:00,2023-07-30 01:00:00
1af89cf6-cd0d-4c1d-b630-d41326801a18,423,2023-11-11 00:00:00,14,4536.0,84,544.32,453.6,cancelled,2024-04-03 00:00:00,2023-11-10 16:00:00
f39265c3-835a-4669-b861-6a9889723f02,338,2023-09-05 00:00:00,5,1280.0,90,153.6,0.0,confirmed,2023-10-23 00:00:00,2023-09-04 02:00:00
f55a855c-7849-458d-ab6e-00c564f746d4,183,2024-02-26 00:00:00,3,346.5,105,41.58,34.65,cancelled,2024-05-15 00:00:00,2024-02-25 21:00:00
bc873fba-eec6-4551-89ba-20a4cb65c5c9,65,2024-06-24 00:00:00,8,748.0,111,89.76,74.8,cancelled,2024-10-27 00:00:00,2024-06-23 21:00:00
abc1d529-5c5d-4f01-ba03-5eff4438e72f,450,2023-05-14 00:00:00,7,2744.0,113,329.28,0.0,confirmed,2023-07-29 00:00:00,2023-05-13 00:00:00
82d483d8-a4c5-4f41-ba00-dbb7b2370601,258,2024-09-04 00:00:00,7,784.0,62,94.08,78.4,cancelled,2024-12-17 00:00:00,2024-09-03 19:00:00
23fd15a3-2655-4508-a255-d08c02abbfb3,228,2024-01-22 00:00:00,8,1140.0,51,136.8,114.0,cancelled,2024-06-08 00:00:00,2024-01-21 03:00:00
e549f133-f345-4d17-a475-c2f0f4e5861b,171,2023-10-24 00:00:00,11,862.18,51,103.46,0.0,confirmed,2024-01-23 00:00:00,2023-10-23 00:00:00
29106f58-0577-4213-9c4e-f737efba3fe6,65,2024-03-02 00:00:00,10,935.0,121,112.2,93.5,cancelled,2024-07-25 00:00:00,2024-03-01 14:00:00
4564c413-9a5f-40b1-9829-3b69a2bef8f6,15,2024-05-16 00:00:00,10,5635.0,114,676.2,0.0,confirmed,2024-07-25 00:00:00,2024-05-15 06:00:00
b73b582e-0e29-4f63-8732-511db41d035b,250,2023-07-13 00:00:00,12,3072.0,78,368.64,307.2,cancelled,2023-09-13 00:00:00,2023-07-12 23:00:00
85d1918e-a595-4f42-a485-130f09096e90,126,2023-06-11 00:00:00,12,1248.0,108,149.76,0.0,confirmed,2023-10-28 00:00:00,2023-06-10 16:00:00
cc930d3f-c216-4b80-bd2b-624f89462c21,414,2023-10-22 00:00:00,2,480.0,40,57.6,48.0,cancelled,2023-12-12 00:00:00,2023-10-21 00:00:00
53871d44-87cd-443a-b98a-e55a8c1a59d7,23,2024-05-02 00:00:00,8,1584.0,83,190.08,0.0,confirmed,2024-05-06 00:00:00,2024-05-01 15:00:00
8bd469e8-5803-4c5b-aaa1-f07d87340ba6,364,2024-03-22 00:00:00,3,600.0,106,72.0,0.0,confirmed,2024-07-08 00:00:00,2024-03-21 11:00:00
fe952aef-2554-415f-b161-096b7bb91fab,419,2023-05-20 00:00:00,2,286.0,41,34.32,28.6,cancelled,2023-09-11 00:00:00,2023-05-19 14:00:00
51329190-6c79-45fa-b2c5-6340bcfe4f90,254,2023-09-26 00:00:00,14,3990.0,73,478.8,0.0,confirmed,2023-12-30 00:00:00,2023-09-25 21:00:00
59d2a9cf-dbe4-4f4a-92f2-0e78ab4efa57,107,2024-04-02 00:00:00,8,1320.0,64,158.4,0.0,confirmed,2024-07-30 00:00:00,2024-04-01 07:00:00
5210b88e-a290-420e-8b93-0e061f9a1a4d,194,2024-04-02 00:00:00,14,3003.0,83,360.36,300.3,cancelled,2024-06-23 00:00:00,2024-04-01 23:00:00
c168f877-4263-485a-a12e-73f30e8fef6b,10,2023-11-06 00:00:00,14,3584.0,73,430.08,0.0,confirmed,2024-02-24 00:00:00,2023-11-05 04:00:00
b91587fb-00c1-45ba-ac76-d7ba86cc8007,159,2024-02-23 00:00:00,9,2016.0,56,241.92,201.6,cancelled,2024-04-15 00:00:00,2024-02-22 20:00:00
e8df6341-262c-43b0-a43f-8542a7804fa6,383,2024-05-26 00:00:00,13,3289.0,66,394.68,0.0,confirmed,2024-10-21 00:00:00,2024-05-25 18:00:00
c9a86efc-56a4-49bd-ae4f-a426513e42d8,475,2023-10-27 00:00:00,10,4830.0,143,579.6,0.0,confirmed,2024-04-15 00:00:00,2023-10-26 21:00:00
31d3f2ce-1059-4546-863f-9992bae0d9ae,235,2024-02-14 00:00:00,11,1776.5,111,213.18,0.0,confirmed,2024-03-21 00:00:00,2024-02-13 19:00:00
3146c122-ce48-402f-b598-2b62d7a9ee29,385,2023-10-04 00:00:00,9,787.5,134,94.5,0.0,confirmed,2023-11-20 00:00:00,2023-10-03 02:00:00
b8059447-72fa-4bcf-ac60-808bc393c0f4,418,2024-05-12 00:00:00,10,2475.0,45,297.0,0.0,confirmed,2024-10-14 00:00:00,2024-05-11 16:00:00
db7756f7-87b7-49a2-9629-82ef958143ef,419,2023-11-16 00:00:00,2,286.0,144,34.32,28.6,cancelled,2024-01-25 00:00:00,2023-11-15 17:00:00
0b61f147-1f4d-4ef6-ab0d-8205ee3a4c27,80,2024-02-12 00:00:00,10,2100.0,137,252.0,0.0,confirmed,2024-05-16 00:00:00,2024-02-11 12:00:00
aefba1b7-fa28-43aa-94a3-f8ea7fd2266e,19,2023-09-11 00:00:00,14,2870.0,106,344.4,0.0,confirmed,2023-11-15 00:00:00,2023-09-10 07:00:00
f16ff6f4-a7a2-453c-9b76-e47a56f111b3,395,2023-03-18 00:00:00,5,2402.5,105,288.3,0.0,confirmed,2023-08-31 00:00:00,2023-03-17 22:00:00
b227d809-46de-4da2-87e6-6aa726aea169,461,2024-03-01 00:00:00,12,1728.0,46,207.36,0.0,confirmed,2024-04-20 00:00:00,2024-02-29 20:00:00
fe59c3d3-01e5-4ee7-93aa-b34716af625e,85,2024-07-28 00:00:00,5,455.0,134,54.6,0.0,confirmed,2024-12-25 00:00:00,2024-07-27 19:00:00
9e44bd88-c0e0-473c-94ad-805b3b7fac09,29,2023-07-17 00:00:00,6,1755.0,116,210.6,0.0,confirmed,2023-09-30 00:00:00,2023-07-16 11:00:00
698dd16d-f20b-4572-aad8-792b5ea47084,419,2023-06-01 00:00:00,14,2002.0,72,240.24,200.2,cancelled,2023-06-07 00:00:00,2023-05-31 08:00:00
72ba4ab1-0871-4ea3-8351-f7a1599df4a1,5,2023-09-10 00:00:00,10,700.0,91,84.0,70.0,cancelled,2023-12-20 00:00:00,2023-09-09 07:00:00
4132a686-6789-42d8-97c9-ceb88fc5bab5,427,2023-07-30 00:00:00,9,769.5,83,92.34,0.0,confirmed,2023-10-09 00:00:00,2023-07-29 00:00:00
6ee6e075-3b83-45f2-bcd4-0aef04fb6e85,260,2024-05-31 00:00:00,9,1197.0,79,143.64,119.7,cancelled,2024-08-30 00:00:00,2024-05-30 14:00:00
098a8105-e740-43ff-8132-f00aba28576e,195,2023-10-19 00:00:00,13,3549.0,112,425.88,354.9,cancelled,2023-10-24 00:00:00,2023-10-18 15:00:00
82016e4d-038a-488b-913b-8f5fff49d477,298,2023-02-13 00:00:00,14,2061.5,116,247.38,0.0,confirmed,2023-06-20 00:00:00,2023-02-12 03:00:00
046b09ef-452e-40b8-9119-968a305dcb55,31,2024-01-07 00:00:00,4,704.0,134,84.48,0.0,confirmed,2024-02-16 00:00:00,2024-01-06 17:00:00
ba75b633-20e6-41e9-b74d-9138776aa530,418,2023-10-11 00:00:00,2,495.0,124,59.4,0.0,confirmed,2024-03-23 00:00:00,2023-10-10 20:00:00
8a6d81f8-61c1-4561-b61e-962624150e89,194,2024-07-08 00:00:00,8,1716.0,45,205.92,171.6,cancelled,2024-11-15 00:00:00,2024-07-07 14:00:00
193f128a-3775-431b-b258-361ca243bf3d,126,2023-02-13 00:00:00,14,1456.0,94,174.72,0.0,confirmed,2023-03-10 00:00:00,2023-02-12 18:00:00
46c95fca-e970-42dc-ba15-7a3cac0c890c,116,2023-11-17 00:00:00,1,448.0,131,53.76,0.0,confirmed,2024-01-14 00:00:00,2023-11-16 14:00:00
74960fe4-fc2b-40d7-bd1f-7a4e65d05b49,218,2024-03-23 00:00:00,1,170.0,120,20.4,0.0,confirmed,2024-07-02 00:00:00,2024-03-22 07:00:00
209984d0-a699-44bc-b0f0-953dbbcd4160,346,2023-12-03 00:00:00,3,456.0,131,54.72,45.6,cancelled,2024-02-12 00:00:00,2023-12-02 20:00:00
c4e9490a-ed38-431b-b213-e5f32ca2a2f8,343,2023-06-22 00:00:00,4,451.0,139,54.12,0.0,confirmed,2023-08-03 00:00:00,2023-06-21 12:00:00
d5e3f75f-143e-4663-b46a-5bf17f7c80ad,498,2024-01-24 00:00:00,4,560.0,73,67.2,0.0,confirmed,2024-07-17 00:00:00,2024-01-23 12:00:00
dc171319-9674-46f9-adc3-f0cb43d43e62,42,2023-07-16 00:00:00,12,1596.0,45,191.52,0.0,confirmed,2023-09-15 00:00:00,2023-07-15 19:00:00
66f948b8-8b13-46d7-9295-ba5354ec7713,152,2024-05-31 00:00:00,5,1092.5,69,131.1,109.25,cancelled,2024-09-17 00:00:00,2024-05-30 01:00:00
f017c2ad-8b3c-48a9-9f39-371771979366,325,2024-03-04 00:00:00,3,2430.0,123,291.6,0.0,confirmed,2024-05-01 00:00:00,2024-03-03 14:00:00
6dffc026-fbc8-4829-8c27-701697b47e84,150,2023-06-14 00:00:00,8,720.0,145,86.4,0.0,confirmed,2023-07-16 00:00:00,2023-06-13 16:00:00
d1c726c5-5ea6-4eed-8643-9ffdbcda30f8,484,2023-09-24 00:00:00,10,770.0,118,92.4,0.0,confirmed,2023-12-18 00:00:00,2023-09-23 23:00:00
3839546a-9960-43e1-a0ab-9bf68738d43f,141,2023-12-01 00:00:00,10,2880.0,87,345.6,0.0,confirmed,2024-05-02 00:00:00,2023-11-30 18:00:00
926055db-d548-4fdd-9711-051c353e68ca,129,2023-06-11 00:00:00,2,612.0,100,73.44,0.0,confirmed,2023-07-18 00:00:00,2023-06-10 01:00:00
af10680d-5fe2-4a91-8706-53498edb28a3,157,2024-04-27 00:00:00,7,1193.5,50,143.22,119.35,cancelled,2024-10-03 00:00:00,2024-04-26 04:00:00
4249e8e5-5a8b-4cce-b875-b62acbcb6f9c,462,2024-03-02 00:00:00,4,1998.0,95,239.76,0.0,confirmed,2024-08-02 00:00:00,2024-03-01 17:00:00
80298d55-3161-4b37-b8a2-0e8040dd3c2e,456,2023-10-14 00:00:00,1,220.0,122,26.4,0.0,confirmed,2024-01-31 00:00:00,2023-10-13 21:00:00
b6504937-222a-41e0-843e-1c9dd00c5251,324,2023-08-30 00:00:00,5,750.0,48,90.0,0.0,confirmed,2023-12-15 00:00:00,2023-08-29 21:00:00
af66a7c9-35b6-4d5a-ae10-2d12838d56e3,324,2024-04-15 00:00:00,9,1350.0,144,162.0,0.0,confirmed,2024-09-21 00:00:00,2024-04-14 09:00:00
fdadfb3f-4b5f-4594-903c-f97e70655d07,226,2023-08-09 00:00:00,3,228.0,126,27.36,22.8,cancelled,2023-11-04 00:00:00,2023-08-08 01:00:00
92fca1ad-399c-4cea-a564-6ec87a457b7c,187,2024-01-04 00:00:00,3,378.0,133,45.36,37.8,cancelled,2024-05-19 00:00:00,2024-01-03 01:00:00
62db22c4-fe7a-48ec-b9bd-379f1cd86472,364,2024-08-25 00:00:00,13,2600.0,60,312.0,260.0,cancelled,2025-02-05 00:00:00,2024-08-24 05:00:00
d039b6dc-9382-4043-8b6c-1aec24d824dc,26,2023-10-19 00:00:00,5,288.75,103,34.65,0.0,confirmed,2023-11-03 00:00:00,2023-10-18 22:00:00
c20a59e9-397f-4144-9e40-0d76346f563a,177,2023-07-31 00:00:00,8,792.0,82,95.04,0.0,confirmed,2023-11-29 00:00:00,2023-07-30 17:00:00
15d1df9d-0ec6-4f59-81f2-6d4019d07e29,169,2024-04-04 00:00:00,14,4200.0,40,504.0,0.0,confirmed,2024-08-21 00:00:00,2024-04-03 08:00:00
b37cfa33-fe49-40b7-8541-9a9f713bddd4,31,2024-02-18 00:00:00,4,704.0,66,84.48,0.0,confirmed,2024-05-09 00:00:00,2024-02-17 02:00:00
24f37f87-28ab-4f2f-bc09-9e8187179006,177,2023-09-20 00:00:00,12,1188.0,82,142.56,118.8,cancelled,2024-02-12 00:00:00,2023-09-19 07:00:00
5d085905-f810-4d7a-a912-7b45f310e918,178,2023-06-21 00:00:00,13,8736.0,110,1048.32,873.6,cancelled,2023-10-06 00:00:00,2023-06-20 08:00:00
855cec92-fba5-4aaa-bdef-c91a27c092d1,391,2024-01-03 00:00:00,8,1632.0,125,195.84,163.2,cancelled,2024-03-14 00:00:00,2024-01-02 14:00:00
f9dae45c-1c69-45e1-a418-351bb3e56973,349,2024-09-04 00:00:00,13,5232.5,127,627.9,0.0,confirmed,2024-10-19 00:00:00,2024-09-03 11:00:00
5174e06a-78a5-445b-8a58-ea686cdbc9f8,366,2023-07-18 00:00:00,7,895.16,137,107.42,0.0,confirmed,2023-09-30 00:00:00,2023-07-17 06:00:00
84d365cb-a627-46a6-ac5b-172f5a1c6cdd,426,2023-10-06 00:00:00,10,6300.0,120,756.0,0.0,confirmed,2023-11-21 00:00:00,2023-10-05 08:00:00
a61d3c22-f3ee-4ac5-89eb-d057c31074e6,57,2024-08-31 00:00:00,3,1110.0,109,133.2,111.0,cancelled,2024-12-17 00:00:00,2024-08-30 09:00:00
7dac4215-bd17-4cef-b041-7af01bd8756c,226,2023-06-02 00:00:00,8,608.0,144,72.96,60.8,cancelled,2023-08-26 00:00:00,2023-06-01 14:00:00
4fcf9bd6-cc9a-4861-bd38-518ecf103b21,43,2023-03-28 00:00:00,8,2640.0,85,316.8,264.0,cancelled,2023-06-19 00:00:00,2023-03-27 15:00:00
474a152e-9e62-4d8e-b13f-32d952b261a8,196,2024-06-03 00:00:00,8,2304.0,75,276.48,0.0,confirmed,2024-09-19 00:00:00,2024-06-02 13:00:00
40d7555b-0394-44f1-829f-ed000cf0f83e,109,2024-04-08 00:00:00,4,400.0,47,48.0,0.0,confirmed,2024-04-30 00:00:00,2024-04-07 15:00:00
2d2fee45-9047-4d30-9674-b7b928b03af7,203,2023-08-31 00:00:00,4,1083.0,144,129.96,108.3,cancelled,2024-02-26 00:00:00,2023-08-30 08:00:00
988facff-9279-4afb-9381-13db57b810fe,372,2023-09-18 00:00:00,7,1568.0,44,188.16,0.0,confirmed,2024-02-27 00:00:00,2023-09-17 17:00:00
551babf0-79a6-4357-a30d-b9e49e162f30,258,2024-04-22 00:00:00,7,784.0,147,94.08,0.0,confirmed,2024-04-30 00:00:00,2024-04-21 16:00:00
a887a5a2-a47d-41a9-9d57-7d5cdc058c5c,204,2024-04-25 00:00:00,10,1852.5,77,222.3,185.25,cancelled,2024-07-05 00:00:00,2024-04-24 23:00:00
161ea075-9a9c-4cbe-a9c8-3fb592699c98,233,2024-07-02 00:00:00,2,240.0,119,28.8,0.0,confirmed,2024-11-07 00:00:00,2024-07-01 12:00:00
9905c68f-5b65-45f4-ac3f-179581b8f12b,441,2024-08-11 00:00:00,4,972.0,54,116.64,0.0,confirmed,2025-01-02 00:00:00,2024-08-10 11:00:00
aac590ed-472d-4b06-955a-57e3c2ce39ca,6,2023-11-27 00:00:00,11,3080.0,127,369.6,0.0,confirmed,2024-05-06 00:00:00,2023-11-26 00:00:00
6f8e32ac-4f3f-4755-b7c2-0da4fe73adc4,152,2024-03-14 00:00:00,2,437.0,92,52.44,43.7,cancelled,2024-08-10 00:00:00,2024-03-13 22:00:00
b823e95d-7f88-42b0-91e1-f0bc5fd6c6f8,143,2023-12-31 00:00:00,9,4158.0,117,498.96,0.0,confirmed,2024-05-23 00:00:00,2023-12-30 08:00:00
0f7a473a-d75e-4d0b-b3f2-d64da123d239,389,2023-08-31 00:00:00,13,4329.0,52,519.48,432.9,cancelled,2024-02-24 00:00:00,2023-08-30 17:00:00
a1319e11-aa9b-45c2-8ade-8c73b83d9cf9,442,2023-08-01 00:00:00,5,1085.0,144,130.2,108.5,cancelled,2023-12-29 00:00:00,2023-07-31 17:00:00
05797a19-0793-4cb7-b3a3-b50469cff253,201,2024-02-27 00:00:00,6,544.5,116,65.34,0.0,confirmed,2024-08-16 00:00:00,2024-02-26 19:00:00
b0063d14-f160-4447-b030-11e7a8e54b87,495,2024-01-07 00:00:00,3,399.75,127,47.97,0.0,confirmed,2024-06-10 00:00:00,2024-01-06 20:00:00
fc792733-e551-4a0a-aa4b-690fc7a6872c,147,2023-10-29 00:00:00,13,2037.75,51,244.53,203.78,cancelled,2024-02-27 00:00:00,2023-10-28 22:00:00
dec07240-c8e7-4980-8cf5-0c3b06933a15,2,2024-09-16 00:00:00,14,3003.0,59,360.36,0.0,confirmed,2025-01-23 00:00:00,2024-09-15 05:00:00
de4f04b2-f28e-4f08-968b-b26c06bdd1f3,78,2023-10-19 00:00:00,13,2840.5,137,340.86,0.0,confirmed,2024-03-10 00:00:00,2023-10-18 00:00:00
30b560f2-39f1-49fc-91d0-a343f09814e8,444,2024-04-02 00:00:00,12,2442.0,150,293.04,0.0,confirmed,2024-05-30 00:00:00,2024-04-01 10:00:00
95c8baca-f45a-4b67-92ec-0c97db731bf2,340,2023-09-12 00:00:00,8,528.0,129,63.36,52.8,cancelled,2024-02-25 00:00:00,2023-09-11 08:00:00
6fe41078-f3ac-4aa8-9a12-072542f4a057,9,2023-11-30 00:00:00,7,924.0,58,110.88,0.0,confirmed,2024-01-28 00:00:00,2023-11-29 05:00:00
214e80d9-a6c8-421c-806d-30c8878387d8,199,2023-04-16 00:00:00,7,1529.5,54,183.54,0.0,confirmed,2023-05-08 00:00:00,2023-04-15 02:00:00
0b0371b4-c6d7-4321-9b1c-641c6ac18a14,231,2024-04-03 00:00:00,14,1232.0,138,147.84,0.0,confirmed,2024-06-25 00:00:00,2024-04-02 07:00:00
35cf508d-3caf-491e-94a5-64fa296aa2f6,157,2023-12-03 00:00:00,4,682.0,139,81.84,68.2,cancelled,2024-02-11 00:00:00,2023-12-02 14:00:00
48d62461-28c5-4fde-97b9-09ee3979688c,23,2024-01-29 00:00:00,5,990.0,92,118.8,99.0,cancelled,2024-06-09 00:00:00,2024-01-28 06:00:00
9f0b7b58-cee1-41ab-88b8-3b03329d209c,351,2024-01-13 00:00:00,3,465.0,73,55.8,0.0,confirmed,2024-04-10 00:00:00,2024-01-12 22:00:00
08c754cf-8c71-4b9b-9749-3424639c1341,101,2024-03-27 00:00:00,11,4114.0,127,493.68,0.0,confirmed,2024-09-09 00:00:00,2024-03-26 21:00:00
331092ab-7e3d-4a02-b25e-db8190f0c1c1,44,2023-11-19 00:00:00,8,1400.0,52,168.0,0.0,confirmed,2024-01-08 00:00:00,2023-11-18 13:00:00
7f0da148-dc97-41b7-9a3e-4e888a2ca716,130,2023-05-15 00:00:00,11,1588.18,105,190.58,158.82,cancelled,2023-10-10 00:00:00,2023-05-14 01:00:00
d8a1987c-89b1-4cbe-9f6f-898dd571479d,387,2024-06-03 00:00:00,3,462.0,95,55.44,46.2,cancelled,2024-09-27 00:00:00,2024-06-02 06:00:00
01d0551e-dfb3-4ac1-8949-3fd3691e668d,483,2024-01-23 00:00:00,7,1701.0,52,204.12,0.0,confirmed,2024-04-22 00:00:00,2024-01-22 13:00:00
4da44d2e-3a6e-4c21-9cec-7724fbf7657c,47,2024-04-26 00:00:00,13,1729.0,130,207.48,172.9,cancelled,2024-07-21 00:00:00,2024-04-25 10:00:00
976f0622-d94b-45b0-a8c8-eb168641e351,467,2024-01-08 00:00:00,3,1152.0,74,138.24,0.0,confirmed,2024-05-16 00:00:00,2024-01-07 14:00:00
608697c9-5757-48e0-96f6-e53139b4e9cb,210,2023-06-19 00:00:00,12,1512.0,104,181.44,151.2,cancelled,2023-11-07 00:00:00,2023-06-18 08:00:00
88783aaa-441b-4096-bf9f-b60fbc56b372,306,2023-02-14 00:00:00,3,511.5,102,61.38,0.0,confirmed,2023-08-03 00:00:00,2023-02-13 18:00:00
aab52f81-a31a-442b-8e2d-07a437f3af69,338,2023-10-17 00:00:00,1,256.0,107,30.72,25.6,cancelled,2024-03-27 00:00:00,2023-10-16 21:00:00
f94c40a1-1f02-4db6-9fde-623cffe06020,261,2023-06-12 00:00:00,11,1881.0,126,225.72,0.0,confirmed,2023-12-08 00:00:00,2023-06-11 21:00:00
58a16c08-8137-41b1-a39b-bb4783cbc230,86,2024-03-02 00:00:00,1,66.5,72,7.98,0.0,confirmed,2024-06-28 00:00:00,2024-03-01 17:00:00
4fda7fcc-b08b-4de7-a592-34d0310dcb61,443,2024-03-23 00:00:00,10,5425.0,106,651.0,0.0,confirmed,2024-07-29 00:00:00,2024-03-22 10:00:00
0b67dfcb-53d2-46be-b65f-3808fd226d0b,310,2023-10-05 00:00:00,12,1188.0,49,142.56,0.0,confirmed,2023-12-16 00:00:00,2023-10-04 16:00:00
904de283-3a75-4877-b081-f400a9864ced,287,2023-05-15 00:00:00,6,1230.0,137,147.6,123.0,cancelled,2023-08-10 00:00:00,2023-05-14 06:00:00
92fd2381-1f2d-4856-940b-5affd1a68d6b,198,2023-10-16 00:00:00,14,2128.0,85,255.36,0.0,confirmed,2023-11-19 00:00:00,2023-10-15 12:00:00
a05d32ac-0dbc-4802-b0b6-49154decb1d5,323,2024-07-21 00:00:00,1,368.0,74,44.16,36.8,cancelled,2024-10-11 00:00:00,2024-07-20 10:00:00
f100bfd6-2931-4c78-9519-8827c879a90b,483,2024-08-06 00:00:00,13,3159.0,87,379.08,0.0,confirmed,2025-01-06 00:00:00,2024-08-05 20:00:00
28c48713-48b0-4966-851b-bdb91420bf95,56,2023-04-30 00:00:00,5,2145.0,86,257.4,0.0,confirmed,2023-07-01 00:00:00,2023-04-29 16:00:00
705a8ed6-2104-4e5d-ba99-44532eb1216f,306,2023-04-29 00:00:00,14,2387.0,137,286.44,0.0,confirmed,2023-06-30 00:00:00,2023-04-28 16:00:00
ff2b4d1d-a34d-468e-992c-2f24df975459,151,2024-05-16 00:00:00,12,7140.0,59,856.8,0.0,confirmed,2024-08-23 00:00:00,2024-05-15 19:00:00
4476b6be-c193-4145-8c24-db0a8ede7279,293,2023-07-21 00:00:00,2,379.5,132,45.54,0.0,confirmed,2023-08-19 00:00:00,2023-07-20 02:00:00
cc7cf1bd-fa2b-4003-8600-b4fa3b627874,89,2024-02-03 00:00:00,11,3921.5,135,470.58,0.0,confirmed,2024-03-18 00:00:00,2024-02-02 02:00:00
11169be4-e9cd-48b1-ad0b-333c06efd69a,56,2023-09-20 00:00:00,11,4719.0,144,566.28,471.9,cancelled,2024-03-08 00:00:00,2023-09-19 02:00:00
208e14a9-f4b2-401b-86cb-a37bed868e19,428,2023-08-22 00:00:00,2,287.0,77,34.44,28.7,cancelled,2024-02-06 00:00:00,2023-08-21 14:00:00
dad9ddbd-0fee-4203-8271-bdc75f1f5ca8,328,2023-11-20 00:00:00,3,330.0,107,39.6,0.0,confirmed,2024-02-15 00:00:00,2023-11-19 13:00:00
4c6a362e-c0f0-4507-bc6a-f3e6248e37b1,152,2024-01-06 00:00:00,10,2185.0,85,262.2,218.5,cancelled,2024-07-02 00:00:00,2024-01-05 14:00:00
0a3cdf32-eb56-4b36-bf36-b36c766f0b5d,500,2024-06-13 00:00:00,8,1088.96,130,130.68,108.9,cancelled,2024-07-01 00:00:00,2024-06-12 21:00:00
743119f7-df7f-40fd-b6bc-4f480af4e620,366,2024-02-04 00:00:00,8,1023.04,114,122.76,102.3,cancelled,2024-05-13 00:00:00,2024-02-03 07:00:00
89c3b15d-128d-4b2b-9d52-ee08a2c23ca8,465,2023-02-23 00:00:00,1,336.0,74,40.32,33.6,cancelled,2023-06-02 00:00:00,2023-02-22 21:00:00
f0e25707-e7e2-4d2f-a80c-18931f04f9be,60,2024-04-15 00:00:00,4,280.48,138,33.66,0.0,confirmed,2024-06-20 00:00:00,2024-04-14 01:00:00
fb5a5332-753f-47ff-9252-5c312e1736b5,41,2024-07-06 00:00:00,12,3456.0,107,414.72,345.6,cancelled,2024-09-19 00:00:00,2024-07-05 21:00:00
5bb3b330-4f57-45df-8b79-bbb508995efe,251,2023-12-06 00:00:00,11,3168.0,44,380.16,316.8,cancelled,2024-03-01 00:00:00,2023-12-05 13:00:00
f267a165-a1e7-45dd-8495-3f9a2fde63c3,492,2024-02-24 00:00:00,5,332.5,145,39.9,0.0,confirmed,2024-03-01 00:00:00,2024-02-23 06:00:00
c1782731-da5a-4efa-b2f6-97c71e9b3128,60,2024-08-14 00:00:00,14,981.68,61,117.8,0.0,confirmed,2024-08-17 00:00:00,2024-08-13 06:00:00
6865cd23-628b-4025-bc60-9c290c2ec7e0,394,2024-10-07 00:00:00,1,119.0,120,14.28,0.0,confirmed,2024-10-30 00:00:00,2024-10-06 01:00:00
5ac71d35-7fe1-4e32-9825-347e570a1b2d,331,2023-08-02 00:00:00,5,453.75,61,54.45,0.0,confirmed,2023-11-23 00:00:00,2023-08-01 01:00:00
d9669388-5e6e-47e7-830a-32c97870823f,436,2024-06-08 00:00:00,11,2849.0,125,341.88,0.0,confirmed,2024-08-05 00:00:00,2024-06-07 22:00:00
5f89b499-7c6f-4a68-be18-0e86f70d2f49,261,2023-11-19 00:00:00,6,1026.0,89,123.12,102.6,cancelled,2024-01-25 00:00:00,2023-11-18 18:00:00
ea82cb43-564f-4ecb-83cf-42644809828c,118,2023-12-20 00:00:00,5,1156.25,104,138.75,0.0,confirmed,2024-03-04 00:00:00,2023-12-19 05:00:00
e45c8f23-4b54-480c-89c4-d0cf278cae3f,495,2024-02-28 00:00:00,1,133.25,126,15.99,0.0,confirmed,2024-06-06 00:00:00,2024-02-27 04:00:00
b6eadce7-98b1-4e4b-ac45-169aa18040e0,142,2024-10-05 00:00:00,14,2576.0,121,309.12,0.0,confirmed,2025-02-27 00:00:00,2024-10-04 09:00:00
5cd6bcd2-d651-4b0a-a636-137154534e98,392,2024-06-26 00:00:00,1,144.38,45,17.33,0.0,confirmed,2024-10-17 00:00:00,2024-06-25 00:00:00
50fca807-bc1f-4e58-a105-afb8cda04e33,438,2024-04-13 00:00:00,5,2100.0,56,252.0,0.0,confirmed,2024-08-17 00:00:00,2024-04-12 12:00:00
c6cc7b65-ee9a-404c-9c09-630677b57cd8,203,2023-11-15 00:00:00,11,2978.25,115,357.39,0.0,confirmed,2024-05-01 00:00:00,2023-11-14 16:00:00
28380652-38ed-4b19-9718-8ea0118de4bd,405,2023-09-24 00:00:00,4,616.0,112,73.92,0.0,confirmed,2023-12-20 00:00:00,2023-09-23 07:00:00
ff7a12dc-c1e0-40ca-9a52-298cac168b28,22,2023-09-30 00:00:00,10,2660.0,108,319.2,266.0,cancelled,2023-12-16 00:00:00,2023-09-29 05:00:00
cd8e7979-cadd-4dbc-8334-7ed7a733f018,378,2023-09-10 00:00:00,5,380.0,52,45.6,38.0,cancelled,2023-12-08 00:00:00,2023-09-09 11:00:00
30305883-a6ae-4a1f-9e3d-f08e976222c1,31,2024-01-28 00:00:00,3,528.0,108,63.36,0.0,confirmed,2024-07-15 00:00:00,2024-01-27 07:00:00
a6f00d7f-915a-4efa-b167-9030e2847faa,398,2023-10-24 00:00:00,3,195.0,111,23.4,0.0,confirmed,2023-12-02 00:00:00,2023-10-23 22:00:00
6c90828f-35af-43ae-9c1c-add259ef74b9,377,2023-10-20 00:00:00,3,1496.25,130,179.55,0.0,confirmed,2023-12-19 00:00:00,2023-10-19 19:00:00
afc2924b-c7bc-4179-adb9-321186f31651,133,2024-04-23 00:00:00,11,2150.5,80,258.06,0.0,confirmed,2024-09-09 00:00:00,2024-04-22 02:00:00
d2503d4d-4ba8-4e2f-93b2-a2e8e35d23a8,341,2023-10-22 00:00:00,1,173.25,115,20.79,0.0,confirmed,2024-01-30 00:00:00,2023-10-21 09:00:00
36647aa7-1019-4147-af71-38f3e9640380,35,2024-05-02 00:00:00,8,1848.0,118,221.76,184.8,cancelled,2024-07-05 00:00:00,2024-05-01 01:00:00
59f29246-084b-455f-890c-b7c48471f783,158,2023-07-30 00:00:00,10,1680.0,129,201.6,0.0,confirmed,2023-09-18 00:00:00,2023-07-29 05:00:00
6c1cb999-d7c2-4d40-a3be-178582801136,345,2023-10-25 00:00:00,4,660.0,94,79.2,0.0,confirmed,2023-11-27 00:00:00,2023-10-24 18:00:00
737d40e0-b85d-47ff-9a5e-8a8f284574f9,313,2024-02-03 00:00:00,6,1488.0,96,178.56,148.8,cancelled,2024-06-18 00:00:00,2024-02-02 12:00:00
6480dd28-9504-46fd-9254-c2c108f54f90,185,2024-01-15 00:00:00,1,45.38,131,5.45,0.0,confirmed,2024-02-06 00:00:00,2024-01-14 18:00:00
5ca8ef99-d926-468c-b5f2-f589aa9045be,87,2023-11-28 00:00:00,6,528.0,142,63.36,0.0,confirmed,2023-12-19 00:00:00,2023-11-27 16:00:00
e9746487-ab35-40ab-bd41-b32c0ec12047,82,2023-07-19 00:00:00,8,1748.0,58,209.76,0.0,confirmed,2023-12-21 00:00:00,2023-07-18 21:00:00
c4e3d3c8-83d7-4ee3-aad2-68b436c3b707,415,2024-06-26 00:00:00,3,594.0,69,71.28,0.0,confirmed,2024-11-01 00:00:00,2024-06-25 16:00:00
0887e94e-b2a3-4778-a440-020f8f08dad4,5,2023-09-25 00:00:00,9,630.0,106,75.6,0.0,confirmed,2023-12-03 00:00:00,2023-09-24 13:00:00
e6bb4308-9a67-4c71-a5b8-822161aa2cbc,136,2023-11-25 00:00:00,3,240.0,54,28.8,24.0,cancelled,2024-03-15 00:00:00,2023-11-24 12:00:00
d39f0b9e-3ce4-46f4-b2e1-8271f385780c,339,2023-07-11 00:00:00,4,704.0,77,84.48,70.4,cancelled,2023-11-05 00:00:00,2023-07-10 16:00:00
965cc1a0-b79c-4ba9-8a50-b1409762d3e9,149,2023-08-31 00:00:00,9,519.75,78,62.37,0.0,confirmed,2024-01-22 00:00:00,2023-08-30 18:00:00
b9bbde0d-5c7b-4bcb-92f1-e36c1e8585c0,248,2023-06-26 00:00:00,2,434.0,83,52.08,0.0,confirmed,2023-10-25 00:00:00,2023-06-25 22:00:00
9543c842-d43f-4ef8-92b4-51b40da67aa9,337,2024-08-13 00:00:00,14,1260.0,85,151.2,0.0,confirmed,2024-11-01 00:00:00,2024-08-12 05:00:00
dba57cce-dfd9-47ce-b254-42bb00da5bed,423,2023-11-14 00:00:00,10,3240.0,146,388.8,0.0,confirmed,2024-03-10 00:00:00,2023-11-13 03:00:00
59de78de-1063-45f7-9950-589437e81774,481,2023-08-21 00:00:00,4,264.0,96,31.68,0.0,confirmed,2023-11-22 00:00:00,2023-08-20 23:00:00
371defc6-d0ef-4a5f-b064-5a3538b1d665,240,2023-04-12 00:00:00,3,285.0,135,34.2,0.0,confirmed,2023-04-27 00:00:00,2023-04-11 05:00:00
3464c82c-f9d7-4988-83ba-7ba0a864cbe5,323,2024-03-21 00:00:00,11,4048.0,88,485.76,404.8,cancelled,2024-08-24 00:00:00,2024-03-20 17:00:00
1c768e04-51bc-4c67-94bd-11263b0fb108,7,2023-10-24 00:00:00,2,228.0,68,27.36,22.8,cancelled,2024-02-27 00:00:00,2023-10-23 19:00:00
fe41c01b-cdb8-4c2d-a9d3-3a97c3359f96,353,2023-12-12 00:00:00,10,1540.0,139,184.8,0.0,confirmed,2024-05-29 00:00:00,2023-12-11 03:00:00
94f05fe6-7621-4b28-b0eb-2b684eaf7eb9,437,2023-09-30 00:00:00,6,525.0,79,63.0,0.0,confirmed,2023-11-28 00:00:00,2023-09-29 20:00:00
8aed0f1e-a0a5-4a15-a4ef-97420f00c130,386,2023-08-10 00:00:00,2,378.0,129,45.36,0.0,confirmed,2023-09-08 00:00:00,2023-08-09 00:00:00
17ba5934-4330-4cd0-b268-56c92e20fff5,322,2024-01-12 00:00:00,12,858.0,56,102.96,0.0,confirmed,2024-02-08 00:00:00,2024-01-11 00:00:00
1a9a6896-05d7-4bfa-b9f9-236508bceb82,254,2023-08-06 00:00:00,6,1710.0,71,205.2,171.0,cancelled,2023-11-28 00:00:00,2023-08-05 15:00:00
557e3a74-2315-4ac0-bdb5-d915104c5336,459,2023-10-12 00:00:00,8,2976.0,96,357.12,0.0,confirmed,2023-12-18 00:00:00,2023-10-11 18:00:00
b00e39a7-833f-4ebd-95ef-42dcc92e5f19,176,2023-05-17 00:00:00,14,5082.0,110,609.84,508.2,cancelled,2023-10-18 00:00:00,2023-05-16 17:00:00
96f108b3-b10f-4e15-b789-69b3ee092873,458,2023-03-30 00:00:00,4,1368.0,45,164.16,0.0,confirmed,2023-08-09 00:00:00,2023-03-29 20:00:00
6b8774e0-64e8-458b-8f4e-43eb0d330d2f,70,2024-06-27 00:00:00,11,1232.0,70,147.84,123.2,cancelled,2024-08-11 00:00:00,2024-06-26 21:00:00
c727e6a5-3f47-4f0f-a812-ddbe651d516f,32,2023-11-13 00:00:00,3,672.0,41,80.64,67.2,cancelled,2024-02-19 00:00:00,2023-11-12 21:00:00
7b5ba288-91cc-4ef6-97f1-fe2175c4e634,411,2024-09-07 00:00:00,2,1104.0,108,132.48,0.0,confirmed,2024-10-20 00:00:00,2024-09-06 04:00:00
7669c3e3-83ea-431c-aa6c-69343dae2f0a,254,2023-07-31 00:00:00,14,3990.0,69,478.8,0.0,confirmed,2023-08-07 00:00:00,2023-07-30 01:00:00
2d889de2-8a2e-4bcb-a0ee-9ea773765161,154,2024-07-23 00:00:00,5,2021.25,145,242.55,202.12,cancelled,2025-01-07 00:00:00,2024-07-22 18:00:00
16c14566-522a-4a25-b209-05660757ed49,287,2023-09-26 00:00:00,10,2050.0,107,246.0,0.0,confirmed,2023-10-20 00:00:00,2023-09-25 08:00:00
901d3d7d-e70e-4d6a-b721-f8a3a61009ca,10,2023-12-26 00:00:00,7,1792.0,149,215.04,0.0,confirmed,2024-03-25 00:00:00,2023-12-25 08:00:00
b63e8140-6720-49cf-94a7-ac2419fa394d,480,2024-03-29 00:00:00,3,235.14,57,28.22,23.51,cancelled,2024-07-31 00:00:00,2024-03-28 02:00:00
5276c4a2-3c33-4d5a-b077-0fdb83a15986,129,2023-06-07 00:00:00,11,3366.0,102,403.92,0.0,confirmed,2023-12-03 00:00:00,2023-06-06 12:00:00
2f1ea68f-c3cf-4f01-8f1b-d5ad54bb236f,181,2023-09-30 00:00:00,4,840.0,70,100.8,0.0,confirmed,2024-03-20 00:00:00,2023-09-29 08:00:00
0c640189-bd90-4bc6-a261-c6a91f3031a1,178,2023-06-22 00:00:00,7,4704.0,147,564.48,470.4,cancelled,2023-11-17 00:00:00,2023-06-21 15:00:00
7328caff-fa7f-4c77-924c-1d6d7d033022,396,2023-11-01 00:00:00,5,1400.0,133,168.0,0.0,confirmed,2023-12-23 00:00:00,2023-10-31 06:00:00
f57e0d31-0247-43f4-bef7-1814aea9d081,172,2023-09-21 00:00:00,13,1852.5,75,222.3,0.0,confirmed,2023-10-03 00:00:00,2023-09-20 10:00:00
7d049867-64b9-44a3-84e6-dd30422acbd6,482,2024-01-04 00:00:00,13,1049.75,118,125.97,0.0,confirmed,2024-01-17 00:00:00,2024-01-03 02:00:00
c5a78527-117b-4e36-be64-7f67939ac16b,47,2024-09-06 00:00:00,6,798.0,109,95.76,0.0,confirmed,2024-11-20 00:00:00,2024-09-05 20:00:00
2d9037e8-1737-42fa-b0d1-728121884cde,251,2023-05-15 00:00:00,5,1440.0,141,172.8,0.0,confirmed,2023-05-24 00:00:00,2023-05-14 06:00:00
e79d28a1-67d8-4068-941c-2c762ba08a47,218,2023-09-01 00:00:00,4,680.0,49,81.6,0.0,confirmed,2024-02-01 00:00:00,2023-08-31 04:00:00
9aecedba-cd1e-47db-b778-73e0b700143d,452,2024-06-03 00:00:00,6,1440.0,53,172.8,0.0,confirmed,2024-07-15 00:00:00,2024-06-02 18:00:00
f1841794-d628-436a-9e48-977d941adeb5,146,2024-04-06 00:00:00,3,195.0,67,23.4,0.0,confirmed,2024-09-18 00:00:00,2024-04-05 22:00:00
d76050f7-9e18-4cdd-a3dc-63a2caf508f4,348,2023-12-17 00:00:00,5,1240.0,40,148.8,0.0,confirmed,2024-03-12 00:00:00,2023-12-16 04:00:00
a3fa4821-4014-4a53-bd5b-58de3fe60d9e,233,2024-06-19 00:00:00,10,1200.0,87,144.0,120.0,cancelled,2024-08-31 00:00:00,2024-06-18 10:00:00
64a7a47d-595d-4719-a43a-ebe69fd53aaa,454,2024-04-16 00:00:00,10,605.0,47,72.6,0.0,confirmed,2024-06-11 00:00:00,2024-04-15 23:00:00
930f9ff7-05e8-428f-9ef9-bcf791948e42,231,2024-03-14 00:00:00,2,176.0,121,21.12,17.6,cancelled,2024-07-30 00:00:00,2024-03-13 12:00:00
fdb99420-4865-45ed-b179-77e6c2a4df9d,366,2023-12-21 00:00:00,7,895.16,99,107.42,0.0,confirmed,2024-02-07 00:00:00,2023-12-20 02:00:00
f545f994-b0cf-43d2-b17c-9a21e7f13fb4,357,2024-08-13 00:00:00,7,866.25,116,103.95,0.0,confirmed,2025-01-04 00:00:00,2024-08-12 00:00:00
673aaf13-5c49-41c5-aa5d-581834651e62,185,2024-05-25 00:00:00,5,226.9,132,27.23,0.0,confirmed,2024-11-18 00:00:00,2024-05-24 11:00:00
b7f90302-5aee-4a83-a8a9-e716f7c96a56,110,2023-06-04 00:00:00,2,351.0,68,42.12,35.1,cancelled,2023-09-17 00:00:00,2023-06-03 12:00:00
840cf9d4-3348-4e4a-864f-296a5afd2cb8,228,2024-05-28 00:00:00,12,1710.0,55,205.2,0.0,confirmed,2024-07-10 00:00:00,2024-05-27 12:00:00
e6611e9e-2f60-4146-abbb-49c0428efbc7,345,2024-05-18 00:00:00,11,1815.0,98,217.8,181.5,cancelled,2024-07-18 00:00:00,2024-05-17 15:00:00
47ad1282-541e-43b5-a376-3a01aa2c03fd,67,2024-04-03 00:00:00,13,2184.0,68,262.08,0.0,confirmed,2024-04-16 00:00:00,2024-04-02 02:00:00
a9fe1919-8eab-4a89-994a-c700a7d22d20,207,2024-02-27 00:00:00,13,1930.5,101,231.66,193.05,cancelled,2024-07-07 00:00:00,2024-02-26 05:00:00
9292b9aa-2ac9-4d24-9a6b-a7597df174f8,201,2024-02-06 00:00:00,9,816.75,73,98.01,81.68,cancelled,2024-02-14 00:00:00,2024-02-05 08:00:00
064905ab-d90f-46e2-b532-d7c4b51e74ac,293,2024-01-30 00:00:00,11,2087.25,70,250.47,0.0,confirmed,2024-04-20 00:00:00,2024-01-29 06:00:00
52e2de7c-ab3e-4136-a907-f77e14ef58fb,182,2023-09-21 00:00:00,8,2560.0,88,307.2,256.0,cancelled,2024-01-31 00:00:00,2023-09-20 02:00:00
44c666a6-2bb4-4b8c-80d5-6e894053f403,354,2023-06-04 00:00:00,3,960.0,69,115.2,96.0,cancelled,2023-09-22 00:00:00,2023-06-03 12:00:00
482dcf80-436b-44d1-8768-1a965b0c0886,124,2024-03-16 00:00:00,12,2448.0,80,293.76,0.0,confirmed,2024-03-20 00:00:00,2024-03-15 08:00:00
cbf4005f-c6c0-4bd7-94ff-43b6c0ed0b46,346,2023-11-17 00:00:00,3,456.0,105,54.72,0.0,confirmed,2023-12-15 00:00:00,2023-11-16 19:00:00
dcfa7399-06f2-4139-87ba-eef6ae06318c,261,2023-10-18 00:00:00,8,1368.0,94,164.16,0.0,confirmed,2024-02-10 00:00:00,2023-10-17 15:00:00
2ba43c43-542e-4f75-97e7-7fa96f0812d5,388,2024-01-23 00:00:00,11,847.0,87,101.64,0.0,confirmed,2024-05-10 00:00:00,2024-01-22 12:00:00
d8b2e4ff-c5ab-4e51-a6f1-4f90719dd030,23,2024-04-05 00:00:00,4,792.0,147,95.04,0.0,confirmed,2024-05-16 00:00:00,2024-04-04 02:00:00
c05bbe5e-1051-4a7b-80ba-6190466c01f5,448,2023-08-25 00:00:00,7,1291.5,144,154.98,129.15,cancelled,2024-02-03 00:00:00,2023-08-24 03:00:00
1870e0a3-8936-496b-875f-0c1a1238e3a4,288,2024-03-09 00:00:00,14,2457.0,80,294.84,0.0,confirmed,2024-07-17 00:00:00,2024-03-08 12:00:00
34f5d3c9-7901-478d-bc7d-e0d295aaf55b,277,2023-11-01 00:00:00,11,1760.0,146,211.2,0.0,confirmed,2023-11-10 00:00:00,2023-10-31 06:00:00
a5f2f060-b689-414a-a6ec-6c59d88ebb61,345,2024-03-03 00:00:00,5,825.0,51,99.0,0.0,confirmed,2024-06-13 00:00:00,2024-03-02 18:00:00
ff798a8a-6be9-4659-b7d4-eaba6957db39,16,2024-05-08 00:00:00,7,1295.0,105,155.4,0.0,confirmed,2024-10-16 00:00:00,2024-05-07 04:00:00
ea49ad13-d56e-4050-8271-0378186fb780,270,2023-09-25 00:00:00,5,1615.0,43,193.8,161.5,cancelled,2024-01-28 00:00:00,2023-09-24 04:00:00
12da08e6-1fc0-456c-854e-da325481c7fc,79,2023-07-16 00:00:00,8,748.0,55,89.76,0.0,confirmed,2024-01-09 00:00:00,2023-07-15 11:00:00
b43a5291-cadd-458f-9451-ee66a5514227,237,2023-04-14 00:00:00,11,2037.75,132,244.53,0.0,confirmed,2023-07-31 00:00:00,2023-04-13 10:00:00
00302b87-9279-4a27-9bb4-1b0ed90ed357,144,2023-11-17 00:00:00,5,600.0,83,72.0,60.0,cancelled,2024-02-27 00:00:00,2023-11-16 12:00:00
b535415b-6230-4b78-ae0a-061c514792bc,275,2024-01-18 00:00:00,1,185.0,149,22.2,0.0,confirmed,2024-01-23 00:00:00,2024-01-17 21:00:00
c08cb886-4f29-4d2a-9cf5-00d8a31e6538,288,2024-02-13 00:00:00,11,1930.5,109,231.66,193.05,cancelled,2024-06-03 00:00:00,2024-02-12 12:00:00
bfbf0c84-febc-4ad1-bb4b-4eb79fe7fcb7,301,2024-06-19 00:00:00,14,2450.0,75,294.0,0.0,confirmed,2024-07-09 00:00:00,2024-06-18 15:00:00
45f298c9-2e15-4db7-8f7b-593b67b25e86,184,2023-02-22 00:00:00,2,330.0,84,39.6,0.0,confirmed,2023-03-27 00:00:00,2023-02-21 21:00:00
06a6ec34-e47a-424c-b28d-beb08d9d4374,346,2023-09-25 00:00:00,4,608.0,150,72.96,60.8,cancelled,2024-02-10 00:00:00,2023-09-24 22:00:00
170977d4-4831-4991-9afd-392fff8bfecc,135,2023-06-26 00:00:00,9,1728.0,93,207.36,0.0,confirmed,2023-07-09 00:00:00,2023-06-25 19:00:00
b1401c4d-273a-4c3b-ab05-b987f118eb52,21,2023-10-27 00:00:00,12,2112.0,108,253.44,0.0,confirmed,2024-03-15 00:00:00,2023-10-26 14:00:00
8a9035ca-1449-4b8a-801a-6428ba9a552b,110,2023-05-10 00:00:00,8,1404.0,149,168.48,0.0,confirmed,2023-06-26 00:00:00,2023-05-09 08:00:00
11e2af52-fb77-4277-910f-d9a51ee9459f,139,2024-08-10 00:00:00,14,1190.0,40,142.8,119.0,cancelled,2024-12-08 00:00:00,2024-08-09 12:00:00
40a2c540-5701-41fe-b814-84e2369aee59,437,2023-11-22 00:00:00,8,700.0,105,84.0,0.0,confirmed,2023-12-09 00:00:00,2023-11-21 22:00:00
3b17658f-daa1-468a-80c8-5052775d7918,352,2023-06-23 00:00:00,10,1920.0,83,230.4,0.0,confirmed,2023-10-31 00:00:00,2023-06-22 00:00:00
9d01fe9c-8659-46a8-bf1f-369d57f00885,478,2023-02-10 00:00:00,7,1531.25,57,183.75,0.0,confirmed,2023-04-15 00:00:00,2023-02-09 11:00:00
1433d6eb-0112-4d4d-bbb5-e8cb61550f7f,209,2024-02-01 00:00:00,7,1127.0,113,135.24,0.0,confirmed,2024-05-21 00:00:00,2024-01-31 11:00:00
25c70600-c4c5-4340-938c-aa2a36cd458e,172,2024-02-16 00:00:00,1,142.5,100,17.1,14.25,cancelled,2024-06-15 00:00:00,2024-02-15 00:00:00
07a3b375-94b9-4ea3-8744-a73251e3c4eb,437,2024-01-17 00:00:00,4,350.0,46,42.0,0.0,confirmed,2024-02-08 00:00:00,2024-01-16 16:00:00
6ed824c5-60d0-4eb7-9a1c-1cadc3a22b89,67,2024-06-28 00:00:00,6,1008.0,130,120.96,100.8,cancelled,2024-12-04 00:00:00,2024-06-27 03:00:00
d201f3a2-7c38-4c31-b735-c3b42acce116,472,2023-04-20 00:00:00,12,1440.0,133,172.8,0.0,confirmed,2023-05-04 00:00:00,2023-04-19 17:00:00
d7d6323c-d45b-4563-83c0-8cf97228e7b2,194,2023-11-06 00:00:00,9,1930.5,98,231.66,0.0,confirmed,2024-04-17 00:00:00,2023-11-05 01:00:00
61f54c31-ed69-4368-9ecf-bc3e35a07664,353,2023-10-09 00:00:00,9,1386.0,137,166.32,138.6,cancelled,2023-10-14 00:00:00,2023-10-08 13:00:00
19a48c6c-d428-4301-a211-2040f7ea4192,3,2024-01-07 00:00:00,13,3328.0,100,399.36,0.0,confirmed,2024-06-12 00:00:00,2024-01-06 09:00:00
8aeb5ec6-e33c-4f5f-9235-3260bf7f2fbc,212,2023-10-07 00:00:00,9,769.5,128,92.34,76.95,cancelled,2024-01-18 00:00:00,2023-10-06 01:00:00
da1d43d0-60ff-4b23-8300-83217f6be9aa,424,2024-01-02 00:00:00,4,700.0,105,84.0,0.0,confirmed,2024-03-02 00:00:00,2024-01-01 09:00:00
4e3cfb66-1cba-4164-90c2-600acc6736d0,327,2023-10-17 00:00:00,4,1872.0,115,224.64,187.2,cancelled,2024-02-23 00:00:00,2023-10-16 17:00:00
7228124e-68bc-46f5-a77c-124dfafb51b5,473,2023-09-25 00:00:00,9,1543.5,68,185.22,0.0,confirmed,2023-10-23 00:00:00,2023-09-24 04:00:00
8259b332-d70a-4d4c-bf71-de6db67792ec,331,2023-10-21 00:00:00,6,544.5,55,65.34,54.45,cancelled,2023-12-30 00:00:00,2023-10-20 22:00:00
426c72a4-35a4-469a-8a68-ea9695ce735a,126,2023-09-25 00:00:00,14,1456.0,108,174.72,0.0,confirmed,2023-10-21 00:00:00,2023-09-24 12:00:00
43819f66-cec5-41d2-a2f9-949bec9b1464,421,2023-10-08 00:00:00,6,1029.0,72,123.48,0.0,confirmed,2024-02-17 00:00:00,2023-10-07 19:00:00
57d0cea5-b92f-4ab0-8d5e-c70c3dbe4163,233,2024-03-03 00:00:00,14,1680.0,121,201.6,0.0,confirmed,2024-06-09 00:00:00,2024-03-02 18:00:00
34578a8c-79d9-48c3-b455-618c2876aa12,87,2024-07-17 00:00:00,5,440.0,74,52.8,0.0,confirmed,2024-08-12 00:00:00,2024-07-16 14:00:00
883addbc-0588-460e-8322-fad149e59034,190,2024-05-01 00:00:00,6,1326.0,128,159.12,132.6,cancelled,2024-09-27 00:00:00,2024-04-30 19:00:00
ccb4b075-61b1-4889-b174-14fdc7347255,124,2024-01-27 00:00:00,4,816.0,83,97.92,81.6,cancelled,2024-07-08 00:00:00,2024-01-26 00:00:00
03a36da1-5d43-43de-9d68-d9f4176f1e92,481,2023-11-13 00:00:00,7,462.0,113,55.44,46.2,cancelled,2024-04-16 00:00:00,2023-11-12 00:00:00
20419b73-61d1-4932-b8c8-a5c0f4b42e5b,371,2024-07-06 00:00:00,3,480.0,54,57.6,0.0,confirmed,2024-11-10 00:00:00,2024-07-05 22:00:00
69b64ed0-ed1d-4851-b290-7fc08db94df1,368,2023-11-26 00:00:00,12,1980.0,116,237.6,0.0,confirmed,2024-04-08 00:00:00,2023-11-25 15:00:00
3309cfd1-3859-4970-8431-c28a0039d57c,432,2023-11-01 00:00:00,3,462.0,117,55.44,0.0,confirmed,2023-11-11 00:00:00,2023-10-31 12:00:00
ca0027a6-3fd6-4ce5-b583-2a4cdfa13232,285,2023-10-05 00:00:00,1,66.5,132,7.98,0.0,confirmed,2024-01-30 00:00:00,2023-10-04 03:00:00
8bfc5c52-ba76-4a70-8000-1acb21ce06e7,197,2023-11-10 00:00:00,6,900.0,133,108.0,90.0,cancelled,2024-05-07 00:00:00,2023-11-09 21:00:00
5c163110-f3a5-4d63-ae04-8f4b10fde117,146,2023-12-21 00:00:00,14,910.0,145,109.2,0.0,confirmed,2024-05-04 00:00:00,2023-12-20 16:00:00
db0d6913-af15-4468-bf81-baf2f10ed898,414,2023-10-04 00:00:00,12,2880.0,144,345.6,0.0,confirmed,2023-12-04 00:00:00,2023-10-03 01:00:00
a8d9e6c0-c2bc-4e6f-949e-2a340c24b289,287,2023-03-31 00:00:00,10,2050.0,145,246.0,205.0,cancelled,2023-09-20 00:00:00,2023-03-30 18:00:00
1f4996af-b4b8-44ca-a424-6359e233d918,367,2023-11-22 00:00:00,14,5376.0,139,645.12,0.0,confirmed,2024-03-23 00:00:00,2023-11-21 14:00:00
8e88abc8-2593-4ad4-b899-8b381ba95c5a,500,2024-02-27 00:00:00,7,952.84,85,114.34,95.28,cancelled,2024-07-16 00:00:00,2024-02-26 09:00:00
ae5c65d7-3bc0-470a-b445-e2696d260a83,432,2024-01-28 00:00:00,12,1848.0,147,221.76,0.0,confirmed,2024-07-22 00:00:00,2024-01-27 09:00:00
74505320-821e-4a89-93fe-283b603d7d65,76,2023-06-18 00:00:00,3,280.5,63,33.66,0.0,confirmed,2023-10-05 00:00:00,2023-06-17 18:00:00
2772d6cb-3995-4c29-a3f5-4921083843bf,415,2023-11-25 00:00:00,9,1782.0,148,213.84,178.2,cancelled,2024-03-13 00:00:00,2023-11-24 07:00:00
b8bf34e0-0c1a-44d4-9237-f9b85388ce9b,95,2023-12-11 00:00:00,5,1320.0,149,158.4,0.0,confirmed,2024-04-21 00:00:00,2023-12-10 14:00:00
d2f40877-f66b-453a-9bc2-29f9986dbd9d,96,2023-05-09 00:00:00,5,630.0,88,75.6,0.0,confirmed,2023-07-25 00:00:00,2023-05-08 22:00:00
3824da1d-16be-4a5e-8316-6515ce1f74ec,204,2024-05-28 00:00:00,4,741.0,72,88.92,0.0,confirmed,2024-06-28 00:00:00,2024-05-27 02:00:00
a07173ea-bf7e-44f1-ae0a-4545e41bf980,381,2023-10-12 00:00:00,14,9996.0,123,1199.52,0.0,confirmed,2023-11-03 00:00:00,2023-10-11 10:00:00
f0d06683-4c8a-4ec9-91b6-92f440e06818,243,2023-10-23 00:00:00,9,5103.0,80,612.36,0.0,confirmed,2024-03-28 00:00:00,2023-10-22 20:00:00
25a46b54-5f08-45da-9d77-46623e576ee9,155,2023-03-12 00:00:00,9,891.0,50,106.92,0.0,confirmed,2023-08-21 00:00:00,2023-03-11 21:00:00
2f1002a9-1c0b-475c-b6ad-889742c8ca56,148,2023-08-23 00:00:00,8,3234.0,87,388.08,323.4,cancelled,2024-02-03 00:00:00,2023-08-22 08:00:00
e4e03978-c412-4113-afed-e6f3429f524f,299,2023-09-28 00:00:00,5,275.0,121,33.0,0.0,confirmed,2023-11-02 00:00:00,2023-09-27 12:00:00
412cb6c0-0ebe-4f41-95f5-b70901b087ee,139,2023-11-03 00:00:00,2,170.0,100,20.4,0.0,confirmed,2023-12-15 00:00:00,2023-11-02 03:00:00
87ec2e83-7e66-403c-984e-6fa4384c360e,395,2023-07-20 00:00:00,7,3363.5,150,403.62,0.0,confirmed,2023-09-10 00:00:00,2023-07-19 15:00:00
eea13645-3ec5-442f-9f04-34146d32e78a,290,2023-12-05 00:00:00,3,222.75,87,26.73,0.0,confirmed,2024-05-29 00:00:00,2023-12-04 03:00:00
5bdc0cda-6afb-40ba-9575-dc835c5936f0,134,2023-12-19 00:00:00,5,1387.5,135,166.5,0.0,confirmed,2024-03-11 00:00:00,2023-12-18 11:00:00
fe754bd1-883a-4e69-8ed8-3c2e2d24a1ac,382,2024-04-17 00:00:00,7,2254.0,66,270.48,0.0,confirmed,2024-06-15 00:00:00,2024-04-16 03:00:00
e8d1d800-f69c-4316-b346-059567eb6db6,23,2024-01-16 00:00:00,12,2376.0,101,285.12,0.0,confirmed,2024-04-01 00:00:00,2024-01-15 01:00:00
411c4fa4-e242-418c-aa7a-91282650ba6d,159,2023-11-16 00:00:00,6,1344.0,55,161.28,134.4,cancelled,2023-12-10 00:00:00,2023-11-15 07:00:00
d2e5e0f5-480d-40c0-8902-900e6accf83a,168,2023-05-06 00:00:00,9,1410.75,109,169.29,0.0,confirmed,2023-10-30 00:00:00,2023-05-05 22:00:00
661639f2-7aa5-4d20-ad7b-7a8e3cbcbec9,128,2023-06-22 00:00:00,3,1512.0,66,181.44,0.0,confirmed,2023-10-29 00:00:00,2023-06-21 23:00:00
b08aa53e-5399-4950-9a86-0125f9552e56,61,2023-11-19 00:00:00,12,2772.0,118,332.64,0.0,confirmed,2024-04-18 00:00:00,2023-11-18 14:00:00
deee4c56-a20b-4c9c-a6b9-3a37b3fc6cae,56,2023-12-28 00:00:00,4,1716.0,141,205.92,0.0,confirmed,2024-01-15 00:00:00,2023-12-27 04:00:00
e74b7ddb-fe14-4fd0-8507-b48d4b064096,395,2023-04-13 00:00:00,8,3844.0,43,461.28,0.0,confirmed,2023-06-22 00:00:00,2023-04-12 06:00:00
27cec5df-f69f-4612-ae24-1255e50f2e97,196,2023-11-19 00:00:00,3,864.0,111,103.68,0.0,confirmed,2024-03-07 00:00:00,2023-11-18 05:00:00
f48fef5b-6250-4b66-a212-ba8f862fc62a,358,2023-11-03 00:00:00,10,3060.0,100,367.2,306.0,cancelled,2024-03-22 00:00:00,2023-11-02 22:00:00
fb06d83b-12a4-4ca0-8f85-a965800cb4b1,217,2024-04-27 00:00:00,1,119.0,148,14.28,11.9,cancelled,2024-07-31 00:00:00,2024-04-26 15:00:00
0c659a53-3f2d-473b-9423-4f547ef1775b,223,2024-07-08 00:00:00,9,1584.0,50,190.08,0.0,confirmed,2024-07-24 00:00:00,2024-07-07 14:00:00
56ffe1d5-2284-4947-9df6-2b8e1fef73fc,184,2023-12-10 00:00:00,4,660.0,42,79.2,0.0,confirmed,2024-03-11 00:00:00,2023-12-09 06:00:00
690298dd-5007-4dd8-8d54-d5886116d04c,28,2023-05-03 00:00:00,7,532.0,87,63.84,0.0,confirmed,2023-10-14 00:00:00,2023-05-02 08:00:00
92c92a29-aebe-4cea-b34c-dfa8f022c616,370,2024-03-17 00:00:00,8,726.0,145,87.12,72.6,cancelled,2024-04-20 00:00:00,2024-03-16 16:00:00
07f7cc71-8a65-4579-81bc-fbeee6562a81,231,2023-08-02 00:00:00,12,1056.0,85,126.72,105.6,cancelled,2023-12-06 00:00:00,2023-08-01 22:00:00
1d906047-c42e-4145-a763-b88da2767b00,414,2024-05-10 00:00:00,13,3120.0,96,374.4,0.0,confirmed,2024-05-27 00:00:00,2024-05-09 04:00:00
6678d503-e0fc-4712-a8f1-7bacd106aee3,317,2023-05-23 00:00:00,3,396.0,85,47.52,39.6,cancelled,2023-11-02 00:00:00,2023-05-22 11:00:00
6ea50a23-a434-4f25-865b-1bfa7102ae27,398,2023-09-13 00:00:00,10,650.0,62,78.0,65.0,cancelled,2023-11-19 00:00:00,2023-09-12 22:00:00
ce93b491-3005-4d69-a9b3-ece3c02088eb,281,2024-07-21 00:00:00,6,2184.0,87,262.08,0.0,confirmed,2025-01-06 00:00:00,2024-07-20 20:00:00
69cf0bc5-e10f-4988-848c-c7269fe1e042,248,2023-12-05 00:00:00,10,2170.0,59,260.4,0.0,confirmed,2024-05-10 00:00:00,2023-12-04 05:00:00
5847a9b1-3045-49f7-bf10-dad9a79eb6e9,422,2023-07-22 00:00:00,10,1520.0,67,182.4,0.0,confirmed,2023-09-08 00:00:00,2023-07-21 09:00:00
eb2732a5-34e6-4d25-be41-3ece2936e8ed,138,2023-07-14 00:00:00,14,4620.0,122,554.4,462.0,cancelled,2023-12-29 00:00:00,2023-07-13 23:00:00
6b939a32-0859-46b4-8510-f88eada46f14,144,2024-01-20 00:00:00,12,1440.0,78,172.8,144.0,cancelled,2024-06-17 00:00:00,2024-01-19 02:00:00
ece1ec8d-adde-4176-8285-f534b25fa66a,98,2024-02-20 00:00:00,1,217.0,114,26.04,0.0,confirmed,2024-06-24 00:00:00,2024-02-19 19:00:00
f2a322c2-64e4-4761-b360-89af5e831502,331,2024-03-28 00:00:00,6,544.5,89,65.34,0.0,confirmed,2024-03-30 00:00:00,2024-03-27 23:00:00
b0e6811d-dd78-4d8b-9795-860b2ca1475e,284,2023-08-22 00:00:00,13,2873.0,122,344.76,0.0,confirmed,2023-11-18 00:00:00,2023-08-21 05:00:00
02c5eb2c-cde4-4052-9e99-5c9093493dba,297,2024-05-23 00:00:00,12,1368.0,49,164.16,0.0,confirmed,2024-09-29 00:00:00,2024-05-22 03:00:00
689803a6-277e-4d57-9bd5-4a31693249ff,45,2023-10-06 00:00:00,2,214.5,76,25.74,21.45,cancelled,2023-12-13 00:00:00,2023-10-05 12:00:00
86e00c96-15ca-41b3-9029-1a7a722c6f52,445,2023-08-09 00:00:00,7,4662.0,87,559.44,0.0,confirmed,2023-08-14 00:00:00,2023-08-08 10:00:00
c4c1a518-61b1-4c98-ac4d-ddb1e3c5783f,179,2023-12-26 00:00:00,13,1381.25,125,165.75,0.0,confirmed,2024-05-28 00:00:00,2023-12-25 21:00:00
cc551f59-f982-4b53-8fff-c67d5e9ebc5a,72,2023-09-14 00:00:00,1,264.0,98,31.68,26.4,cancelled,2023-11-01 00:00:00,2023-09-13 16:00:00
375dd792-e5dc-415f-8291-a0aa80fce01c,103,2024-01-30 00:00:00,10,1950.0,85,234.0,0.0,confirmed,2024-03-09 00:00:00,2024-01-29 07:00:00
1d773ecf-b06a-4849-a462-fb4d5395220b,434,2023-05-01 00:00:00,1,264.0,111,31.68,0.0,confirmed,2023-09-22 00:00:00,2023-04-30 20:00:00
f9d05c5b-efd9-42df-8aa7-f052562c1c92,149,2023-07-07 00:00:00,9,519.75,139,62.37,0.0,confirmed,2023-07-29 00:00:00,2023-07-06 22:00:00
80020045-9724-4d42-a198-efa0bd143b75,33,2023-09-02 00:00:00,9,1665.0,138,199.8,0.0,confirmed,2023-10-30 00:00:00,2023-09-01 23:00:00
52c5d892-cdf2-4ac2-a0b5-6823405927c1,206,2024-07-14 00:00:00,4,680.0,86,81.6,68.0,cancelled,2024-11-09 00:00:00,2024-07-13 21:00:00
b6c852ca-f647-4289-b785-252d489654cd,332,2023-12-26 00:00:00,14,4851.0,88,582.12,0.0,confirmed,2024-02-11 00:00:00,2023-12-25 18:00:00
961e08dc-7739-4f59-9e6f-c78670b70165,202,2024-01-15 00:00:00,4,952.0,99,114.24,0.0,confirmed,2024-06-06 00:00:00,2024-01-14 05:00:00
a964e61a-2925-4049-a7c8-d7a9687c8879,445,2023-09-03 00:00:00,12,7992.0,75,959.04,0.0,confirmed,2024-01-27 00:00:00,2023-09-02 09:00:00
cae98c37-06b0-4739-9aaa-cea63abdddee,253,2024-02-19 00:00:00,4,1024.0,145,122.88,0.0,confirmed,2024-03-30 00:00:00,2024-02-18 14:00:00
c16f2304-12a9-4197-9479-b3a66124f8d4,487,2024-04-23 00:00:00,5,770.0,97,92.4,77.0,cancelled,2024-09-08 00:00:00,2024-04-22 17:00:00
3a9a2678-67b0-453b-8b60-149d6bad9bec,175,2023-08-01 00:00:00,6,1039.5,66,124.74,0.0,confirmed,2023-11-09 00:00:00,2023-07-31 12:00:00
666abe01-d0e3-4890-a11a-f5379a910ce1,257,2023-06-17 00:00:00,5,500.0,82,60.0,0.0,confirmed,2023-09-03 00:00:00,2023-06-16 17:00:00
e9a28b8a-c63d-4334-8371-f09ab3bc6629,134,2023-12-28 00:00:00,7,1942.5,82,233.1,194.25,cancelled,2024-04-22 00:00:00,2023-12-27 05:00:00
4ae5dd81-0c99-408e-83c0-eaaa50f0d408,326,2024-05-02 00:00:00,13,3627.0,41,435.24,362.7,cancelled,2024-09-14 00:00:00,2024-05-01 08:00:00
e5fb14a4-f5bc-4a35-b29c-535a710b8bda,235,2024-02-22 00:00:00,3,484.5,64,58.14,48.45,cancelled,2024-07-23 00:00:00,2024-02-21 08:00:00
f1a1528a-e914-4445-a108-4dff3eea5719,65,2024-03-10 00:00:00,9,841.5,100,100.98,0.0,confirmed,2024-06-10 00:00:00,2024-03-09 12:00:00
cd8b8ca8-5513-4bf3-8ebc-1c95abe39b04,33,2023-09-17 00:00:00,7,1295.0,138,155.4,0.0,confirmed,2023-12-25 00:00:00,2023-09-16 14:00:00
e6111407-a906-4dbc-bf20-a70ac8aba55b,326,2024-10-15 00:00:00,7,1953.0,68,234.36,195.3,cancelled,2025-02-13 00:00:00,2024-10-14 00:00:00
da9dfbd5-91e0-40f5-aa80-536f60b5d678,237,2023-07-15 00:00:00,13,2408.25,70,288.99,0.0,confirmed,2023-08-31 00:00:00,2023-07-14 19:00:00
e994684d-ce6d-4e1d-a857-554318c5d6bf,65,2023-12-06 00:00:00,9,841.5,41,100.98,0.0,confirmed,2024-01-14 00:00:00,2023-12-05 18:00:00
1608dd8e-9557-4796-9614-b0e65a874d96,205,2024-01-29 00:00:00,9,519.75,115,62.37,51.98,cancelled,2024-06-20 00:00:00,2024-01-28 06:00:00
908f1c5b-3cf7-4e48-9976-f64919de2bd1,227,2023-07-13 00:00:00,11,1309.0,145,157.08,130.9,cancelled,2023-10-22 00:00:00,2023-07-12 19:00:00
c165beae-7461-41be-800f-e3b7a43f0035,451,2023-12-21 00:00:00,7,2656.5,95,318.78,0.0,confirmed,2024-03-03 00:00:00,2023-12-20 15:00:00
bb90b5f4-6658-453d-b134-066b747b900d,184,2023-06-21 00:00:00,8,1320.0,102,158.4,0.0,confirmed,2023-07-27 00:00:00,2023-06-20 05:00:00
f8819860-961e-427f-a668-3ea06d513591,5,2023-05-04 00:00:00,2,140.0,135,16.8,0.0,confirmed,2023-09-29 00:00:00,2023-05-03 19:00:00
adc3174a-e76f-4e18-9b1b-3bf3c4946ef1,7,2023-05-03 00:00:00,6,684.0,84,82.08,0.0,confirmed,2023-06-03 00:00:00,2023-05-02 03:00:00
e02916dc-74fc-4487-9cfb-1319895f8cbf,192,2023-11-22 00:00:00,8,1904.0,43,228.48,0.0,confirmed,2024-02-09 00:00:00,2023-11-21 06:00:00
0057fb3b-1314-42f3-aae5-732431d5ea1e,209,2023-12-17 00:00:00,7,1127.0,113,135.24,0.0,confirmed,2024-03-11 00:00:00,2023-12-16 14:00:00
e3bfa7fe-76f8-4dea-ad5d-07a6889ef79d,264,2023-12-21 00:00:00,14,3024.0,120,362.88,0.0,confirmed,2024-04-13 00:00:00,2023-12-20 18:00:00
f79a33e7-8555-4995-b376-8ef978557c37,381,2024-03-15 00:00:00,9,6426.0,45,771.12,0.0,confirmed,2024-04-10 00:00:00,2024-03-14 06:00:00
a35deb54-b407-487c-9ffd-75f1cf4d91b9,341,2023-10-13 00:00:00,1,173.25,43,20.79,17.32,cancelled,2024-03-30 00:00:00,2023-10-12 11:00:00
1fb09f5f-eb58-48ef-8ed6-c5bc8063d0fe,282,2023-06-27 00:00:00,11,2541.0,40,304.92,254.1,cancelled,2023-09-24 00:00:00,2023-06-26 02:00:00
bba8d678-84db-444c-91cc-da9dae93de2a,125,2024-05-18 00:00:00,14,11340.0,85,1360.8,0.0,confirmed,2024-06-02 00:00:00,2024-05-17 07:00:00
4043ac85-da93-4aa2-9ead-b9d27e4e9941,212,2024-05-15 00:00:00,14,1197.0,96,143.64,0.0,confirmed,2024-10-17 00:00:00,2024-05-14 07:00:00
3d867249-a090-48ee-a1d1-bd58ccf6450f,445,2023-07-26 00:00:00,14,9324.0,67,1118.88,0.0,confirmed,2023-11-06 00:00:00,2023-07-25 21:00:00
6bf5b9d1-4cf1-4561-90b0-38c845601a4c,451,2023-09-21 00:00:00,3,1138.5,58,136.62,113.85,cancelled,2024-02-19 00:00:00,2023-09-20 23:00:00
4e00bf55-5445-4487-9127-0f8981be2285,272,2024-05-11 00:00:00,4,476.0,48,57.12,47.6,cancelled,2024-11-04 00:00:00,2024-05-10 02:00:00
24cd06ca-0025-4a1c-92c8-0361aa365250,452,2024-06-04 00:00:00,14,3360.0,81,403.2,0.0,confirmed,2024-08-27 00:00:00,2024-06-03 23:00:00
f5576b66-8755-4a99-94ec-86bbacb6b09d,163,2023-12-27 00:00:00,4,1656.0,63,198.72,0.0,confirmed,2024-04-16 00:00:00,2023-12-26 08:00:00
3f00a9ac-4f1f-43d0-8d1a-83c57e311f86,44,2023-09-23 00:00:00,1,175.0,56,21.0,0.0,confirmed,2024-02-02 00:00:00,2023-09-22 05:00:00
db93cf47-f0cc-44ab-bcb6-b94f7c81f5bf,102,2024-03-17 00:00:00,10,700.0,64,84.0,0.0,confirmed,2024-09-04 00:00:00,2024-03-16 22:00:00
9d0da1a1-b633-41a2-b143-21bf068f46b1,158,2023-07-08 00:00:00,8,1344.0,72,161.28,0.0,confirmed,2023-07-28 00:00:00,2023-07-07 14:00:00
b7be39eb-0d15-4cce-8434-7077212c7203,130,2023-11-27 00:00:00,8,1155.04,114,138.6,0.0,confirmed,2023-12-26 00:00:00,2023-11-26 13:00:00
4d0595ba-9c7b-4361-b4c3-f0d57eb15d42,267,2023-07-17 00:00:00,3,912.0,85,109.44,91.2,cancelled,2024-01-07 00:00:00,2023-07-16 14:00:00
1824887f-3379-4fdf-84f4-6873e395aab2,440,2024-01-03 00:00:00,4,1824.0,145,218.88,182.4,cancelled,2024-03-15 00:00:00,2024-01-02 08:00:00
34efe838-17c4-4620-8893-91aaf1f4399c,427,2023-12-04 00:00:00,4,342.0,114,41.04,34.2,cancelled,2024-02-06 00:00:00,2023-12-03 18:00:00
85f26979-2764-40d6-b6d4-fa0468e0a280,111,2024-07-29 00:00:00,10,2890.0,141,346.8,0.0,confirmed,2024-10-11 00:00:00,2024-07-28 17:00:00
f9569f38-9a34-4ef6-89ba-4aa3be19f0ed,8,2024-07-11 00:00:00,7,490.84,82,58.9,49.08,cancelled,2024-11-13 00:00:00,2024-07-10 22:00:00
cdea28d0-7f18-4cdb-866a-95409fe2d500,125,2024-03-20 00:00:00,14,11340.0,43,1360.8,1134.0,cancelled,2024-07-18 00:00:00,2024-03-19 11:00:00
3b10a405-cec6-4049-a54b-dbd094a3d354,100,2023-08-30 00:00:00,11,2849.0,145,341.88,284.9,cancelled,2023-12-30 00:00:00,2023-08-29 22:00:00
76c003d1-4905-4d37-8627-94bd5cc684f0,354,2023-03-16 00:00:00,4,1280.0,96,153.6,0.0,confirmed,2023-04-05 00:00:00,2023-03-15 07:00:00
9a2c868d-6e1f-4c18-a161-3c05ec598ff6,72,2023-11-20 00:00:00,14,3696.0,45,443.52,369.6,cancelled,2024-05-14 00:00:00,2023-11-19 01:00:00
1938ba4e-d475-4b5e-b9c9-74366423097b,329,2024-03-05 00:00:00,13,1768.0,120,212.16,176.8,cancelled,2024-07-26 00:00:00,2024-03-04 23:00:00
c3ef71ab-d455-4330-957a-e5836f53ec26,433,2023-09-30 00:00:00,13,1820.0,149,218.4,0.0,confirmed,2024-01-29 00:00:00,2023-09-29 04:00:00
96643716-390f-439e-8681-fa41c41fb361,332,2024-04-14 00:00:00,11,3811.5,88,457.38,381.15,cancelled,2024-09-28 00:00:00,2024-04-13 21:00:00
462e0711-8b78-4bbe-a175-ed11d5c6fcb8,74,2023-12-12 00:00:00,2,336.0,118,40.32,0.0,confirmed,2024-02-12 00:00:00,2023-12-11 09:00:00
1362986a-cdd7-4606-a994-bdba7a33c8a0,463,2024-02-11 00:00:00,4,840.0,54,100.8,84.0,cancelled,2024-07-25 00:00:00,2024-02-10 06:00:00
fd93c7bc-eac3-4990-8199-30b270075c8e,399,2023-04-04 00:00:00,1,165.0,47,19.8,0.0,confirmed,2023-09-20 00:00:00,2023-04-03 17:00:00
192153b1-bf4d-447a-a9ed-f037c3b17c6d,121,2023-12-02 00:00:00,9,1368.0,143,164.16,0.0,confirmed,2024-01-02 00:00:00,2023-12-01 14:00:00
8bb6c845-9b7c-4746-95a3-b651e453db3d,126,2023-02-23 00:00:00,7,728.0,68,87.36,0.0,confirmed,2023-03-05 00:00:00,2023-02-22 19:00:00
9b7f014d-3e1e-4a60-8885-85c39c949c00,136,2023-07-14 00:00:00,4,320.0,99,38.4,32.0,cancelled,2023-09-17 00:00:00,2023-07-13 17:00:00
47ee8c12-68d9-4af7-846e-fed4b06c9ecf,161,2023-10-07 00:00:00,4,340.0,98,40.8,0.0,confirmed,2024-03-17 00:00:00,2023-10-06 03:00:00
ab4bcf5f-481d-44fd-8c1f-f0f1ecc70afc,110,2023-10-22 00:00:00,6,1053.0,146,126.36,105.3,cancelled,2024-02-20 00:00:00,2023-10-21 23:00:00
bda5fc08-52d7-4d76-b69b-ac65199cea38,160,2024-07-12 00:00:00,10,577.5,97,69.3,0.0,confirmed,2024-09-03 00:00:00,2024-07-11 05:00:00
d97c643f-36fc-4b79-b4cc-29543cb0ddeb,250,2023-05-18 00:00:00,13,3328.0,89,399.36,0.0,confirmed,2023-08-16 00:00:00,2023-05-17 08:00:00
d26f3810-bf21-41f0-adfd-de8f1daf4440,325,2023-12-12 00:00:00,11,8910.0,57,1069.2,0.0,confirmed,2024-05-03 00:00:00,2023-12-11 18:00:00
0a69ff05-0a44-498a-bcb0-ca47d0a3e5d1,494,2023-09-11 00:00:00,10,4650.0,45,558.0,0.0,confirmed,2023-11-04 00:00:00,2023-09-10 16:00:00
b067ec37-c86b-4660-9981-f27930875fed,191,2024-04-21 00:00:00,4,952.0,48,114.24,95.2,cancelled,2024-07-09 00:00:00,2024-04-20 21:00:00
cb2a4040-a7b0-4deb-a552-9eceebecad22,440,2024-08-25 00:00:00,10,4560.0,118,547.2,0.0,confirmed,2024-10-06 00:00:00,2024-08-24 23:00:00
40d9a058-abc2-4cf3-bfdc-f73307da17d1,428,2024-01-09 00:00:00,10,1435.0,83,172.2,0.0,confirmed,2024-03-18 00:00:00,2024-01-08 09:00:00
ba39f631-0393-48fe-bd0f-090bead5e9c1,394,2024-09-12 00:00:00,4,476.0,150,57.12,47.6,cancelled,2024-09-21 00:00:00,2024-09-11 23:00:00
02c542e7-173e-493e-8138-dde2d9b2433d,296,2024-01-05 00:00:00,10,665.0,79,79.8,0.0,confirmed,2024-01-08 00:00:00,2024-01-04 08:00:00
1bd8210b-01b1-4a0b-8737-e64bc90c62f7,131,2023-07-08 00:00:00,12,1732.56,128,207.91,0.0,confirmed,2023-10-22 00:00:00,2023-07-07 18:00:00
6f2664e8-f8d8-4185-9314-c1918f0229b1,105,2024-07-24 00:00:00,13,802.75,61,96.33,80.28,cancelled,2024-11-27 00:00:00,2024-07-23 21:00:00
47b1d99b-61fa-4795-9628-61b170c46caa,488,2024-06-27 00:00:00,2,220.0,122,26.4,22.0,cancelled,2024-10-16 00:00:00,2024-06-26 04:00:00
9d4adbf1-7280-4274-9841-8cd4e2e8402f,289,2023-12-29 00:00:00,7,1795.5,40,215.46,179.55,cancelled,2024-03-25 00:00:00,2023-12-28 11:00:00
52dc5820-75e2-42cf-b66d-0c58d87a0a95,346,2023-10-20 00:00:00,14,2128.0,82,255.36,212.8,cancelled,2024-04-07 00:00:00,2023-10-19 12:00:00
660b0454-9df4-4b0d-8982-23c428132d87,159,2024-04-09 00:00:00,2,448.0,123,53.76,0.0,confirmed,2024-08-08 00:00:00,2024-04-08 20:00:00
16e67436-5d77-45da-8e88-8cb765e4facb,184,2023-04-14 00:00:00,4,660.0,69,79.2,0.0,confirmed,2023-08-20 00:00:00,2023-04-13 17:00:00
27cdedb9-a6d9-4b82-897e-01ac5e19d8bd,166,2024-06-02 00:00:00,14,1039.5,137,124.74,0.0,confirmed,2024-06-19 00:00:00,2024-06-01 09:00:00
f5f81ca7-3b7e-4323-8436-0a9de3c195ba,405,2023-11-02 00:00:00,12,1848.0,100,221.76,0.0,confirmed,2024-01-04 00:00:00,2023-11-01 06:00:00
d32fbf7a-f904-4232-a724-65cf9f460ae0,8,2024-07-23 00:00:00,2,140.24,106,16.83,0.0,confirmed,2024-11-14 00:00:00,2024-07-22 17:00:00
9873e185-ebc4-4bf2-9fed-df9cc76bba1d,273,2024-05-10 00:00:00,3,661.5,76,79.38,66.15,cancelled,2024-11-03 00:00:00,2024-05-09 14:00:00
43772681-f394-4945-849c-b01c564d6079,430,2023-12-28 00:00:00,3,214.5,45,25.74,0.0,confirmed,2024-06-04 00:00:00,2023-12-27 22:00:00
e11004e5-bf99-4247-a590-542ed56b19d3,386,2023-10-23 00:00:00,9,1701.0,93,204.12,0.0,confirmed,2023-11-05 00:00:00,2023-10-22 02:00:00
c96f1cdb-f2ec-4300-bd6d-ebd1fdb26588,270,2023-05-02 00:00:00,9,2907.0,127,348.84,0.0,confirmed,2023-06-07 00:00:00,2023-05-01 11:00:00
8d5bc770-7f5e-4acb-b242-fdb349bd5371,9,2024-01-02 00:00:00,6,792.0,125,95.04,0.0,confirmed,2024-01-14 00:00:00,2024-01-01 18:00:00
4adb709e-299c-48ac-be5c-0a2fa101556c,476,2024-01-22 00:00:00,8,2176.0,94,261.12,0.0,confirmed,2024-03-27 00:00:00,2024-01-21 03:00:00
dcf3ca6d-4533-4c2c-8bc6-778b77aa2f6c,408,2024-01-18 00:00:00,13,1560.0,142,187.2,0.0,confirmed,2024-03-09 00:00:00,2024-01-17 11:00:00
6d9bb25f-5083-4bd7-8e9e-9406244cfb1f,437,2023-10-23 00:00:00,13,1137.5,79,136.5,0.0,confirmed,2024-03-21 00:00:00,2023-10-22 08:00:00
213ae40e-5553-4651-bd10-defdd04f0d1f,144,2024-06-05 00:00:00,7,840.0,80,100.8,0.0,confirmed,2024-08-14 00:00:00,2024-06-04 00:00:00
5bbd9607-f000-4d0a-a404-277d3bbc88d9,50,2023-12-21 00:00:00,12,5145.0,138,617.4,0.0,confirmed,2024-02-08 00:00:00,2023-12-20 16:00:00
9fc0c674-be19-4b6f-93f6-2fe515a403f4,18,2023-08-13 00:00:00,2,588.0,127,70.56,0.0,confirmed,2023-09-03 00:00:00,2023-08-12 21:00:00
f9d7607a-eb37-4a5d-89a8-8e0019377dec,65,2024-04-21 00:00:00,5,467.5,67,56.1,0.0,confirmed,2024-08-01 00:00:00,2024-04-20 11:00:00
63b16037-3a60-4342-993f-6270a4e6736e,411,2024-05-01 00:00:00,14,7728.0,141,927.36,0.0,confirmed,2024-10-21 00:00:00,2024-04-30 22:00:00
c4b1c7ac-7c1c-46d3-a138-8de62350fa25,116,2024-01-13 00:00:00,13,5824.0,146,698.88,582.4,cancelled,2024-06-23 00:00:00,2024-01-12 01:00:00
931f2416-eae7-4940-a701-3d72591a5c7e,384,2023-05-02 00:00:00,7,3990.0,93,478.8,399.0,cancelled,2023-09-17 00:00:00,2023-05-01 15:00:00
e3fb2bed-ef17-4725-8ed0-5a3e8ae3e246,363,2023-06-23 00:00:00,10,3300.0,70,396.0,330.0,cancelled,2023-08-31 00:00:00,2023-06-22 14:00:00
c43f3e1f-4840-4308-b096-d4464affc152,440,2024-07-15 00:00:00,12,5472.0,95,656.64,547.2,cancelled,2024-08-20 00:00:00,2024-07-14 15:00:00
096d3351-c63a-4e1c-b613-b8ee205ba84e,342,2023-09-12 00:00:00,13,1040.0,110,124.8,0.0,confirmed,2023-11-17 00:00:00,2023-09-11 21:00:00
a77a4577-8e71-412b-81b8-061ad9890f16,479,2024-02-16 00:00:00,9,1197.0,146,143.64,119.7,cancelled,2024-02-25 00:00:00,2024-02-15 18:00:00
c250e1a0-9b1a-4cfe-b8ee-911ac5f63305,420,2024-09-04 00:00:00,14,1130.5,107,135.66,0.0,confirmed,2024-10-20 00:00:00,2024-09-03 17:00:00
e0fe1c07-dab5-4b9b-a7c5-6a797a2e37a7,380,2023-09-03 00:00:00,7,1347.5,40,161.7,0.0,confirmed,2023-11-30 00:00:00,2023-09-02 08:00:00
de6c2565-771b-4589-914e-212306616d66,288,2023-12-01 00:00:00,12,2106.0,67,252.72,210.6,cancelled,2024-05-25 00:00:00,2023-11-30 12:00:00
36a48d29-630d-4e4b-8ea1-52be7c4a390e,288,2024-03-16 00:00:00,6,1053.0,131,126.36,0.0,confirmed,2024-09-01 00:00:00,2024-03-15 19:00:00
afa2009f-4d4f-4efe-9117-fb653971a5b3,352,2023-09-21 00:00:00,13,2496.0,107,299.52,249.6,cancelled,2023-12-07 00:00:00,2023-09-20 12:00:00
ead26f66-26ee-4144-b85c-ad260277e242,130,2023-09-11 00:00:00,5,721.9,83,86.63,72.19,cancelled,2023-11-27 00:00:00,2023-09-10 22:00:00
9d92315e-2bc0-4568-9464-6089c67dd069,219,2023-04-13 00:00:00,9,8100.0,40,972.0,0.0,confirmed,2023-10-05 00:00:00,2023-04-12 13:00:00
26ddfb6d-38ac-4da4-a9e6-10e46ab65690,216,2023-06-17 00:00:00,7,1078.0,42,129.36,0.0,confirmed,2023-08-04 00:00:00,2023-06-16 00:00:00
2acfa90d-efb0-4506-97af-26f51ffd8d31,227,2023-10-16 00:00:00,1,119.0,118,14.28,0.0,confirmed,2023-11-01 00:00:00,2023-10-15 06:00:00
7eb5159e-4fee-4495-9787-baa693db5db4,204,2024-05-01 00:00:00,9,1667.25,144,200.07,0.0,confirmed,2024-08-15 00:00:00,2024-04-30 23:00:00
6ede69ac-a3cd-4bd9-8c05-e935d6cf2f97,368,2023-11-16 00:00:00,2,330.0,132,39.6,0.0,confirmed,2024-04-12 00:00:00,2023-11-15 04:00:00
3a8a8b73-c91e-48c4-9dd5-d954004b5735,210,2023-12-20 00:00:00,7,882.0,98,105.84,0.0,confirmed,2024-01-16 00:00:00,2023-12-19 16:00:00
0fb97631-84a1-40bf-b8d7-48212b31c816,396,2023-11-19 00:00:00,5,1400.0,136,168.0,0.0,confirmed,2024-01-11 00:00:00,2023-11-18 11:00:00
6c47e7d4-7c21-4a02-b451-4979cffb0002,251,2023-07-07 00:00:00,4,1152.0,125,138.24,0.0,confirmed,2023-10-09 00:00:00,2023-07-06 20:00:00
e205978a-07ed-4175-9c41-7f2b3f0dd896,299,2023-12-20 00:00:00,10,550.0,93,66.0,0.0,confirmed,2024-05-19 00:00:00,2023-12-19 12:00:00
1b564653-2e58-41b9-b435-e00bba3921a7,128,2023-05-11 00:00:00,13,6552.0,88,786.24,0.0,confirmed,2023-06-02 00:00:00,2023-05-10 19:00:00
6cc69760-8d52-4717-a5c8-d370e7e92b29,121,2023-04-24 00:00:00,6,912.0,115,109.44,0.0,confirmed,2023-06-15 00:00:00,2023-04-23 09:00:00
073cd276-9157-44c5-8720-fb7036821b5d,464,2023-07-28 00:00:00,2,407.0,54,48.84,0.0,confirmed,2023-09-05 00:00:00,2023-07-27 23:00:00
4dc9deb2-e47a-4983-8e30-7c60baf5bae9,204,2024-05-13 00:00:00,13,2408.25,123,288.99,240.83,cancelled,2024-06-03 00:00:00,2024-05-12 08:00:00
d763bcce-c66f-4b5d-9b81-11b2631241d4,283,2023-11-25 00:00:00,9,2430.0,40,291.6,243.0,cancelled,2024-05-01 00:00:00,2023-11-24 22:00:00
f282f6ba-07a3-48b0-82e1-a04335de893a,83,2024-04-10 00:00:00,13,3640.0,63,436.8,0.0,confirmed,2024-08-21 00:00:00,2024-04-09 08:00:00
657e0cc2-ea51-4088-9759-066a172f7806,63,2023-12-14 00:00:00,2,840.0,71,100.8,0.0,confirmed,2024-02-08 00:00:00,2023-12-13 21:00:00
6adb2dda-2108-49a5-aaca-cdbc6a10371f,421,2023-11-11 00:00:00,14,2401.0,80,288.12,0.0,confirmed,2024-02-12 00:00:00,2023-11-10 06:00:00
38eb59af-9462-4282-a8b2-e0d2e383db98,361,2024-03-08 00:00:00,2,320.0,42,38.4,0.0,confirmed,2024-04-06 00:00:00,2024-03-07 03:00:00
a0cd12c6-4b53-4578-a9c5-3f831da931ac,233,2024-05-04 00:00:00,14,1680.0,119,201.6,168.0,cancelled,2024-05-09 00:00:00,2024-05-03 04:00:00
d84daa49-a3c0-42a1-b6da-dfba229d186d,139,2023-10-25 00:00:00,13,1105.0,139,132.6,0.0,confirmed,2024-03-24 00:00:00,2023-10-24 22:00:00
02b119ed-27bc-496c-b6c8-365bc60f02cf,120,2023-12-27 00:00:00,12,1089.0,48,130.68,108.9,cancelled,2024-03-13 00:00:00,2023-12-26 05:00:00
e2b293ae-96ea-4f31-96fe-0abf5fff0e9e,329,2024-01-17 00:00:00,9,1224.0,41,146.88,0.0,confirmed,2024-07-09 00:00:00,2024-01-16 08:00:00
042a459e-3816-4a7e-9b00-f761115bbc1f,383,2024-07-13 00:00:00,1,253.0,134,30.36,25.3,cancelled,2024-09-19 00:00:00,2024-07-12 07:00:00
8b2dc984-9b15-4790-b6bd-873e82be7c0a,163,2023-11-28 00:00:00,12,4968.0,144,596.16,0.0,confirmed,2024-02-23 00:00:00,2023-11-27 10:00:00
ffb1d0e7-5815-43eb-b9e6-303abc1184d1,199,2023-06-07 00:00:00,3,655.5,94,78.66,65.55,cancelled,2023-11-17 00:00:00,2023-06-06 17:00:00
07a7d3b4-43c2-4da3-b378-0d71c4569b10,300,2024-03-27 00:00:00,5,3315.0,95,397.8,0.0,confirmed,2024-06-27 00:00:00,2024-03-26 10:00:00
e74b8e67-545d-48f9-ba62-3885d5ab0062,491,2023-11-22 00:00:00,8,1728.0,53,207.36,0.0,confirmed,2024-03-07 00:00:00,2023-11-21 10:00:00
2ab853ac-b018-4b89-b9bf-59eabf02b33e,102,2024-04-26 00:00:00,4,280.0,87,33.6,0.0,confirmed,2024-04-28 00:00:00,2024-04-25 03:00:00
7b965be2-db98-4291-bc8f-c1cb8febae62,371,2024-07-03 00:00:00,10,1600.0,48,192.0,160.0,cancelled,2024-09-14 00:00:00,2024-07-02 17:00:00
97596ff3-25e6-496f-9d0a-ecfdea913936,474,2024-07-29 00:00:00,7,945.0,64,113.4,0.0,confirmed,2024-10-25 00:00:00,2024-07-28 05:00:00
c8ad8991-c698-4c3c-8ea4-bb2761036d33,407,2024-03-14 00:00:00,6,924.0,80,110.88,0.0,confirmed,2024-08-28 00:00:00,2024-03-13 15:00:00
538574fe-5362-4cfe-93b6-2775925145f9,287,2023-07-14 00:00:00,7,1435.0,99,172.2,143.5,cancelled,2023-07-21 00:00:00,2023-07-13 09:00:00
d4183487-7b0a-45a8-8a63-d677441a3f14,473,2023-10-08 00:00:00,5,857.5,142,102.9,85.75,cancelled,2024-03-10 00:00:00,2023-10-07 00:00:00
c3d4dc6e-b833-47fb-b6fa-1bf32ca5949d,225,2023-09-21 00:00:00,3,861.0,118,103.32,86.1,cancelled,2024-02-14 00:00:00,2023-09-20 01:00:00
3af16307-fd47-4d50-ba56-dc912e46de0a,108,2023-06-11 00:00:00,3,837.0,72,100.44,83.7,cancelled,2023-08-12 00:00:00,2023-06-10 23:00:00
d62cdfbf-3bed-4e59-bb8b-e408bfe3e49a,316,2023-07-17 00:00:00,9,2448.0,103,293.76,0.0,confirmed,2023-07-30 00:00:00,2023-07-16 04:00:00
af6a3443-77f6-413a-8f7f-308823cb0a62,401,2023-11-08 00:00:00,1,456.0,150,54.72,0.0,confirmed,2023-11-15 00:00:00,2023-11-07 07:00:00
fc8a62df-b6bd-4ef9-973e-2e1a9f171fce,140,2024-04-30 00:00:00,7,565.25,115,67.83,0.0,confirmed,2024-05-28 00:00:00,2024-04-29 09:00:00
cbe1dbad-978f-48ec-b8fd-424383bee18b,373,2023-06-24 00:00:00,3,255.0,42,30.6,25.5,cancelled,2023-11-08 00:00:00,2023-06-23 05:00:00
05ac3799-b74f-450d-9f03-66b4903b15ba,198,2024-02-05 00:00:00,1,152.0,105,18.24,15.2,cancelled,2024-06-09 00:00:00,2024-02-04 21:00:00
6ace4954-a77c-4dc6-9008-0c452efdb539,152,2024-07-05 00:00:00,8,1748.0,62,209.76,0.0,confirmed,2024-10-20 00:00:00,2024-07-04 12:00:00
3e7d83f2-7202-419c-a7a5-912bbdfcfd7a,475,2023-05-25 00:00:00,4,1932.0,78,231.84,0.0,confirmed,2023-08-27 00:00:00,2023-05-24 08:00:00
61b34a6f-91c7-4947-bc05-838048378e44,357,2024-02-07 00:00:00,2,247.5,137,29.7,24.75,cancelled,2024-05-27 00:00:00,2024-02-06 03:00:00
5879127a-632c-4cda-b81d-ceb3f5e8eaf8,135,2023-03-18 00:00:00,2,384.0,70,46.08,0.0,confirmed,2023-06-26 00:00:00,2023-03-17 11:00:00
6f773e28-be1f-4fec-9e97-3c15a1f406b3,99,2024-01-26 00:00:00,7,577.5,143,69.3,57.75,cancelled,2024-07-13 00:00:00,2024-01-25 23:00:00
e0b37705-48c4-4ba8-a1e1-7582dc92d6d5,313,2023-10-05 00:00:00,10,2480.0,44,297.6,0.0,confirmed,2024-02-25 00:00:00,2023-10-04 17:00:00
069c9534-b61b-443d-b64a-7227e40532e4,279,2023-12-24 00:00:00,9,2376.0,144,285.12,237.6,cancelled,2024-01-29 00:00:00,2023-12-23 23:00:00
d02772e8-f75c-4765-a48d-5bba0671b4d0,304,2023-03-13 00:00:00,13,7800.0,133,936.0,0.0,confirmed,2023-09-06 00:00:00,2023-03-12 01:00:00
c97ddfa0-1ee2-462c-bcd0-7f790a9a6cae,393,2023-04-26 00:00:00,11,5698.0,79,683.76,0.0,confirmed,2023-07-20 00:00:00,2023-04-25 14:00:00
d8369bab-8009-4089-9ba2-a6c7d5f6f760,463,2023-10-27 00:00:00,1,210.0,141,25.2,0.0,confirmed,2023-12-23 00:00:00,2023-10-26 21:00:00
0bbae59f-8292-4463-bce7-573d1774f269,477,2023-12-30 00:00:00,9,2331.0,135,279.72,0.0,confirmed,2024-06-25 00:00:00,2023-12-29 18:00:00
a8b30957-4c6d-4af0-b7af-fffdb41ced2c,107,2024-05-23 00:00:00,11,1815.0,71,217.8,0.0,confirmed,2024-10-12 00:00:00,2024-05-22 15:00:00
5762840a-7a98-4908-8469-17fa59d604ea,124,2024-04-03 00:00:00,6,1224.0,71,146.88,0.0,confirmed,2024-05-23 00:00:00,2024-04-02 17:00:00
6f74c155-e280-49c5-9516-a592d8f077bf,151,2024-06-27 00:00:00,5,2975.0,139,357.0,0.0,confirmed,2024-08-13 00:00:00,2024-06-26 17:00:00
dc9827c5-536c-4439-8cf7-a21bba3ceb4e,318,2024-05-21 00:00:00,8,1836.0,136,220.32,0.0,confirmed,2024-09-12 00:00:00,2024-05-20 13:00:00
7b5835fb-758b-42e8-8dfa-805a94c3063b,19,2023-11-29 00:00:00,5,1025.0,89,123.0,102.5,cancelled,2024-04-14 00:00:00,2023-11-28 12:00:00
81bc1bdd-41da-40ba-b690-8ddcb1344b82,99,2024-02-28 00:00:00,5,412.5,129,49.5,0.0,confirmed,2024-04-12 00:00:00,2024-02-27 19:00:00
961f1259-67b3-44e5-9fbe-ff637004bd28,189,2024-03-27 00:00:00,5,440.0,50,52.8,0.0,confirmed,2024-08-23 00:00:00,2024-03-26 23:00:00
38159fab-8ccb-4bf1-99ad-f135ad7749f0,117,2023-10-07 00:00:00,10,1361.2,52,163.34,0.0,confirmed,2024-02-09 00:00:00,2023-10-06 04:00:00
bbe934a4-80dd-4cfb-8bc0-efbac0d976fc,224,2023-08-04 00:00:00,14,2744.0,129,329.28,274.4,cancelled,2023-11-10 00:00:00,2023-08-03 18:00:00
a23c8ce2-4774-4ee5-af31-c496e8dcdc1d,254,2024-01-29 00:00:00,12,3420.0,94,410.4,342.0,cancelled,2024-04-29 00:00:00,2024-01-28 10:00:00
283d3282-743b-492a-8277-6ad069497e81,183,2024-03-24 00:00:00,12,1386.0,81,166.32,0.0,confirmed,2024-05-03 00:00:00,2024-03-23 05:00:00
4ced4aa3-a41b-4af1-95b8-e8862ef9cfd7,62,2024-03-14 00:00:00,5,800.0,97,96.0,0.0,confirmed,2024-06-08 00:00:00,2024-03-13 20:00:00
e520e2f6-e69c-4d5f-8606-10bb0fd54316,239,2024-04-11 00:00:00,14,7644.0,81,917.28,0.0,confirmed,2024-10-06 00:00:00,2024-04-10 07:00:00
ee7fc774-4cbe-404b-8ed4-0327ab0dd9a3,102,2023-11-05 00:00:00,9,630.0,99,75.6,0.0,confirmed,2024-01-07 00:00:00,2023-11-04 14:00:00
5bbffe3a-883e-4e0a-93a6-6b4bcefddc4b,327,2023-11-04 00:00:00,12,5616.0,102,673.92,0.0,confirmed,2024-02-19 00:00:00,2023-11-03 14:00:00
29429c81-007e-4903-91e5-4e6275aa66e9,199,2023-01-31 00:00:00,5,1092.5,130,131.1,0.0,confirmed,2023-05-19 00:00:00,2023-01-30 18:00:00
1859b622-cb87-44c8-a32f-d8995dfcffc4,51,2024-02-15 00:00:00,11,4576.0,60,549.12,457.6,cancelled,2024-04-10 00:00:00,2024-02-14 02:00:00
e2d10225-8d4b-40b0-8244-6177f99df45f,87,2023-11-27 00:00:00,4,352.0,148,42.24,0.0,confirmed,2024-04-02 00:00:00,2023-11-26 00:00:00
ba3a4058-d582-40c1-b8e9-0553dd11e5ca,84,2024-04-27 00:00:00,6,816.0,83,97.92,0.0,confirmed,2024-05-07 00:00:00,2024-04-26 11:00:00
0e0e1b5c-9d12-4652-98e1-569f26a706db,393,2023-10-19 00:00:00,12,6216.0,70,745.92,0.0,confirmed,2024-01-16 00:00:00,2023-10-18 23:00:00
a0236352-c4e4-487a-9ff1-bd6efda4a190,480,2024-04-28 00:00:00,9,705.42,138,84.65,0.0,confirmed,2024-06-05 00:00:00,2024-04-27 02:00:00
d34a6ad2-b144-4931-b867-674d08dc14a5,118,2023-09-08 00:00:00,3,693.75,92,83.25,69.38,cancelled,2023-10-28 00:00:00,2023-09-07 23:00:00
9e9fc857-54ed-4b75-94e8-fc0bbe3a1228,73,2024-04-21 00:00:00,9,684.0,41,82.08,0.0,confirmed,2024-06-02 00:00:00,2024-04-20 16:00:00
96a6373a-ee08-461e-8b58-aede897688b1,231,2024-02-21 00:00:00,13,1144.0,125,137.28,0.0,confirmed,2024-03-10 00:00:00,2024-02-20 09:00:00
2e24a083-ef6c-4b29-9b7f-23af824ca65b,442,2023-08-14 00:00:00,13,2821.0,50,338.52,282.1,cancelled,2023-11-11 00:00:00,2023-08-13 18:00:00
3d4e4a76-514b-4762-af31-16777b676c6d,9,2023-12-10 00:00:00,11,1452.0,85,174.24,0.0,confirmed,2024-01-01 00:00:00,2023-12-09 21:00:00
acd8bc10-5e11-412b-a512-2d088b8c78ca,131,2023-12-18 00:00:00,8,1155.04,89,138.6,115.5,cancelled,2024-02-08 00:00:00,2023-12-17 23:00:00
1f79e646-5162-4740-9053-650ba74b8fde,293,2023-09-26 00:00:00,6,1138.5,90,136.62,0.0,confirmed,2023-11-25 00:00:00,2023-09-25 15:00:00
19609e23-7705-494a-9f66-7f034413ed37,102,2023-10-03 00:00:00,7,490.0,143,58.8,49.0,cancelled,2024-03-19 00:00:00,2023-10-02 15:00:00
a7706abe-3a0b-49c9-8ba9-1fdbc27576d7,300,2024-03-13 00:00:00,2,1326.0,78,159.12,0.0,confirmed,2024-04-24 00:00:00,2024-03-12 03:00:00
dedb9c13-f3fe-44c1-bce3-d715ce3a2b76,200,2023-10-03 00:00:00,8,2176.0,126,261.12,0.0,confirmed,2023-11-12 00:00:00,2023-10-02 13:00:00
44d98bee-d2c3-4edb-90f0-57e04eb50d40,254,2023-09-04 00:00:00,9,2565.0,115,307.8,0.0,confirmed,2024-01-24 00:00:00,2023-09-03 12:00:00
d8007a67-af57-479c-ac3f-fb562f54b982,460,2024-03-26 00:00:00,1,340.0,63,40.8,0.0,confirmed,2024-04-07 00:00:00,2024-03-25 03:00:00
e888186c-25fc-45ad-8a20-0a57439ecfd1,20,2023-10-31 00:00:00,12,3036.0,63,364.32,303.6,cancelled,2024-03-27 00:00:00,2023-10-30 19:00:00
e6029eb1-a9d9-4f24-976a-2d8d66d2386e,412,2024-03-27 00:00:00,1,174.25,64,20.91,0.0,confirmed,2024-08-14 00:00:00,2024-03-26 02:00:00
e099acfa-31ab-4261-997f-2f6a2656afb7,236,2023-11-06 00:00:00,8,532.0,47,63.84,0.0,confirmed,2024-01-23 00:00:00,2023-11-05 11:00:00
b8258568-c5a3-4e2c-ad53-6d19f8c5d18a,103,2023-12-13 00:00:00,5,975.0,56,117.0,0.0,confirmed,2024-04-19 00:00:00,2023-12-12 03:00:00
e7058076-47e5-4e00-82ca-f4ae95c851e3,43,2023-09-04 00:00:00,1,330.0,111,39.6,0.0,confirmed,2023-10-21 00:00:00,2023-09-03 18:00:00
c58a23f0-f685-4c64-9754-a0bf33db0a23,189,2024-06-19 00:00:00,12,1056.0,83,126.72,0.0,confirmed,2024-08-04 00:00:00,2024-06-18 19:00:00
cc12e0b4-9d88-4bf1-b7e1-563f71d43054,306,2023-06-02 00:00:00,3,511.5,127,61.38,0.0,confirmed,2023-06-04 00:00:00,2023-06-01 01:00:00
44c1b45f-9301-474f-882a-1c4155188b53,217,2024-05-23 00:00:00,13,1547.0,51,185.64,0.0,confirmed,2024-11-08 00:00:00,2024-05-22 10:00:00
df56ef3e-409d-408d-9c40-34ecb84ccea4,477,2024-04-02 00:00:00,14,3626.0,143,435.12,0.0,confirmed,2024-07-20 00:00:00,2024-04-01 16:00:00
acd8b6a2-3382-4721-8dd6-f30ab0a1df18,411,2024-06-05 00:00:00,5,2760.0,90,331.2,0.0,confirmed,2024-06-25 00:00:00,2024-06-04 04:00:00
f19eb526-7584-4a89-b131-2bb10f393888,450,2023-01-17 00:00:00,12,4704.0,55,564.48,0.0,confirmed,2023-04-04 00:00:00,2023-01-16 02:00:00
c0ee5dfe-2408-48dd-90c8-0c9ccf620062,353,2023-08-17 00:00:00,1,154.0,113,18.48,0.0,confirmed,2023-10-29 00:00:00,2023-08-16 01:00:00
a0e03597-2ff1-4a03-8080-d2d875760d03,257,2024-01-01 00:00:00,14,1400.0,45,168.0,0.0,confirmed,2024-04-20 00:00:00,2023-12-31 13:00:00
1bc737a5-00de-4dc0-bd13-5c110146a5a4,172,2023-09-29 00:00:00,13,1852.5,94,222.3,0.0,confirmed,2023-10-12 00:00:00,2023-09-28 20:00:00
29eaf407-b4ec-450a-b374-a7c90d591723,41,2024-05-04 00:00:00,1,288.0,79,34.56,28.8,cancelled,2024-10-13 00:00:00,2024-05-03 21:00:00
5d537fa7-9cc6-42ae-b2a4-26f3e8679fbc,275,2024-04-22 00:00:00,13,2405.0,48,288.6,0.0,confirmed,2024-06-07 00:00:00,2024-04-21 04:00:00
529c2dca-1cb4-4676-86d8-4c3a9a2f515a,296,2024-07-07 00:00:00,4,266.0,85,31.92,26.6,cancelled,2024-10-06 00:00:00,2024-07-06 18:00:00
f1a45778-5981-49cc-ac51-fdcd34bfaa52,72,2024-03-18 00:00:00,11,2904.0,63,348.48,0.0,confirmed,2024-06-30 00:00:00,2024-03-17 01:00:00
be8992df-a607-4e68-a652-2b1da06216e8,359,2024-02-18 00:00:00,2,336.0,143,40.32,0.0,confirmed,2024-02-27 00:00:00,2024-02-17 03:00:00
e6a15181-99cc-4586-8cf7-d472ea763d47,94,2023-05-01 00:00:00,2,336.0,50,40.32,0.0,confirmed,2023-10-02 00:00:00,2023-04-30 00:00:00
d9d1529d-c1b3-4ca6-8def-c48e44b67a75,52,2023-12-05 00:00:00,7,731.5,49,87.78,0.0,confirmed,2024-03-06 00:00:00,2023-12-04 15:00:00
b51b85e0-c158-4bd3-8f2e-9a738b982a3a,162,2023-08-28 00:00:00,5,770.0,45,92.4,0.0,confirmed,2024-02-19 00:00:00,2023-08-27 01:00:00
ed2d5b5c-c6d1-4eaf-a367-255fe8e4aa2e,293,2023-08-23 00:00:00,12,2277.0,133,273.24,227.7,cancelled,2023-11-19 00:00:00,2023-08-22 21:00:00
8b190902-eab2-415e-980f-a93257e565f0,279,2024-02-01 00:00:00,6,1584.0,128,190.08,158.4,cancelled,2024-07-09 00:00:00,2024-01-31 15:00:00
f47d1cde-41d5-4cb7-9150-82579a07ca3d,158,2024-01-14 00:00:00,12,2016.0,73,241.92,0.0,confirmed,2024-07-08 00:00:00,2024-01-13 22:00:00
0cb9cfb6-2e0d-4bc1-959f-2effb81f2e5d,387,2024-01-25 00:00:00,12,1848.0,75,221.76,0.0,confirmed,2024-07-21 00:00:00,2024-01-24 06:00:00
79625121-f5aa-4219-9315-dc001f74f233,491,2023-09-20 00:00:00,3,648.0,96,77.76,64.8,cancelled,2024-03-14 00:00:00,2023-09-19 07:00:00
d7e7590b-a077-44f2-8eca-b6df907549d2,451,2024-02-13 00:00:00,13,4933.5,80,592.02,0.0,confirmed,2024-05-08 00:00:00,2024-02-12 14:00:00
860317d5-aa6a-401a-81b4-ac21e317f473,61,2023-09-19 00:00:00,12,2772.0,55,332.64,0.0,confirmed,2023-12-11 00:00:00,2023-09-18 14:00:00
f65419a5-b021-41fb-9ac5-976b2b617d55,210,2023-04-09 00:00:00,7,882.0,113,105.84,0.0,confirmed,2023-09-03 00:00:00,2023-04-08 19:00:00
77ca2a90-97da-442a-b208-23d8d3fe982a,280,2023-07-29 00:00:00,12,2970.0,55,356.4,297.0,cancelled,2023-10-06 00:00:00,2023-07-28 00:00:00
2ef255ad-931f-462c-9686-8487c37310e4,223,2024-06-02 00:00:00,14,2464.0,61,295.68,246.4,cancelled,2024-11-11 00:00:00,2024-06-01 21:00:00
00c3abb7-7ab7-4b2d-ba27-17df938883aa,139,2023-12-18 00:00:00,11,935.0,115,112.2,0.0,confirmed,2024-04-24 00:00:00,2023-12-17 03:00:00
df47b43f-7ade-4328-b57e-ebb1fc735b26,27,2024-05-13 00:00:00,7,616.0,60,73.92,0.0,confirmed,2024-10-25 00:00:00,2024-05-12 15:00:00
9d7ef9d0-d88e-4450-8032-fc849a57455d,386,2023-08-30 00:00:00,12,2268.0,136,272.16,0.0,confirmed,2023-11-21 00:00:00,2023-08-29 11:00:00
bdc74876-68a4-457a-963d-3fcc9d612d8f,86,2024-04-09 00:00:00,11,731.5,124,87.78,0.0,confirmed,2024-09-04 00:00:00,2024-04-08 03:00:00
9cabdd3c-3a84-462c-8f72-e79484926567,215,2024-01-23 00:00:00,8,1716.0,60,205.92,0.0,confirmed,2024-06-28 00:00:00,2024-01-22 14:00:00
459b08de-d09b-4324-baaf-15424f4d21be,289,2024-03-22 00:00:00,2,513.0,142,61.56,51.3,cancelled,2024-09-07 00:00:00,2024-03-21 22:00:00
12fe12b1-cac2-4a47-92b0-84781706c211,11,2023-07-19 00:00:00,8,988.0,144,118.56,98.8,cancelled,2023-10-12 00:00:00,2023-07-18 13:00:00
f9baf079-06c8-4b21-bcd5-35efc5da2c68,133,2023-11-29 00:00:00,13,2541.5,57,304.98,0.0,confirmed,2024-03-22 00:00:00,2023-11-28 18:00:00
0c28d2dc-569f-43b0-abe1-3ed8c5fe63d5,430,2023-08-12 00:00:00,7,500.5,83,60.06,0.0,confirmed,2023-10-28 00:00:00,2023-08-11 05:00:00
af0fe80e-d902-46f6-a017-201c309d1e2f,65,2024-02-09 00:00:00,6,561.0,116,67.32,0.0,confirmed,2024-06-11 00:00:00,2024-02-08 12:00:00
32fd9571-e631-4c33-8639-969dc9252fb4,486,2023-05-29 00:00:00,6,1260.0,129,151.2,0.0,confirmed,2023-10-20 00:00:00,2023-05-28 23:00:00
8ce03258-7f55-4d09-9d61-826a8b63c827,481,2023-06-25 00:00:00,9,594.0,79,71.28,59.4,cancelled,2023-08-06 00:00:00,2023-06-24 05:00:00
ea1b0ebb-19cd-4a24-9f96-9ce2acb4bbfd,182,2023-10-07 00:00:00,4,1280.0,145,153.6,0.0,confirmed,2024-03-23 00:00:00,2023-10-06 00:00:00
ea03d53d-1d9e-4141-bb92-a28825e2d7b7,299,2023-06-04 00:00:00,13,715.0,46,85.8,0.0,confirmed,2023-06-07 00:00:00,2023-06-03 01:00:00
ad25080a-1d8e-4eb8-9b2f-beff0442f52e,354,2023-09-15 00:00:00,6,1920.0,130,230.4,0.0,confirmed,2023-10-15 00:00:00,2023-09-14 17:00:00
7119a31e-6d16-4771-87df-8c5b1aa1708d,215,2024-05-11 00:00:00,2,429.0,150,51.48,0.0,confirmed,2024-08-25 00:00:00,2024-05-10 06:00:00
5c8c35de-9215-46b9-a35f-44a9db3fcada,104,2023-07-09 00:00:00,11,836.0,123,100.32,0.0,confirmed,2023-08-30 00:00:00,2023-07-08 08:00:00
9cd47527-1e10-4cf4-860e-5ed7a4718375,24,2023-07-24 00:00:00,7,882.0,116,105.84,0.0,confirmed,2023-10-08 00:00:00,2023-07-23 03:00:00
1cc8b312-ffda-4883-ac0f-c659c6d437b3,251,2023-10-06 00:00:00,7,2016.0,43,241.92,0.0,confirmed,2023-10-17 00:00:00,2023-10-05 08:00:00
60d49451-9665-4460-ab1f-087d98c535ef,318,2024-07-29 00:00:00,4,918.0,66,110.16,0.0,confirmed,2024-12-19 00:00:00,2024-07-28 06:00:00
b962c8e2-8985-44fa-81ce-421c64085206,486,2023-08-02 00:00:00,14,2940.0,67,352.8,0.0,confirmed,2023-09-23 00:00:00,2023-08-01 21:00:00
2dca2199-ce01-430d-a77a-3743b46b2b9c,354,2023-06-29 00:00:00,11,3520.0,80,422.4,352.0,cancelled,2023-10-26 00:00:00,2023-06-28 07:00:00
2ba58554-ea09-4ade-8658-064ee2780541,376,2024-01-04 00:00:00,7,4403.0,96,528.36,0.0,confirmed,2024-05-05 00:00:00,2024-01-03 13:00:00
015f8e85-3e46-4bcc-8405-d281a7d49b76,242,2024-01-03 00:00:00,5,1732.5,75,207.9,0.0,confirmed,2024-02-12 00:00:00,2024-01-02 10:00:00
41c94c26-5fc1-4fc2-8d1b-06cb43cf49a6,137,2024-03-07 00:00:00,2,294.5,46,35.34,0.0,confirmed,2024-04-05 00:00:00,2024-03-06 02:00:00
4bf03230-8637-4142-a75d-8f3247c91882,294,2024-08-10 00:00:00,1,216.0,150,25.92,0.0,confirmed,2024-08-14 00:00:00,2024-08-09 06:00:00
b3a74969-849f-473f-9989-4e4b76d858cd,332,2024-05-19 00:00:00,5,1732.5,148,207.9,173.25,cancelled,2024-08-12 00:00:00,2024-05-18 23:00:00
a0eab2c0-e8bb-412f-b315-ddb0ddfe90f2,212,2023-12-17 00:00:00,1,85.5,91,10.26,8.55,cancelled,2024-05-21 00:00:00,2023-12-16 17:00:00
38bffc46-3600-4124-9c5a-f80dd48b6be3,304,2023-04-06 00:00:00,3,1800.0,115,216.0,180.0,cancelled,2023-08-02 00:00:00,2023-04-05 01:00:00
fced7d3b-cb5f-4108-9602-61abf737cda8,10,2024-05-19 00:00:00,7,1792.0,105,215.04,179.2,cancelled,2024-05-22 00:00:00,2024-05-18 04:00:00
d6e2d0b0-51be-4846-b6ec-234e3f855815,486,2023-11-10 00:00:00,11,2310.0,143,277.2,0.0,confirmed,2024-02-12 00:00:00,2023-11-09 10:00:00
96cdd47d-2897-4286-aa3f-b0c8167cd523,167,2024-08-18 00:00:00,3,433.14,40,51.98,43.31,cancelled,2025-02-01 00:00:00,2024-08-17 15:00:00
7d27df98-c821-4e6b-a2b0-bfa2577ec14f,242,2024-07-18 00:00:00,7,2425.5,64,291.06,0.0,confirmed,2024-11-27 00:00:00,2024-07-17 12:00:00
73fb989d-57d8-4b48-bc52-8103c21be45a,197,2024-04-07 00:00:00,13,1950.0,127,234.0,195.0,cancelled,2024-08-30 00:00:00,2024-04-06 12:00:00
568d1e4a-74e6-4ad9-a68e-3f7944a3b051,328,2024-01-15 00:00:00,7,770.0,58,92.4,77.0,cancelled,2024-04-19 00:00:00,2024-01-14 16:00:00
5873706a-7480-4122-b4f4-a03354152eab,129,2023-10-01 00:00:00,14,4284.0,45,514.08,0.0,confirmed,2023-11-11 00:00:00,2023-09-30 05:00:00
f12b7e2c-5977-43bf-b90a-8ba8a4147d5b,17,2024-09-26 00:00:00,8,3808.0,97,456.96,0.0,confirmed,2024-09-29 00:00:00,2024-09-25 14:00:00
6c3ba0e9-ed04-4576-8041-00eddffea2e5,408,2024-02-26 00:00:00,1,120.0,44,14.4,0.0,confirmed,2024-05-18 00:00:00,2024-02-25 18:00:00
c17b1d0c-8870-4fc5-b69b-62efcbee7a1c,95,2023-09-08 00:00:00,4,1056.0,129,126.72,0.0,confirmed,2024-02-25 00:00:00,2023-09-07 16:00:00
a01a65c8-f47d-422c-995d-4ed9de9db8ca,381,2023-12-30 00:00:00,13,9282.0,79,1113.84,0.0,confirmed,2024-01-12 00:00:00,2023-12-29 20:00:00
d43d9aab-8e7f-4138-aa8c-84477784c849,299,2023-10-01 00:00:00,3,165.0,63,19.8,0.0,confirmed,2024-03-13 00:00:00,2023-09-30 20:00:00
83f2004d-80ff-4403-8300-e37b640d0454,487,2024-07-22 00:00:00,1,154.0,52,18.48,0.0,confirmed,2024-09-26 00:00:00,2024-07-21 15:00:00
bd6ebb2d-4dad-4024-a556-eda315b30ef6,285,2023-09-16 00:00:00,8,532.0,128,63.84,0.0,confirmed,2023-11-11 00:00:00,2023-09-15 03:00:00
823ab2c8-bcf9-4f0e-8d48-563246a07ab1,464,2023-11-06 00:00:00,14,2849.0,143,341.88,0.0,confirmed,2023-12-22 00:00:00,2023-11-05 22:00:00
d0df2692-12af-41f2-a822-c5f814d31083,475,2023-06-13 00:00:00,8,3864.0,53,463.68,0.0,confirmed,2023-09-23 00:00:00,2023-06-12 09:00:00
feb36ca7-5c40-4061-9b5b-276dfb045b8f,164,2023-11-10 00:00:00,1,312.0,75,37.44,31.2,cancelled,2024-01-12 00:00:00,2023-11-09 06:00:00
28cfddc4-3ec6-4ebb-9b08-a1883b63fe3b,23,2024-04-20 00:00:00,14,2772.0,69,332.64,0.0,confirmed,2024-06-09 00:00:00,2024-04-19 18:00:00
c1ec080d-89f8-40c5-a61a-5ff1cd5e19bb,156,2024-03-20 00:00:00,5,2240.0,44,268.8,224.0,cancelled,2024-07-26 00:00:00,2024-03-19 09:00:00
4c86502c-cb2c-4f13-9378-4851457e870e,230,2023-09-25 00:00:00,2,1080.0,63,129.6,0.0,confirmed,2024-02-26 00:00:00,2023-09-24 03:00:00
e09d5bc2-6f45-4c59-b6a9-3fb6b7d1792f,85,2024-07-25 00:00:00,1,91.0,66,10.92,0.0,confirmed,2024-08-18 00:00:00,2024-07-24 19:00:00
a2711c2d-e5b5-4199-b176-36854c29befa,289,2024-05-18 00:00:00,14,3591.0,113,430.92,0.0,confirmed,2024-10-18 00:00:00,2024-05-17 00:00:00
d1ce43a9-1ea8-4fe8-a8cd-3d028d9096bb,238,2024-02-19 00:00:00,4,980.0,105,117.6,0.0,confirmed,2024-03-29 00:00:00,2024-02-18 01:00:00
33308fd1-2807-42fe-9362-db4c6178eceb,202,2024-03-09 00:00:00,12,2856.0,75,342.72,0.0,confirmed,2024-04-07 00:00:00,2024-03-08 17:00:00
27eb3207-08ff-421f-bb61-3d9d7ff6c07a,281,2024-06-01 00:00:00,2,728.0,47,87.36,0.0,confirmed,2024-06-23 00:00:00,2024-05-31 08:00:00
66bb37d5-01e3-4e04-8e77-afa0f011ed6e,327,2023-06-14 00:00:00,14,6552.0,114,786.24,0.0,confirmed,2023-09-30 00:00:00,2023-06-13 13:00:00
cc061ac3-4d59-4291-ac47-cc71dfe3eb79,416,2023-06-05 00:00:00,10,1000.0,108,120.0,0.0,confirmed,2023-10-30 00:00:00,2023-06-04 15:00:00
e070e63f-e49a-4b95-86b9-ab58ede68825,348,2024-01-28 00:00:00,1,248.0,102,29.76,0.0,confirmed,2024-07-11 00:00:00,2024-01-27 13:00:00
1e0669b2-cc0e-4e4c-a450-96658459e8e1,358,2024-06-08 00:00:00,3,918.0,75,110.16,91.8,cancelled,2024-09-16 00:00:00,2024-06-07 13:00:00
682ef29a-68e3-4aec-ba54-4d87d6bf859a,140,2024-02-15 00:00:00,14,1130.5,142,135.66,0.0,confirmed,2024-08-07 00:00:00,2024-02-14 17:00:00
ff828023-413e-49ac-a626-dc02a6a6a0cd,192,2023-07-04 00:00:00,2,476.0,144,57.12,0.0,confirmed,2023-11-01 00:00:00,2023-07-03 14:00:00
f6ba7100-a4ad-4df7-831f-cb9f34761afe,305,2024-06-09 00:00:00,9,819.0,56,98.28,0.0,confirmed,2024-08-22 00:00:00,2024-06-08 02:00:00
d8895c63-2eb0-473f-82f5-8283d2b367ad,157,2023-12-16 00:00:00,2,341.0,147,40.92,0.0,confirmed,2024-04-17 00:00:00,2023-12-15 03:00:00
a5091b8e-3627-4e27-b906-0c7a145e10e6,386,2023-08-29 00:00:00,8,1512.0,118,181.44,0.0,confirmed,2023-09-29 00:00:00,2023-08-28 05:00:00
29be7de4-67b9-45ce-b45b-21498bdfdd04,3,2024-06-28 00:00:00,1,256.0,51,30.72,0.0,confirmed,2024-10-15 00:00:00,2024-06-27 21:00:00
e0aca7d0-faaa-4b0e-8fd1-eee2457eb097,3,2023-11-18 00:00:00,2,512.0,43,61.44,51.2,cancelled,2024-02-25 00:00:00,2023-11-17 05:00:00
20f2e3dc-21e6-405f-be37-a5913bcb08b3,182,2024-01-26 00:00:00,5,1600.0,140,192.0,0.0,confirmed,2024-02-28 00:00:00,2024-01-25 12:00:00
889aec2d-a0e4-4096-ac5a-e18fe1b45843,30,2023-12-24 00:00:00,3,553.5,135,66.42,0.0,confirmed,2024-05-29 00:00:00,2023-12-23 00:00:00
2f43e7c3-a769-4aad-8627-5bf75efa2802,1,2024-04-26 00:00:00,7,565.25,143,67.83,0.0,confirmed,2024-10-16 00:00:00,2024-04-25 15:00:00
b158d3ce-fd27-4fa3-b09e-52f2ad075d4e,199,2023-11-24 00:00:00,9,1966.5,94,235.98,0.0,confirmed,2024-02-12 00:00:00,2023-11-23 05:00:00
be71943c-abd5-4397-b163-8f08caafa149,46,2023-07-17 00:00:00,5,980.0,83,117.6,0.0,confirmed,2023-08-28 00:00:00,2023-07-16 12:00:00
b8f6b260-8961-4fac-8f34-102c62e23d78,37,2024-03-19 00:00:00,1,420.0,135,50.4,42.0,cancelled,2024-05-22 00:00:00,2024-03-18 08:00:00
1ac2fc8e-28db-4d7b-8a40-d2b76bf5606c,356,2023-08-31 00:00:00,13,3432.0,88,411.84,0.0,confirmed,2023-09-24 00:00:00,2023-08-30 17:00:00
1904387a-f540-4903-b783-4b81e3505cb9,141,2023-10-04 00:00:00,10,2880.0,147,345.6,288.0,cancelled,2024-01-17 00:00:00,2023-10-03 06:00:00
6a3df284-045d-466d-ab14-04904941fc0d,29,2023-05-07 00:00:00,5,1462.5,51,175.5,146.25,cancelled,2023-07-22 00:00:00,2023-05-06 16:00:00
c3699aa8-c08a-4553-825a-5df5d4215bba,105,2023-11-04 00:00:00,1,61.75,146,7.41,0.0,confirmed,2023-12-23 00:00:00,2023-11-03 09:00:00
d7bb7452-24ca-4905-92f0-8c6e234ad150,395,2023-08-19 00:00:00,6,2883.0,101,345.96,0.0,confirmed,2024-01-27 00:00:00,2023-08-18 05:00:00
eca4638c-983e-4abd-b5b6-8027c7ee3b44,408,2023-09-28 00:00:00,7,840.0,98,100.8,0.0,confirmed,2023-11-25 00:00:00,2023-09-27 02:00:00
c11d214a-c994-4929-b520-3e2a9331ae7d,175,2023-07-16 00:00:00,4,693.0,148,83.16,0.0,confirmed,2023-11-12 00:00:00,2023-07-15 22:00:00
0c1a5b3c-0b83-4265-b39f-c0fdd95ce302,256,2024-03-26 00:00:00,14,4200.0,148,504.0,0.0,confirmed,2024-07-05 00:00:00,2024-03-25 23:00:00
e01bd435-3fcf-4c92-9def-299d638709da,33,2023-03-24 00:00:00,12,2220.0,43,266.4,222.0,cancelled,2023-07-27 00:00:00,2023-03-23 01:00:00
7b2ca10a-4037-4aef-8eb4-98825331369b,160,2024-02-26 00:00:00,10,577.5,131,69.3,57.75,cancelled,2024-08-06 00:00:00,2024-02-25 04:00:00
f7e593e8-f906-4ea3-b428-bd5bff789654,200,2023-12-13 00:00:00,13,3536.0,148,424.32,353.6,cancelled,2024-05-14 00:00:00,2023-12-12 00:00:00
5142bba7-7835-4aa2-9dcb-143bfe677fda,90,2024-05-18 00:00:00,3,540.0,76,64.8,0.0,confirmed,2024-11-02 00:00:00,2024-05-17 05:00:00
4e5fcf8f-945e-4243-8c89-b03808bbbdf6,360,2024-03-06 00:00:00,10,1260.0,76,151.2,126.0,cancelled,2024-04-10 00:00:00,2024-03-05 12:00:00
8c922289-6422-4886-9bca-221dff3d23f4,258,2024-06-13 00:00:00,3,336.0,86,40.32,0.0,confirmed,2024-11-17 00:00:00,2024-06-12 05:00:00
12a638a1-6b98-47ab-b088-e820005a68ee,469,2024-02-26 00:00:00,7,2688.0,96,322.56,268.8,cancelled,2024-08-10 00:00:00,2024-02-25 06:00:00
38470eec-3414-4b8c-9a1b-3444f58916dc,138,2023-07-14 00:00:00,10,3300.0,87,396.0,330.0,cancelled,2023-07-22 00:00:00,2023-07-13 12:00:00
81fba1fd-10fc-41e9-a917-f1a0c041faca,112,2024-02-11 00:00:00,1,960.0,85,115.2,0.0,confirmed,2024-07-26 00:00:00,2024-02-10 21:00:00
b72ef69f-20b1-4acc-8c12-a37f1e658495,92,2024-01-01 00:00:00,7,2352.0,143,282.24,0.0,confirmed,2024-02-27 00:00:00,2023-12-31 12:00:00
0e34777b-bc37-415f-bc39-16b2273a90fd,264,2024-06-19 00:00:00,2,432.0,81,51.84,43.2,cancelled,2024-08-24 00:00:00,2024-06-18 04:00:00
b2b1c14f-1fca-43c0-af86-1eb6adbab2c8,153,2024-05-11 00:00:00,12,792.0,40,95.04,0.0,confirmed,2024-06-28 00:00:00,2024-05-10 07:00:00
ca2fccc8-0e73-4145-9da7-0ea800f40f37,339,2023-12-17 00:00:00,3,528.0,90,63.36,0.0,confirmed,2024-05-14 00:00:00,2023-12-16 08:00:00
1b49bb43-7c4e-446a-bd92-e471e00ef27d,2,2024-09-01 00:00:00,5,1072.5,60,128.7,0.0,confirmed,2024-09-21 00:00:00,2024-08-31 16:00:00
f8eacb57-1b40-49ca-bcf7-f76831a37fd9,449,2024-04-22 00:00:00,4,570.0,101,68.4,0.0,confirmed,2024-09-27 00:00:00,2024-04-21 11:00:00
b9068cd8-47a8-4c52-a65e-8cb9cfc94e41,88,2023-07-05 00:00:00,3,240.0,134,28.8,24.0,cancelled,2023-11-29 00:00:00,2023-07-04 14:00:00
0aba49ff-6316-4c42-8468-705594dd9447,408,2024-01-08 00:00:00,3,360.0,141,43.2,0.0,confirmed,2024-06-20 00:00:00,2024-01-07 03:00:00
76ebb3a1-ea49-4e63-898c-73e5c4b88d92,411,2024-06-11 00:00:00,6,3312.0,82,397.44,331.2,cancelled,2024-11-30 00:00:00,2024-06-10 21:00:00
1377d8c0-bb32-45a4-a88b-5154ae6a0db1,399,2023-06-27 00:00:00,4,660.0,118,79.2,0.0,confirmed,2023-11-01 00:00:00,2023-06-26 01:00:00
258c1e92-3885-4106-ae1f-cfcdf43a6b81,103,2024-02-21 00:00:00,14,2730.0,103,327.6,273.0,cancelled,2024-07-10 00:00:00,2024-02-20 13:00:00
a22c0a80-9cff-49b1-94a5-49957b411409,94,2023-10-24 00:00:00,8,1344.0,94,161.28,0.0,confirmed,2023-12-13 00:00:00,2023-10-23 18:00:00
89e30b50-67b6-469f-872a-7d28d0d8cdf7,73,2024-06-29 00:00:00,9,684.0,60,82.08,0.0,confirmed,2024-10-21 00:00:00,2024-06-28 05:00:00
cc20d223-f3b5-4f60-b28f-f8b704ada4c3,268,2023-09-05 00:00:00,2,992.0,138,119.04,99.2,cancelled,2023-10-14 00:00:00,2023-09-04 00:00:00
84020bed-4879-4ee7-960a-beb259b5b514,394,2024-08-15 00:00:00,8,952.0,139,114.24,0.0,confirmed,2024-10-19 00:00:00,2024-08-14 14:00:00
daeb4394-1936-45cd-a780-ff24bcf0dc27,209,2023-07-28 00:00:00,4,644.0,128,77.28,0.0,confirmed,2023-10-06 00:00:00,2023-07-27 19:00:00
6687a381-54c3-4762-894e-f900735362d9,176,2024-02-05 00:00:00,2,726.0,53,87.12,0.0,confirmed,2024-06-21 00:00:00,2024-02-04 16:00:00
a00fef98-fc29-470a-914c-3e8e8da0cb0f,108,2023-07-08 00:00:00,14,3906.0,116,468.72,0.0,confirmed,2023-12-18 00:00:00,2023-07-07 06:00:00
82d7fc47-a11a-445a-89da-537263e081ce,443,2024-05-28 00:00:00,12,6510.0,59,781.2,0.0,confirmed,2024-11-21 00:00:00,2024-05-27 02:00:00
881b9db2-e0c2-4504-a3dd-f9c6a8190804,104,2023-02-15 00:00:00,14,1064.0,118,127.68,106.4,cancelled,2023-06-12 00:00:00,2023-02-14 09:00:00
83a5ad4d-0bd0-489b-9561-a5b376610ff4,493,2024-01-02 00:00:00,12,3696.0,60,443.52,0.0,confirmed,2024-03-08 00:00:00,2024-01-01 11:00:00
fa47cf0a-e456-4772-ab7f-441cf35b7b86,434,2023-05-20 00:00:00,8,2112.0,117,253.44,0.0,confirmed,2023-06-21 00:00:00,2023-05-19 02:00:00
646abd65-abb0-45a5-b81a-16a301394cab,424,2024-04-12 00:00:00,9,1575.0,117,189.0,157.5,cancelled,2024-08-23 00:00:00,2024-04-11 23:00:00
193e5167-9aae-46fc-9ca8-bcb66c9ac31d,351,2024-03-19 00:00:00,10,1550.0,121,186.0,0.0,confirmed,2024-07-11 00:00:00,2024-03-18 04:00:00
437517a0-d27c-44cc-a231-0b4614bd22bc,191,2023-12-10 00:00:00,6,1428.0,118,171.36,0.0,confirmed,2024-03-29 00:00:00,2023-12-09 03:00:00
af7c34a6-4577-4791-bbcd-b990ef063cd9,179,2024-01-23 00:00:00,9,956.25,88,114.75,0.0,confirmed,2024-07-20 00:00:00,2024-01-22 01:00:00
236746dc-02ce-481b-ac9b-2a2298bb33af,442,2023-10-18 00:00:00,7,1519.0,143,182.28,0.0,confirmed,2023-12-27 00:00:00,2023-10-17 14:00:00
ca4318f9-e2d9-4e01-9fdf-cfae6c7b497a,340,2023-07-30 00:00:00,12,792.0,60,95.04,0.0,confirmed,2024-01-05 00:00:00,2023-07-29 23:00:00
dde55f25-6af1-45f0-9769-a22a98acc944,196,2023-11-03 00:00:00,10,2880.0,80,345.6,288.0,cancelled,2024-03-03 00:00:00,2023-11-02 08:00:00
311275bd-79a9-4b78-a009-50ff51f5baff,2,2024-07-24 00:00:00,10,2145.0,58,257.4,214.5,cancelled,2024-10-21 00:00:00,2024-07-23 15:00:00
5d2f1e79-e793-44a0-aa5f-eb33d6e543da,199,2023-08-23 00:00:00,3,655.5,121,78.66,0.0,confirmed,2023-10-30 00:00:00,2023-08-22 13:00:00
b52897e7-42e2-438a-a55c-5b73dd4be0a8,275,2024-01-28 00:00:00,3,555.0,132,66.6,0.0,confirmed,2024-04-13 00:00:00,2024-01-27 22:00:00
8fcb0b64-af2b-4072-8347-baf00aee2b10,42,2023-12-05 00:00:00,7,931.0,51,111.72,0.0,confirmed,2024-01-20 00:00:00,2023-12-04 16:00:00
52bd663c-e2eb-418b-84b3-af2b2cc4dafa,376,2023-12-24 00:00:00,2,1258.0,40,150.96,0.0,confirmed,2023-12-29 00:00:00,2023-12-23 13:00:00
31293867-7b7c-46d1-8cfa-e822a5ad6a68,492,2024-09-02 00:00:00,14,931.0,147,111.72,93.1,cancelled,2025-02-04 00:00:00,2024-09-01 19:00:00
a7343aad-a1d2-40f8-a555-5dafb53457c0,34,2023-06-02 00:00:00,14,1064.0,101,127.68,0.0,confirmed,2023-11-05 00:00:00,2023-06-01 17:00:00
25511d90-421f-41ea-a8f4-311313809e48,136,2023-11-28 00:00:00,6,480.0,104,57.6,0.0,confirmed,2024-05-21 00:00:00,2023-11-27 10:00:00
05f13b74-06f5-4cc3-ba9f-d2ba92877dc6,481,2023-10-26 00:00:00,7,462.0,109,55.44,0.0,confirmed,2024-02-11 00:00:00,2023-10-25 23:00:00
f60943a3-4656-4109-915f-fee935180204,242,2024-09-16 00:00:00,3,1039.5,99,124.74,0.0,confirmed,2024-11-07 00:00:00,2024-09-15 22:00:00
94723800-af45-4dc1-a947-e5c70b467141,96,2023-06-01 00:00:00,6,756.0,96,90.72,0.0,confirmed,2023-07-22 00:00:00,2023-05-31 12:00:00
466693f2-2b46-4e91-a0fd-ffe412818bc1,460,2024-01-19 00:00:00,2,680.0,66,81.6,0.0,confirmed,2024-01-26 00:00:00,2024-01-18 11:00:00
aeb57744-7242-4e2e-89eb-5bfae2762b46,139,2024-05-20 00:00:00,9,765.0,115,91.8,76.5,cancelled,2024-07-19 00:00:00,2024-05-19 23:00:00
55ce7d81-3cc1-4681-bb57-76b4e2d5ec9a,297,2024-01-06 00:00:00,13,1482.0,63,177.84,0.0,confirmed,2024-05-11 00:00:00,2024-01-05 07:00:00
0dd98e0c-32ba-4d39-96f2-5052165ee28f,188,2023-12-06 00:00:00,2,255.76,62,30.69,0.0,confirmed,2024-04-28 00:00:00,2023-12-05 23:00:00
e6440e0e-b24b-4365-a267-c1ead0137729,82,2023-11-16 00:00:00,7,1529.5,65,183.54,0.0,confirmed,2023-12-17 00:00:00,2023-11-15 21:00:00
d5a50b33-a8e8-4126-94a8-e5112584b3c7,393,2023-03-22 00:00:00,12,6216.0,51,745.92,0.0,confirmed,2023-09-09 00:00:00,2023-03-21 05:00:00
14de0adf-8396-4ab5-a648-51ad3f784389,73,2024-02-18 00:00:00,12,912.0,70,109.44,91.2,cancelled,2024-06-20 00:00:00,2024-02-17 19:00:00
0b6e0d3c-ab43-4cc8-9657-7ce1d5cc03ff,253,2023-07-01 00:00:00,9,2304.0,83,276.48,230.4,cancelled,2023-11-04 00:00:00,2023-06-30 09:00:00
c9d7107d-ce57-4784-9512-1e00b38f09ba,276,2023-11-22 00:00:00,5,2817.5,109,338.1,281.75,cancelled,2023-12-30 00:00:00,2023-11-21 08:00:00
c47de56f-f1b2-4496-8e73-4c25b4e431ca,282,2023-04-09 00:00:00,13,3003.0,79,360.36,0.0,confirmed,2023-09-27 00:00:00,2023-04-08 05:00:00
a9082be8-034b-46a2-8ade-35cf5a704a26,7,2023-11-06 00:00:00,1,114.0,81,13.68,11.4,cancelled,2024-03-10 00:00:00,2023-11-05 09:00:00
f5df6f29-0ea6-410c-8e13-ea72da524d6e,449,2024-03-17 00:00:00,6,855.0,94,102.6,0.0,confirmed,2024-06-27 00:00:00,2024-03-16 18:00:00
c6ebd83a-696d-44b2-a4ca-dfd49f4dee23,34,2023-10-19 00:00:00,13,988.0,141,118.56,0.0,confirmed,2023-11-24 00:00:00,2023-10-18 07:00:00
e53c0537-f910-4869-a204-bbb3e52d0c03,37,2023-10-21 00:00:00,4,1680.0,80,201.6,0.0,confirmed,2024-01-17 00:00:00,2023-10-20 08:00:00
84b21a44-3b6e-4712-9b04-c09a178df226,436,2024-05-26 00:00:00,8,2072.0,95,248.64,207.2,cancelled,2024-10-08 00:00:00,2024-05-25 05:00:00
a9148849-e9d0-40cb-942f-daffac4e3e99,195,2024-04-26 00:00:00,2,546.0,122,65.52,0.0,confirmed,2024-05-15 00:00:00,2024-04-25 14:00:00
a03d14e3-5990-4443-abe7-0745d1a46cb9,192,2023-08-31 00:00:00,3,714.0,100,85.68,71.4,cancelled,2023-12-23 00:00:00,2023-08-30 23:00:00
9d45f789-1286-4748-af7f-3101ba1c54ca,9,2024-04-09 00:00:00,14,1848.0,68,221.76,0.0,confirmed,2024-05-09 00:00:00,2024-04-08 08:00:00
96ca7198-6835-487a-9909-71d071d3bd40,344,2023-12-12 00:00:00,1,127.88,93,15.35,12.79,cancelled,2024-02-28 00:00:00,2023-12-11 17:00:00
06d36478-6c4a-4a34-9af1-9c70d35f5691,52,2024-05-13 00:00:00,10,1045.0,109,125.4,0.0,confirmed,2024-07-12 00:00:00,2024-05-12 21:00:00
2db70970-b234-495f-9359-582249b40840,41,2024-01-06 00:00:00,4,1152.0,109,138.24,0.0,confirmed,2024-06-30 00:00:00,2024-01-05 19:00:00
b153231b-9f1f-46b8-90cd-2c0447390319,127,2023-09-04 00:00:00,5,500.0,127,60.0,50.0,cancelled,2024-01-09 00:00:00,2023-09-03 10:00:00
6e789a1b-cb6d-4732-bb27-a778d156cd73,295,2023-10-18 00:00:00,10,9200.0,72,1104.0,920.0,cancelled,2024-03-12 00:00:00,2023-10-17 08:00:00
6fe4b4b8-1aa4-4147-9016-00d7f8d79b52,312,2023-11-21 00:00:00,3,1627.5,53,195.3,162.75,cancelled,2024-03-10 00:00:00,2023-11-20 22:00:00
f5b0c8de-17f2-40ec-ba91-68d8a03192e8,155,2023-04-17 00:00:00,5,495.0,69,59.4,0.0,confirmed,2023-05-10 00:00:00,2023-04-16 03:00:00
ece7f0cc-26b3-4a71-8231-4c4b356015d7,65,2023-12-21 00:00:00,12,1122.0,83,134.64,0.0,confirmed,2024-02-28 00:00:00,2023-12-20 21:00:00
1b28cd6a-53b8-4814-889f-1e419e34771d,338,2024-05-27 00:00:00,12,3072.0,120,368.64,0.0,confirmed,2024-08-05 00:00:00,2024-05-26 23:00:00
b4a106b5-7a2c-411e-bfaf-aa70db770ac1,174,2024-01-01 00:00:00,11,3135.0,117,376.2,0.0,confirmed,2024-06-15 00:00:00,2023-12-31 18:00:00
dbc2f1ac-26ab-4eca-b0a0-c38c7a2b0fc3,77,2023-05-17 00:00:00,8,1540.0,108,184.8,0.0,confirmed,2023-07-06 00:00:00,2023-05-16 23:00:00
dc0347cc-cb4f-4629-a243-c48a187b11e4,147,2023-09-04 00:00:00,3,470.25,95,56.43,47.03,cancelled,2024-01-24 00:00:00,2023-09-03 20:00:00
25020238-4d39-4da9-ad0a-900144ea0ffe,111,2024-03-23 00:00:00,8,2312.0,47,277.44,0.0,confirmed,2024-09-02 00:00:00,2024-03-22 02:00:00
69a39420-5ace-4751-bc8e-6fb3aa21a373,493,2024-01-17 00:00:00,13,4004.0,64,480.48,0.0,confirmed,2024-05-06 00:00:00,2024-01-16 11:00:00
3f4de8c5-12e2-45c4-8ac3-6a19433a907d,53,2024-03-01 00:00:00,8,924.0,74,110.88,92.4,cancelled,2024-05-27 00:00:00,2024-02-29 14:00:00
b0842b81-3410-4b78-a224-3904b2f8f60e,362,2023-10-28 00:00:00,14,5880.0,122,705.6,0.0,confirmed,2023-12-21 00:00:00,2023-10-27 02:00:00
7df54228-6ae4-4c2e-a60d-e77fe5e0d387,125,2024-08-11 00:00:00,9,7290.0,128,874.8,0.0,confirmed,2024-12-13 00:00:00,2024-08-10 02:00:00
eb58ab81-abfd-4906-afd6-90b8c6b1f36e,389,2024-04-09 00:00:00,12,3996.0,61,479.52,0.0,confirmed,2024-07-06 00:00:00,2024-04-08 07:00:00
4b4a1d5d-87fb-4b07-8fe1-86cd4319deec,258,2024-01-10 00:00:00,6,672.0,86,80.64,0.0,confirmed,2024-05-21 00:00:00,2024-01-09 08:00:00
78c1d2f1-ee29-44e1-b263-2ab870ede589,467,2023-12-04 00:00:00,9,3456.0,111,414.72,0.0,confirmed,2024-01-16 00:00:00,2023-12-03 08:00:00
3b060124-db12-4ccf-ac28-3096d9269cb4,36,2023-11-29 00:00:00,12,924.0,102,110.88,0.0,confirmed,2024-03-07 00:00:00,2023-11-28 22:00:00
aab60246-f013-46cb-b1f2-471c9aa04182,383,2024-02-13 00:00:00,11,2783.0,120,333.96,0.0,confirmed,2024-07-23 00:00:00,2024-02-12 15:00:00
1a8116ee-2c88-47ea-99b5-e7dd4edab64e,385,2024-04-16 00:00:00,1,87.5,84,10.5,0.0,confirmed,2024-08-04 00:00:00,2024-04-15 20:00:00
33aa138c-41e5-4479-899e-70f5954d3405,252,2024-06-22 00:00:00,4,352.0,50,42.24,0.0,confirmed,2024-08-13 00:00:00,2024-06-21 08:00:00
f827d34f-2f56-4770-8020-032860559291,26,2024-02-01 00:00:00,12,693.0,119,83.16,0.0,confirmed,2024-04-27 00:00:00,2024-01-31 16:00:00
ea1ebe1b-f61d-4b03-a385-70d6fbd9b9ae,306,2023-06-17 00:00:00,2,341.0,75,40.92,0.0,confirmed,2023-12-09 00:00:00,2023-06-16 21:00:00
7e556a01-9665-4d8e-a572-1f66288b3e2b,200,2024-01-25 00:00:00,10,2720.0,68,326.4,272.0,cancelled,2024-06-01 00:00:00,2024-01-24 04:00:00
478be8e4-43b4-47c7-884b-0a008945b69a,486,2023-09-07 00:00:00,4,840.0,55,100.8,0.0,confirmed,2023-09-29 00:00:00,2023-09-06 13:00:00
fe6aaf4d-070f-4c4c-b890-ecb72e49275f,247,2024-02-26 00:00:00,10,1732.5,118,207.9,173.25,cancelled,2024-04-11 00:00:00,2024-02-25 10:00:00
ce54feac-8a08-41ac-8ce1-a2cedcde3556,27,2024-03-07 00:00:00,14,1232.0,70,147.84,0.0,confirmed,2024-07-25 00:00:00,2024-03-06 02:00:00
696c7588-9ad8-43b1-aef8-822bf8ef7e67,369,2024-02-28 00:00:00,13,2028.0,133,243.36,202.8,cancelled,2024-06-11 00:00:00,2024-02-27 23:00:00
a1ea2ee5-6e12-4363-b8f1-fc55bac23316,195,2024-02-06 00:00:00,12,3276.0,140,393.12,327.6,cancelled,2024-04-15 00:00:00,2024-02-05 22:00:00
376b3f48-b123-4ba1-8c08-7c7bf8a4496f,49,2023-08-23 00:00:00,11,2376.0,49,285.12,0.0,confirmed,2023-12-31 00:00:00,2023-08-22 00:00:00
105f9df6-4890-4442-a366-fb370cdb23f5,18,2024-03-10 00:00:00,6,1764.0,147,211.68,176.4,cancelled,2024-06-11 00:00:00,2024-03-09 05:00:00
77c72087-ed81-455f-938b-0b92eca24c38,244,2023-05-30 00:00:00,3,441.75,74,53.01,0.0,confirmed,2023-06-24 00:00:00,2023-05-29 09:00:00
02605342-f455-4166-8387-f452ef57cdab,396,2023-10-12 00:00:00,14,3920.0,63,470.4,0.0,confirmed,2024-02-15 00:00:00,2023-10-11 15:00:00
6fde32a5-986d-4421-bc2a-4f775f63c5d4,261,2023-10-01 00:00:00,12,2052.0,138,246.24,0.0,confirmed,2024-02-20 00:00:00,2023-09-30 03:00:00
ccba1e4a-58e9-4f45-82d8-0f3753320273,121,2023-04-02 00:00:00,11,1672.0,118,200.64,0.0,confirmed,2023-07-23 00:00:00,2023-04-01 23:00:00
13434fa9-cd39-46e8-8071-a132e274fa1c,242,2024-09-29 00:00:00,4,1386.0,130,166.32,0.0,confirmed,2025-01-06 00:00:00,2024-09-28 18:00:00
f8a14e9d-d2e3-4d03-a3de-fe743836dd43,46,2024-03-13 00:00:00,8,1568.0,65,188.16,0.0,confirmed,2024-07-31 00:00:00,2024-03-12 15:00:00
d0cb532e-f22c-476f-b754-f54c78a68ae1,56,2023-04-13 00:00:00,13,5577.0,72,669.24,0.0,confirmed,2023-05-01 00:00:00,2023-04-12 20:00:00
9d7caff4-a429-43c6-af7d-012d242ee64f,225,2023-10-22 00:00:00,13,3731.0,132,447.72,0.0,confirmed,2024-01-30 00:00:00,2023-10-21 00:00:00
194d38ea-7374-4621-98d1-c94fe6f3c298,350,2024-02-06 00:00:00,2,252.0,92,30.24,25.2,cancelled,2024-04-29 00:00:00,2024-02-05 06:00:00
8605fcec-4669-4685-a7c5-e392c013da06,159,2024-06-09 00:00:00,6,1344.0,45,161.28,0.0,confirmed,2024-09-22 00:00:00,2024-06-08 15:00:00
94e38f0e-b44a-4c75-8577-49380135b232,118,2023-08-11 00:00:00,3,693.75,52,83.25,69.38,cancelled,2024-01-11 00:00:00,2023-08-10 13:00:00
f2bb794f-7f8e-4248-ad91-7c05b45f6be2,58,2023-10-29 00:00:00,2,857.5,108,102.9,0.0,confirmed,2023-11-18 00:00:00,2023-10-28 17:00:00
c21be652-579a-4d7e-9d49-6f7e401cc423,55,2023-09-03 00:00:00,3,408.0,110,48.96,0.0,confirmed,2024-02-16 00:00:00,2023-09-02 12:00:00
639dfbc6-f63a-4975-a6f7-e1e925cfe3dc,361,2023-11-06 00:00:00,5,800.0,92,96.0,0.0,confirmed,2024-01-31 00:00:00,2023-11-05 22:00:00
3b95f329-0348-480a-a4df-b05b2dd16bc5,9,2024-03-05 00:00:00,3,396.0,82,47.52,0.0,confirmed,2024-03-14 00:00:00,2024-03-04 20:00:00
22e3381c-f18b-43cc-9995-7d34ff1aa3f9,10,2023-09-27 00:00:00,11,2816.0,90,337.92,0.0,confirmed,2023-10-26 00:00:00,2023-09-26 09:00:00
4a046458-cbc9-44cf-a8eb-4fea692d015c,427,2023-08-11 00:00:00,2,171.0,60,20.52,0.0,confirmed,2023-08-17 00:00:00,2023-08-10 12:00:00
bbfeb8f9-f878-408f-a441-341e05a12e2b,319,2023-11-28 00:00:00,13,5440.5,143,652.86,544.05,cancelled,2024-04-22 00:00:00,2023-11-27 00:00:00
b8015738-b6bf-4568-9847-b4f460ef9964,71,2023-11-25 00:00:00,14,3213.0,70,385.56,0.0,confirmed,2024-03-06 00:00:00,2023-11-24 16:00:00
7ccc60cb-6b72-40b9-aa28-8ec83ffa86a4,12,2023-06-07 00:00:00,12,1452.0,60,174.24,145.2,cancelled,2023-11-19 00:00:00,2023-06-06 21:00:00
18d5d155-98dc-44ce-87d2-44702e382062,165,2023-06-11 00:00:00,9,1260.0,73,151.2,0.0,confirmed,2023-10-08 00:00:00,2023-06-10 10:00:00
2680dbb9-a810-48a4-8953-5afe7fa58226,314,2023-11-22 00:00:00,8,7680.0,147,921.6,768.0,cancelled,2024-04-18 00:00:00,2023-11-21 08:00:00
03160097-3856-40bc-86bd-e0203ad3b291,416,2023-11-06 00:00:00,6,600.0,125,72.0,60.0,cancelled,2024-01-10 00:00:00,2023-11-05 09:00:00
89784d72-b5c0-437b-be06-9e5ae2af5811,144,2023-12-08 00:00:00,11,1320.0,146,158.4,0.0,confirmed,2024-03-09 00:00:00,2023-12-07 02:00:00
af6c8347-cb61-4bcc-8e74-00302dd145dd,274,2023-10-04 00:00:00,8,1840.0,90,220.8,0.0,confirmed,2024-01-30 00:00:00,2023-10-03 12:00:00
81d58bec-f798-4922-b090-cbd530bbd15e,11,2024-01-04 00:00:00,1,123.5,84,14.82,0.0,confirmed,2024-04-12 00:00:00,2024-01-03 09:00:00
2f818d6a-73b1-45e5-beb5-3f7d7dc65882,135,2023-09-29 00:00:00,5,960.0,131,115.2,0.0,confirmed,2023-10-11 00:00:00,2023-09-28 01:00:00
7ed4c41e-addc-45b2-b950-b099ac0eedac,461,2024-03-10 00:00:00,6,864.0,60,103.68,0.0,confirmed,2024-05-04 00:00:00,2024-03-09 14:00:00
908c0f0d-fcf1-4af3-a12a-8781749af427,306,2023-09-18 00:00:00,2,341.0,71,40.92,0.0,confirmed,2024-03-10 00:00:00,2023-09-17 00:00:00
de96a13b-c931-4b2b-8fc4-9513ba997b8c,353,2023-06-24 00:00:00,11,1694.0,120,203.28,0.0,confirmed,2023-08-11 00:00:00,2023-06-23 12:00:00
a6e5d44d-abf2-49f9-b503-386159848668,191,2023-11-25 00:00:00,1,238.0,132,28.56,23.8,cancelled,2024-04-14 00:00:00,2023-11-24 19:00:00
f7c21cf6-efe0-4a6f-8be8-27e9740a5692,305,2024-02-29 00:00:00,4,364.0,81,43.68,0.0,confirmed,2024-07-28 00:00:00,2024-02-28 20:00:00
b9b3e2a1-3b80-4915-a5cd-2292b0c8e675,464,2024-05-11 00:00:00,4,814.0,96,97.68,81.4,cancelled,2024-09-28 00:00:00,2024-05-10 08:00:00
8239aa62-3b7e-4379-bd05-a8100091efb2,186,2024-05-19 00:00:00,10,4800.0,52,576.0,0.0,confirmed,2024-05-25 00:00:00,2024-05-18 12:00:00
445f710f-bf9f-4f18-83ec-429f51d68052,455,2024-02-24 00:00:00,4,476.0,61,57.12,0.0,confirmed,2024-03-16 00:00:00,2024-02-23 12:00:00
446b684b-028e-4045-b68f-2ec38f1640ee,411,2024-04-09 00:00:00,5,2760.0,124,331.2,0.0,confirmed,2024-09-26 00:00:00,2024-04-08 14:00:00
12d7ee18-bc2c-4e79-878e-69217db24277,443,2024-04-27 00:00:00,11,5967.5,59,716.1,0.0,confirmed,2024-06-13 00:00:00,2024-04-26 21:00:00
024b924e-b6b8-45ff-912c-90301d8db24f,316,2023-05-20 00:00:00,4,1088.0,56,130.56,0.0,confirmed,2023-06-02 00:00:00,2023-05-19 18:00:00
710fc808-440c-4abf-b654-02d932328065,392,2023-12-22 00:00:00,5,721.9,127,86.63,72.19,cancelled,2024-03-02 00:00:00,2023-12-21 08:00:00
c4eb2bbd-50f9-4a9d-b0c6-ea206cc1b3f8,273,2024-03-07 00:00:00,4,882.0,125,105.84,0.0,confirmed,2024-03-25 00:00:00,2024-03-06 00:00:00
cc114315-aa06-415f-bcb5-37ad932ea8d8,248,2024-01-19 00:00:00,7,1519.0,129,182.28,0.0,confirmed,2024-05-14 00:00:00,2024-01-18 07:00:00
03a08370-b029-44d9-93e5-1dacc2112862,493,2023-06-09 00:00:00,7,2156.0,137,258.72,215.6,cancelled,2023-11-04 00:00:00,2023-06-08 23:00:00
b36b818e-3bce-4eef-b65c-dcad7a673e96,223,2023-09-22 00:00:00,8,1408.0,77,168.96,140.8,cancelled,2024-02-24 00:00:00,2023-09-21 08:00:00
811ea60d-88ef-475d-8070-a9d536d48bad,132,2024-07-23 00:00:00,3,1302.0,51,156.24,0.0,confirmed,2024-09-10 00:00:00,2024-07-22 12:00:00
12fc6ee8-79a4-429a-8137-c58543910ddb,321,2024-03-19 00:00:00,13,3627.0,132,435.24,362.7,cancelled,2024-07-06 00:00:00,2024-03-18 21:00:00
a3dd76fe-7cce-4cfd-b540-80fa93a425bb,10,2024-02-10 00:00:00,11,2816.0,52,337.92,281.6,cancelled,2024-04-03 00:00:00,2024-02-09 10:00:00
d102c6d4-b32b-47dd-9c2d-8c686b9c2c49,409,2024-06-10 00:00:00,4,572.0,98,68.64,57.2,cancelled,2024-09-15 00:00:00,2024-06-09 05:00:00
9eb0f03c-ee11-4bc3-830a-0060b25be678,482,2023-10-30 00:00:00,4,323.0,72,38.76,32.3,cancelled,2024-01-09 00:00:00,2023-10-29 01:00:00
67501ff5-1e06-4a6b-abfd-e393408ce2a2,176,2024-02-17 00:00:00,5,1815.0,144,217.8,0.0,confirmed,2024-05-30 00:00:00,2024-02-16 07:00:00
319e2be4-68b7-4135-8b17-61ebe033789d,188,2024-06-20 00:00:00,5,639.4,73,76.73,0.0,confirmed,2024-09-04 00:00:00,2024-06-19 20:00:00
1add0882-50c1-4b6b-b19c-06b8eff1c142,386,2023-08-19 00:00:00,5,945.0,114,113.4,0.0,confirmed,2024-01-28 00:00:00,2023-08-18 01:00:00
ebfef55d-6a08-433c-9ae3-06f822a98a7d,458,2023-08-07 00:00:00,11,3762.0,136,451.44,0.0,confirmed,2024-01-06 00:00:00,2023-08-06 00:00:00
b699303a-9457-47a9-9b50-7a9fbc0f9535,417,2024-01-04 00:00:00,13,2535.0,124,304.2,0.0,confirmed,2024-05-27 00:00:00,2024-01-03 13:00:00
6c5ac4eb-1230-4cea-9be9-edee5bb1bc6b,273,2024-06-18 00:00:00,5,1102.5,109,132.3,110.25,cancelled,2024-11-21 00:00:00,2024-06-17 18:00:00
be63798d-35e1-4603-822b-9d0e9823043c,124,2024-02-08 00:00:00,8,1632.0,97,195.84,163.2,cancelled,2024-05-01 00:00:00,2024-02-07 15:00:00
9f44819d-7fad-4c8c-8572-191a9c6ed4b3,413,2024-04-05 00:00:00,8,1364.0,41,163.68,0.0,confirmed,2024-07-07 00:00:00,2024-04-04 18:00:00
538c4220-34ee-446a-9457-27282a2702fb,114,2024-02-13 00:00:00,5,1520.0,108,182.4,152.0,cancelled,2024-08-07 00:00:00,2024-02-12 00:00:00
401e121c-281e-4925-97f8-553dc26cc944,266,2024-03-06 00:00:00,12,2688.0,94,322.56,0.0,confirmed,2024-03-11 00:00:00,2024-03-05 19:00:00
61a7d44b-634d-4c92-86b4-9957f5ea3146,434,2023-09-09 00:00:00,12,3168.0,82,380.16,316.8,cancelled,2024-01-23 00:00:00,2023-09-08 12:00:00
cd13d39f-3aeb-4163-ab1c-2ebca380fd11,307,2023-05-06 00:00:00,10,1732.5,56,207.9,173.25,cancelled,2023-08-24 00:00:00,2023-05-05 03:00:00
a06dda3a-735c-4a5c-b659-4b7abf8eae8d,495,2023-12-16 00:00:00,12,1599.0,53,191.88,0.0,confirmed,2024-05-28 00:00:00,2023-12-15 05:00:00
b1c1e956-4f7c-4d36-91fe-675b4a887e2a,78,2024-01-31 00:00:00,1,218.5,99,26.22,0.0,confirmed,2024-03-20 00:00:00,2024-01-30 07:00:00
9fc056fd-481d-4ffb-9f8a-62d6352466d8,71,2023-06-07 00:00:00,7,1606.5,122,192.78,0.0,confirmed,2023-08-20 00:00:00,2023-06-06 16:00:00
fb53f63e-3e50-4bb1-9a3a-7836fee40136,432,2023-10-07 00:00:00,13,2002.0,142,240.24,200.2,cancelled,2023-12-19 00:00:00,2023-10-06 23:00:00
fce7517d-8730-4f7b-b0b6-3c5930c36f08,481,2023-10-01 00:00:00,10,660.0,43,79.2,66.0,cancelled,2024-01-26 00:00:00,2023-09-30 03:00:00
6e50824d-1acf-49fa-9f1e-329c4de4b6d0,163,2023-11-16 00:00:00,4,1656.0,104,198.72,0.0,confirmed,2024-05-08 00:00:00,2023-11-15 06:00:00
b0b2d44d-4a75-486a-88ed-137da2aef024,478,2023-08-09 00:00:00,10,2187.5,44,262.5,218.75,cancelled,2023-10-30 00:00:00,2023-08-08 01:00:00
38e985f4-bd7e-427c-8a78-602937ee0736,190,2023-10-16 00:00:00,10,2210.0,46,265.2,0.0,confirmed,2024-01-06 00:00:00,2023-10-15 12:00:00
ac13c153-ff59-4e02-936e-e1f5d573b4ed,30,2024-04-07 00:00:00,5,922.5,48,110.7,92.25,cancelled,2024-07-30 00:00:00,2024-04-06 23:00:00
55f37b8e-2158-4c38-9d85-90adac8968b2,384,2023-09-18 00:00:00,1,570.0,116,68.4,57.0,cancelled,2023-12-24 00:00:00,2023-09-17 08:00:00
e78c030a-5a04-4e81-a341-d48cfdda3310,72,2023-10-22 00:00:00,1,264.0,114,31.68,0.0,confirmed,2024-01-03 00:00:00,2023-10-21 02:00:00
c53e55fe-e7a7-4576-a61c-f7daadc50ff1,113,2023-12-24 00:00:00,10,1852.5,61,222.3,185.25,cancelled,2024-05-20 00:00:00,2023-12-23 20:00:00
e13640f2-b2cb-4fcf-83b9-228c5f1ea135,73,2024-06-18 00:00:00,9,684.0,104,82.08,0.0,confirmed,2024-08-21 00:00:00,2024-06-17 23:00:00
6e1f4f6b-559d-4fa9-973b-2e7faa497cc5,464,2023-12-06 00:00:00,9,1831.5,71,219.78,0.0,confirmed,2024-01-14 00:00:00,2023-12-05 06:00:00
4c7dbac0-bb96-41aa-be85-d68933ff30b0,383,2024-03-10 00:00:00,11,2783.0,99,333.96,278.3,cancelled,2024-05-17 00:00:00,2024-03-09 02:00:00
6d8fb156-2c7a-4f54-8610-d0a6239f7ca3,190,2023-12-04 00:00:00,1,221.0,59,26.52,22.1,cancelled,2024-02-12 00:00:00,2023-12-03 06:00:00
26836089-5982-4553-84f2-b29c1493cec0,280,2023-08-08 00:00:00,7,1732.5,83,207.9,0.0,confirmed,2023-08-22 00:00:00,2023-08-07 17:00:00
3f73f4ee-6592-46e7-9218-4ff73d4fc327,46,2023-10-13 00:00:00,3,588.0,51,70.56,58.8,cancelled,2024-04-06 00:00:00,2023-10-12 04:00:00
e2c09ed9-08eb-4a00-8535-a48ca624ee88,452,2023-11-11 00:00:00,13,3120.0,102,374.4,0.0,confirmed,2023-12-13 00:00:00,2023-11-10 21:00:00
49e434a3-de90-43f3-a3ab-87fea00375eb,380,2024-03-14 00:00:00,13,2502.5,114,300.3,0.0,confirmed,2024-07-07 00:00:00,2024-03-13 07:00:00
19da4ae1-eca7-4091-ac8e-7aab343ce16a,490,2023-09-20 00:00:00,1,169.0,78,20.28,0.0,confirmed,2023-10-13 00:00:00,2023-09-19 02:00:00
4896bac3-db05-4bb1-bdff-4b8c69e4eb65,177,2023-06-09 00:00:00,6,594.0,142,71.28,59.4,cancelled,2023-09-11 00:00:00,2023-06-08 08:00:00
c18d02d9-4a5f-4f53-bf70-6b367ce16211,11,2023-06-28 00:00:00,2,247.0,102,29.64,0.0,confirmed,2023-12-17 00:00:00,2023-06-27 20:00:00
cec9b43c-c901-4a54-8627-88284ae5cd62,439,2024-04-18 00:00:00,9,1039.5,79,124.74,103.95,cancelled,2024-06-25 00:00:00,2024-04-17 05:00:00
07bb5038-bb57-4b8f-9c63-74d45b50b0f4,190,2023-12-14 00:00:00,14,3094.0,134,371.28,0.0,confirmed,2024-02-07 00:00:00,2023-12-13 08:00:00
2035e820-cd62-47e6-947b-db7a3f40c906,187,2024-02-19 00:00:00,5,630.0,55,75.6,0.0,confirmed,2024-07-07 00:00:00,2024-02-18 23:00:00
18ab8256-5e19-498c-9b47-2ce9a86992e2,421,2023-05-13 00:00:00,10,1715.0,124,205.8,171.5,cancelled,2023-06-25 00:00:00,2023-05-12 22:00:00
e8e100d1-fc18-4651-a713-8275bd65c95e,462,2023-11-11 00:00:00,9,4495.5,125,539.46,449.55,cancelled,2024-01-15 00:00:00,2023-11-10 21:00:00
141c0764-041e-4974-a258-6a32ebf314a5,129,2023-12-27 00:00:00,10,3060.0,146,367.2,306.0,cancelled,2024-05-02 00:00:00,2023-12-26 22:00:00
88efc0fe-208d-469e-a00e-ebd5308a3420,25,2024-05-18 00:00:00,3,2220.0,70,266.4,0.0,confirmed,2024-06-09 00:00:00,2024-05-17 17:00:00
0a1ff6e2-6f22-43c0-b69c-2e1e2c9bc235,86,2024-03-02 00:00:00,10,665.0,145,79.8,66.5,cancelled,2024-08-19 00:00:00,2024-03-01 08:00:00
c1788cfd-e7b7-44cc-883b-ddf2eff6ae41,172,2024-03-20 00:00:00,10,1425.0,96,171.0,0.0,confirmed,2024-08-20 00:00:00,2024-03-19 12:00:00
59925d1a-d2ff-4133-a738-9e0f5371d4df,274,2023-07-08 00:00:00,1,230.0,104,27.6,0.0,confirmed,2023-08-13 00:00:00,2023-07-07 00:00:00
9ca59c13-ead6-4653-b245-ba1f22587194,264,2024-03-19 00:00:00,13,2808.0,101,336.96,280.8,cancelled,2024-04-19 00:00:00,2024-03-18 10:00:00
f340b34d-29f0-4475-81aa-b751ba3ae93a,156,2024-03-11 00:00:00,6,2688.0,75,322.56,0.0,confirmed,2024-05-08 00:00:00,2024-03-10 09:00:00
ac529955-32cb-4e4d-a90e-d8247f163648,200,2023-09-17 00:00:00,4,1088.0,69,130.56,0.0,confirmed,2023-11-04 00:00:00,2023-09-16 00:00:00
68995434-bdef-4062-bfa3-0ba40fafb4e6,486,2023-06-11 00:00:00,5,1050.0,41,126.0,105.0,cancelled,2023-11-22 00:00:00,2023-06-10 13:00:00
ab6112b7-2815-4551-91a5-98fcc2239a3b,284,2024-02-04 00:00:00,11,2431.0,88,291.72,0.0,confirmed,2024-02-24 00:00:00,2024-02-03 07:00:00
f356b052-f598-4073-9a9b-ae9c0e261ee4,174,2023-10-14 00:00:00,5,1425.0,127,171.0,0.0,confirmed,2024-02-06 00:00:00,2023-10-13 18:00:00
00743207-4d00-4f34-b7d4-f4a77d89a7ac,327,2023-08-24 00:00:00,6,2808.0,105,336.96,0.0,confirmed,2023-09-02 00:00:00,2023-08-23 05:00:00
9fe9c58d-5e6a-4de3-a439-4e085162aa14,359,2024-02-19 00:00:00,8,1344.0,141,161.28,0.0,confirmed,2024-03-17 00:00:00,2024-02-18 18:00:00
a8c4caf2-dcd8-41e1-8eb6-fd5678b240d1,212,2023-10-06 00:00:00,7,598.5,105,71.82,0.0,confirmed,2024-01-28 00:00:00,2023-10-05 05:00:00
d225bc81-33f4-47c0-bb3e-789ca432cb26,349,2024-08-28 00:00:00,1,402.5,65,48.3,0.0,confirmed,2024-11-08 00:00:00,2024-08-27 04:00:00
8556c115-bd0a-42d6-a9bb-c9375112564e,450,2023-10-19 00:00:00,13,5096.0,52,611.52,0.0,confirmed,2023-11-19 00:00:00,2023-10-18 22:00:00
952eab7d-8c3a-43d0-be56-b14e6fc3aa79,348,2023-09-16 00:00:00,12,2976.0,83,357.12,0.0,confirmed,2024-01-30 00:00:00,2023-09-15 19:00:00
9f47fd43-a820-4e3c-b293-4133135e49bf,440,2023-11-30 00:00:00,10,4560.0,47,547.2,0.0,confirmed,2024-02-06 00:00:00,2023-11-29 08:00:00
d8617e29-8bdf-4297-9a9f-646e978af8b6,206,2024-03-25 00:00:00,12,2040.0,97,244.8,204.0,cancelled,2024-05-30 00:00:00,2024-03-24 12:00:00
2e762f3c-6391-4fb6-a820-6c5202f12efc,210,2023-08-16 00:00:00,2,252.0,54,30.24,0.0,confirmed,2023-09-22 00:00:00,2023-08-15 10:00:00
f5356ba7-79cc-45d6-a18a-891550b878e8,270,2023-12-26 00:00:00,10,3230.0,103,387.6,0.0,confirmed,2024-01-21 00:00:00,2023-12-25 08:00:00
ea9ae160-ec5f-4035-b038-6c2f4f9d18fd,239,2024-07-21 00:00:00,13,7098.0,92,851.76,0.0,confirmed,2024-08-28 00:00:00,2024-07-20 08:00:00
7c85b453-5ec3-4df8-b93b-2b45b6216755,492,2024-01-20 00:00:00,2,133.0,52,15.96,0.0,confirmed,2024-01-22 00:00:00,2024-01-19 09:00:00
5e34d8c6-e738-4130-8384-b2fdc281b353,447,2024-01-12 00:00:00,2,420.0,53,50.4,42.0,cancelled,2024-06-04 00:00:00,2024-01-11 18:00:00
2ef104d3-901d-4a80-a626-3b847dbe7964,207,2024-06-12 00:00:00,5,742.5,40,89.1,0.0,confirmed,2024-07-20 00:00:00,2024-06-11 13:00:00
4929fb65-18b2-4020-866f-0a3cf158ed17,414,2023-10-27 00:00:00,8,1920.0,84,230.4,192.0,cancelled,2024-03-17 00:00:00,2023-10-26 09:00:00
f0d1c5b1-4d89-4d02-85f8-484d36f6e1fd,45,2023-09-26 00:00:00,6,643.5,76,77.22,0.0,confirmed,2024-02-10 00:00:00,2023-09-25 05:00:00
6327bce6-d96c-4deb-8aa6-7b3b30cc24e9,75,2023-05-31 00:00:00,3,342.0,127,41.04,34.2,cancelled,2023-10-12 00:00:00,2023-05-30 17:00:00
1f3b9e4b-439e-49ac-b40e-ee311bdf3efd,61,2023-07-11 00:00:00,5,1155.0,40,138.6,115.5,cancelled,2023-11-17 00:00:00,2023-07-10 02:00:00
1746e8af-6eee-4595-8ba3-9e039f613229,474,2023-12-12 00:00:00,7,945.0,58,113.4,94.5,cancelled,2024-04-18 00:00:00,2023-12-11 04:00:00
f15ba0a7-3902-4757-b9e0-a24f20bf697a,161,2024-01-30 00:00:00,10,850.0,148,102.0,0.0,confirmed,2024-02-01 00:00:00,2024-01-29 10:00:00
c067fe57-e4e7-4f7b-b028-0ce2aa2a2262,97,2023-05-07 00:00:00,3,765.0,98,91.8,76.5,cancelled,2023-10-19 00:00:00,2023-05-06 02:00:00
352c0b38-13d9-4596-bd73-ff7786420168,383,2023-12-22 00:00:00,13,3289.0,141,394.68,0.0,confirmed,2024-01-27 00:00:00,2023-12-21 00:00:00
2052fe74-8229-4871-8145-780b8f0aeb6b,459,2023-12-16 00:00:00,5,1860.0,139,223.2,0.0,confirmed,2024-03-30 00:00:00,2023-12-15 19:00:00
7f21dcc7-457a-4e8e-9bba-e6e8e7648a7d,365,2023-07-25 00:00:00,2,252.0,94,30.24,0.0,confirmed,2023-08-18 00:00:00,2023-07-24 03:00:00
a5069a8b-6168-46dd-93c1-c98285715eef,287,2023-10-07 00:00:00,11,2255.0,119,270.6,225.5,cancelled,2023-10-17 00:00:00,2023-10-06 13:00:00
f0a22591-2bf9-493e-878d-86b607eee2ef,48,2023-06-10 00:00:00,2,104.5,52,12.54,0.0,confirmed,2023-07-15 00:00:00,2023-06-09 20:00:00
05dc649e-8f6d-4193-9bed-24616a7e92ff,90,2024-01-14 00:00:00,12,2160.0,86,259.2,0.0,confirmed,2024-07-07 00:00:00,2024-01-13 15:00:00
9182bbb1-4878-463a-ad6f-6034ff2f9e0d,72,2024-02-26 00:00:00,8,2112.0,40,253.44,0.0,confirmed,2024-07-04 00:00:00,2024-02-25 18:00:00
a10b3579-a180-49ee-9dd4-a4f75ad2712a,203,2023-11-25 00:00:00,9,2436.75,137,292.41,0.0,confirmed,2023-11-30 00:00:00,2023-11-24 23:00:00
0a210789-0b25-4d22-8bef-927882a99b27,189,2023-12-23 00:00:00,11,968.0,78,116.16,96.8,cancelled,2024-05-30 00:00:00,2023-12-22 16:00:00
f35c1e12-ef47-4a2d-909c-34f7e5ca1c6c,161,2023-07-31 00:00:00,1,85.0,40,10.2,0.0,confirmed,2023-11-11 00:00:00,2023-07-30 14:00:00
c3fdb4be-23e1-4575-aa2b-6a52c8eff0f2,492,2024-07-05 00:00:00,14,931.0,52,111.72,93.1,cancelled,2024-09-19 00:00:00,2024-07-04 23:00:00
4eee3445-6d5a-4d73-b673-3d7146885a35,83,2023-12-19 00:00:00,11,3080.0,114,369.6,0.0,confirmed,2024-03-28 00:00:00,2023-12-18 18:00:00
6a6a6501-4457-40f6-98c3-718b9450c567,443,2023-12-05 00:00:00,12,6510.0,114,781.2,0.0,confirmed,2024-02-16 00:00:00,2023-12-04 23:00:00
b74728c7-2259-4768-9680-9843cfffd063,497,2024-06-22 00:00:00,3,528.0,54,63.36,0.0,confirmed,2024-06-26 00:00:00,2024-06-21 16:00:00
ccbc877c-feac-41b2-be82-ef748014bc38,365,2023-11-18 00:00:00,6,756.0,113,90.72,0.0,confirmed,2024-04-09 00:00:00,2023-11-17 15:00:00
6e8a8916-b805-4bc4-bf8c-084aca0df02d,321,2023-12-28 00:00:00,13,3627.0,116,435.24,362.7,cancelled,2024-06-19 00:00:00,2023-12-27 08:00:00
160a7e51-f393-40ea-95df-ac42ae834c12,424,2023-11-20 00:00:00,11,1925.0,55,231.0,0.0,confirmed,2023-12-25 00:00:00,2023-11-19 09:00:00
6322b295-07a1-43f0-9c38-00843098254e,179,2023-10-05 00:00:00,12,1275.0,91,153.0,0.0,confirmed,2023-11-20 00:00:00,2023-10-04 10:00:00
bf901cef-4562-4a19-bde9-be0fbdf7f2f0,278,2023-05-20 00:00:00,9,1728.0,105,207.36,0.0,confirmed,2023-07-21 00:00:00,2023-05-19 04:00:00
85f72815-1317-4efe-bdcf-1da91ede2a66,354,2023-05-07 00:00:00,1,320.0,111,38.4,32.0,cancelled,2023-07-30 00:00:00,2023-05-06 23:00:00
e42f20aa-7e34-4c93-ba53-5031761b8d9b,498,2023-11-22 00:00:00,10,1400.0,99,168.0,140.0,cancelled,2024-03-25 00:00:00,2023-11-21 13:00:00
7015df10-2af5-4016-9884-45479ec8f59c,221,2024-03-17 00:00:00,3,1728.0,65,207.36,172.8,cancelled,2024-06-28 00:00:00,2024-03-16 13:00:00
6025ed6e-2b5f-4679-8505-2a530721360e,423,2023-10-19 00:00:00,7,2268.0,123,272.16,0.0,confirmed,2023-11-05 00:00:00,2023-10-18 23:00:00
498663f2-29d4-407f-8987-812ecc92fdc4,407,2023-10-26 00:00:00,4,616.0,98,73.92,0.0,confirmed,2024-01-01 00:00:00,2023-10-25 11:00:00
2242c881-24f0-4378-a5d9-8c48b916a618,315,2023-10-25 00:00:00,3,765.0,122,91.8,76.5,cancelled,2024-04-11 00:00:00,2023-10-24 01:00:00
d3f6cd5a-ada3-4720-892d-01ca859ee88c,409,2024-06-10 00:00:00,11,1573.0,136,188.76,0.0,confirmed,2024-11-03 00:00:00,2024-06-09 22:00:00
170a066d-e6df-40a2-a33c-64d2843e2106,135,2023-05-19 00:00:00,12,2304.0,126,276.48,230.4,cancelled,2023-09-16 00:00:00,2023-05-18 13:00:00
9a9b66f4-3368-47a4-a4e2-ca6df937a457,470,2024-07-13 00:00:00,11,1463.0,135,175.56,146.3,cancelled,2024-12-23 00:00:00,2024-07-12 04:00:00
d71d2a65-e2a4-4372-ac2b-bebce6bf245e,425,2023-10-21 00:00:00,14,1190.0,52,142.8,119.0,cancelled,2024-02-23 00:00:00,2023-10-20 15:00:00
f28b2a7b-3d1c-4b4f-b996-2ee7f93106b6,220,2023-09-07 00:00:00,8,1680.0,97,201.6,168.0,cancelled,2024-01-30 00:00:00,2023-09-06 12:00:00
95482911-d3d5-4aaa-86ca-634c135748b4,64,2023-11-21 00:00:00,5,736.25,110,88.35,0.0,confirmed,2024-03-03 00:00:00,2023-11-20 01:00:00
b97d4dc3-23b9-44a6-bc91-ccb4f3424482,125,2023-12-20 00:00:00,7,5670.0,99,680.4,0.0,confirmed,2024-02-25 00:00:00,2023-12-19 10:00:00
d8d14696-88cb-4417-9959-8d7a69f5035b,486,2023-11-13 00:00:00,8,1680.0,66,201.6,0.0,confirmed,2023-11-27 00:00:00,2023-11-12 10:00:00
8d73eba5-0bbd-43cd-a9db-9775eab2801b,82,2023-06-25 00:00:00,4,874.0,65,104.88,0.0,confirmed,2023-10-15 00:00:00,2023-06-24 07:00:00
676638ed-6a78-4ef8-9f7f-7dae002d635f,53,2024-04-03 00:00:00,13,1501.5,87,180.18,150.15,cancelled,2024-09-10 00:00:00,2024-04-02 00:00:00
b1c770b0-d5ef-4889-87ba-e175d50c8403,326,2023-12-27 00:00:00,3,837.0,138,100.44,0.0,confirmed,2024-01-31 00:00:00,2023-12-26 15:00:00
877b1d0e-5cf9-4513-a01f-37ca55cde65e,283,2024-01-22 00:00:00,9,2430.0,102,291.6,0.0,confirmed,2024-03-02 00:00:00,2024-01-21 15:00:00
1b264ac9-613b-40f2-89fd-3bf1e8b49a23,231,2024-03-23 00:00:00,11,968.0,106,116.16,0.0,confirmed,2024-08-07 00:00:00,2024-03-22 19:00:00
2869166c-2c70-43ef-bfaa-1a69fed880d4,26,2024-05-12 00:00:00,11,635.25,117,76.23,63.53,cancelled,2024-09-10 00:00:00,2024-05-11 15:00:00
803ac686-46b1-4e97-8ffc-5da8ecbdb21e,359,2024-05-19 00:00:00,6,1008.0,95,120.96,100.8,cancelled,2024-09-23 00:00:00,2024-05-18 04:00:00
0c576a63-5c60-4d0b-9e00-9b507ec0c02a,121,2023-07-03 00:00:00,2,304.0,90,36.48,0.0,confirmed,2023-08-28 00:00:00,2023-07-02 22:00:00
bd15d925-a385-4e8c-a721-87bcd438b9bd,490,2023-11-26 00:00:00,2,338.0,110,40.56,0.0,confirmed,2023-12-24 00:00:00,2023-11-25 07:00:00
f3de7bd0-f66c-4b46-b21d-8129765fefa6,204,2024-03-19 00:00:00,13,2408.25,100,288.99,0.0,confirmed,2024-07-16 00:00:00,2024-03-18 12:00:00
a5506f14-192e-4d7a-ade6-dcb1b6ad236b,219,2023-07-09 00:00:00,2,1800.0,76,216.0,0.0,confirmed,2023-09-01 00:00:00,2023-07-08 15:00:00
1a61c2b0-ab93-4578-b3e0-0a188ef04d30,471,2023-11-12 00:00:00,5,1425.0,79,171.0,0.0,confirmed,2023-12-22 00:00:00,2023-11-11 06:00:00
bea0b5f9-37ba-4e48-a997-d02882d23ffe,225,2023-05-23 00:00:00,14,4018.0,138,482.16,0.0,confirmed,2023-07-28 00:00:00,2023-05-22 19:00:00
f8ff7961-b6c9-44f7-8e08-24a2033d4f21,147,2023-04-09 00:00:00,11,1724.25,68,206.91,172.43,cancelled,2023-09-02 00:00:00,2023-04-08 23:00:00
18673820-c154-465d-8e91-5928d4781778,77,2023-12-02 00:00:00,10,1925.0,93,231.0,192.5,cancelled,2024-05-09 00:00:00,2023-12-01 18:00:00
7c18bde7-d76f-4612-8705-18d601fa8070,439,2024-03-29 00:00:00,6,693.0,58,83.16,0.0,confirmed,2024-04-12 00:00:00,2024-03-28 01:00:00
2df4af04-af8a-49a0-9f00-50edb07df415,18,2023-08-03 00:00:00,8,2352.0,149,282.24,0.0,confirmed,2023-08-25 00:00:00,2023-08-02 13:00:00
6eaaa594-f35e-4917-8bc3-15da72053a9f,477,2024-03-03 00:00:00,4,1036.0,70,124.32,103.6,cancelled,2024-07-29 00:00:00,2024-03-02 15:00:00
888eed3f-7918-41f9-b138-c85105df288f,135,2023-05-14 00:00:00,14,2688.0,121,322.56,0.0,confirmed,2023-07-07 00:00:00,2023-05-13 04:00:00
73704185-086a-4f7d-a53b-488f701ffb67,418,2023-11-04 00:00:00,14,3465.0,111,415.8,0.0,confirmed,2023-11-24 00:00:00,2023-11-03 18:00:00
3c37ea2c-45c2-4ad0-a7ae-dd47a264a3d7,339,2023-12-02 00:00:00,8,1408.0,53,168.96,0.0,confirmed,2024-01-29 00:00:00,2023-12-01 05:00:00
28060a34-ed21-405e-b00d-526d3ae8f8a5,345,2024-07-11 00:00:00,12,1980.0,77,237.6,198.0,cancelled,2024-08-06 00:00:00,2024-07-10 07:00:00
2af9254d-a21f-4331-b4c8-734bd37a2a7b,52,2023-11-09 00:00:00,3,313.5,62,37.62,0.0,confirmed,2023-12-11 00:00:00,2023-11-08 19:00:00
fbebfb79-dc02-4c5a-9b36-2d33be93d85c,250,2023-09-03 00:00:00,12,3072.0,59,368.64,0.0,confirmed,2023-11-24 00:00:00,2023-09-02 05:00:00
6daf85fc-51d5-4857-8688-b24a6b504131,297,2024-04-10 00:00:00,6,684.0,96,82.08,0.0,confirmed,2024-05-04 00:00:00,2024-04-09 08:00:00
bb0aa4e4-7b8b-49d0-9787-8d328bfe2bb3,491,2023-04-09 00:00:00,12,2592.0,81,311.04,0.0,confirmed,2023-05-12 00:00:00,2023-04-08 07:00:00
541fc375-1319-45c7-8f48-06e39e04ab7a,218,2024-01-03 00:00:00,11,1870.0,45,224.4,0.0,confirmed,2024-03-18 00:00:00,2024-01-02 15:00:00
d5911a76-c4bb-429f-b765-b03d0f8fed1e,96,2023-12-29 00:00:00,6,756.0,79,90.72,0.0,confirmed,2024-01-09 00:00:00,2023-12-28 05:00:00
8be54186-a3a3-472d-9a64-dd1e9f6c33e7,48,2023-07-28 00:00:00,7,365.75,142,43.89,0.0,confirmed,2023-09-21 00:00:00,2023-07-27 22:00:00
00fb203f-e43e-46b2-ab93-dc98a9995524,326,2024-07-08 00:00:00,8,2232.0,56,267.84,0.0,confirmed,2024-08-30 00:00:00,2024-07-07 17:00:00
54568452-832d-4d84-b656-ffc0a69c4e9f,477,2023-10-14 00:00:00,6,1554.0,101,186.48,155.4,cancelled,2024-03-11 00:00:00,2023-10-13 06:00:00
9dbac497-44c5-46ee-983a-b263a5802bc2,357,2024-04-09 00:00:00,12,1485.0,141,178.2,0.0,confirmed,2024-09-17 00:00:00,2024-04-08 18:00:00
49735afd-1242-4b10-b7db-aeb7374db943,180,2024-06-02 00:00:00,10,1045.0,54,125.4,0.0,confirmed,2024-09-25 00:00:00,2024-06-01 17:00:00
f2bbfdb1-a569-4bcf-a95c-b46eaedb5a16,101,2024-01-26 00:00:00,5,1870.0,100,224.4,0.0,confirmed,2024-02-10 00:00:00,2024-01-25 22:00:00
b693522f-581a-4fd2-8753-62e365ca68e9,414,2024-03-22 00:00:00,8,1920.0,60,230.4,0.0,confirmed,2024-09-17 00:00:00,2024-03-21 20:00:00
8bcc106b-88cd-4332-b7a2-9f1164817950,181,2023-09-12 00:00:00,4,840.0,121,100.8,0.0,confirmed,2024-02-16 00:00:00,2023-09-11 17:00:00
c5873cb1-289c-4180-9dea-bec0d7ca3478,470,2024-02-06 00:00:00,10,1330.0,58,159.6,133.0,cancelled,2024-05-27 00:00:00,2024-02-05 05:00:00
fc54f9f3-1b10-4772-9bfa-f983cd3481e8,293,2024-01-28 00:00:00,4,759.0,72,91.08,0.0,confirmed,2024-03-22 00:00:00,2024-01-27 00:00:00
ec1f56dd-9a54-40be-9886-8cc4acea1f47,28,2023-07-24 00:00:00,12,912.0,83,109.44,91.2,cancelled,2023-12-24 00:00:00,2023-07-23 20:00:00
a4381153-d504-4195-94ec-2ec9d0660fa3,324,2023-08-16 00:00:00,5,750.0,115,90.0,0.0,confirmed,2023-11-04 00:00:00,2023-08-15 18:00:00
111272e3-e687-4e7c-a537-f73e466b500c,156,2024-03-07 00:00:00,13,5824.0,125,698.88,582.4,cancelled,2024-03-30 00:00:00,2024-03-06 18:00:00
7bb5a680-5d02-4c56-9f41-87504942756f,352,2023-06-15 00:00:00,5,960.0,132,115.2,96.0,cancelled,2023-07-16 00:00:00,2023-06-14 06:00:00
535cf387-00f7-433c-8c9f-21ae7af6dc25,40,2024-05-19 00:00:00,13,2860.0,126,343.2,286.0,cancelled,2024-05-24 00:00:00,2024-05-18 09:00:00
8cec3173-8415-46ba-815b-d99b9856c578,491,2023-05-28 00:00:00,9,1944.0,124,233.28,0.0,confirmed,2023-07-27 00:00:00,2023-05-27 08:00:00
c936ba03-85b6-42f3-911b-dc26a4a7877b,184,2023-08-31 00:00:00,4,660.0,110,79.2,0.0,confirmed,2023-09-09 00:00:00,2023-08-30 08:00:00
52b6b471-fbbd-4d7c-b0ba-7a8614243cbe,5,2023-06-21 00:00:00,11,770.0,76,92.4,0.0,confirmed,2023-07-04 00:00:00,2023-06-20 23:00:00
36c821cd-a541-4887-9d8a-ced201544574,404,2023-10-19 00:00:00,10,850.0,65,102.0,0.0,confirmed,2024-02-16 00:00:00,2023-10-18 01:00:00
5c78f5d5-8afe-4f24-a0e6-0d4b24044f8f,194,2024-01-05 00:00:00,2,429.0,112,51.48,0.0,confirmed,2024-06-13 00:00:00,2024-01-04 23:00:00
f3ab4bae-4c38-42db-ba28-c61b7f6d84a2,316,2024-01-20 00:00:00,7,1904.0,127,228.48,0.0,confirmed,2024-02-24 00:00:00,2024-01-19 03:00:00
286cb327-a017-450a-a448-a4a234d89088,201,2024-01-10 00:00:00,13,1179.75,53,141.57,0.0,confirmed,2024-04-02 00:00:00,2024-01-09 03:00:00
192f6b46-bb76-45b1-bd0a-06ab4399f784,73,2024-04-18 00:00:00,11,836.0,116,100.32,0.0,confirmed,2024-07-26 00:00:00,2024-04-17 22:00:00
37522733-3964-4224-9291-9da7ad600956,218,2023-12-23 00:00:00,11,1870.0,61,224.4,0.0,confirmed,2024-04-29 00:00:00,2023-12-22 02:00:00
40520eef-5d6d-4152-a47a-391ec7f123e6,59,2023-11-06 00:00:00,2,341.0,128,40.92,0.0,confirmed,2024-01-21 00:00:00,2023-11-05 17:00:00
4d0e1dbf-9ad6-4ef2-99f3-5260fe5a204b,41,2024-06-13 00:00:00,14,4032.0,63,483.84,403.2,cancelled,2024-09-27 00:00:00,2024-06-12 01:00:00
4e8c7f71-1991-4475-be10-8c51eff37ceb,303,2024-01-15 00:00:00,14,5824.0,105,698.88,0.0,confirmed,2024-03-05 00:00:00,2024-01-14 22:00:00
f013de9a-8014-4439-8683-5c8b029cf71f,154,2024-02-19 00:00:00,10,4042.5,99,485.1,0.0,confirmed,2024-05-09 00:00:00,2024-02-18 23:00:00
31972bdd-f6f7-4f25-b9ee-c8bbe6a78315,303,2024-04-15 00:00:00,13,5408.0,68,648.96,0.0,confirmed,2024-07-18 00:00:00,2024-04-14 03:00:00
af970640-40cf-4f62-837d-078fb938bfd7,152,2024-01-14 00:00:00,14,3059.0,116,367.08,305.9,cancelled,2024-06-17 00:00:00,2024-01-13 23:00:00
2dcca62c-1c71-41b2-b78e-591ab99185b4,354,2023-04-17 00:00:00,14,4480.0,56,537.6,448.0,cancelled,2023-05-06 00:00:00,2023-04-16 10:00:00
b21dc0e4-c757-4f3d-a072-43a7630e62ac,56,2023-12-24 00:00:00,6,2574.0,62,308.88,0.0,confirmed,2024-03-30 00:00:00,2023-12-23 01:00:00
b508d80c-f88e-48c9-a85f-a9409c9d8721,343,2023-10-07 00:00:00,8,902.0,120,108.24,0.0,confirmed,2023-11-15 00:00:00,2023-10-06 15:00:00
02b346f0-a6f2-44b1-b186-70a2bad6e35c,63,2024-01-14 00:00:00,7,2940.0,92,352.8,0.0,confirmed,2024-04-11 00:00:00,2024-01-13 19:00:00
9b01fb17-beb1-4c34-ae97-0dcb64884327,463,2024-02-02 00:00:00,3,630.0,81,75.6,0.0,confirmed,2024-05-01 00:00:00,2024-02-01 05:00:00
985f5b4d-14b0-4a8c-b55d-be495209b3cf,428,2024-03-23 00:00:00,2,287.0,63,34.44,0.0,confirmed,2024-05-13 00:00:00,2024-03-22 11:00:00
e784f433-b52b-4221-8747-faa44f4cc22d,268,2023-12-25 00:00:00,10,4960.0,55,595.2,0.0,confirmed,2024-01-03 00:00:00,2023-12-24 16:00:00
8caa3806-4b6c-462c-8b8c-9b77317f3f02,464,2024-03-15 00:00:00,5,1017.5,113,122.1,0.0,confirmed,2024-09-01 00:00:00,2024-03-14 10:00:00
55c4822c-532d-40f6-9838-f8cfed9449ec,347,2024-04-09 00:00:00,6,660.0,142,79.2,66.0,cancelled,2024-08-22 00:00:00,2024-04-08 16:00:00
a9beae80-d65b-401f-8b2e-2e68c160fde0,36,2023-07-03 00:00:00,1,77.0,64,9.24,0.0,confirmed,2023-09-11 00:00:00,2023-07-02 03:00:00
116f34eb-651c-4ef3-96b3-d7e9a6225c3a,306,2023-03-06 00:00:00,6,1023.0,75,122.76,0.0,confirmed,2023-08-26 00:00:00,2023-03-05 18:00:00
43eaa318-f92f-4177-8bb3-c58612de92aa,354,2023-07-22 00:00:00,8,2560.0,130,307.2,256.0,cancelled,2023-11-21 00:00:00,2023-07-21 16:00:00
5e94b36e-7cf2-4e71-9573-2e422a18930e,146,2023-12-26 00:00:00,4,260.0,76,31.2,0.0,confirmed,2024-02-29 00:00:00,2023-12-25 01:00:00
6f500b6a-a66f-4f3e-ac3a-d8909b53e554,419,2023-10-25 00:00:00,2,286.0,142,34.32,28.6,cancelled,2024-03-31 00:00:00,2023-10-24 17:00:00
00cb1b1b-437b-4ec9-8673-f8eacd5bb201,327,2023-04-15 00:00:00,11,5148.0,126,617.76,0.0,confirmed,2023-09-19 00:00:00,2023-04-14 16:00:00
c02bc324-c2f9-4fd0-a263-ed5fb7c5eded,276,2023-07-01 00:00:00,4,2254.0,100,270.48,0.0,confirmed,2023-11-18 00:00:00,2023-06-30 10:00:00
007940b7-0f03-4151-840d-976ae9eeb157,8,2024-06-20 00:00:00,14,981.68,142,117.8,0.0,confirmed,2024-10-20 00:00:00,2024-06-19 10:00:00
bfcae47e-a847-4b11-b08d-d0033628b4e5,359,2024-09-16 00:00:00,11,1848.0,114,221.76,0.0,confirmed,2024-11-21 00:00:00,2024-09-15 07:00:00
94058fef-65c3-4747-a9cd-6ac56203619e,32,2023-06-06 00:00:00,4,896.0,149,107.52,0.0,confirmed,2023-09-22 00:00:00,2023-06-05 22:00:00
4a5032ed-fc68-4e7b-85e6-78eaafaba2c3,245,2024-03-16 00:00:00,14,1680.0,100,201.6,0.0,confirmed,2024-08-11 00:00:00,2024-03-15 07:00:00
3e29e998-03ab-4ae4-b056-da3d5d5cfc84,221,2024-02-09 00:00:00,10,5760.0,129,691.2,576.0,cancelled,2024-06-26 00:00:00,2024-02-08 11:00:00
6721d4dd-7a47-4450-8324-3776e4e6a528,139,2023-11-03 00:00:00,12,1020.0,111,122.4,0.0,confirmed,2024-04-07 00:00:00,2023-11-02 19:00:00
63a9c158-d2c9-484f-a2bf-7b8947f819af,2,2024-03-14 00:00:00,6,1287.0,95,154.44,128.7,cancelled,2024-08-24 00:00:00,2024-03-13 02:00:00
67797d35-b3aa-4784-8326-c1fae35301e4,265,2023-10-09 00:00:00,12,2856.0,52,342.72,285.6,cancelled,2024-03-30 00:00:00,2023-10-08 08:00:00
23d7dc2a-2faa-4e19-ab5f-e75db98db300,260,2023-12-19 00:00:00,10,1330.0,90,159.6,0.0,confirmed,2024-03-29 00:00:00,2023-12-18 05:00:00
7c258dcc-e277-4ca4-8aab-5f9edf427808,81,2023-11-26 00:00:00,3,264.0,136,31.68,26.4,cancelled,2024-02-17 00:00:00,2023-11-25 17:00:00
c9dc0286-f61f-47d5-a6d5-7ff51a352243,175,2023-09-13 00:00:00,3,519.75,40,62.37,0.0,confirmed,2024-02-04 00:00:00,2023-09-12 13:00:00
8cb54eeb-13e5-4036-b8c3-b77f57421597,361,2024-01-07 00:00:00,14,2240.0,122,268.8,0.0,confirmed,2024-02-28 00:00:00,2024-01-06 08:00:00
c0660f19-e7d7-4687-a0be-82fd4ee64dcf,408,2023-07-12 00:00:00,9,1080.0,129,129.6,0.0,confirmed,2023-12-01 00:00:00,2023-07-11 03:00:00
73177266-ce4d-4d48-b3ac-91b78579810f,40,2023-12-15 00:00:00,9,1980.0,100,237.6,0.0,confirmed,2024-03-08 00:00:00,2023-12-14 06:00:00
fadd79ab-3531-4c36-908c-be074b149323,181,2023-10-09 00:00:00,8,1680.0,46,201.6,0.0,confirmed,2024-04-04 00:00:00,2023-10-08 00:00:00
acb6d997-0ff9-4d7e-895e-fa5973b20ff3,257,2024-03-05 00:00:00,8,800.0,51,96.0,0.0,confirmed,2024-06-26 00:00:00,2024-03-04 01:00:00
ef5cc35f-3194-4113-ab4f-c9b7f040779c,13,2024-01-26 00:00:00,13,2652.0,42,318.24,0.0,confirmed,2024-03-23 00:00:00,2024-01-25 03:00:00
caaa0682-625c-4942-8533-14dc63a45014,382,2024-09-23 00:00:00,9,2898.0,40,347.76,289.8,cancelled,2025-03-08 00:00:00,2024-09-22 17:00:00
00837b71-9216-43a1-ab9a-823f68f6e682,400,2023-06-21 00:00:00,11,1149.5,118,137.94,0.0,confirmed,2023-11-14 00:00:00,2023-06-20 16:00:00
3aee2247-40e4-48ee-91cb-6ae44ee669fc,329,2023-10-21 00:00:00,13,1768.0,143,212.16,176.8,cancelled,2024-03-27 00:00:00,2023-10-20 06:00:00
9a896620-dcdb-4f93-81ef-1a34a51d391d,337,2024-05-20 00:00:00,14,1260.0,128,151.2,0.0,confirmed,2024-10-29 00:00:00,2024-05-19 18:00:00
df4ae56e-a92c-456b-b399-0091a35961e4,118,2024-01-19 00:00:00,7,1618.75,124,194.25,0.0,confirmed,2024-03-20 00:00:00,2024-01-18 09:00:00
0c85cb32-fd15-4761-b645-c99e5dcc2641,230,2023-08-10 00:00:00,7,3780.0,47,453.6,0.0,confirmed,2023-12-09 00:00:00,2023-08-09 02:00:00
e1347927-f603-41d1-8d9f-afa81345cca3,107,2024-06-26 00:00:00,5,825.0,68,99.0,82.5,cancelled,2024-11-12 00:00:00,2024-06-25 15:00:00
155b431a-5782-45ea-bf00-dda37911b24d,287,2023-08-27 00:00:00,7,1435.0,150,172.2,0.0,confirmed,2024-02-19 00:00:00,2023-08-26 11:00:00
82a779ac-e9cb-46f7-bb24-f90fa7f5804c,432,2023-08-16 00:00:00,9,1386.0,58,166.32,0.0,confirmed,2023-09-09 00:00:00,2023-08-15 20:00:00
16847aad-db44-4b18-b69c-9fc453c947d5,406,2024-02-09 00:00:00,3,264.0,110,31.68,0.0,confirmed,2024-07-08 00:00:00,2024-02-08 19:00:00
a2301013-829d-48a8-a515-3a6f9ac1eddd,403,2024-04-07 00:00:00,4,1360.0,45,163.2,0.0,confirmed,2024-04-21 00:00:00,2024-04-06 20:00:00
a901b5c7-9831-47e4-adde-e86775e413b9,47,2024-06-01 00:00:00,5,665.0,143,79.8,66.5,cancelled,2024-09-11 00:00:00,2024-05-31 04:00:00
a5b058ea-58cc-4244-9748-5f5175430295,231,2024-01-04 00:00:00,10,880.0,41,105.6,0.0,confirmed,2024-06-14 00:00:00,2024-01-03 05:00:00
b9ba57c6-ed00-4edc-bfef-61d062c16eb8,352,2023-10-12 00:00:00,3,576.0,77,69.12,0.0,confirmed,2023-11-06 00:00:00,2023-10-11 23:00:00
26d05629-d8a4-4ca8-bdbf-f61b27f16826,374,2024-03-17 00:00:00,10,935.0,105,112.2,0.0,confirmed,2024-07-04 00:00:00,2024-03-16 02:00:00
b6e9300f-9782-4c2b-9b49-ca6a1d992fd7,408,2023-12-01 00:00:00,3,360.0,83,43.2,0.0,confirmed,2023-12-13 00:00:00,2023-11-30 16:00:00
1568104a-cfd3-4115-8d7a-bcdfe31577d5,237,2023-09-09 00:00:00,10,1852.5,45,222.3,0.0,confirmed,2023-09-27 00:00:00,2023-09-08 05:00:00
15a95ce2-cd64-4862-a3be-af303b9e8ebf,113,2023-06-15 00:00:00,2,370.5,90,44.46,0.0,confirmed,2023-12-08 00:00:00,2023-06-14 14:00:00
d7490602-6270-4d3b-9c72-2fd461c092ab,91,2024-04-13 00:00:00,13,750.75,96,90.09,0.0,confirmed,2024-05-09 00:00:00,2024-04-12 13:00:00
0d5c0e73-5f8f-4238-82de-30b99f46c9fe,101,2024-02-12 00:00:00,1,374.0,68,44.88,0.0,confirmed,2024-05-17 00:00:00,2024-02-11 08:00:00
e62d040a-dbe1-4599-a4f9-690977d35ad2,75,2023-08-18 00:00:00,6,684.0,122,82.08,0.0,confirmed,2023-09-09 00:00:00,2023-08-17 04:00:00
49307278-b6f3-40e9-8465-7a1175c57bda,372,2024-01-26 00:00:00,12,2688.0,47,322.56,268.8,cancelled,2024-04-20 00:00:00,2024-01-25 19:00:00
de4b067f-7b1d-411c-905f-88185786dd57,495,2023-05-20 00:00:00,13,1732.25,116,207.87,0.0,confirmed,2023-10-08 00:00:00,2023-05-19 11:00:00
56c065dd-6689-4f77-b9b7-ef87a4794874,156,2023-12-17 00:00:00,14,6272.0,70,752.64,0.0,confirmed,2024-01-24 00:00:00,2023-12-16 18:00:00
755311bf-dd15-426c-a763-2fdcba760f92,389,2024-02-13 00:00:00,14,4662.0,73,559.44,0.0,confirmed,2024-03-27 00:00:00,2024-02-12 05:00:00
f162755c-2d3d-4aa4-b71a-dcac213b999f,368,2023-06-14 00:00:00,7,1155.0,65,138.6,0.0,confirmed,2023-11-07 00:00:00,2023-06-13 06:00:00
f37976fc-45db-4c9c-94d2-b7c996d27ddf,268,2023-12-23 00:00:00,11,5456.0,104,654.72,0.0,confirmed,2024-04-03 00:00:00,2023-12-22 03:00:00
9a76f2c9-dea0-46a6-bbaf-ef75b9adf9d6,491,2023-09-14 00:00:00,11,2376.0,124,285.12,0.0,confirmed,2023-11-02 00:00:00,2023-09-13 13:00:00
26bfb7e8-dd53-464c-9920-f399b1862c47,348,2024-05-25 00:00:00,8,1984.0,82,238.08,0.0,confirmed,2024-09-06 00:00:00,2024-05-24 05:00:00
c604248b-953f-4d80-9454-e33dcb854def,345,2024-04-04 00:00:00,11,1815.0,129,217.8,0.0,confirmed,2024-05-03 00:00:00,2024-04-03 16:00:00
84cb7bd2-e347-4efb-ae14-794578616317,463,2023-10-21 00:00:00,3,630.0,58,75.6,0.0,confirmed,2023-12-02 00:00:00,2023-10-20 15:00:00
e1bce370-e8bd-449d-b6e8-d046aafdacdc,409,2024-04-04 00:00:00,10,1430.0,121,171.6,0.0,confirmed,2024-07-13 00:00:00,2024-04-03 18:00:00
8dc02276-da52-4547-9f28-c9cfd9c873e3,464,2024-05-08 00:00:00,14,2849.0,116,341.88,284.9,cancelled,2024-06-25 00:00:00,2024-05-07 07:00:00
64eaa7e4-0b9c-4645-b4b5-03dd842120f3,178,2023-07-21 00:00:00,2,1344.0,89,161.28,134.4,cancelled,2023-12-15 00:00:00,2023-07-20 20:00:00
5d7e88dc-47d4-41a2-a2f8-6c7593c419eb,94,2023-08-31 00:00:00,10,1680.0,110,201.6,168.0,cancelled,2023-12-15 00:00:00,2023-08-30 12:00:00
e894dc4a-d994-47d3-b75a-27cfd9b62539,67,2024-07-09 00:00:00,12,2016.0,92,241.92,201.6,cancelled,2024-11-11 00:00:00,2024-07-08 22:00:00
d9f3ff1f-2799-4bb7-bea8-be9e693a3dfe,391,2024-06-11 00:00:00,4,816.0,145,97.92,0.0,confirmed,2024-06-25 00:00:00,2024-06-10 14:00:00
6a7b86eb-18cd-4248-9512-c8b147a3160d,29,2023-12-18 00:00:00,1,292.5,43,35.1,0.0,confirmed,2024-05-08 00:00:00,2023-12-17 15:00:00
77cfa171-1036-42cf-a86e-39a315e86e03,106,2024-02-15 00:00:00,6,484.5,74,58.14,48.45,cancelled,2024-05-26 00:00:00,2024-02-14 19:00:00
d1907808-4791-484f-b5ce-3e547076af43,148,2023-01-18 00:00:00,10,4042.5,86,485.1,0.0,confirmed,2023-02-19 00:00:00,2023-01-17 19:00:00
011372b6-ca9d-4948-9f5b-91909cc900e0,482,2023-11-23 00:00:00,4,323.0,120,38.76,32.3,cancelled,2024-04-02 00:00:00,2023-11-22 04:00:00
60b2aa84-61b9-4a97-89e4-4cbe238f0306,145,2023-07-13 00:00:00,7,1230.25,43,147.63,0.0,confirmed,2023-07-30 00:00:00,2023-07-12 23:00:00
58701945-f4da-4533-93da-08a2018ff8aa,298,2023-09-10 00:00:00,8,1178.0,56,141.36,0.0,confirmed,2024-01-26 00:00:00,2023-09-09 15:00:00
b83a3648-76cd-4408-aea9-75bc9723a13f,141,2023-09-09 00:00:00,11,3168.0,66,380.16,0.0,confirmed,2023-11-22 00:00:00,2023-09-08 19:00:00
1c05ac98-15c4-4753-af0a-92f19a9bc3d8,212,2024-01-11 00:00:00,6,513.0,56,61.56,0.0,confirmed,2024-06-26 00:00:00,2024-01-10 03:00:00
2a2d9514-5b53-496b-84ef-fc5b37cb75c4,449,2024-08-17 00:00:00,13,1852.5,51,222.3,185.25,cancelled,2024-10-11 00:00:00,2024-08-16 23:00:00
ef876566-139b-44fa-a7ce-106ca0de8642,85,2024-08-24 00:00:00,10,910.0,131,109.2,91.0,cancelled,2024-12-03 00:00:00,2024-08-23 23:00:00
92657aed-67c7-4ea0-aa67-db2844c7ea0e,232,2023-10-05 00:00:00,5,760.0,92,91.2,76.0,cancelled,2024-01-23 00:00:00,2023-10-04 21:00:00
d1e7a277-6799-46e2-b85f-9e38e49eff99,131,2024-03-28 00:00:00,3,433.14,74,51.98,43.31,cancelled,2024-06-24 00:00:00,2024-03-27 09:00:00
f94cf5bd-bafa-4004-b4cc-649f0fa30ff6,167,2023-12-23 00:00:00,12,1732.56,111,207.91,173.26,cancelled,2024-06-14 00:00:00,2023-12-22 04:00:00
4447d252-39b2-453f-8496-51992318bdd3,394,2023-12-24 00:00:00,7,833.0,59,99.96,0.0,confirmed,2024-06-04 00:00:00,2023-12-23 09:00:00
64066cb2-2948-434a-b7fd-225e17e5ba31,41,2024-07-18 00:00:00,4,1152.0,118,138.24,0.0,confirmed,2024-12-03 00:00:00,2024-07-17 00:00:00
000d3b76-09ef-461b-b03d-7c3fad521688,127,2023-08-16 00:00:00,1,100.0,101,12.0,10.0,cancelled,2023-08-25 00:00:00,2023-08-15 11:00:00
6ca92a42-a496-4d54-bb8a-b5a6eaa62577,464,2024-05-10 00:00:00,13,2645.5,122,317.46,0.0,confirmed,2024-05-18 00:00:00,2024-05-09 13:00:00
459b3316-9880-4093-8c31-a9843259ab33,434,2023-06-26 00:00:00,7,1848.0,48,221.76,0.0,confirmed,2023-08-02 00:00:00,2023-06-25 08:00:00
92256da6-a4b2-47c7-8f51-f4acfb022b53,293,2023-10-17 00:00:00,3,569.25,75,68.31,0.0,confirmed,2023-11-05 00:00:00,2023-10-16 03:00:00
999defcf-6bfe-4591-a002-58ce2f15cef5,472,2023-10-16 00:00:00,8,960.0,111,115.2,96.0,cancelled,2023-10-20 00:00:00,2023-10-15 20:00:00
01dfd50d-f3b6-4533-a151-3de611d67fe7,360,2024-07-01 00:00:00,8,1008.0,80,120.96,0.0,confirmed,2024-07-30 00:00:00,2024-06-30 11:00:00
03e24687-5e53-42f4-940a-1b43d82c1954,141,2023-06-06 00:00:00,13,3744.0,60,449.28,0.0,confirmed,2023-08-16 00:00:00,2023-06-05 13:00:00
309cb121-43dc-44fd-966a-41d23298fbbf,183,2024-04-29 00:00:00,1,115.5,81,13.86,11.55,cancelled,2024-10-19 00:00:00,2024-04-28 13:00:00
9c698378-0952-4462-88f3-e4392a3a4170,299,2023-09-05 00:00:00,2,110.0,131,13.2,0.0,confirmed,2024-02-02 00:00:00,2023-09-04 19:00:00
b91cd6aa-a335-4588-a3f5-0a7bf5c889fa,288,2024-04-20 00:00:00,5,877.5,131,105.3,0.0,confirmed,2024-05-19 00:00:00,2024-04-19 07:00:00
02bb3f03-e390-400f-84c9-925d89ff88ed,192,2023-11-13 00:00:00,12,2856.0,106,342.72,0.0,confirmed,2024-01-07 00:00:00,2023-11-12 09:00:00
e6caacdb-50d0-47f7-b116-86a6f9b049b7,382,2024-01-05 00:00:00,10,3220.0,57,386.4,0.0,confirmed,2024-03-11 00:00:00,2024-01-04 07:00:00
030a2f9f-23d7-457a-b116-43958bf65625,418,2024-05-18 00:00:00,11,2722.5,139,326.7,272.25,cancelled,2024-08-27 00:00:00,2024-05-17 15:00:00
41f829cd-3776-4701-a5de-ca3518043978,136,2023-11-06 00:00:00,5,400.0,73,48.0,40.0,cancelled,2023-11-28 00:00:00,2023-11-05 01:00:00
2c755998-a544-4076-aa5e-839170d72ec1,51,2024-07-04 00:00:00,7,2912.0,68,349.44,0.0,confirmed,2024-07-18 00:00:00,2024-07-03 11:00:00
7478f2bd-32a5-401c-9a1f-d7cc166f3bb0,215,2024-07-20 00:00:00,2,429.0,116,51.48,0.0,confirmed,2024-09-16 00:00:00,2024-07-19 10:00:00
d037a51d-f48a-4bc8-8413-effa5abe6460,3,2024-04-19 00:00:00,9,2304.0,74,276.48,0.0,confirmed,2024-06-08 00:00:00,2024-04-18 05:00:00
d69ab844-9e79-4d09-be0e-00917bc30ea5,92,2024-04-10 00:00:00,14,4704.0,61,564.48,0.0,confirmed,2024-08-07 00:00:00,2024-04-09 03:00:00
8edc7515-8028-4ea0-881d-37a31e905075,327,2023-06-08 00:00:00,4,1872.0,116,224.64,0.0,confirmed,2023-08-02 00:00:00,2023-06-07 22:00:00
89169bd9-9a98-4c06-983e-013925a46480,97,2023-12-15 00:00:00,4,1020.0,120,122.4,0.0,confirmed,2024-05-02 00:00:00,2023-12-14 21:00:00
9ea6ee7c-6067-4ed0-8509-83f7bc6b6e23,371,2023-12-08 00:00:00,6,960.0,101,115.2,0.0,confirmed,2024-01-31 00:00:00,2023-12-07 00:00:00
ca1ac01d-dc29-40c3-ad3d-8b08f57933a4,319,2024-05-26 00:00:00,6,2511.0,76,301.32,0.0,confirmed,2024-07-10 00:00:00,2024-05-25 11:00:00
5d00527b-121e-4bb4-a607-22f0853c6046,87,2024-06-29 00:00:00,12,1056.0,120,126.72,0.0,confirmed,2024-08-16 00:00:00,2024-06-28 16:00:00
43397de7-8e0c-46f9-9522-d7144f519b1f,19,2023-11-14 00:00:00,6,1230.0,94,147.6,0.0,confirmed,2024-01-07 00:00:00,2023-11-13 07:00:00
28daeb61-e7ab-4c23-b51e-ccb27ea0c6cf,359,2024-03-24 00:00:00,1,168.0,57,20.16,16.8,cancelled,2024-06-07 00:00:00,2024-03-23 01:00:00
a812abbe-4e45-4946-b0ba-84fdf6e37909,377,2023-06-02 00:00:00,1,498.75,90,59.85,0.0,confirmed,2023-07-19 00:00:00,2023-06-01 12:00:00
d5aee1b1-6a96-4849-9dd4-d5465d5095ed,433,2024-04-27 00:00:00,5,700.0,101,84.0,0.0,confirmed,2024-05-11 00:00:00,2024-04-26 20:00:00
0a3af3c7-fab2-4259-87f6-2a9d11a64af0,96,2023-04-30 00:00:00,2,252.0,134,30.24,0.0,confirmed,2023-10-13 00:00:00,2023-04-29 16:00:00
a13a3aa3-aec5-471c-8022-3a949e7ccbd9,185,2024-02-02 00:00:00,5,226.9,86,27.23,22.69,cancelled,2024-05-15 00:00:00,2024-02-01 06:00:00
5a135e3c-84e5-46cf-aa82-92ba04f3bb2d,397,2024-01-01 00:00:00,6,2208.0,40,264.96,0.0,confirmed,2024-01-26 00:00:00,2023-12-31 03:00:00
c67dea46-a96c-459c-9fdb-2f507c7fce34,52,2024-02-02 00:00:00,5,522.5,127,62.7,0.0,confirmed,2024-02-05 00:00:00,2024-02-01 19:00:00
d7a29d3b-6036-4ae8-bc5f-f997b9ba1841,493,2024-01-14 00:00:00,10,3080.0,144,369.6,0.0,confirmed,2024-04-05 00:00:00,2024-01-13 13:00:00
b5f4f714-e7b6-4425-a338-74f6b460c7a5,170,2023-09-21 00:00:00,9,2880.0,112,345.6,288.0,cancelled,2023-12-31 00:00:00,2023-09-20 22:00:00
e85a7084-2737-4f45-ac64-380deaad52d7,177,2023-02-19 00:00:00,14,1386.0,75,166.32,0.0,confirmed,2023-07-12 00:00:00,2023-02-18 12:00:00
a259c39b-4d6f-476e-afa5-52b666eda852,10,2023-11-28 00:00:00,11,2816.0,78,337.92,281.6,cancelled,2024-04-15 00:00:00,2023-11-27 08:00:00
50bb0f22-be32-4390-8ee6-392586ca3f33,436,2024-01-23 00:00:00,2,518.0,143,62.16,0.0,confirmed,2024-07-05 00:00:00,2024-01-22 08:00:00
d65e853a-00b3-456c-95eb-4b34e8c34266,88,2023-07-23 00:00:00,1,80.0,112,9.6,8.0,cancelled,2023-12-24 00:00:00,2023-07-22 23:00:00
7987bb45-ce3c-486c-9ae4-e06aad4ad1f3,310,2024-02-12 00:00:00,10,990.0,70,118.8,99.0,cancelled,2024-06-23 00:00:00,2024-02-11 17:00:00
aa0a8b8b-26fe-4ccf-9d76-8780c1b46af0,37,2023-12-28 00:00:00,1,420.0,100,50.4,42.0,cancelled,2024-04-18 00:00:00,2023-12-27 14:00:00
9dbb2bd6-c61d-4cb7-acf7-6d5c74b9db4c,161,2023-06-04 00:00:00,10,850.0,49,102.0,0.0,confirmed,2023-09-15 00:00:00,2023-06-03 09:00:00
2858d4c5-54eb-4309-9879-79590273f90a,96,2023-07-11 00:00:00,3,378.0,138,45.36,37.8,cancelled,2023-07-29 00:00:00,2023-07-10 03:00:00
efefe8a9-6dd5-41fe-a2c8-0aea7658acb3,266,2024-01-12 00:00:00,8,1792.0,88,215.04,0.0,confirmed,2024-01-25 00:00:00,2024-01-11 20:00:00
7b167322-8b6f-4847-b935-5be978c9267a,406,2023-11-30 00:00:00,10,880.0,123,105.6,0.0,confirmed,2024-03-26 00:00:00,2023-11-29 22:00:00
dd25ce89-5430-4132-9033-51cb1181a36b,43,2023-03-30 00:00:00,8,2640.0,75,316.8,0.0,confirmed,2023-04-24 00:00:00,2023-03-29 11:00:00
6d5819ce-f301-4d43-964b-a3ec4f157533,163,2023-07-15 00:00:00,2,828.0,99,99.36,0.0,confirmed,2023-08-14 00:00:00,2023-07-14 15:00:00
b435d935-1ee8-4bb3-b49f-264ca7fce81d,238,2023-11-05 00:00:00,3,735.0,73,88.2,73.5,cancelled,2024-04-25 00:00:00,2023-11-04 09:00:00
5afcce06-bf17-46a6-b522-dc3d6f3bb300,399,2023-06-27 00:00:00,1,165.0,126,19.8,0.0,confirmed,2023-11-28 00:00:00,2023-06-26 17:00:00
64217cc7-0603-4ad4-88c8-73d80686ba77,358,2023-11-29 00:00:00,2,612.0,129,73.44,0.0,confirmed,2024-03-31 00:00:00,2023-11-28 02:00:00
ff8222c4-a197-4e10-98a2-f78a87d5dbc9,195,2024-03-03 00:00:00,8,2184.0,82,262.08,0.0,confirmed,2024-06-02 00:00:00,2024-03-02 21:00:00
0b495fb3-66dc-4536-883f-2a4af971da21,133,2023-12-05 00:00:00,3,586.5,121,70.38,0.0,confirmed,2024-02-09 00:00:00,2023-12-04 21:00:00
3ab212b3-fef5-4469-ae77-4c57742df12e,155,2023-04-15 00:00:00,5,495.0,83,59.4,0.0,confirmed,2023-07-09 00:00:00,2023-04-14 12:00:00
922614e7-361c-45cf-bc01-e308742696df,130,2023-05-31 00:00:00,5,721.9,145,86.63,72.19,cancelled,2023-09-28 00:00:00,2023-05-30 19:00:00
53b93daa-6c66-449f-93bc-65e9a758a57c,156,2024-08-21 00:00:00,3,1344.0,64,161.28,0.0,confirmed,2025-01-25 00:00:00,2024-08-20 00:00:00
ef480296-6a77-4471-b898-53f61bbbba43,459,2023-11-09 00:00:00,8,2976.0,124,357.12,297.6,cancelled,2023-11-26 00:00:00,2023-11-08 07:00:00
d7c5b871-1a32-4c96-9e81-2cee4eb54af7,466,2024-02-02 00:00:00,5,1092.5,109,131.1,109.25,cancelled,2024-07-27 00:00:00,2024-02-01 10:00:00
6b3a1b37-9811-42fd-9f29-17b417610edf,277,2024-02-15 00:00:00,12,1920.0,93,230.4,0.0,confirmed,2024-05-30 00:00:00,2024-02-14 07:00:00
4ddcbf08-8f8a-4334-b8fa-4b971c12860d,174,2023-06-23 00:00:00,10,2850.0,93,342.0,285.0,cancelled,2023-09-24 00:00:00,2023-06-22 23:00:00
665c5ef3-5d26-49b5-86b9-ecdcdc4a18a7,489,2024-06-19 00:00:00,12,3762.0,76,451.44,0.0,confirmed,2024-07-17 00:00:00,2024-06-18 06:00:00
3b134d81-e2da-4dc7-ab64-f19da648a99b,24,2023-11-10 00:00:00,4,504.0,44,60.48,50.4,cancelled,2024-04-29 00:00:00,2023-11-09 05:00:00
e61eb9fd-b73b-4fcb-8140-7567b620a95f,337,2023-12-22 00:00:00,3,270.0,86,32.4,0.0,confirmed,2024-06-15 00:00:00,2023-12-21 03:00:00
a7e91c98-342b-4f93-b515-792a1700bed2,274,2023-02-20 00:00:00,4,920.0,94,110.4,0.0,confirmed,2023-08-02 00:00:00,2023-02-19 10:00:00
2bef4d38-5294-4729-bf7a-4a1ad4c69bfe,321,2024-02-23 00:00:00,11,3069.0,88,368.28,0.0,confirmed,2024-08-07 00:00:00,2024-02-22 14:00:00
6476b857-124a-44de-a328-132ecb290520,430,2024-01-13 00:00:00,1,71.5,72,8.58,7.15,cancelled,2024-05-27 00:00:00,2024-01-12 11:00:00
721dfffb-09ac-47bf-9f14-cd5c1b35a307,184,2023-08-24 00:00:00,1,165.0,71,19.8,16.5,cancelled,2024-01-07 00:00:00,2023-08-23 21:00:00
52e7c15a-02f1-434a-a084-421bcf46c3de,50,2023-12-07 00:00:00,13,5573.75,50,668.85,0.0,confirmed,2024-05-09 00:00:00,2023-12-06 04:00:00
6345d0aa-ae67-416d-9670-fb0d29cd5b88,279,2023-11-03 00:00:00,10,2640.0,94,316.8,0.0,confirmed,2023-12-07 00:00:00,2023-11-02 10:00:00
b8601da2-0317-4141-ae92-2f3459facece,355,2023-05-15 00:00:00,3,918.0,46,110.16,0.0,confirmed,2023-07-10 00:00:00,2023-05-14 10:00:00
c221632b-2ddd-4701-8603-c97009386a62,370,2023-10-31 00:00:00,10,907.5,52,108.9,0.0,confirmed,2023-11-08 00:00:00,2023-10-30 10:00:00
65a7a639-12a0-404e-9433-1dba8984c50e,313,2023-11-24 00:00:00,12,2976.0,126,357.12,0.0,confirmed,2024-01-21 00:00:00,2023-11-23 13:00:00
902048d1-f413-4056-904c-cfbc093fe2c5,287,2023-06-07 00:00:00,2,410.0,99,49.2,0.0,confirmed,2023-10-12 00:00:00,2023-06-06 12:00:00
36ef3e74-511c-45f2-bc74-c0f37264d2d9,31,2023-05-25 00:00:00,10,1760.0,51,211.2,0.0,confirmed,2023-06-07 00:00:00,2023-05-24 22:00:00
75a9814c-802d-4468-8afd-3b64b5132eec,189,2024-09-24 00:00:00,3,264.0,115,31.68,26.4,cancelled,2024-10-11 00:00:00,2024-09-23 15:00:00
be8f8828-0ffd-4963-baa2-2cfe67dc7e25,158,2023-11-15 00:00:00,13,2184.0,120,262.08,0.0,confirmed,2023-12-29 00:00:00,2023-11-14 17:00:00
f34d3d90-03a5-4964-9c8e-622cfc232ca4,373,2023-04-28 00:00:00,6,510.0,118,61.2,51.0,cancelled,2023-08-24 00:00:00,2023-04-27 13:00:00
99e8252e-3262-40c4-9752-e93285d9dec0,81,2023-11-24 00:00:00,3,264.0,128,31.68,26.4,cancelled,2024-04-08 00:00:00,2023-11-23 02:00:00
cb83cb35-ca96-425e-98fa-0acd65f40d16,150,2023-04-24 00:00:00,6,540.0,149,64.8,0.0,confirmed,2023-08-14 00:00:00,2023-04-23 02:00:00
642476d8-d4d2-436c-a937-09471bd9c689,123,2023-04-20 00:00:00,12,1254.0,149,150.48,0.0,confirmed,2023-06-11 00:00:00,2023-04-19 13:00:00
9939cf8b-75b8-458a-a93f-7639a185b84a,429,2024-03-17 00:00:00,14,1568.0,137,188.16,0.0,confirmed,2024-08-25 00:00:00,2024-03-16 18:00:00
4361f7b9-565b-4b0c-ac9d-b126e76a5a14,32,2023-09-23 00:00:00,2,448.0,91,53.76,0.0,confirmed,2023-12-08 00:00:00,2023-09-22 16:00:00
0591a7c2-d2b4-4a51-bf7d-7861c5f61972,468,2024-03-01 00:00:00,9,519.75,104,62.37,0.0,confirmed,2024-03-10 00:00:00,2024-02-29 21:00:00
746d10a1-b28b-4bd9-8349-5370b38dc235,357,2024-01-14 00:00:00,2,247.5,44,29.7,0.0,confirmed,2024-02-29 00:00:00,2024-01-13 18:00:00
8cf5d67b-b38e-4e56-b3ad-691df35338b9,382,2024-01-05 00:00:00,1,322.0,62,38.64,0.0,confirmed,2024-03-05 00:00:00,2024-01-04 08:00:00
f1c5b5d6-1a27-46d0-9aa5-5d21fac41f66,266,2024-03-07 00:00:00,5,1120.0,78,134.4,112.0,cancelled,2024-07-18 00:00:00,2024-03-06 19:00:00
eecf1d0e-125a-429e-8062-796b74ffe740,225,2023-07-03 00:00:00,2,574.0,121,68.88,0.0,confirmed,2023-10-16 00:00:00,2023-07-02 20:00:00
8d2b9797-b3bf-4249-bfa3-97427c7dd187,380,2024-03-10 00:00:00,11,2117.5,80,254.1,0.0,confirmed,2024-08-15 00:00:00,2024-03-09 15:00:00
4f9a1119-088a-41a8-a186-4264d188629b,200,2023-09-01 00:00:00,3,816.0,63,97.92,81.6,cancelled,2024-02-06 00:00:00,2023-08-31 14:00:00
2f9cebd9-f76b-4330-8190-70697a66259c,377,2023-03-30 00:00:00,10,4987.5,103,598.5,0.0,confirmed,2023-07-07 00:00:00,2023-03-29 05:00:00
969b59bc-560f-479f-bfa2-de57b029267b,250,2023-03-02 00:00:00,14,3584.0,132,430.08,0.0,confirmed,2023-08-06 00:00:00,2023-03-01 22:00:00
96c71e1a-3ab9-44a6-b132-93a4e5575773,333,2024-09-07 00:00:00,5,660.0,100,79.2,0.0,confirmed,2024-11-26 00:00:00,2024-09-06 12:00:00
99831510-ce93-4b96-bfa1-778dd1616d67,124,2024-02-16 00:00:00,12,2448.0,52,293.76,0.0,confirmed,2024-06-20 00:00:00,2024-02-15 17:00:00
5c138182-a914-427d-be89-cf99dadd8558,361,2024-04-24 00:00:00,9,1440.0,130,172.8,144.0,cancelled,2024-10-14 00:00:00,2024-04-23 05:00:00
8749c523-6eed-441a-8757-4bfa54b03b11,264,2024-05-28 00:00:00,1,216.0,41,25.92,0.0,confirmed,2024-06-02 00:00:00,2024-05-27 00:00:00
2b9e8c62-db01-4c2b-a703-5bdf5f3104e8,351,2024-01-12 00:00:00,11,1705.0,77,204.6,0.0,confirmed,2024-04-12 00:00:00,2024-01-11 00:00:00
7a8fc947-e694-463b-ac81-a152d7dfdc92,105,2024-01-04 00:00:00,2,123.5,123,14.82,0.0,confirmed,2024-04-18 00:00:00,2024-01-03 19:00:00
00b0c6af-2672-4936-a028-bdb084b5a30c,376,2023-10-03 00:00:00,7,4403.0,59,528.36,0.0,confirmed,2024-02-18 00:00:00,2023-10-02 19:00:00
aec6e778-8ed9-4fe6-b135-68eb551a1d93,110,2023-08-29 00:00:00,5,877.5,61,105.3,87.75,cancelled,2023-12-27 00:00:00,2023-08-28 13:00:00
5864fd1d-559d-4d8c-9e84-64d8715604d9,341,2023-08-22 00:00:00,14,2425.5,55,291.06,242.55,cancelled,2024-01-03 00:00:00,2023-08-21 08:00:00
c1c6392b-6d25-459d-9600-dfe86f4c5aa4,295,2023-09-29 00:00:00,4,3680.0,143,441.6,0.0,confirmed,2023-11-25 00:00:00,2023-09-28 00:00:00
c6de297c-7d57-45c4-b266-6482a3c01d9d,124,2024-02-10 00:00:00,1,204.0,109,24.48,0.0,confirmed,2024-05-17 00:00:00,2024-02-09 15:00:00
affcaa60-22e1-4746-903c-89c33a49a720,359,2024-01-28 00:00:00,10,1680.0,60,201.6,0.0,confirmed,2024-07-25 00:00:00,2024-01-27 10:00:00
85335833-34d3-4c73-b0d6-24683c7515a3,426,2023-04-26 00:00:00,8,5040.0,102,604.8,504.0,cancelled,2023-07-11 00:00:00,2023-04-25 08:00:00
2dd1d4c8-21b3-4f1c-8207-c5c61bb88cc0,109,2023-10-11 00:00:00,11,1100.0,120,132.0,110.0,cancelled,2024-03-03 00:00:00,2023-10-10 13:00:00
56822efb-dce9-415b-9389-c24dfea0e250,249,2024-01-10 00:00:00,12,1368.0,103,164.16,0.0,confirmed,2024-02-12 00:00:00,2024-01-09 14:00:00
7dc54d8f-a93c-4d17-9393-dc1c2a5cf383,434,2023-09-26 00:00:00,6,1584.0,71,190.08,0.0,confirmed,2023-10-25 00:00:00,2023-09-25 02:00:00
d24165b7-1b1b-4ada-bca5-c69c19a59aac,84,2023-12-18 00:00:00,8,1088.0,73,130.56,0.0,confirmed,2024-01-10 00:00:00,2023-12-17 09:00:00
8919c027-5b37-4997-99c9-b7420f219b44,40,2024-04-02 00:00:00,12,2640.0,116,316.8,0.0,confirmed,2024-04-20 00:00:00,2024-04-01 14:00:00
8fea4ac4-dd0b-4535-bf82-809eb94b5936,182,2023-10-08 00:00:00,13,4160.0,116,499.2,416.0,cancelled,2023-12-07 00:00:00,2023-10-07 18:00:00
323e3023-9cd9-4b8b-a8ea-dda71be6722d,105,2023-11-18 00:00:00,4,247.0,52,29.64,24.7,cancelled,2024-02-17 00:00:00,2023-11-17 09:00:00
4150d6bc-17e4-4515-ba5a-ab1d362f1d95,202,2024-06-30 00:00:00,1,238.0,92,28.56,0.0,confirmed,2024-10-15 00:00:00,2024-06-29 06:00:00
c9bc9901-d62d-4159-a55f-551d3afaa814,86,2024-08-10 00:00:00,2,133.0,53,15.96,13.3,cancelled,2024-09-06 00:00:00,2024-08-09 20:00:00
c4f6c3d8-2f1e-4b06-b08c-80e6ec180128,134,2024-03-08 00:00:00,13,3607.5,136,432.9,0.0,confirmed,2024-04-03 00:00:00,2024-03-07 03:00:00
bc05454e-be02-4396-91f1-4646c6a052b1,33,2023-06-17 00:00:00,11,2035.0,115,244.2,203.5,cancelled,2023-11-03 00:00:00,2023-06-16 14:00:00
db28a68d-c991-4770-ad31-2c61048ca7ac,286,2023-02-13 00:00:00,9,5346.0,135,641.52,0.0,confirmed,2023-03-31 00:00:00,2023-02-12 07:00:00
5298c8c3-8058-4705-815e-608f76603505,374,2023-07-15 00:00:00,8,748.0,61,89.76,0.0,confirmed,2023-10-07 00:00:00,2023-07-14 18:00:00
7d675437-a99a-4053-9151-ae718be3c198,242,2024-07-27 00:00:00,2,693.0,107,83.16,0.0,confirmed,2024-08-08 00:00:00,2024-07-26 20:00:00
f712e025-9357-4be8-b2f1-89302b268476,292,2023-08-06 00:00:00,7,693.0,92,83.16,0.0,confirmed,2023-11-19 00:00:00,2023-08-05 00:00:00
eab80275-a4f6-4ed0-8e38-307df0bab799,115,2023-11-21 00:00:00,12,858.0,121,102.96,0.0,confirmed,2024-01-29 00:00:00,2023-11-20 06:00:00
274c1a44-8185-45f6-a376-275e08871e7d,168,2023-06-15 00:00:00,11,1724.25,99,206.91,0.0,confirmed,2023-09-19 00:00:00,2023-06-14 12:00:00
e82af18d-4e1b-49d9-9fac-d210062c9e9e,234,2024-02-17 00:00:00,13,3900.0,73,468.0,0.0,confirmed,2024-07-23 00:00:00,2024-02-16 02:00:00
fece9920-05ab-4f0e-a406-9d916525884a,92,2023-08-19 00:00:00,2,672.0,98,80.64,0.0,confirmed,2023-10-24 00:00:00,2023-08-18 03:00:00
2efc9486-c29c-4b2d-be12-a0a0477483d9,275,2023-11-10 00:00:00,14,2590.0,134,310.8,0.0,confirmed,2023-12-30 00:00:00,2023-11-09 01:00:00
234bf364-f371-4ed9-bec7-96e1be4ee124,208,2024-04-20 00:00:00,11,1078.0,80,129.36,107.8,cancelled,2024-10-13 00:00:00,2024-04-19 09:00:00
ea87f644-5570-4543-9b42-d72020571c24,120,2023-12-07 00:00:00,3,272.25,128,32.67,0.0,confirmed,2024-01-29 00:00:00,2023-12-06 19:00:00
0c8b7346-d8f9-4d0a-8ba1-a16cbea5976e,318,2024-08-09 00:00:00,14,3213.0,92,385.56,0.0,confirmed,2024-11-20 00:00:00,2024-08-08 04:00:00
e328020d-14b4-4c1e-9c3e-b5ba4a5fc21b,145,2024-02-13 00:00:00,14,2460.5,106,295.26,246.05,cancelled,2024-04-11 00:00:00,2024-02-12 10:00:00
5f31bc03-e244-4a1b-85b7-2c6e6463fba4,426,2023-03-13 00:00:00,10,6300.0,89,756.0,0.0,confirmed,2023-04-30 00:00:00,2023-03-12 09:00:00
3eb7e1f8-6438-4d47-8ae6-6d2623fb0657,284,2023-10-19 00:00:00,11,2431.0,110,291.72,243.1,cancelled,2024-03-27 00:00:00,2023-10-18 09:00:00
c1c70368-bdbc-4226-afdc-ceca9f71a81e,8,2023-11-27 00:00:00,3,210.36,43,25.24,0.0,confirmed,2024-05-20 00:00:00,2023-11-26 23:00:00
cf3a1a02-9239-4f45-9a83-7556c94b7d33,369,2024-06-11 00:00:00,10,1560.0,47,187.2,0.0,confirmed,2024-07-08 00:00:00,2024-06-10 08:00:00
65a87e4c-681a-45c0-b45f-e14b74b4c61b,221,2023-10-18 00:00:00,1,576.0,87,69.12,57.6,cancelled,2024-02-10 00:00:00,2023-10-17 19:00:00
f46ad252-d260-46d1-8e96-65bf1f50c28b,175,2023-10-19 00:00:00,13,2252.25,144,270.27,0.0,confirmed,2023-10-25 00:00:00,2023-10-18 13:00:00
0817d165-af3c-4ba7-884c-0a393906a1b8,277,2023-11-05 00:00:00,11,1760.0,56,211.2,0.0,confirmed,2024-01-29 00:00:00,2023-11-04 21:00:00
33021cfa-a95a-46aa-b0f2-f64132598e95,302,2023-08-30 00:00:00,3,651.0,133,78.12,0.0,confirmed,2023-10-22 00:00:00,2023-08-29 01:00:00
03252be2-2382-4ce1-8bb7-2c3ef20a76e5,30,2023-12-15 00:00:00,14,2583.0,61,309.96,258.3,cancelled,2024-03-30 00:00:00,2023-12-14 12:00:00
acd12813-9c4b-43b7-881f-d78f3380e809,48,2023-11-09 00:00:00,13,679.25,143,81.51,0.0,confirmed,2024-01-03 00:00:00,2023-11-08 16:00:00
e0c17395-85e8-44eb-8c28-cb424deed077,92,2024-01-13 00:00:00,3,1008.0,142,120.96,0.0,confirmed,2024-06-23 00:00:00,2024-01-12 18:00:00
05457b29-a01b-43d1-baba-ceb4e4415fff,496,2024-07-18 00:00:00,9,2160.0,44,259.2,216.0,cancelled,2025-01-13 00:00:00,2024-07-17 06:00:00
cda09153-d53d-4caa-91c5-9189204b41e3,277,2023-11-24 00:00:00,12,1920.0,82,230.4,192.0,cancelled,2024-05-09 00:00:00,2023-11-23 15:00:00
c39224d6-f46d-46fa-aaa3-6222a5d4fca2,152,2024-08-18 00:00:00,8,1748.0,46,209.76,174.8,cancelled,2025-01-21 00:00:00,2024-08-17 14:00:00
3b9641ce-d756-4e47-8ece-bce63cef0807,393,2023-09-15 00:00:00,11,5698.0,144,683.76,0.0,confirmed,2023-10-01 00:00:00,2023-09-14 13:00:00
22688b23-242f-44ba-8385-b368440a87ae,11,2023-11-04 00:00:00,6,741.0,141,88.92,74.1,cancelled,2024-01-05 00:00:00,2023-11-03 20:00:00
c208719a-5834-4e83-b318-6077f9368fa8,152,2024-04-22 00:00:00,14,3059.0,133,367.08,305.9,cancelled,2024-08-23 00:00:00,2024-04-21 07:00:00
c8d0efc1-e924-4c0c-b11c-7786427611d2,383,2024-06-15 00:00:00,14,3542.0,86,425.04,354.2,cancelled,2024-07-07 00:00:00,2024-06-14 17:00:00
6a3edc3e-e0c7-4c30-9c7b-68c6854156fb,144,2024-01-14 00:00:00,1,120.0,45,14.4,0.0,confirmed,2024-03-01 00:00:00,2024-01-13 10:00:00
fd02fa24-9af9-4818-a9a2-1867db38b506,395,2023-04-09 00:00:00,12,5766.0,80,691.92,0.0,confirmed,2023-08-22 00:00:00,2023-04-08 01:00:00
36cb5e01-c74d-4e38-8de3-ff1fd7fcd63a,234,2023-06-28 00:00:00,4,1200.0,145,144.0,0.0,confirmed,2023-08-06 00:00:00,2023-06-27 08:00:00
5e4ad62a-e64f-412c-9031-80ab720b1914,105,2024-05-29 00:00:00,13,802.75,43,96.33,80.28,cancelled,2024-07-31 00:00:00,2024-05-28 11:00:00
dd2b7f24-2968-4c94-8bf5-3eaf7300cdbe,223,2024-05-01 00:00:00,3,528.0,101,63.36,0.0,confirmed,2024-07-27 00:00:00,2024-04-30 05:00:00
8ec6956f-c2f4-4df7-a39e-0d6a3e4015d9,436,2024-04-28 00:00:00,2,518.0,120,62.16,51.8,cancelled,2024-07-16 00:00:00,2024-04-27 09:00:00
392e49c8-5623-4576-868e-8b9aa807246f,35,2023-12-04 00:00:00,9,2079.0,117,249.48,0.0,confirmed,2024-01-20 00:00:00,2023-12-03 19:00:00
750f080c-d5f6-4489-bd83-325d391266ff,130,2023-07-11 00:00:00,3,433.14,46,51.98,0.0,confirmed,2023-11-30 00:00:00,2023-07-10 16:00:00
1ec11edf-8ae8-41ae-9341-d2074c6720f1,62,2023-09-30 00:00:00,6,960.0,46,115.2,96.0,cancelled,2023-10-04 00:00:00,2023-09-29 08:00:00
dc1e7d97-a4e1-458e-9a07-a83f48da8016,86,2024-02-03 00:00:00,1,66.5,91,7.98,0.0,confirmed,2024-02-10 00:00:00,2024-02-02 09:00:00
150b1e97-e91e-4afd-ae59-7399faf8936d,300,2024-03-06 00:00:00,5,3315.0,149,397.8,0.0,confirmed,2024-06-08 00:00:00,2024-03-05 00:00:00
d869473f-017b-400e-8251-7291dbdee62f,376,2023-04-20 00:00:00,7,4403.0,87,528.36,0.0,confirmed,2023-04-29 00:00:00,2023-04-19 05:00:00
efb46a75-23b7-48bb-93ac-51b1c598df55,346,2023-12-04 00:00:00,5,760.0,81,91.2,0.0,confirmed,2024-05-25 00:00:00,2023-12-03 03:00:00
f1ba1a2d-f323-4924-9717-2aa32a49349b,428,2024-04-05 00:00:00,11,1578.5,40,189.42,0.0,confirmed,2024-07-23 00:00:00,2024-04-04 01:00:00
7cba0722-3e45-4641-8a72-753f432b5bac,389,2024-01-10 00:00:00,10,3330.0,106,399.6,0.0,confirmed,2024-06-20 00:00:00,2024-01-09 17:00:00
d7f0f68d-7d05-4005-9147-ccc751b4ab93,93,2023-09-17 00:00:00,6,672.0,58,80.64,67.2,cancelled,2023-12-02 00:00:00,2023-09-16 21:00:00
2d31374c-8885-44c4-aa7e-541f7b54d424,81,2023-10-30 00:00:00,9,792.0,96,95.04,0.0,confirmed,2024-01-16 00:00:00,2023-10-29 11:00:00
cadb45e9-cbac-4121-9365-9508b1e931aa,231,2023-12-05 00:00:00,6,528.0,127,63.36,0.0,confirmed,2024-01-25 00:00:00,2023-12-04 18:00:00
0ceaa849-a71d-4936-9292-5fedcdacb095,403,2023-11-02 00:00:00,12,4080.0,135,489.6,0.0,confirmed,2023-11-14 00:00:00,2023-11-01 18:00:00
0925f5f5-18b0-4a7e-9a86-063e544bba6d,9,2024-04-20 00:00:00,10,1320.0,141,158.4,132.0,cancelled,2024-07-25 00:00:00,2024-04-19 10:00:00
40013dfe-f51f-4e8c-b6b6-a0bac83d89f2,252,2023-12-04 00:00:00,10,880.0,148,105.6,0.0,confirmed,2024-05-09 00:00:00,2023-12-03 10:00:00
c34bdbf6-d0af-467a-9c7b-9c776eadb56f,190,2023-09-10 00:00:00,8,1768.0,69,212.16,0.0,confirmed,2023-11-20 00:00:00,2023-09-09 07:00:00
799db01e-d042-4645-b910-c38730c2c0db,337,2024-01-16 00:00:00,6,540.0,126,64.8,0.0,confirmed,2024-07-04 00:00:00,2024-01-15 03:00:00
d5e82b51-1b4c-46f9-a3a5-c0c09e082c6c,94,2023-03-03 00:00:00,14,2352.0,50,282.24,0.0,confirmed,2023-03-20 00:00:00,2023-03-02 10:00:00
2d9207bc-4282-438d-ada2-f9a9bb5c5108,449,2024-07-04 00:00:00,8,1140.0,47,136.8,0.0,confirmed,2024-09-11 00:00:00,2024-07-03 23:00:00
588fc97f-60c8-4883-9862-5c7281addbf7,361,2023-11-18 00:00:00,7,1120.0,55,134.4,0.0,confirmed,2024-02-26 00:00:00,2023-11-17 16:00:00
d4920fe0-1ffa-459b-b960-7997ac5df3c7,343,2023-09-18 00:00:00,12,1353.0,94,162.36,0.0,confirmed,2023-11-06 00:00:00,2023-09-17 01:00:00
3dcccb6c-59e8-492e-9a9b-0d751d7bab7e,449,2024-03-04 00:00:00,14,1995.0,67,239.4,199.5,cancelled,2024-05-08 00:00:00,2024-03-03 07:00:00
682c1da2-fc9a-4aa3-acaf-6bc5c82fe5b3,256,2024-06-05 00:00:00,2,600.0,65,72.0,0.0,confirmed,2024-09-04 00:00:00,2024-06-04 23:00:00
a7dd8624-6a6a-490e-82f0-1703237c34bb,391,2024-04-30 00:00:00,14,2856.0,88,342.72,285.6,cancelled,2024-07-16 00:00:00,2024-04-29 12:00:00
820987e1-ca41-4e25-bb57-2e4a8b1c4310,273,2024-03-18 00:00:00,14,3087.0,89,370.44,0.0,confirmed,2024-08-05 00:00:00,2024-03-17 05:00:00
ede89cec-77ff-4c98-b178-008343b1178c,264,2024-05-19 00:00:00,1,216.0,76,25.92,0.0,confirmed,2024-08-29 00:00:00,2024-05-18 07:00:00
12915a5a-2dd2-4a68-aa09-1e5d3561c02a,371,2024-05-02 00:00:00,11,1760.0,96,211.2,0.0,confirmed,2024-07-31 00:00:00,2024-05-01 08:00:00
0ab30bcb-1020-4ad6-b365-a26a648adbab,338,2024-05-07 00:00:00,2,512.0,76,61.44,0.0,confirmed,2024-05-26 00:00:00,2024-05-06 05:00:00
2d741bf2-43f9-469c-97f8-4820f3c5a65c,455,2024-04-15 00:00:00,2,238.0,119,28.56,0.0,confirmed,2024-05-05 00:00:00,2024-04-14 07:00:00
6eb59f41-5019-472e-95d7-9a36c9ad6680,243,2024-04-13 00:00:00,2,1134.0,54,136.08,0.0,confirmed,2024-06-08 00:00:00,2024-04-12 21:00:00
80738d8b-293e-4f4f-97df-603c4c43f38b,461,2023-12-07 00:00:00,9,1296.0,76,155.52,129.6,cancelled,2024-03-19 00:00:00,2023-12-06 06:00:00
fd6d510d-c349-4009-b07a-2554a2ee4809,194,2024-05-25 00:00:00,7,1501.5,66,180.18,150.15,cancelled,2024-09-21 00:00:00,2024-05-24 05:00:00
4a855cc6-edf5-4562-ac69-5d01fcb2d588,178,2023-08-09 00:00:00,3,2016.0,52,241.92,0.0,confirmed,2024-01-11 00:00:00,2023-08-08 12:00:00
a94717fb-c7f5-488b-95c6-b15da439db51,284,2024-01-04 00:00:00,2,442.0,51,53.04,44.2,cancelled,2024-05-18 00:00:00,2024-01-03 03:00:00
77ac72b0-96e6-4231-8dea-fe1620f5ff98,332,2023-11-10 00:00:00,8,2772.0,89,332.64,0.0,confirmed,2023-11-15 00:00:00,2023-11-09 07:00:00
9c6f9abc-f7de-4831-948c-9df149399231,343,2023-11-27 00:00:00,9,1014.75,43,121.77,101.48,cancelled,2024-03-15 00:00:00,2023-11-26 01:00:00
fc7471f3-0cc9-40ba-8cf8-2ebaf8bf98a9,270,2023-05-30 00:00:00,2,646.0,47,77.52,64.6,cancelled,2023-09-23 00:00:00,2023-05-29 04:00:00
dbc6e33f-c211-4b3a-909a-5de37de05257,282,2023-08-16 00:00:00,13,3003.0,126,360.36,0.0,confirmed,2023-09-15 00:00:00,2023-08-15 05:00:00
93eb545b-75fa-48ff-88e5-56611d590daa,385,2024-02-09 00:00:00,4,350.0,42,42.0,0.0,confirmed,2024-04-09 00:00:00,2024-02-08 01:00:00
25c95278-499f-4940-ac52-dd45d3609d12,86,2023-12-22 00:00:00,12,798.0,67,95.76,0.0,confirmed,2024-04-26 00:00:00,2023-12-21 01:00:00
2c1acdc9-2fad-4fd9-9ba8-6df1046c5e8a,109,2023-11-22 00:00:00,10,1000.0,82,120.0,0.0,confirmed,2024-02-29 00:00:00,2023-11-21 12:00:00
f3585b4a-669c-4af3-9dfb-133655e6319d,184,2023-06-17 00:00:00,7,1155.0,48,138.6,115.5,cancelled,2023-07-05 00:00:00,2023-06-16 22:00:00
3fb5491e-f8aa-4a79-a278-feef3f8561dd,359,2024-02-17 00:00:00,5,840.0,121,100.8,84.0,cancelled,2024-06-04 00:00:00,2024-02-16 09:00:00
e36aa8e8-9080-4e09-9603-ee2907df92d2,104,2023-11-10 00:00:00,10,760.0,121,91.2,0.0,confirmed,2023-12-24 00:00:00,2023-11-09 03:00:00
e17b1d86-d6fa-4f1b-8ee1-a5ed9cd3154f,71,2023-08-07 00:00:00,4,918.0,77,110.16,91.8,cancelled,2023-10-27 00:00:00,2023-08-06 01:00:00
632fb3d7-701c-4e58-b4fb-3a7acaec8e6d,444,2024-07-30 00:00:00,2,407.0,75,48.84,0.0,confirmed,2025-01-09 00:00:00,2024-07-29 02:00:00
d28223a6-d9c9-4734-9962-978cc9ceb727,170,2023-11-05 00:00:00,12,3840.0,57,460.8,0.0,confirmed,2023-11-14 00:00:00,2023-11-04 02:00:00
667ccdeb-1c73-49cf-bd1a-d281d2125247,143,2023-07-16 00:00:00,5,2310.0,60,277.2,231.0,cancelled,2023-12-05 00:00:00,2023-07-15 09:00:00
7651bb5f-246b-43b0-adb6-2c9fcbe0f9d0,24,2023-09-02 00:00:00,2,252.0,123,30.24,0.0,confirmed,2023-12-18 00:00:00,2023-09-01 07:00:00
de78f6a4-8e51-4a3b-b6a5-3f979c3586dd,227,2023-06-07 00:00:00,9,1071.0,76,128.52,0.0,confirmed,2023-06-16 00:00:00,2023-06-06 03:00:00
e5647795-5c12-46b7-bf5e-2a1dfa42f43a,240,2023-06-25 00:00:00,9,855.0,99,102.6,0.0,confirmed,2023-09-30 00:00:00,2023-06-24 11:00:00
d38c384f-252d-4263-955e-1f2908db0974,75,2024-01-04 00:00:00,2,228.0,99,27.36,22.8,cancelled,2024-04-08 00:00:00,2024-01-03 09:00:00
c9a6e06d-4e3c-4af2-9525-523cd388127a,217,2024-02-19 00:00:00,14,1666.0,73,199.92,0.0,confirmed,2024-04-25 00:00:00,2024-02-18 10:00:00
34a4e91c-130c-4465-8559-9ed33ce415a3,128,2023-07-21 00:00:00,5,2520.0,107,302.4,252.0,cancelled,2024-01-09 00:00:00,2023-07-20 09:00:00
6cafb764-6c2b-4aed-9c39-41911cf0576b,60,2024-04-26 00:00:00,11,771.32,66,92.56,0.0,confirmed,2024-06-05 00:00:00,2024-04-25 18:00:00
9d4d1dcb-867d-413f-8780-fe65ed6f704d,367,2023-04-14 00:00:00,10,3840.0,54,460.8,0.0,confirmed,2023-07-05 00:00:00,2023-04-13 19:00:00
dbe560c1-c67b-483c-9761-240816f33528,347,2024-02-10 00:00:00,4,440.0,93,52.8,44.0,cancelled,2024-05-05 00:00:00,2024-02-09 04:00:00
c6ef1016-815e-4cd6-ae2d-4b5dddaef029,180,2023-10-02 00:00:00,1,104.5,115,12.54,0.0,confirmed,2023-12-30 00:00:00,2023-10-01 23:00:00
36ba1e54-6aea-4830-b95a-db2f9c7a4a84,143,2023-12-08 00:00:00,7,3234.0,107,388.08,323.4,cancelled,2024-03-04 00:00:00,2023-12-07 17:00:00
04b919c1-ef8e-40b0-8ee7-888ead7af5fe,276,2023-10-31 00:00:00,7,3944.5,54,473.34,394.45,cancelled,2024-02-02 00:00:00,2023-10-30 16:00:00
b126d1e8-a0bf-4077-860f-035bdf27c1b1,170,2023-12-06 00:00:00,4,1280.0,140,153.6,0.0,confirmed,2024-03-02 00:00:00,2023-12-05 12:00:00
005e83d1-c11d-4c01-b931-bdf7c48f1692,369,2024-06-05 00:00:00,3,468.0,93,56.16,0.0,confirmed,2024-07-20 00:00:00,2024-06-04 18:00:00
ec94e123-c5da-4485-8b44-3d4fb6dd40fe,356,2024-01-01 00:00:00,10,2640.0,69,316.8,0.0,confirmed,2024-05-18 00:00:00,2023-12-31 12:00:00
534543ca-d2db-4f72-834d-12a3054af0ea,436,2024-03-31 00:00:00,11,2849.0,104,341.88,284.9,cancelled,2024-09-13 00:00:00,2024-03-30 06:00:00
af6b25b7-f958-4dec-80a8-b06fe352731e,178,2023-09-11 00:00:00,8,5376.0,134,645.12,537.6,cancelled,2023-11-25 00:00:00,2023-09-10 01:00:00
1ea0990e-f51a-4b19-8a31-b74ab3435049,183,2024-07-03 00:00:00,13,1501.5,60,180.18,0.0,confirmed,2024-08-09 00:00:00,2024-07-02 00:00:00
7f4faae2-307f-4847-abe3-35ed5fefef1d,419,2023-04-07 00:00:00,4,572.0,98,68.64,57.2,cancelled,2023-07-18 00:00:00,2023-04-06 23:00:00
ae624048-1e9e-4252-9062-2c4e91af309d,495,2023-07-24 00:00:00,8,1066.0,61,127.92,0.0,confirmed,2023-12-28 00:00:00,2023-07-23 09:00:00
6f5b5e01-643c-40bc-9a94-3f8421cb12a6,394,2023-12-22 00:00:00,6,714.0,121,85.68,0.0,confirmed,2024-06-10 00:00:00,2023-12-21 21:00:00
3e39f8d0-8063-431b-962f-2a5826a497c8,470,2024-09-16 00:00:00,13,1729.0,67,207.48,0.0,confirmed,2025-03-07 00:00:00,2024-09-15 00:00:00
5abe7a7c-92cb-4c0e-b8b1-7dfd425747a7,307,2023-05-28 00:00:00,10,1732.5,66,207.9,0.0,confirmed,2023-11-15 00:00:00,2023-05-27 23:00:00
38fcc64c-0024-418b-9db2-8831470b9e79,22,2023-12-19 00:00:00,14,3724.0,66,446.88,372.4,cancelled,2024-04-02 00:00:00,2023-12-18 19:00:00
52cd8d00-d87c-4a2e-b376-0fa677af0a74,46,2023-12-19 00:00:00,11,2156.0,56,258.72,215.6,cancelled,2024-02-24 00:00:00,2023-12-18 11:00:00
565508bc-f4ed-450f-875b-e6adff3cf2c8,54,2023-05-20 00:00:00,14,770.0,111,92.4,0.0,confirmed,2023-07-15 00:00:00,2023-05-19 03:00:00
da9b87f5-9a0e-496f-9cc0-ae5e55c5ecd7,289,2024-09-03 00:00:00,10,2565.0,127,307.8,256.5,cancelled,2025-02-27 00:00:00,2024-09-02 02:00:00
822112f3-98b2-4e75-b8dc-14624fabc9aa,341,2023-12-21 00:00:00,3,519.75,40,62.37,0.0,confirmed,2024-03-22 00:00:00,2023-12-20 07:00:00
851ba5f4-e87c-4dc6-b0c1-48213145c163,384,2023-08-23 00:00:00,6,3420.0,97,410.4,342.0,cancelled,2023-09-15 00:00:00,2023-08-22 17:00:00
b0243dc7-afd3-4cd5-a7ae-4c4d9a452776,377,2023-05-20 00:00:00,13,6483.75,43,778.05,0.0,confirmed,2023-08-30 00:00:00,2023-05-19 20:00:00
d943a0af-cb57-429d-aee3-b5256b0b67d3,139,2024-05-19 00:00:00,7,595.0,106,71.4,59.5,cancelled,2024-10-22 00:00:00,2024-05-18 11:00:00
0b111070-27b3-4197-92d3-ed1466ea8ef9,79,2024-01-28 00:00:00,2,187.0,116,22.44,0.0,confirmed,2024-05-29 00:00:00,2024-01-27 02:00:00
a39a5882-8072-4521-90b7-ef54a3358be1,119,2023-09-21 00:00:00,4,320.0,42,38.4,32.0,cancelled,2023-12-24 00:00:00,2023-09-20 20:00:00
949f832d-0caa-42bc-b9ee-7e66cc572738,122,2024-01-18 00:00:00,5,261.25,57,31.35,0.0,confirmed,2024-05-06 00:00:00,2024-01-17 06:00:00
d595a0af-68ce-4a36-a518-8a8a9482f3c1,162,2023-06-24 00:00:00,10,1540.0,148,184.8,154.0,cancelled,2023-11-13 00:00:00,2023-06-23 02:00:00
01eef113-3987-4f5d-aea2-251f0bc8fb5c,439,2024-02-12 00:00:00,5,577.5,58,69.3,0.0,confirmed,2024-08-04 00:00:00,2024-02-11 07:00:00
db561b55-508f-4a91-b225-e1b7016dea58,82,2023-03-13 00:00:00,2,437.0,54,52.44,0.0,confirmed,2023-03-24 00:00:00,2023-03-12 04:00:00
8b1573f2-a4df-4f97-af7a-71e6e4568a38,387,2024-05-19 00:00:00,6,924.0,148,110.88,0.0,confirmed,2024-05-29 00:00:00,2024-05-18 01:00:00
c81acd95-0933-4863-bb03-c8b1bbb305c0,6,2024-04-10 00:00:00,1,280.0,68,33.6,28.0,cancelled,2024-09-13 00:00:00,2024-04-09 21:00:00
c67073eb-bdec-4b61-8c5d-984c836ef97e,90,2023-10-22 00:00:00,9,1620.0,56,194.4,0.0,confirmed,2023-11-26 00:00:00,2023-10-21 02:00:00
e3436386-bb2f-4382-855e-26f93a704953,178,2023-08-10 00:00:00,4,2688.0,110,322.56,268.8,cancelled,2023-12-18 00:00:00,2023-08-09 07:00:00
6820cd19-e74c-499e-acba-fb4b31389f38,480,2023-10-19 00:00:00,8,627.04,55,75.24,0.0,confirmed,2024-03-28 00:00:00,2023-10-18 07:00:00
5db31249-b48f-43ff-90ef-1557ca0bd34f,377,2023-11-06 00:00:00,9,4488.75,126,538.65,448.88,cancelled,2024-02-04 00:00:00,2023-11-05 12:00:00
cb61b001-4ed7-494b-9e2d-995027d15084,466,2023-10-27 00:00:00,5,1092.5,95,131.1,109.25,cancelled,2024-01-29 00:00:00,2023-10-26 04:00:00
ce96209c-a4af-453e-9420-73cb74a67069,255,2023-10-07 00:00:00,12,4092.0,94,491.04,0.0,confirmed,2023-12-18 00:00:00,2023-10-06 11:00:00
a39abc88-92bc-4213-8607-998eff9760e2,494,2023-10-15 00:00:00,11,5115.0,115,613.8,0.0,confirmed,2023-12-22 00:00:00,2023-10-14 14:00:00
7568d6a5-8d8c-46b6-aa35-641ba410f697,100,2023-09-03 00:00:00,2,518.0,115,62.16,51.8,cancelled,2024-01-30 00:00:00,2023-09-02 21:00:00
a3949eaa-a010-4d27-837f-8290edca37eb,402,2023-11-17 00:00:00,1,544.0,97,65.28,0.0,confirmed,2024-03-14 00:00:00,2023-11-16 06:00:00
355c01d0-8655-40e8-a59a-be906da40a1f,458,2023-10-15 00:00:00,13,4446.0,90,533.52,0.0,confirmed,2024-01-18 00:00:00,2023-10-14 01:00:00
2cff654f-dc72-454a-8999-952070355a8b,351,2024-05-17 00:00:00,14,2170.0,103,260.4,0.0,confirmed,2024-10-28 00:00:00,2024-05-16 16:00:00
db041fee-ab79-42f0-8c76-fda111951771,226,2023-12-11 00:00:00,12,912.0,150,109.44,0.0,confirmed,2024-03-20 00:00:00,2023-12-10 18:00:00
cc6110f7-0480-4019-a051-b635125ffcd0,308,2024-04-16 00:00:00,12,924.0,139,110.88,92.4,cancelled,2024-08-08 00:00:00,2024-04-15 13:00:00
b4723f27-787f-4768-83c6-253881e99d8e,18,2023-09-08 00:00:00,2,588.0,95,70.56,0.0,confirmed,2023-12-21 00:00:00,2023-09-07 08:00:00
768458c9-2ddc-4be8-b773-eee5347c8054,71,2023-04-18 00:00:00,3,688.5,83,82.62,0.0,confirmed,2023-07-19 00:00:00,2023-04-17 16:00:00
48eb179e-28d5-4649-8ae5-05eaf52cf66f,196,2023-12-09 00:00:00,12,3456.0,88,414.72,0.0,confirmed,2024-03-09 00:00:00,2023-12-08 09:00:00
7aed6921-c281-4c54-9a8a-fdda51a1369e,92,2024-04-28 00:00:00,10,3360.0,84,403.2,0.0,confirmed,2024-05-16 00:00:00,2024-04-27 13:00:00
206bd904-a732-4b9d-bbbe-23223db7223a,201,2024-01-23 00:00:00,6,544.5,45,65.34,0.0,confirmed,2024-02-11 00:00:00,2024-01-22 19:00:00
16b35b13-d7a9-4db2-a913-13d7288f5402,195,2023-11-03 00:00:00,3,819.0,88,98.28,0.0,confirmed,2024-04-25 00:00:00,2023-11-02 05:00:00
a3399e74-535b-4a45-9500-9a8149608944,64,2023-07-12 00:00:00,6,883.5,56,106.02,88.35,cancelled,2023-11-06 00:00:00,2023-07-11 08:00:00
959df93b-e17c-48b8-8b8d-fab3be051aef,270,2023-09-29 00:00:00,10,3230.0,134,387.6,0.0,confirmed,2024-01-01 00:00:00,2023-09-28 13:00:00
fa6ca17c-3364-46a5-85a8-0bac05d412da,324,2024-01-15 00:00:00,8,1200.0,89,144.0,120.0,cancelled,2024-04-16 00:00:00,2024-01-14 23:00:00
102b1393-e664-43ad-aafd-f4fa9fdb2221,220,2023-04-13 00:00:00,8,1680.0,44,201.6,168.0,cancelled,2023-07-05 00:00:00,2023-04-12 15:00:00
e237ff03-e58e-483d-8437-50a31d2edb09,182,2024-02-19 00:00:00,11,3520.0,82,422.4,352.0,cancelled,2024-04-28 00:00:00,2024-02-18 10:00:00
47b34f4d-5fad-4e87-9bf2-7d7cffad9a3c,244,2023-04-13 00:00:00,9,1325.25,79,159.03,132.53,cancelled,2023-08-06 00:00:00,2023-04-12 09:00:00
1675230c-9887-4a7e-8705-0dd35d2be1a8,112,2023-11-26 00:00:00,14,13440.0,100,1612.8,0.0,confirmed,2023-11-28 00:00:00,2023-11-25 07:00:00
16172d4c-df7e-4aea-873f-3a7b8ac1e6c1,239,2023-11-01 00:00:00,9,4914.0,68,589.68,0.0,confirmed,2023-12-30 00:00:00,2023-10-31 10:00:00
ed4e7d54-4ec4-46b9-becd-af42fc762737,454,2023-10-14 00:00:00,9,544.5,147,65.34,0.0,confirmed,2024-03-17 00:00:00,2023-10-13 13:00:00
caf01b04-ceef-4cb5-90a9-a755d0c2cc49,158,2023-08-29 00:00:00,1,168.0,71,20.16,0.0,confirmed,2023-12-17 00:00:00,2023-08-28 12:00:00
392269ff-8fbe-43e1-9704-660dc75de6fe,274,2023-08-11 00:00:00,12,2760.0,141,331.2,0.0,confirmed,2024-01-07 00:00:00,2023-08-10 22:00:00
e38e8667-a2ad-4394-97e8-a159929e84cd,200,2023-11-11 00:00:00,10,2720.0,124,326.4,0.0,confirmed,2024-03-07 00:00:00,2023-11-10 07:00:00
097f2a56-821f-4895-8229-af553b8b25cd,213,2023-11-18 00:00:00,7,3001.25,101,360.15,0.0,confirmed,2024-02-14 00:00:00,2023-11-17 08:00:00
7d39b6de-1d96-445a-b528-0cfd13e68357,498,2023-10-29 00:00:00,11,1540.0,41,184.8,0.0,confirmed,2023-11-09 00:00:00,2023-10-28 09:00:00
f4f36579-8658-45ef-8ae2-e4d12e635915,336,2023-06-30 00:00:00,9,2772.0,70,332.64,0.0,confirmed,2023-08-29 00:00:00,2023-06-29 14:00:00
3aac6959-ad0d-45d2-9199-0f15d8853082,113,2023-09-19 00:00:00,14,2593.5,143,311.22,0.0,confirmed,2023-10-31 00:00:00,2023-09-18 21:00:00
8e553467-5517-4f02-9dee-bb15ab6a1ef6,482,2023-10-09 00:00:00,9,726.75,54,87.21,0.0,confirmed,2024-01-23 00:00:00,2023-10-08 10:00:00
8d0b2cc2-765a-4730-ae49-27c1c9c80a56,139,2024-06-20 00:00:00,14,1190.0,102,142.8,0.0,confirmed,2024-11-01 00:00:00,2024-06-19 12:00:00
6e61655c-f040-4695-8d99-72fdbc3f9c3f,18,2023-10-20 00:00:00,14,4116.0,78,493.92,411.6,cancelled,2024-02-20 00:00:00,2023-10-19 10:00:00
f3b544fd-4503-432b-a09c-7f6405560b82,252,2024-05-17 00:00:00,8,704.0,47,84.48,70.4,cancelled,2024-10-10 00:00:00,2024-05-16 05:00:00
4f4370c7-5c6c-4014-a791-e28b2f2e9414,453,2023-12-02 00:00:00,12,8820.0,131,1058.4,0.0,confirmed,2023-12-25 00:00:00,2023-12-01 13:00:00
467b4b27-9db9-48d0-8c98-3cb0720c4e0e,329,2024-01-31 00:00:00,8,1088.0,119,130.56,0.0,confirmed,2024-05-09 00:00:00,2024-01-30 09:00:00
aa77dbee-e075-4abc-87ea-11b34e39078a,325,2024-05-20 00:00:00,12,9720.0,105,1166.4,0.0,confirmed,2024-11-06 00:00:00,2024-05-19 19:00:00
66a33f1d-e3c5-43a6-8494-a954da197623,93,2023-12-30 00:00:00,4,448.0,122,53.76,44.8,cancelled,2024-03-08 00:00:00,2023-12-29 20:00:00
ed42a41e-7c57-43e4-8dbc-1e683fbb3000,404,2023-08-03 00:00:00,10,850.0,106,102.0,0.0,confirmed,2023-12-21 00:00:00,2023-08-02 15:00:00
373d1e0e-6843-47c3-8029-b9390834efce,482,2023-06-25 00:00:00,12,969.0,45,116.28,0.0,confirmed,2023-08-21 00:00:00,2023-06-24 10:00:00
3f83f000-387d-487f-a28d-159e238af730,103,2023-12-19 00:00:00,12,2340.0,143,280.8,0.0,confirmed,2024-05-17 00:00:00,2023-12-18 13:00:00
52c499fa-a7a0-465e-88f7-20f9fcc93dfa,86,2024-07-17 00:00:00,1,66.5,51,7.98,6.65,cancelled,2024-10-25 00:00:00,2024-07-16 09:00:00
17a0150d-f971-4e66-940a-25fc9af19ce1,441,2023-11-30 00:00:00,2,486.0,60,58.32,48.6,cancelled,2024-02-15 00:00:00,2023-11-29 01:00:00
d5900c19-e6df-43bc-9700-95e7f1bef6c5,219,2023-07-14 00:00:00,9,8100.0,122,972.0,0.0,confirmed,2023-08-10 00:00:00,2023-07-13 17:00:00
f012c49f-fac9-41ba-bd86-65b75bf7eca7,85,2024-03-28 00:00:00,7,637.0,117,76.44,63.7,cancelled,2024-07-22 00:00:00,2024-03-27 10:00:00
32dd0745-a4a6-41b2-91b1-20a91a6658ee,403,2023-09-15 00:00:00,1,340.0,138,40.8,0.0,confirmed,2024-02-10 00:00:00,2023-09-14 12:00:00
3840fde1-d62b-42a0-841f-9b42f5aeb174,188,2024-01-10 00:00:00,5,639.4,40,76.73,63.94,cancelled,2024-04-29 00:00:00,2024-01-09 06:00:00
245216f8-31fd-4d4b-93ea-dca9c52df6ad,213,2023-12-01 00:00:00,12,5145.0,72,617.4,0.0,confirmed,2024-01-18 00:00:00,2023-11-30 00:00:00
46e819ee-6efe-44c8-b355-d915a4c6e60b,335,2024-01-08 00:00:00,9,6300.0,61,756.0,630.0,cancelled,2024-03-20 00:00:00,2024-01-07 09:00:00
6ee3b760-556d-48c1-8e5b-3c396d3ada90,420,2024-04-14 00:00:00,5,403.75,110,48.45,40.38,cancelled,2024-09-16 00:00:00,2024-04-13 19:00:00
ea35c7ba-3455-4bbc-89ad-c6622d6e8ce1,205,2023-07-21 00:00:00,10,577.5,67,69.3,0.0,confirmed,2023-08-31 00:00:00,2023-07-20 03:00:00
18ac00d0-c0e1-4b70-9806-c31a318c5557,221,2023-11-10 00:00:00,8,4608.0,133,552.96,460.8,cancelled,2024-03-23 00:00:00,2023-11-09 07:00:00
5fe6d582-eea9-40c9-b314-9d45ee8004c9,115,2023-07-28 00:00:00,11,786.5,49,94.38,78.65,cancelled,2023-12-25 00:00:00,2023-07-27 11:00:00
f0263b2b-678c-490d-a775-0bbc46e24bf0,328,2024-04-30 00:00:00,14,1540.0,145,184.8,0.0,confirmed,2024-09-10 00:00:00,2024-04-29 23:00:00
54bf1ea5-f78a-4835-9fec-c3f6eb071b1c,350,2024-02-14 00:00:00,3,378.0,96,45.36,0.0,confirmed,2024-03-09 00:00:00,2024-02-13 02:00:00
087a49d9-2070-4958-aa2c-1994a3a32b97,193,2023-10-01 00:00:00,1,525.0,87,63.0,0.0,confirmed,2024-01-16 00:00:00,2023-09-30 05:00:00
05467e4f-4cf6-4e0d-9574-3f81fa345fc2,214,2023-11-22 00:00:00,3,660.0,51,79.2,66.0,cancelled,2024-02-15 00:00:00,2023-11-21 11:00:00
842a46ee-4377-45a6-9826-9beb6558be6c,211,2023-11-05 00:00:00,10,1540.0,106,184.8,154.0,cancelled,2024-03-28 00:00:00,2023-11-04 05:00:00
06897a32-084c-41b2-9ab2-3edd885a5461,326,2024-04-16 00:00:00,14,3906.0,91,468.72,390.6,cancelled,2024-08-11 00:00:00,2024-04-15 04:00:00
7fc27399-4432-45e3-9c4c-22b0659b4dda,418,2024-04-04 00:00:00,1,247.5,104,29.7,24.75,cancelled,2024-07-23 00:00:00,2024-04-03 20:00:00
e8aa967d-4b8d-4b37-9bf2-02f3b0b1fc86,351,2024-06-08 00:00:00,5,775.0,98,93.0,0.0,confirmed,2024-10-23 00:00:00,2024-06-07 02:00:00
aaba33b6-62c4-4ee4-8705-fc770729329a,12,2023-11-15 00:00:00,8,968.0,124,116.16,96.8,cancelled,2023-12-27 00:00:00,2023-11-14 11:00:00
2ec26d85-f9d7-4da9-b384-2a874d71d809,346,2023-07-16 00:00:00,13,1976.0,125,237.12,0.0,confirmed,2023-11-06 00:00:00,2023-07-15 13:00:00
b6f4bb99-06d3-4bae-8860-61c8c2f984d6,312,2023-11-01 00:00:00,9,4882.5,61,585.9,0.0,confirmed,2024-03-28 00:00:00,2023-10-31 04:00:00
075e8787-8b63-4d42-8176-6a82ac41add3,379,2023-07-07 00:00:00,1,900.0,142,108.0,90.0,cancelled,2023-10-28 00:00:00,2023-07-06 10:00:00
1da8c969-c84e-4809-b97d-25ac343e25d9,174,2023-11-04 00:00:00,2,570.0,78,68.4,0.0,confirmed,2024-02-16 00:00:00,2023-11-03 00:00:00
41df0917-81b2-4585-9ea4-bc719035db0e,314,2023-12-23 00:00:00,8,7680.0,130,921.6,768.0,cancelled,2024-02-08 00:00:00,2023-12-22 00:00:00
e7bc80d1-0436-4179-81ef-13735cf60c5e,68,2023-06-13 00:00:00,11,1694.0,94,203.28,169.4,cancelled,2023-11-17 00:00:00,2023-06-12 07:00:00
a8e9ef48-4b16-48a5-860f-dad0ab4deac6,42,2023-08-03 00:00:00,13,1729.0,79,207.48,172.9,cancelled,2023-10-11 00:00:00,2023-08-02 07:00:00
51b33a8c-f33b-48b3-b24a-480e2c1f78e4,110,2023-12-24 00:00:00,10,1755.0,82,210.6,0.0,confirmed,2024-04-25 00:00:00,2023-12-23 07:00:00
a213d8fb-f3f7-4687-8c15-9486ed5a1c2b,38,2024-01-31 00:00:00,13,3705.0,118,444.6,0.0,confirmed,2024-02-16 00:00:00,2024-01-30 16:00:00
e54a6807-df6d-4c98-b0af-fbd04d000048,164,2023-06-30 00:00:00,9,2808.0,68,336.96,280.8,cancelled,2023-12-13 00:00:00,2023-06-29 14:00:00
a0cb06b1-88c0-431e-ac7a-0b8ad3f17aaf,373,2023-04-22 00:00:00,1,85.0,73,10.2,8.5,cancelled,2023-08-30 00:00:00,2023-04-21 18:00:00
a12c985c-185c-4be3-9273-159ef4413513,340,2023-07-30 00:00:00,4,264.0,107,31.68,0.0,confirmed,2023-11-19 00:00:00,2023-07-29 06:00:00
b2a4a004-f5d2-42b8-befd-1e01dab943eb,494,2023-12-11 00:00:00,13,6045.0,105,725.4,0.0,confirmed,2024-01-05 00:00:00,2023-12-10 16:00:00
e35008a0-815f-4e66-9115-ebb0d0791e2d,378,2024-03-08 00:00:00,2,152.0,88,18.24,0.0,confirmed,2024-04-05 00:00:00,2024-03-07 09:00:00
da33a3f5-94b5-438f-a572-e10512d2c62a,390,2023-09-29 00:00:00,10,2640.0,111,316.8,0.0,confirmed,2023-11-09 00:00:00,2023-09-28 07:00:00
15a59dff-2220-4d4d-a917-bb41a741a5c9,163,2023-11-13 00:00:00,1,414.0,138,49.68,0.0,confirmed,2024-04-26 00:00:00,2023-11-12 21:00:00
a83258c0-cb72-4eb6-8434-202e762fc891,32,2023-09-23 00:00:00,2,448.0,115,53.76,0.0,confirmed,2023-10-18 00:00:00,2023-09-22 20:00:00
13579f55-4552-4feb-b60a-b135247a2b15,308,2024-02-21 00:00:00,14,1078.0,46,129.36,107.8,cancelled,2024-03-17 00:00:00,2024-02-20 12:00:00
ccc7e74e-0d2b-4a8b-ae37-4b36af88ce7c,478,2023-10-12 00:00:00,14,3062.5,125,367.5,0.0,confirmed,2023-10-17 00:00:00,2023-10-11 22:00:00
5c1614f2-6024-441a-b3b6-c1d536488279,110,2023-12-25 00:00:00,8,1404.0,127,168.48,140.4,cancelled,2024-03-02 00:00:00,2023-12-24 06:00:00
69f7f710-66ef-4dcb-ac33-2f30badb1b38,38,2024-06-19 00:00:00,11,3135.0,133,376.2,313.5,cancelled,2024-07-24 00:00:00,2024-06-18 21:00:00
0feb71a9-aa13-473c-8996-f54ca3fc5c95,215,2024-04-12 00:00:00,8,1716.0,99,205.92,0.0,confirmed,2024-10-07 00:00:00,2024-04-11 22:00:00
e5bf1034-f212-4007-a9d3-620985bff68c,200,2023-11-12 00:00:00,9,2448.0,112,293.76,0.0,confirmed,2024-03-08 00:00:00,2023-11-11 09:00:00
31bad6bf-e1aa-4085-a035-0c14f12d7113,39,2024-07-19 00:00:00,9,631.08,125,75.73,0.0,confirmed,2024-08-12 00:00:00,2024-07-18 02:00:00
ccced1f2-0a03-455b-aa34-61f4533e6b0d,450,2023-10-11 00:00:00,13,5096.0,91,611.52,509.6,cancelled,2024-01-29 00:00:00,2023-10-10 09:00:00
1323f5e5-d5f8-4fe7-93ec-4575df8dc5b4,101,2024-01-04 00:00:00,13,4862.0,67,583.44,486.2,cancelled,2024-03-14 00:00:00,2024-01-03 18:00:00
b2a70c1f-8dd0-4d56-8264-17d81137cda9,263,2023-06-12 00:00:00,3,1296.0,43,155.52,129.6,cancelled,2023-09-16 00:00:00,2023-06-11 06:00:00
d43ff7ca-ea77-4ec2-a659-41eb097c2312,353,2023-07-26 00:00:00,6,924.0,82,110.88,92.4,cancelled,2023-09-27 00:00:00,2023-07-25 16:00:00
34c52be6-2160-428a-800d-6fb2f6c285ea,40,2023-12-15 00:00:00,1,220.0,61,26.4,22.0,cancelled,2024-06-02 00:00:00,2023-12-14 17:00:00
1e43acd4-058d-4d8a-a50c-5ca064c7a8b0,26,2024-01-12 00:00:00,13,750.75,74,90.09,0.0,confirmed,2024-03-10 00:00:00,2024-01-11 16:00:00
36795632-3b05-4430-bba1-30868094c034,234,2023-08-18 00:00:00,13,3900.0,78,468.0,0.0,confirmed,2023-10-12 00:00:00,2023-08-17 10:00:00
0c404908-d831-4436-a786-de57c4a87f37,149,2023-06-12 00:00:00,2,115.5,120,13.86,0.0,confirmed,2023-08-22 00:00:00,2023-06-11 22:00:00
9b93499a-bd59-4dc1-b67c-40a9b1691461,390,2023-04-02 00:00:00,4,1056.0,145,126.72,105.6,cancelled,2023-07-13 00:00:00,2023-04-01 01:00:00
65d108ee-df0f-4b71-ab8c-7c4d1bed51a8,102,2024-03-05 00:00:00,4,280.0,90,33.6,0.0,confirmed,2024-05-02 00:00:00,2024-03-04 03:00:00
dcf61fba-54e6-481b-81d4-921d0a9d9d99,120,2024-03-20 00:00:00,10,907.5,147,108.9,0.0,confirmed,2024-08-06 00:00:00,2024-03-19 02:00:00
6a4c0c85-447a-4932-b15a-420fbef193be,283,2024-05-20 00:00:00,6,1620.0,95,194.4,0.0,confirmed,2024-11-05 00:00:00,2024-05-19 10:00:00
21bdb89e-30b4-46f9-ab6a-8b6586c72040,142,2024-04-16 00:00:00,13,2392.0,114,287.04,0.0,confirmed,2024-08-30 00:00:00,2024-04-15 20:00:00
c4b198c7-e864-47b0-9585-eeeab09837a9,374,2023-10-23 00:00:00,11,1028.5,60,123.42,102.85,cancelled,2024-02-04 00:00:00,2023-10-22 23:00:00
244fc08c-5386-4ad6-84bc-aed5167f0122,103,2024-01-23 00:00:00,8,1560.0,93,187.2,156.0,cancelled,2024-07-08 00:00:00,2024-01-22 07:00:00
7b557b62-0c42-4b2a-90a3-f9afbfc4edce,171,2023-08-02 00:00:00,9,705.42,95,84.65,0.0,confirmed,2023-10-27 00:00:00,2023-08-01 00:00:00
57fb8369-7204-415e-a9af-96472840639a,278,2023-06-25 00:00:00,2,384.0,140,46.08,0.0,confirmed,2023-08-26 00:00:00,2023-06-24 19:00:00
ebd63191-9aeb-41d3-abf3-b5782520f0b5,110,2023-04-19 00:00:00,14,2457.0,139,294.84,0.0,confirmed,2023-04-23 00:00:00,2023-04-18 04:00:00
e1194790-8294-4a7c-915a-d812cb07f57d,463,2024-06-22 00:00:00,10,2100.0,53,252.0,210.0,cancelled,2024-10-29 00:00:00,2024-06-21 07:00:00
6e18c3c0-5f9d-4805-932c-d3f1df455920,380,2023-09-04 00:00:00,14,2695.0,117,323.4,0.0,confirmed,2023-11-30 00:00:00,2023-09-03 03:00:00
9c18e83e-e038-4168-9836-81fb1f6407c6,424,2023-10-24 00:00:00,12,2100.0,64,252.0,0.0,confirmed,2023-12-11 00:00:00,2023-10-23 16:00:00
2a0c829a-c0e9-491e-9bb7-4b7013c1614a,206,2024-08-10 00:00:00,7,1190.0,87,142.8,119.0,cancelled,2024-10-26 00:00:00,2024-08-09 03:00:00
e7024053-48a6-4259-9064-4e3ab9ec057a,413,2024-03-09 00:00:00,7,1193.5,60,143.22,0.0,confirmed,2024-04-17 00:00:00,2024-03-08 16:00:00
fa489d2d-f207-4bc2-91ed-11a9b169f2f8,259,2024-07-24 00:00:00,14,3542.0,128,425.04,0.0,confirmed,2025-01-05 00:00:00,2024-07-23 06:00:00
c59e86d1-258d-42e0-9849-3bbc842c6aa7,389,2023-07-07 00:00:00,8,2664.0,80,319.68,266.4,cancelled,2023-12-24 00:00:00,2023-07-06 12:00:00
3c81f0dc-e86b-4599-9505-cce575fa5df4,51,2024-01-09 00:00:00,2,832.0,93,99.84,0.0,confirmed,2024-05-30 00:00:00,2024-01-08 08:00:00
7a7dd06e-9ce2-4700-b348-7aae88721012,388,2024-07-30 00:00:00,14,1078.0,102,129.36,0.0,confirmed,2024-10-26 00:00:00,2024-07-29 08:00:00
39c4f836-02a6-44a9-ad60-d09fa5f438ee,340,2023-08-28 00:00:00,12,792.0,115,95.04,0.0,confirmed,2023-10-26 00:00:00,2023-08-27 00:00:00
0e62c822-220c-42fe-afb1-7aa40e2e5f0d,160,2023-11-05 00:00:00,2,115.5,99,13.86,0.0,confirmed,2023-12-26 00:00:00,2023-11-04 02:00:00
20bf44ee-757d-4115-9fea-c5fc2478f405,291,2023-05-08 00:00:00,1,429.0,77,51.48,42.9,cancelled,2023-06-08 00:00:00,2023-05-07 08:00:00
8427ed60-49d1-4698-bc90-d4d66555b31f,183,2024-01-20 00:00:00,14,1617.0,117,194.04,0.0,confirmed,2024-05-01 00:00:00,2024-01-19 11:00:00
d27c60d7-3a64-4291-bf11-b53bd52f3a21,401,2023-11-07 00:00:00,6,2736.0,51,328.32,0.0,confirmed,2023-12-03 00:00:00,2023-11-06 19:00:00
b0e9abc5-774f-46d8-b370-fc68f32f4492,417,2023-09-15 00:00:00,14,2730.0,93,327.6,0.0,confirmed,2024-01-06 00:00:00,2023-09-14 12:00:00
d4b5754d-10e3-475b-ba25-49bf0cdec1df,35,2024-04-02 00:00:00,14,3234.0,100,388.08,0.0,confirmed,2024-09-05 00:00:00,2024-04-01 19:00:00
70d7bacd-b81d-4f36-bcee-1c089cb93313,318,2024-07-04 00:00:00,9,2065.5,138,247.86,0.0,confirmed,2024-11-08 00:00:00,2024-07-03 07:00:00
5c3cc4be-242d-49a4-9acf-6ca8e8b6bb76,51,2023-12-10 00:00:00,5,2080.0,66,249.6,0.0,confirmed,2024-04-12 00:00:00,2023-12-09 10:00:00
b404aec6-fffe-488a-a8f4-1af4a8d0345a,50,2024-01-02 00:00:00,8,3430.0,102,411.6,0.0,confirmed,2024-02-19 00:00:00,2024-01-01 17:00:00
30457bd4-ca2e-4b44-ad62-61728543c9dd,228,2023-12-28 00:00:00,6,855.0,99,102.6,85.5,cancelled,2024-04-25 00:00:00,2023-12-27 14:00:00
68638223-18a8-4867-9e9f-d4c89e87926a,315,2023-11-16 00:00:00,1,255.0,94,30.6,0.0,confirmed,2023-12-26 00:00:00,2023-11-15 02:00:00
eee6c8f6-b674-4a57-8943-d247b026e9e2,334,2024-01-31 00:00:00,9,3348.0,59,401.76,0.0,confirmed,2024-02-17 00:00:00,2024-01-30 21:00:00
e5560bf6-d676-4c35-b83c-fd85082bee2e,248,2023-06-21 00:00:00,4,868.0,70,104.16,0.0,confirmed,2023-07-14 00:00:00,2023-06-20 12:00:00
d8dfacff-34a1-40dd-bd0f-536700a16356,196,2024-01-04 00:00:00,10,2880.0,49,345.6,0.0,confirmed,2024-02-28 00:00:00,2024-01-03 22:00:00
66e5b28a-e31d-452a-ace4-c1060497e44e,134,2023-05-18 00:00:00,7,1942.5,64,233.1,0.0,confirmed,2023-10-15 00:00:00,2023-05-17 15:00:00
5dd3996a-3853-44df-a41b-e18313a4235c,181,2024-01-23 00:00:00,11,2310.0,128,277.2,0.0,confirmed,2024-02-09 00:00:00,2024-01-22 20:00:00
5fcf3cfb-a067-4259-a714-53aca3036cca,392,2023-12-30 00:00:00,6,866.28,53,103.95,0.0,confirmed,2024-02-28 00:00:00,2023-12-29 09:00:00
6b4cb018-9c8b-4574-888d-707eb5418ae8,196,2023-11-01 00:00:00,11,3168.0,50,380.16,0.0,confirmed,2023-12-03 00:00:00,2023-10-31 17:00:00
17b0fb74-1494-43d7-9683-ff986f417cd6,297,2023-09-20 00:00:00,3,342.0,114,41.04,0.0,confirmed,2024-03-09 00:00:00,2023-09-19 17:00:00
eec0a7a5-8c11-4a63-9d9d-087736764175,480,2024-04-29 00:00:00,1,78.38,77,9.41,0.0,confirmed,2024-06-01 00:00:00,2024-04-28 19:00:00
14575607-63b6-4ce3-b50b-013d5d0e62ee,129,2023-09-05 00:00:00,13,3978.0,54,477.36,0.0,confirmed,2024-02-15 00:00:00,2023-09-04 12:00:00
8936ef3c-21a5-41f1-83e4-50f81b82a813,183,2024-03-17 00:00:00,6,693.0,51,83.16,0.0,confirmed,2024-03-27 00:00:00,2024-03-16 03:00:00
9ab5e0a8-3745-44b1-a9cc-26011a04b4b3,4,2023-06-30 00:00:00,1,231.0,71,27.72,23.1,cancelled,2023-11-17 00:00:00,2023-06-29 08:00:00
621a98cb-805c-48b1-bf8b-674eff0ba8c2,260,2024-03-19 00:00:00,5,665.0,147,79.8,66.5,cancelled,2024-03-30 00:00:00,2024-03-18 19:00:00
346a037b-e070-41c9-ade3-427f64ed3acc,4,2024-01-30 00:00:00,3,693.0,110,83.16,0.0,confirmed,2024-02-17 00:00:00,2024-01-29 01:00:00
5eea8b42-bbb8-404a-b52b-98bfdaa5cc6f,82,2023-02-24 00:00:00,8,1748.0,64,209.76,0.0,confirmed,2023-05-04 00:00:00,2023-02-23 17:00:00
dc1cacbc-42e9-4c65-814f-7c107d9ed611,222,2024-03-23 00:00:00,6,1045.5,143,125.46,0.0,confirmed,2024-05-11 00:00:00,2024-03-22 16:00:00
703ad4df-b3a2-4786-a41c-5c39bcd5e172,154,2024-01-26 00:00:00,10,4042.5,88,485.1,0.0,confirmed,2024-05-17 00:00:00,2024-01-25 21:00:00
c026a233-9f85-469e-a60a-679db68a6126,226,2023-06-26 00:00:00,2,152.0,140,18.24,0.0,confirmed,2023-11-27 00:00:00,2023-06-25 08:00:00
b9509192-a44c-433d-b65d-9e877f40c7df,286,2023-10-17 00:00:00,8,4752.0,122,570.24,475.2,cancelled,2024-02-18 00:00:00,2023-10-16 20:00:00
557514fb-0112-4e16-992f-0febcc4bf7fb,279,2024-03-16 00:00:00,2,528.0,139,63.36,52.8,cancelled,2024-08-13 00:00:00,2024-03-15 03:00:00
210982c3-d6e2-45dc-b29e-35bc85ce6716,319,2024-04-21 00:00:00,9,3766.5,78,451.98,0.0,confirmed,2024-08-01 00:00:00,2024-04-20 18:00:00
a49178d2-f8ea-46c1-9ab0-b5f8bc00eff1,208,2023-11-23 00:00:00,5,490.0,141,58.8,0.0,confirmed,2024-03-05 00:00:00,2023-11-22 01:00:00
233a37ed-e48b-4b4c-8ca1-4fe02f4e2dbb,408,2023-08-28 00:00:00,6,720.0,58,86.4,0.0,confirmed,2023-11-02 00:00:00,2023-08-27 08:00:00
ceca773d-b211-475c-9ea8-e8419ed52dc1,115,2023-07-18 00:00:00,14,1001.0,93,120.12,0.0,confirmed,2023-09-08 00:00:00,2023-07-17 16:00:00
da828c44-009c-4163-82ff-52d7b367455c,482,2023-08-20 00:00:00,13,1049.75,135,125.97,0.0,confirmed,2023-09-26 00:00:00,2023-08-19 18:00:00
eb9ec356-4973-4d29-8b23-28348348ea4e,459,2023-10-26 00:00:00,4,1488.0,69,178.56,0.0,confirmed,2024-01-16 00:00:00,2023-10-25 07:00:00
7248a5ec-3477-438f-b084-2d5db0b330c1,289,2024-04-10 00:00:00,12,3078.0,57,369.36,0.0,confirmed,2024-08-16 00:00:00,2024-04-09 09:00:00
089acb12-6cca-4183-94cb-7c0e7f98efea,348,2023-11-29 00:00:00,1,248.0,130,29.76,24.8,cancelled,2024-02-26 00:00:00,2023-11-28 08:00:00
3ab839c2-95ee-45c1-9c23-c734f23b9563,479,2023-12-09 00:00:00,13,1729.0,107,207.48,172.9,cancelled,2024-03-23 00:00:00,2023-12-08 12:00:00
f08506ba-0136-4e9a-b305-f85a9a9a50a9,164,2023-10-11 00:00:00,7,2184.0,126,262.08,0.0,confirmed,2023-10-27 00:00:00,2023-10-10 20:00:00
4855ab44-b938-4833-ab75-9abdf1a2e863,377,2023-08-20 00:00:00,7,3491.25,85,418.95,349.12,cancelled,2023-11-25 00:00:00,2023-08-19 11:00:00
b067c624-c6e6-4410-872c-d4af4cf3cc2a,374,2023-12-25 00:00:00,14,1309.0,147,157.08,0.0,confirmed,2024-06-10 00:00:00,2023-12-24 05:00:00
d6180a1a-b798-4fbd-bba9-22c43a96aaa3,454,2023-12-14 00:00:00,2,121.0,142,14.52,0.0,confirmed,2024-04-16 00:00:00,2023-12-13 16:00:00
8ff913b4-5b0d-4d2c-81b6-d4d9b30c5753,487,2024-05-09 00:00:00,1,154.0,108,18.48,0.0,confirmed,2024-05-11 00:00:00,2024-05-08 07:00:00
459fb344-7d07-46a9-bb8e-376a5bc1aab1,427,2023-08-20 00:00:00,1,85.5,149,10.26,0.0,confirmed,2024-01-19 00:00:00,2023-08-19 03:00:00
34c0638e-c47f-4712-9cad-3f84e7b73c9e,146,2024-04-07 00:00:00,11,715.0,135,85.8,0.0,confirmed,2024-08-08 00:00:00,2024-04-06 09:00:00
2aac4cbb-2d49-4166-aa0c-7e12c2aea5e4,437,2023-10-02 00:00:00,10,875.0,94,105.0,87.5,cancelled,2024-03-18 00:00:00,2023-10-01 08:00:00
e6850640-bc86-4e5b-a86b-ce380c015515,455,2024-03-29 00:00:00,12,1428.0,66,171.36,0.0,confirmed,2024-08-03 00:00:00,2024-03-28 22:00:00
41bede44-071c-4d87-8bb9-7373ec582cb4,32,2023-10-28 00:00:00,3,672.0,127,80.64,0.0,confirmed,2023-12-25 00:00:00,2023-10-27 20:00:00
279b6d67-fe99-4bcf-95bd-f1ecf7cec7c7,250,2023-09-21 00:00:00,4,1024.0,149,122.88,102.4,cancelled,2023-12-12 00:00:00,2023-09-20 04:00:00
2e88257f-e3d6-48ef-9e0e-e7d6bedb9f46,267,2023-06-16 00:00:00,7,2128.0,107,255.36,0.0,confirmed,2023-11-26 00:00:00,2023-06-15 18:00:00
0e98c3fc-0309-48bb-bda8-45755fac4c9f,41,2023-12-09 00:00:00,10,2880.0,50,345.6,0.0,confirmed,2024-05-27 00:00:00,2023-12-08 01:00:00
f8883fa4-ba42-4629-888e-72c237b61053,31,2024-01-12 00:00:00,5,880.0,133,105.6,88.0,cancelled,2024-03-26 00:00:00,2024-01-11 15:00:00
9581aa3f-c598-460a-b584-723896304642,350,2024-01-25 00:00:00,13,1638.0,136,196.56,0.0,confirmed,2024-06-15 00:00:00,2024-01-24 22:00:00
bfc080dd-caaa-46cc-8a20-04e7f4a114b2,468,2023-10-31 00:00:00,14,808.5,55,97.02,0.0,confirmed,2024-01-10 00:00:00,2023-10-30 20:00:00
e00d4f0b-f658-4be7-bbb0-351a9d372b2e,123,2023-10-28 00:00:00,7,731.5,134,87.78,0.0,confirmed,2023-11-04 00:00:00,2023-10-27 10:00:00
0ced8935-4c3e-4ad9-98f4-674fe6c7e82a,84,2024-02-13 00:00:00,12,1632.0,84,195.84,163.2,cancelled,2024-05-08 00:00:00,2024-02-12 12:00:00
d2423569-3e4f-4ef5-a08c-5b77e25515f7,372,2023-10-14 00:00:00,1,224.0,112,26.88,0.0,confirmed,2023-12-06 00:00:00,2023-10-13 07:00:00
23545c19-0637-4c17-948d-14d18f8f9397,276,2023-07-19 00:00:00,6,3381.0,97,405.72,0.0,confirmed,2023-07-23 00:00:00,2023-07-18 19:00:00
d0af54f3-6c33-4afa-a13f-f7440cc24f5f,150,2023-06-14 00:00:00,13,1170.0,66,140.4,0.0,confirmed,2023-09-04 00:00:00,2023-06-13 19:00:00
e0db2417-04d3-47f5-85d5-c43af2fca0f6,8,2024-04-09 00:00:00,3,210.36,49,25.24,0.0,confirmed,2024-06-12 00:00:00,2024-04-08 09:00:00
e84078fb-6e9f-4dd3-ac17-334ce961ff43,52,2024-02-06 00:00:00,9,940.5,122,112.86,0.0,confirmed,2024-03-27 00:00:00,2024-02-05 12:00:00
3ecd4550-b17d-4367-8603-599db60d6a71,389,2024-01-17 00:00:00,8,2664.0,123,319.68,0.0,confirmed,2024-04-03 00:00:00,2024-01-16 15:00:00
0603d560-29d0-4f95-96ec-5d331b522690,256,2024-08-11 00:00:00,3,900.0,103,108.0,0.0,confirmed,2024-12-02 00:00:00,2024-08-10 23:00:00
4349607a-8cc9-45b1-a40d-8aa6f81d06c5,269,2023-05-14 00:00:00,2,544.0,86,65.28,54.4,cancelled,2023-11-06 00:00:00,2023-05-13 01:00:00
0b4848af-ee67-475e-be41-d9850777de21,304,2023-06-19 00:00:00,13,7800.0,131,936.0,780.0,cancelled,2023-10-07 00:00:00,2023-06-18 09:00:00
e49837fb-7c14-4570-9193-58e524834c0d,36,2023-04-02 00:00:00,9,693.0,148,83.16,0.0,confirmed,2023-06-07 00:00:00,2023-04-01 17:00:00
e82b7382-9bd1-4810-aaf7-4879f30588de,364,2024-02-08 00:00:00,13,2600.0,54,312.0,0.0,confirmed,2024-04-30 00:00:00,2024-02-07 02:00:00
c0488ab9-88ba-4200-9246-e8d79180e7a5,174,2023-12-02 00:00:00,13,3705.0,121,444.6,0.0,confirmed,2023-12-18 00:00:00,2023-12-01 14:00:00
4ef146f9-42a9-4c08-bd7b-0406bcfd3964,351,2024-09-03 00:00:00,6,930.0,77,111.6,0.0,confirmed,2024-12-13 00:00:00,2024-09-02 06:00:00
ac887385-a482-4142-baea-d682549a3b31,445,2023-09-13 00:00:00,7,4662.0,48,559.44,0.0,confirmed,2023-10-16 00:00:00,2023-09-12 08:00:00
739d4555-7bb8-43af-a6d9-4bb2892f3bf2,490,2023-10-06 00:00:00,2,338.0,58,40.56,33.8,cancelled,2024-01-11 00:00:00,2023-10-05 19:00:00
d29469b8-a1f5-4bb4-8e2b-7817948fdaf0,86,2024-08-18 00:00:00,7,465.5,47,55.86,0.0,confirmed,2024-12-25 00:00:00,2024-08-17 09:00:00
559938e8-f23d-4b8d-aeee-3f86688b87ed,470,2024-04-28 00:00:00,14,1862.0,141,223.44,0.0,confirmed,2024-09-22 00:00:00,2024-04-27 22:00:00
1f212fc1-685b-4439-9564-b2b12a3014c4,56,2023-11-05 00:00:00,7,3003.0,81,360.36,300.3,cancelled,2024-02-27 00:00:00,2023-11-04 03:00:00
d7cf9d9f-ba0b-469e-9e1b-18edd86a9550,360,2024-02-12 00:00:00,14,1764.0,74,211.68,0.0,confirmed,2024-05-06 00:00:00,2024-02-11 14:00:00
4c08fc6d-16c5-4be1-8c21-411a6b07d50c,40,2023-12-21 00:00:00,5,1100.0,85,132.0,0.0,confirmed,2024-02-03 00:00:00,2023-12-20 17:00:00
326a05dc-2ca9-4baf-8771-f29dbbc1b4c6,464,2023-09-01 00:00:00,14,2849.0,148,341.88,284.9,cancelled,2023-12-27 00:00:00,2023-08-31 15:00:00
eaf519c6-e3c0-484b-962d-cf04f18d8839,408,2024-04-02 00:00:00,7,840.0,89,100.8,0.0,confirmed,2024-09-13 00:00:00,2024-04-01 22:00:00
c9064a1a-4e42-4b17-bd42-29d4571911d5,392,2024-04-12 00:00:00,9,1299.42,95,155.93,0.0,confirmed,2024-06-30 00:00:00,2024-04-11 15:00:00
71666be2-4cb8-4746-8a89-92e5dd0b66e9,373,2023-07-19 00:00:00,8,680.0,146,81.6,0.0,confirmed,2023-09-16 00:00:00,2023-07-18 03:00:00
ebc5ef3b-30d6-41fb-a616-30c0d32d3848,268,2023-03-21 00:00:00,13,6448.0,106,773.76,0.0,confirmed,2023-04-24 00:00:00,2023-03-20 02:00:00
b1e67202-547c-4a43-8a15-be8aac27fe14,55,2023-12-28 00:00:00,4,544.0,107,65.28,0.0,confirmed,2024-01-12 00:00:00,2023-12-27 21:00:00
7213dc41-3d2b-4e41-825a-aec1dff6e6bd,175,2023-08-31 00:00:00,1,173.25,53,20.79,17.32,cancelled,2024-02-10 00:00:00,2023-08-30 12:00:00
5b8ee2df-ac9d-41c6-bc92-6b005ebf675c,383,2023-11-18 00:00:00,6,1518.0,150,182.16,151.8,cancelled,2024-03-30 00:00:00,2023-11-17 23:00:00
183747db-f2e9-4be5-9d97-a859d1c148c7,387,2024-04-13 00:00:00,14,2156.0,74,258.72,0.0,confirmed,2024-06-12 00:00:00,2024-04-12 13:00:00
be847beb-aace-4156-ad1f-8d10f818fadf,244,2023-09-05 00:00:00,14,2061.5,126,247.38,206.15,cancelled,2024-02-10 00:00:00,2023-09-04 17:00:00
b13bd57b-6596-4937-9896-7c5391932429,400,2023-05-24 00:00:00,12,1254.0,83,150.48,125.4,cancelled,2023-08-16 00:00:00,2023-05-23 11:00:00
a3f43a6a-ddad-4cbc-baca-7f0076c71bd4,143,2023-08-01 00:00:00,7,3234.0,97,388.08,0.0,confirmed,2023-12-14 00:00:00,2023-07-31 03:00:00
5eb1ef0a-3f3e-4872-ad54-afddbe0037fa,148,2023-05-06 00:00:00,14,5659.5,40,679.14,565.95,cancelled,2023-09-05 00:00:00,2023-05-05 16:00:00
ac03c556-7584-4b91-a4e0-9da03fb36217,371,2024-06-29 00:00:00,1,160.0,56,19.2,16.0,cancelled,2024-12-24 00:00:00,2024-06-28 19:00:00
c0e282f0-abf4-444d-862b-5d161b84d402,5,2023-08-11 00:00:00,3,210.0,110,25.2,21.0,cancelled,2024-01-27 00:00:00,2023-08-10 11:00:00
5fb1ca0c-b4b2-4359-9842-8bda25ed6d99,345,2024-03-19 00:00:00,2,330.0,127,39.6,0.0,confirmed,2024-06-11 00:00:00,2024-03-18 07:00:00
e1a49d6e-236d-4252-8e02-c74bb8489f13,42,2023-11-24 00:00:00,8,1064.0,82,127.68,0.0,confirmed,2023-12-22 00:00:00,2023-11-23 02:00:00
28160979-e579-4afb-9508-75a5e44d5b1f,442,2023-06-25 00:00:00,4,868.0,65,104.16,86.8,cancelled,2023-09-14 00:00:00,2023-06-24 15:00:00
d1d0cdcf-896a-4966-be72-43e316974c48,362,2024-01-12 00:00:00,13,5460.0,93,655.2,0.0,confirmed,2024-05-26 00:00:00,2024-01-11 05:00:00
be0a347b-c918-44d8-a212-93d963f35156,456,2023-09-24 00:00:00,13,2860.0,105,343.2,0.0,confirmed,2023-10-08 00:00:00,2023-09-23 12:00:00
62e4a802-465a-4f49-baa1-43df4fbb9eb5,16,2024-03-20 00:00:00,5,925.0,50,111.0,92.5,cancelled,2024-05-24 00:00:00,2024-03-19 08:00:00
e0a2a234-8088-448e-8ed8-757ab745e1af,4,2023-12-22 00:00:00,12,2772.0,98,332.64,277.2,cancelled,2024-05-18 00:00:00,2023-12-21 00:00:00
ecb7f0b2-16c5-49bf-a76d-91a8a8aebbdb,416,2023-08-22 00:00:00,9,900.0,114,108.0,90.0,cancelled,2023-11-11 00:00:00,2023-08-21 10:00:00
c1069d0a-1312-4b13-ad3d-0a60b0e16c9f,59,2023-07-08 00:00:00,13,2216.5,83,265.98,0.0,confirmed,2023-11-09 00:00:00,2023-07-07 01:00:00
ac02d6a2-5302-483e-8acb-5a06c9c62c51,58,2023-08-28 00:00:00,2,857.5,51,102.9,0.0,confirmed,2023-10-11 00:00:00,2023-08-27 10:00:00
673c861d-d650-4c9c-87dc-a92628ffa764,79,2023-05-19 00:00:00,3,280.5,92,33.66,0.0,confirmed,2023-08-17 00:00:00,2023-05-18 05:00:00
f8262850-2334-4afa-b9bf-41eaa3c8b502,500,2024-04-23 00:00:00,11,1497.32,134,179.68,0.0,confirmed,2024-09-19 00:00:00,2024-04-22 11:00:00
2d168ade-f4b5-4b83-bab7-4764def092eb,457,2024-01-31 00:00:00,1,149.5,80,17.94,14.95,cancelled,2024-05-06 00:00:00,2024-01-30 12:00:00
f3ee7824-e283-4dc5-bf35-f42aba9932dc,252,2024-07-23 00:00:00,8,704.0,109,84.48,70.4,cancelled,2025-01-12 00:00:00,2024-07-22 13:00:00
5ba5f37e-5199-409e-bac5-e896fe890c08,469,2023-08-13 00:00:00,14,5376.0,75,645.12,0.0,confirmed,2024-01-12 00:00:00,2023-08-12 08:00:00
53621520-5d7a-4190-9786-67f80f84745c,63,2023-07-22 00:00:00,3,1260.0,53,151.2,0.0,confirmed,2023-07-25 00:00:00,2023-07-21 05:00:00
e77d9932-e722-409f-9a60-689692e7e6be,70,2023-11-18 00:00:00,3,336.0,123,40.32,33.6,cancelled,2024-03-18 00:00:00,2023-11-17 08:00:00
c7eb99e7-fcc7-498f-b1b6-ad243200c4d7,409,2024-03-31 00:00:00,4,572.0,137,68.64,0.0,confirmed,2024-04-23 00:00:00,2024-03-30 15:00:00
5493d1aa-125f-403a-96a1-4ea00036d59c,40,2023-08-26 00:00:00,10,2200.0,98,264.0,0.0,confirmed,2023-12-20 00:00:00,2023-08-25 08:00:00
ea146a78-8b54-4b78-9d79-b9ed74ad646d,208,2024-08-11 00:00:00,6,588.0,80,70.56,0.0,confirmed,2024-10-08 00:00:00,2024-08-10 15:00:00
e9a1a940-5a22-464c-9de3-33d770022fb5,30,2023-11-02 00:00:00,12,2214.0,147,265.68,221.4,cancelled,2024-01-14 00:00:00,2023-11-01 07:00:00
d8916f55-024c-4518-a942-9769d4fe4873,238,2023-12-13 00:00:00,14,3430.0,45,411.6,0.0,confirmed,2023-12-21 00:00:00,2023-12-12 01:00:00
2bbce94d-fdf8-4736-b4af-5addbb0d8c18,229,2023-12-06 00:00:00,3,228.0,142,27.36,22.8,cancelled,2024-04-04 00:00:00,2023-12-05 05:00:00
5d17d9fd-7f66-4f98-8692-e1f11318e740,94,2023-06-08 00:00:00,5,840.0,44,100.8,84.0,cancelled,2023-10-01 00:00:00,2023-06-07 04:00:00
088afcef-2163-4e4e-aa23-f5664aeaa1bf,259,2024-05-28 00:00:00,12,3036.0,136,364.32,303.6,cancelled,2024-06-14 00:00:00,2024-05-27 09:00:00
d654641b-cf49-4dd6-b492-50d0341f1a1d,68,2023-03-04 00:00:00,3,462.0,95,55.44,0.0,confirmed,2023-05-27 00:00:00,2023-03-03 05:00:00
bfac6999-7af3-482a-8440-233995f22d15,170,2023-05-03 00:00:00,1,320.0,71,38.4,0.0,confirmed,2023-07-15 00:00:00,2023-05-02 03:00:00
ca04cfbb-8b51-497c-a2a7-209da0360d1a,148,2023-01-25 00:00:00,3,1212.75,82,145.53,0.0,confirmed,2023-05-30 00:00:00,2023-01-24 06:00:00
cd716d1c-8eba-4d73-9630-cebb1f077cb4,101,2024-05-24 00:00:00,3,1122.0,57,134.64,0.0,confirmed,2024-09-15 00:00:00,2024-05-23 06:00:00
55153a1d-2bb0-431a-a65c-ff23300efa9e,70,2024-04-05 00:00:00,5,560.0,99,67.2,0.0,confirmed,2024-04-18 00:00:00,2024-04-04 03:00:00
6ad9b17d-3b02-400e-8aed-7bcc923997c7,490,2023-10-29 00:00:00,14,2366.0,140,283.92,0.0,confirmed,2024-03-04 00:00:00,2023-10-28 11:00:00
82ec0e6c-6d09-4a13-bdd4-7c549a09d467,392,2024-05-23 00:00:00,11,1588.18,49,190.58,0.0,confirmed,2024-07-16 00:00:00,2024-05-22 16:00:00
210d5fbb-c008-4d9d-a0a5-35bda53c7f5a,433,2023-10-31 00:00:00,7,980.0,109,117.6,0.0,confirmed,2024-01-15 00:00:00,2023-10-30 01:00:00
2c071e46-197f-4440-a863-e11cd0c4a9c6,212,2024-02-19 00:00:00,13,1111.5,59,133.38,111.15,cancelled,2024-07-02 00:00:00,2024-02-18 09:00:00
35fbd60e-21cf-4d36-8c8f-321f9868c56c,110,2023-06-04 00:00:00,10,1755.0,63,210.6,0.0,confirmed,2023-07-02 00:00:00,2023-06-03 07:00:00
11752b60-ea28-48d4-8c7a-91325b62c08f,109,2023-11-02 00:00:00,8,800.0,95,96.0,80.0,cancelled,2024-03-22 00:00:00,2023-11-01 07:00:00
0a7d0c3b-68c5-4fc1-9b5e-831a528e6116,220,2023-10-05 00:00:00,14,2940.0,83,352.8,0.0,confirmed,2024-02-28 00:00:00,2023-10-04 15:00:00
2c818c2b-44c6-4866-8900-d87d2d143104,108,2023-03-15 00:00:00,3,837.0,126,100.44,0.0,confirmed,2023-07-28 00:00:00,2023-03-14 21:00:00
efba971d-f242-4703-98d2-b18a36fbd24b,286,2023-07-08 00:00:00,7,4158.0,102,498.96,415.8,cancelled,2023-10-14 00:00:00,2023-07-07 05:00:00
1ac5fcb2-7ea5-4950-9707-e9a1bd77d4a0,320,2023-06-16 00:00:00,8,3968.0,143,476.16,0.0,confirmed,2023-06-22 00:00:00,2023-06-15 08:00:00
457bcf80-f32e-468e-955b-d66c9ceafe5e,317,2023-10-12 00:00:00,5,660.0,54,79.2,0.0,confirmed,2023-12-09 00:00:00,2023-10-11 02:00:00
413d8c4e-8f05-4418-aa68-d2584ccb23e3,429,2024-09-28 00:00:00,10,1120.0,128,134.4,0.0,confirmed,2025-03-04 00:00:00,2024-09-27 14:00:00
e96b7ff6-3937-4f5d-b2c3-d270a2ff9edf,60,2024-01-31 00:00:00,7,490.84,83,58.9,49.08,cancelled,2024-04-19 00:00:00,2024-01-30 04:00:00
32231589-9ce1-4254-bbfd-eef9fb70fb7a,357,2024-05-10 00:00:00,5,618.75,137,74.25,0.0,confirmed,2024-07-19 00:00:00,2024-05-09 02:00:00
ae180d7c-dfd9-4ab5-823c-3eafa59ea309,322,2023-06-09 00:00:00,12,858.0,115,102.96,0.0,confirmed,2023-10-06 00:00:00,2023-06-08 01:00:00
55314256-8ac1-4297-a9ad-61f07b369821,117,2024-01-02 00:00:00,7,952.84,55,114.34,0.0,confirmed,2024-05-02 00:00:00,2024-01-01 18:00:00
44fa2cc7-e82e-42c9-91c6-1b9321854bee,363,2023-10-04 00:00:00,1,330.0,101,39.6,33.0,cancelled,2023-12-03 00:00:00,2023-10-03 17:00:00
d00c743a-851c-4915-9aa1-ef7774c1fa8d,160,2024-07-15 00:00:00,6,346.5,58,41.58,34.65,cancelled,2024-08-18 00:00:00,2024-07-14 09:00:00
b69b4c5e-12b1-4dc2-b838-4df9f43268c2,398,2024-02-23 00:00:00,8,520.0,47,62.4,0.0,confirmed,2024-04-26 00:00:00,2024-02-22 08:00:00
de79ef9a-bcb7-496f-91ae-10aa3093a931,411,2024-03-22 00:00:00,14,7728.0,48,927.36,772.8,cancelled,2024-05-12 00:00:00,2024-03-21 15:00:00
4df0bf08-1363-401a-8781-3de1ae9ede21,437,2024-05-16 00:00:00,4,350.0,51,42.0,0.0,confirmed,2024-09-06 00:00:00,2024-05-15 04:00:00
7c48bd7f-5899-4363-b08d-0920ce309f83,75,2023-12-31 00:00:00,13,1482.0,65,177.84,0.0,confirmed,2024-01-20 00:00:00,2023-12-30 23:00:00
9b0eebed-46e4-48bb-a317-054ab21f9771,175,2023-08-22 00:00:00,13,2252.25,82,270.27,225.23,cancelled,2023-12-24 00:00:00,2023-08-21 11:00:00
41ee90fc-bbba-4ecf-be8a-c935bfcf87d2,171,2023-06-06 00:00:00,14,1097.32,131,131.68,109.73,cancelled,2023-07-24 00:00:00,2023-06-05 11:00:00
754f6cba-a338-4b5d-a249-b03fe377f08e,208,2024-01-05 00:00:00,5,490.0,133,58.8,0.0,confirmed,2024-06-21 00:00:00,2024-01-04 03:00:00
b929026b-d935-4b07-a690-38f4ae808bad,35,2024-05-16 00:00:00,5,1155.0,127,138.6,0.0,confirmed,2024-06-19 00:00:00,2024-05-15 05:00:00
94406476-e0c3-4611-8d99-4863fa722df6,243,2024-02-02 00:00:00,14,7938.0,88,952.56,0.0,confirmed,2024-06-23 00:00:00,2024-02-01 14:00:00
4d8fbedf-4151-4ac7-849b-7745631ce379,491,2023-06-20 00:00:00,2,432.0,96,51.84,43.2,cancelled,2023-09-13 00:00:00,2023-06-19 11:00:00
ef61284d-b28c-421d-99ae-853b6204a402,1,2024-05-03 00:00:00,7,565.25,146,67.83,0.0,confirmed,2024-09-16 00:00:00,2024-05-02 04:00:00
7d8d2f46-f2bd-4cb6-8149-bab554f22fa1,322,2024-03-08 00:00:00,6,429.0,108,51.48,0.0,confirmed,2024-05-27 00:00:00,2024-03-07 02:00:00
3584c296-df76-4aeb-b258-76ea0bf24295,253,2023-05-14 00:00:00,14,3584.0,103,430.08,0.0,confirmed,2023-05-29 00:00:00,2023-05-13 15:00:00
daf77689-6ee5-410d-97f9-13169681fa9d,339,2024-03-16 00:00:00,4,704.0,147,84.48,0.0,confirmed,2024-08-11 00:00:00,2024-03-15 05:00:00
ed2476d3-677a-42b1-91ca-c460a5cfb5e7,448,2023-09-23 00:00:00,3,553.5,53,66.42,0.0,confirmed,2024-01-30 00:00:00,2023-09-22 09:00:00
1064e1df-b5a6-43fd-b06e-f55cc1d7f043,414,2024-01-18 00:00:00,2,480.0,89,57.6,48.0,cancelled,2024-03-13 00:00:00,2024-01-17 10:00:00
768523de-7813-4e5d-9caf-881775c4c44d,48,2023-03-04 00:00:00,10,522.5,138,62.7,0.0,confirmed,2023-07-31 00:00:00,2023-03-03 23:00:00
9c97cb0a-4e95-40db-b5e9-f2ec4c860e8f,300,2024-09-08 00:00:00,4,2652.0,141,318.24,0.0,confirmed,2024-10-08 00:00:00,2024-09-07 20:00:00
cf678bc1-559c-467c-bae8-4e837c0f0561,358,2024-04-29 00:00:00,11,3366.0,91,403.92,0.0,confirmed,2024-05-24 00:00:00,2024-04-28 19:00:00
697e4beb-bd60-49fb-a692-386abf29db46,400,2023-09-30 00:00:00,6,627.0,43,75.24,62.7,cancelled,2023-12-22 00:00:00,2023-09-29 15:00:00
82b02cbb-9979-41d9-ad6e-c34c73be623e,321,2024-05-04 00:00:00,8,2232.0,129,267.84,223.2,cancelled,2024-07-07 00:00:00,2024-05-03 19:00:00
05d6d8b4-44e6-4c86-88ce-d939f84ec3e6,132,2024-03-03 00:00:00,12,5208.0,119,624.96,520.8,cancelled,2024-06-17 00:00:00,2024-03-02 11:00:00
4b9cfb8b-eb18-4e26-ad50-8334a4eddde1,33,2023-08-16 00:00:00,2,370.0,80,44.4,0.0,confirmed,2023-10-13 00:00:00,2023-08-15 08:00:00
c0afd43e-ba80-4f3d-853c-1c9a5ff02f79,85,2024-09-03 00:00:00,8,728.0,52,87.36,72.8,cancelled,2025-01-18 00:00:00,2024-09-02 13:00:00
f0635ffc-0e50-460c-b5f6-6c0a02034562,317,2023-06-13 00:00:00,9,1188.0,47,142.56,118.8,cancelled,2023-08-15 00:00:00,2023-06-12 10:00:00
4c9808b6-973c-46e1-8018-a884b5986cb0,347,2024-06-19 00:00:00,12,1320.0,101,158.4,0.0,confirmed,2024-11-24 00:00:00,2024-06-18 14:00:00
9645ba4b-e7b1-4294-a797-eaf6b4f7da13,136,2023-11-11 00:00:00,8,640.0,147,76.8,0.0,confirmed,2023-11-29 00:00:00,2023-11-10 11:00:00
ea6d89b2-c760-452d-ab3c-e780c5528055,249,2024-04-29 00:00:00,3,342.0,130,41.04,0.0,confirmed,2024-07-05 00:00:00,2024-04-28 07:00:00
5afad181-1f2f-472a-9b33-eaa97b3eea20,435,2023-03-27 00:00:00,1,140.0,138,16.8,0.0,confirmed,2023-04-03 00:00:00,2023-03-26 03:00:00
e7e828f2-a0ab-4ea3-af7f-dcabbc2cddc8,80,2024-02-19 00:00:00,4,840.0,86,100.8,0.0,confirmed,2024-04-18 00:00:00,2024-02-18 09:00:00
a7c37ab5-04cd-483b-8423-2eb0cc455fbf,12,2023-04-15 00:00:00,14,1694.0,89,203.28,169.4,cancelled,2023-06-24 00:00:00,2023-04-14 04:00:00
7c343ee1-7813-4fe9-afb3-8aecf599ad77,165,2023-03-23 00:00:00,5,700.0,42,84.0,70.0,cancelled,2023-08-27 00:00:00,2023-03-22 13:00:00
819c5fd8-f4a4-4411-b229-05e5f2760898,59,2023-12-30 00:00:00,11,1875.5,119,225.06,187.55,cancelled,2024-03-02 00:00:00,2023-12-29 15:00:00
f5405980-8c67-4d43-83c1-a5f16a70d39c,110,2023-03-24 00:00:00,6,1053.0,99,126.36,0.0,confirmed,2023-09-10 00:00:00,2023-03-23 20:00:00
0249ee86-b698-46b0-bf4e-b141e389b782,333,2024-05-22 00:00:00,14,1848.0,88,221.76,184.8,cancelled,2024-08-13 00:00:00,2024-05-21 21:00:00
bdd58285-4ff5-44c4-820d-93c420d14411,349,2024-02-11 00:00:00,8,3220.0,94,386.4,0.0,confirmed,2024-07-30 00:00:00,2024-02-10 13:00:00
23ae3245-cc17-4443-bb50-ac69fc30e3c5,284,2023-08-20 00:00:00,9,1989.0,93,238.68,0.0,confirmed,2024-02-14 00:00:00,2023-08-19 14:00:00
5cc16cec-db9f-433b-ba92-8a891357aba3,333,2024-08-19 00:00:00,10,1320.0,75,158.4,0.0,confirmed,2025-02-13 00:00:00,2024-08-18 16:00:00
37728107-c557-469d-95e7-ce6d2bda0e5e,99,2024-06-17 00:00:00,7,577.5,56,69.3,0.0,confirmed,2024-08-28 00:00:00,2024-06-16 04:00:00
d517e8e6-961e-40fe-aefe-02ba97dfd404,395,2023-06-27 00:00:00,11,5285.5,120,634.26,0.0,confirmed,2023-11-06 00:00:00,2023-06-26 22:00:00
d4edc0f5-5f96-4c95-9ec9-5667f11ec4c5,137,2024-03-02 00:00:00,12,1767.0,143,212.04,0.0,confirmed,2024-03-13 00:00:00,2024-03-01 10:00:00
1ce30071-6bc1-4d69-838d-2ce090071317,76,2023-08-25 00:00:00,8,748.0,46,89.76,0.0,confirmed,2023-12-02 00:00:00,2023-08-24 09:00:00
4a63c526-5b21-4107-b968-ed80dc4a4412,134,2023-09-17 00:00:00,4,1110.0,48,133.2,0.0,confirmed,2023-12-16 00:00:00,2023-09-16 08:00:00
a3588e66-67ef-4acc-ae4d-630add3db2bf,342,2023-08-02 00:00:00,6,480.0,116,57.6,0.0,confirmed,2023-09-07 00:00:00,2023-08-01 02:00:00
ee0fb060-cd09-41b3-9aeb-28b28d52a4ec,87,2024-03-26 00:00:00,9,792.0,71,95.04,79.2,cancelled,2024-03-29 00:00:00,2024-03-25 16:00:00
e294cedb-bb01-47d5-80eb-9fe78d72ee4f,321,2024-03-03 00:00:00,3,837.0,90,100.44,0.0,confirmed,2024-07-06 00:00:00,2024-03-02 22:00:00
8f6157d6-13f5-4cbb-9d70-2daa4973b27c,471,2024-02-17 00:00:00,7,1995.0,68,239.4,0.0,confirmed,2024-03-13 00:00:00,2024-02-16 01:00:00
612fc6d1-c6e8-49c2-a9be-8a493ac98837,237,2023-03-24 00:00:00,11,2037.75,97,244.53,0.0,confirmed,2023-06-07 00:00:00,2023-03-23 08:00:00
76c92741-ff03-4bc7-9e51-d6051c31d084,419,2023-03-07 00:00:00,2,286.0,137,34.32,28.6,cancelled,2023-08-21 00:00:00,2023-03-06 16:00:00
58c1c9b8-3521-44e9-9d12-80c53ca81b4f,312,2023-09-25 00:00:00,2,1085.0,60,130.2,0.0,confirmed,2023-10-18 00:00:00,2023-09-24 14:00:00
2d496b04-542d-4a81-99b6-99f50541db6e,186,2024-06-22 00:00:00,4,1920.0,139,230.4,0.0,confirmed,2024-11-24 00:00:00,2024-06-21 14:00:00
40b97755-b0a7-4d7d-abaf-12c8b299599f,466,2024-04-01 00:00:00,10,2185.0,149,262.2,0.0,confirmed,2024-09-20 00:00:00,2024-03-31 18:00:00
37040b2b-1136-4646-82df-032bbac49df2,269,2023-12-06 00:00:00,6,1632.0,102,195.84,163.2,cancelled,2024-01-15 00:00:00,2023-12-05 04:00:00
56b91518-1dfc-4277-a3ad-9fafe86ca450,82,2023-06-17 00:00:00,12,2622.0,70,314.64,0.0,confirmed,2023-11-22 00:00:00,2023-06-16 10:00:00
6b167801-9154-4d65-8609-a4ab9cf5ad74,370,2023-12-18 00:00:00,4,363.0,127,43.56,0.0,confirmed,2024-01-08 00:00:00,2023-12-17 17:00:00
33693f22-19e8-4662-b84c-feeec4ff9ff0,326,2024-03-27 00:00:00,12,3348.0,129,401.76,334.8,cancelled,2024-05-08 00:00:00,2024-03-26 16:00:00
1021cfcc-c66c-4b37-b1be-3b2fb644e803,402,2023-04-11 00:00:00,6,3264.0,101,391.68,326.4,cancelled,2023-09-07 00:00:00,2023-04-10 08:00:00
7ef83f33-7596-4f0f-810c-1084fecb341e,341,2023-06-04 00:00:00,7,1212.75,103,145.53,0.0,confirmed,2023-09-21 00:00:00,2023-06-03 23:00:00
d725d81b-f467-42c2-9b7a-8b0756c42a32,415,2024-06-24 00:00:00,11,2178.0,40,261.36,217.8,cancelled,2024-11-19 00:00:00,2024-06-23 02:00:00
f477e526-4095-4007-b0e4-1ed4028eeab6,62,2023-10-30 00:00:00,3,480.0,48,57.6,48.0,cancelled,2024-01-23 00:00:00,2023-10-29 09:00:00
1cfe6983-4abc-406b-9892-0cfd15178125,344,2024-01-19 00:00:00,1,127.88,141,15.35,12.79,cancelled,2024-05-10 00:00:00,2024-01-18 13:00:00
fb7c29d0-51a5-4670-88b8-eadfa45d67b1,9,2023-10-28 00:00:00,4,528.0,142,63.36,52.8,cancelled,2024-01-03 00:00:00,2023-10-27 21:00:00
4602ab85-b0c1-4127-ab35-2ab6151c683f,239,2024-06-14 00:00:00,1,546.0,147,65.52,54.6,cancelled,2024-11-20 00:00:00,2024-06-13 07:00:00
28054ef7-68b9-444e-9282-88ca1df0605b,205,2024-01-11 00:00:00,3,173.25,108,20.79,0.0,confirmed,2024-03-05 00:00:00,2024-01-10 11:00:00
a50ad0c5-08c4-4b99-9817-b3b84583035b,63,2023-11-10 00:00:00,4,1680.0,143,201.6,0.0,confirmed,2023-12-15 00:00:00,2023-11-09 21:00:00
3bfdabee-cd03-470c-bc39-74ba9ea3e501,283,2023-10-22 00:00:00,2,540.0,92,64.8,54.0,cancelled,2024-03-21 00:00:00,2023-10-21 16:00:00
1740d8a8-9d20-46a4-88c4-75f3e4519858,226,2023-05-13 00:00:00,14,1064.0,77,127.68,0.0,confirmed,2023-07-20 00:00:00,2023-05-12 23:00:00
968a52b2-7035-428e-8086-9a1b82e9628a,51,2024-05-27 00:00:00,14,5824.0,66,698.88,582.4,cancelled,2024-10-09 00:00:00,2024-05-26 23:00:00
212472a8-9941-42d6-a16f-93d77f638ccf,342,2023-10-15 00:00:00,12,960.0,99,115.2,0.0,confirmed,2023-11-12 00:00:00,2023-10-14 07:00:00
6b24a95f-8351-4dbe-a0b7-e9c2ab68db93,334,2024-01-19 00:00:00,14,5208.0,76,624.96,0.0,confirmed,2024-01-30 00:00:00,2024-01-18 18:00:00
550b8caf-7b72-4cb7-ac99-dac6aa86945f,480,2023-09-28 00:00:00,6,470.28,108,56.43,47.03,cancelled,2023-12-11 00:00:00,2023-09-27 16:00:00
ce4e576f-f9d6-4f37-8866-431c460bd9ca,229,2023-05-17 00:00:00,4,304.0,137,36.48,0.0,confirmed,2023-08-22 00:00:00,2023-05-16 16:00:00
b4657230-b410-4604-bfa2-42eacbb6f14e,225,2023-04-06 00:00:00,11,3157.0,124,378.84,0.0,confirmed,2023-05-25 00:00:00,2023-04-05 08:00:00
43748e96-0729-4abf-a258-df5230131cfd,130,2023-09-01 00:00:00,4,577.52,98,69.3,57.75,cancelled,2023-11-11 00:00:00,2023-08-31 11:00:00
ccf1fb44-3f05-4ea0-8cc0-b3e01c84eee6,372,2024-01-27 00:00:00,2,448.0,45,53.76,0.0,confirmed,2024-05-07 00:00:00,2024-01-26 04:00:00
17892999-3909-4934-978c-e604b72329f9,499,2023-06-27 00:00:00,2,476.0,130,57.12,0.0,confirmed,2023-08-26 00:00:00,2023-06-26 04:00:00
09db85e3-41b5-42b8-a657-5657bd4b5ee8,234,2023-10-01 00:00:00,10,3000.0,150,360.0,0.0,confirmed,2023-10-04 00:00:00,2023-09-30 06:00:00
d3f92258-cf2c-4b4c-b697-4189b77d45d7,183,2024-07-26 00:00:00,9,1039.5,102,124.74,0.0,confirmed,2024-12-31 00:00:00,2024-07-25 01:00:00
1f7d0491-855e-4975-a2c0-e0f597c5d5a5,171,2023-08-16 00:00:00,11,862.18,56,103.46,0.0,confirmed,2023-10-21 00:00:00,2023-08-15 23:00:00
ddf8f58d-fec7-4bdc-bc3e-4b87853d3fa7,332,2024-06-26 00:00:00,2,693.0,127,83.16,0.0,confirmed,2024-09-18 00:00:00,2024-06-25 19:00:00
999d2036-807c-4134-b5f1-43b072fbe121,57,2024-05-03 00:00:00,11,4070.0,58,488.4,0.0,confirmed,2024-10-05 00:00:00,2024-05-02 02:00:00
5659d87d-9752-491f-abc0-db45c784df4f,205,2023-11-25 00:00:00,13,750.75,75,90.09,0.0,confirmed,2023-12-06 00:00:00,2023-11-24 22:00:00
554363d6-d93d-432e-bc47-ef5d8c5eb8cc,199,2023-05-22 00:00:00,3,655.5,89,78.66,0.0,confirmed,2023-07-15 00:00:00,2023-05-21 22:00:00
73f1f66f-c1e7-4858-bf63-f54c6192c5e7,250,2023-07-08 00:00:00,6,1536.0,40,184.32,0.0,confirmed,2023-09-26 00:00:00,2023-07-07 12:00:00
3cb98488-0b1b-4b35-8a0f-a2dc5dc119ae,403,2024-03-27 00:00:00,3,1020.0,139,122.4,0.0,confirmed,2024-05-26 00:00:00,2024-03-26 18:00:00
59479392-5914-417d-b33c-e4322435a5f6,438,2023-07-23 00:00:00,1,420.0,141,50.4,0.0,confirmed,2023-12-21 00:00:00,2023-07-22 10:00:00
6db3612a-11b2-4570-a21e-2f94e024b683,412,2023-11-18 00:00:00,2,348.5,125,41.82,0.0,confirmed,2024-01-06 00:00:00,2023-11-17 12:00:00
9bf93a08-75fa-4fec-a1ce-4e49e0122274,481,2023-08-28 00:00:00,14,924.0,91,110.88,0.0,confirmed,2024-01-25 00:00:00,2023-08-27 10:00:00
332893a5-17aa-404a-9bcc-92de7b6ab14f,270,2023-11-18 00:00:00,3,969.0,72,116.28,0.0,confirmed,2024-03-21 00:00:00,2023-11-17 05:00:00
da8d2854-bd01-4e6b-b53a-102b1aadc7e9,420,2024-04-18 00:00:00,8,646.0,118,77.52,64.6,cancelled,2024-05-11 00:00:00,2024-04-17 02:00:00
4f34a307-5437-41b9-9cde-58fa097f579c,322,2024-02-22 00:00:00,1,71.5,143,8.58,0.0,confirmed,2024-06-02 00:00:00,2024-02-21 20:00:00
48486598-296a-4bfb-b03b-4fd871ec1f3e,364,2024-01-18 00:00:00,8,1600.0,51,192.0,160.0,cancelled,2024-04-26 00:00:00,2024-01-17 17:00:00
9afb8790-401c-4dac-b0ed-9dcadd076fb0,421,2023-10-27 00:00:00,2,343.0,124,41.16,34.3,cancelled,2024-04-03 00:00:00,2023-10-26 02:00:00
b0a048c7-89dd-4d82-a923-da0645bfe828,128,2023-09-21 00:00:00,5,2520.0,98,302.4,0.0,confirmed,2023-10-17 00:00:00,2023-09-20 22:00:00
f9c3d1cc-703f-4804-b713-7ab3e86def32,9,2023-12-26 00:00:00,9,1188.0,142,142.56,0.0,confirmed,2024-01-24 00:00:00,2023-12-25 17:00:00
ac5a047d-7f07-4055-8b4c-eeb616de6783,238,2023-09-26 00:00:00,12,2940.0,144,352.8,0.0,confirmed,2024-01-18 00:00:00,2023-09-25 10:00:00
d3d005a6-7a4e-4ae5-8a5d-f5f01e82a429,410,2024-04-14 00:00:00,7,665.0,109,79.8,66.5,cancelled,2024-05-30 00:00:00,2024-04-13 04:00:00
16cde785-3121-4385-b3f1-b80888e2b61c,418,2023-12-07 00:00:00,11,2722.5,72,326.7,0.0,confirmed,2024-02-14 00:00:00,2023-12-06 02:00:00
06d9e557-7a3a-4399-a620-3f2b9c1c8d3d,125,2024-01-01 00:00:00,3,2430.0,96,291.6,0.0,confirmed,2024-01-09 00:00:00,2023-12-31 19:00:00
27fffbbb-d24b-4d71-9716-2e101bb320bd,471,2024-03-03 00:00:00,8,2280.0,106,273.6,0.0,confirmed,2024-04-22 00:00:00,2024-03-02 04:00:00
246c8ea4-6c60-485b-8766-9d68cd5ddcdf,456,2023-09-05 00:00:00,3,660.0,135,79.2,66.0,cancelled,2024-01-21 00:00:00,2023-09-04 14:00:00
8759fdd6-45a5-4d71-94fd-c5fecee00329,436,2024-05-10 00:00:00,14,3626.0,56,435.12,0.0,confirmed,2024-10-22 00:00:00,2024-05-09 20:00:00
1f488e17-8667-4bc1-9f7c-0abb9b34c20d,26,2024-06-08 00:00:00,1,57.75,111,6.93,5.78,cancelled,2024-08-31 00:00:00,2024-06-07 22:00:00
29a0d08e-30ee-4261-94cd-c935887c943a,305,2024-05-02 00:00:00,1,91.0,128,10.92,9.1,cancelled,2024-09-09 00:00:00,2024-05-01 06:00:00
e28ab4a0-74e3-440f-93ad-6bea69c89a26,270,2023-12-25 00:00:00,1,323.0,140,38.76,32.3,cancelled,2024-05-12 00:00:00,2023-12-24 19:00:00
69c4a2e8-2aa7-4025-aa61-a2ffe7886b97,124,2024-01-27 00:00:00,5,1020.0,104,122.4,0.0,confirmed,2024-07-10 00:00:00,2024-01-26 15:00:00
5e47d520-84bc-4f6f-9bde-202e505a817f,459,2024-01-17 00:00:00,13,4836.0,134,580.32,0.0,confirmed,2024-03-31 00:00:00,2024-01-16 12:00:00
7f31e889-253f-45ed-8c11-ee5456418d93,388,2024-06-20 00:00:00,6,462.0,94,55.44,0.0,confirmed,2024-08-06 00:00:00,2024-06-19 04:00:00
2d46a1ca-6fbf-4f20-9042-0876831cef11,393,2023-03-01 00:00:00,2,1036.0,114,124.32,0.0,confirmed,2023-06-16 00:00:00,2023-02-28 22:00:00
a9f3ef5d-a681-4229-80d0-9b8cee2a3356,300,2024-03-03 00:00:00,13,8619.0,65,1034.28,0.0,confirmed,2024-08-11 00:00:00,2024-03-02 22:00:00
88711e25-2fd2-44d5-8bec-99100a1d8ea5,366,2023-12-22 00:00:00,13,1662.44,93,199.49,0.0,confirmed,2024-01-24 00:00:00,2023-12-21 12:00:00
99af5dec-13d5-4996-bfcc-d41868378862,306,2023-02-08 00:00:00,11,1875.5,94,225.06,0.0,confirmed,2023-02-15 00:00:00,2023-02-07 03:00:00
3f4dfc00-007f-4e45-a16e-ce57a7d2fe2e,276,2024-01-03 00:00:00,7,3944.5,122,473.34,0.0,confirmed,2024-06-28 00:00:00,2024-01-02 21:00:00
c2118ad0-8ca4-4b88-9b99-bacfd2f78f81,468,2023-12-07 00:00:00,10,577.5,149,69.3,0.0,confirmed,2024-05-22 00:00:00,2023-12-06 14:00:00
fb498d0d-5399-4b79-b00f-d3a428ea07fd,350,2023-09-05 00:00:00,11,1386.0,99,166.32,138.6,cancelled,2024-01-29 00:00:00,2023-09-04 02:00:00
6358d321-108a-4b7c-ab1e-439977054133,27,2024-07-20 00:00:00,8,704.0,89,84.48,70.4,cancelled,2024-10-03 00:00:00,2024-07-19 13:00:00
757d2fd2-39dd-4d81-b58c-d3b16ed65c41,430,2024-01-13 00:00:00,9,643.5,144,77.22,0.0,confirmed,2024-05-07 00:00:00,2024-01-12 22:00:00
9c529fe6-71aa-4569-86fd-7f41c199a858,384,2023-12-05 00:00:00,13,7410.0,44,889.2,0.0,confirmed,2024-01-02 00:00:00,2023-12-04 19:00:00
15e3524f-0130-4191-a390-3e33be79ed8e,431,2023-11-05 00:00:00,4,400.0,117,48.0,0.0,confirmed,2023-12-30 00:00:00,2023-11-04 17:00:00
4ed6bfa2-37eb-4ea1-9290-8df515670c33,133,2024-03-16 00:00:00,9,1759.5,104,211.14,0.0,confirmed,2024-09-11 00:00:00,2024-03-15 12:00:00
b1df56df-cbe5-4b9b-8234-831024eaabc1,332,2024-01-21 00:00:00,4,1386.0,88,166.32,0.0,confirmed,2024-07-03 00:00:00,2024-01-20 08:00:00
5271ffcd-817a-4ea1-839d-81526bd3a0a3,89,2023-12-02 00:00:00,7,2495.5,48,299.46,249.55,cancelled,2024-02-26 00:00:00,2023-12-01 23:00:00
f5cf26e9-8268-42a9-87cf-c5c3eb82adc2,146,2024-08-07 00:00:00,14,910.0,124,109.2,0.0,confirmed,2024-12-13 00:00:00,2024-08-06 06:00:00
93f58d6e-94fb-474d-8c9c-5de1afb3cab1,405,2023-10-17 00:00:00,6,924.0,55,110.88,92.4,cancelled,2024-03-19 00:00:00,2023-10-16 14:00:00
cd029503-8035-4028-a58e-3aa7116fb9aa,113,2023-09-06 00:00:00,7,1296.75,71,155.61,129.68,cancelled,2024-02-10 00:00:00,2023-09-05 16:00:00
ec8a5f08-9756-4d4f-9bd2-e8ee1cf7a317,228,2023-11-14 00:00:00,12,1710.0,69,205.2,0.0,confirmed,2024-03-05 00:00:00,2023-11-13 15:00:00
be82c14d-51b7-4d84-9bc1-7da971e100bc,320,2023-07-19 00:00:00,3,1488.0,123,178.56,0.0,confirmed,2023-08-04 00:00:00,2023-07-18 12:00:00
b13ae5d4-8466-492a-b23b-7888fc7b9f4b,252,2024-04-17 00:00:00,12,1056.0,41,126.72,0.0,confirmed,2024-08-28 00:00:00,2024-04-16 20:00:00
e380c621-5c35-46cf-863a-e17f37e24e5d,483,2024-01-21 00:00:00,11,2673.0,133,320.76,0.0,confirmed,2024-04-24 00:00:00,2024-01-20 00:00:00
cf205b0a-15f0-41bd-b33f-ca41ae401dfe,205,2023-05-13 00:00:00,2,115.5,126,13.86,0.0,confirmed,2023-09-14 00:00:00,2023-05-12 03:00:00
fdf10718-8bcc-4925-87e4-bd7d791aaaf8,373,2023-05-09 00:00:00,8,680.0,101,81.6,0.0,confirmed,2023-07-22 00:00:00,2023-05-08 19:00:00
33e47e88-d99f-4ef7-bf65-16ecc908c950,285,2023-09-30 00:00:00,7,465.5,145,55.86,0.0,confirmed,2024-03-04 00:00:00,2023-09-29 15:00:00
f44bdaf6-e102-4e7f-90dd-123463116960,347,2024-08-23 00:00:00,12,1320.0,118,158.4,0.0,confirmed,2025-01-25 00:00:00,2024-08-22 09:00:00
67ddbb96-8743-4fbd-b783-1f7549e867ff,26,2023-12-24 00:00:00,3,173.25,114,20.79,0.0,confirmed,2024-05-20 00:00:00,2023-12-23 12:00:00
be715629-64cd-4bb7-b4e8-9b8d06c3356a,54,2023-07-02 00:00:00,4,220.0,77,26.4,0.0,confirmed,2023-10-03 00:00:00,2023-07-01 10:00:00
b0cb97fe-abe4-4b04-9998-184a3f8add3d,56,2023-11-15 00:00:00,9,3861.0,115,463.32,0.0,confirmed,2023-12-03 00:00:00,2023-11-14 03:00:00
ba3c104f-73e1-4601-b055-a1284e7ffcbd,83,2024-09-10 00:00:00,5,1400.0,47,168.0,0.0,confirmed,2024-10-24 00:00:00,2024-09-09 14:00:00
3564580d-b117-4ccf-a09d-a0887b9b8982,201,2024-05-04 00:00:00,4,363.0,138,43.56,36.3,cancelled,2024-09-03 00:00:00,2024-05-03 17:00:00
f890c053-7ab2-407a-a98b-9b26f5c1d5e4,114,2023-05-20 00:00:00,8,2432.0,93,291.84,0.0,confirmed,2023-07-01 00:00:00,2023-05-19 07:00:00
3d8bb670-20f6-4b9d-a418-fb4aecf6c572,356,2023-10-10 00:00:00,4,1056.0,48,126.72,105.6,cancelled,2024-03-29 00:00:00,2023-10-09 02:00:00
e78626ef-82c3-4952-b893-599a8ec0f5c0,282,2023-08-19 00:00:00,9,2079.0,123,249.48,0.0,confirmed,2024-02-14 00:00:00,2023-08-18 07:00:00
37228c3e-c794-479b-b28f-cfd20b73be03,54,2023-10-12 00:00:00,5,275.0,141,33.0,0.0,confirmed,2024-03-29 00:00:00,2023-10-11 20:00:00
8297776a-c29a-4673-94d3-0dfa0fb6ebce,92,2023-08-31 00:00:00,6,2016.0,147,241.92,0.0,confirmed,2023-10-10 00:00:00,2023-08-30 11:00:00
540e1148-1a3e-4d5f-8aac-74a3af754776,292,2023-10-06 00:00:00,10,990.0,144,118.8,99.0,cancelled,2024-01-28 00:00:00,2023-10-05 03:00:00
2b2568be-5d3f-42a9-8388-0650c94be1c2,462,2023-10-30 00:00:00,6,2997.0,131,359.64,0.0,confirmed,2024-03-30 00:00:00,2023-10-29 14:00:00
dc2a4d4b-f070-4030-942f-a07ec2d3e162,176,2023-06-14 00:00:00,2,726.0,143,87.12,72.6,cancelled,2023-10-04 00:00:00,2023-06-13 20:00:00
3233e8f0-2422-4a6f-ae0c-52c163a5cc2b,168,2023-05-17 00:00:00,12,1881.0,124,225.72,0.0,confirmed,2023-07-04 00:00:00,2023-05-16 00:00:00
a889fa45-f776-424c-9a6a-300ce4b4c3f8,63,2023-05-28 00:00:00,10,4200.0,134,504.0,0.0,confirmed,2023-07-31 00:00:00,2023-05-27 07:00:00
3a15c205-b8f2-4ab1-ad45-f0f050d3aace,240,2023-12-26 00:00:00,11,1045.0,64,125.4,104.5,cancelled,2024-04-15 00:00:00,2023-12-25 00:00:00
40606182-15b8-4ed5-841b-75dfa2a57d31,179,2023-09-14 00:00:00,2,212.5,49,25.5,0.0,confirmed,2023-11-23 00:00:00,2023-09-13 15:00:00
f4cf8004-b6eb-4f81-93e9-0cf73a240d10,422,2023-03-20 00:00:00,6,912.0,48,109.44,0.0,confirmed,2023-05-03 00:00:00,2023-03-19 08:00:00
cedef533-f398-4ab9-8d38-e37476cfad0d,151,2024-07-27 00:00:00,12,7140.0,141,856.8,0.0,confirmed,2025-01-20 00:00:00,2024-07-26 02:00:00
3e8ffd7c-18e4-4e9c-913e-e3f32efd7df7,343,2024-03-23 00:00:00,7,789.25,149,94.71,0.0,confirmed,2024-04-27 00:00:00,2024-03-22 19:00:00
1dedd52c-c0d2-4c66-ae80-c2392e2f85b6,450,2023-09-22 00:00:00,3,1176.0,47,141.12,0.0,confirmed,2023-11-02 00:00:00,2023-09-21 03:00:00
46912590-81d7-417a-871c-239c1ce1c140,97,2023-09-03 00:00:00,14,3570.0,54,428.4,0.0,confirmed,2023-11-04 00:00:00,2023-09-02 23:00:00
9f9c61e4-4f66-49b3-a96c-e67c925612dd,314,2023-10-20 00:00:00,8,7680.0,87,921.6,768.0,cancelled,2024-04-16 00:00:00,2023-10-19 23:00:00
24244f47-9686-4bc8-be8c-181a6651b2ad,460,2024-02-05 00:00:00,8,2720.0,70,326.4,0.0,confirmed,2024-04-08 00:00:00,2024-02-04 11:00:00
a76e924c-de38-41c6-96d6-328fd3a82b1a,119,2024-06-23 00:00:00,10,800.0,149,96.0,0.0,confirmed,2024-08-21 00:00:00,2024-06-22 06:00:00
88f434b6-e585-4c0b-b24e-6ded0cf0f668,332,2024-04-10 00:00:00,8,2772.0,114,332.64,0.0,confirmed,2024-09-19 00:00:00,2024-04-09 03:00:00
7d9955ac-d9b3-4527-b902-52b289e16d0b,163,2024-04-18 00:00:00,3,1242.0,46,149.04,0.0,confirmed,2024-07-03 00:00:00,2024-04-17 06:00:00
5626369a-a669-4007-950b-60fdcf1878dd,138,2024-04-12 00:00:00,14,4620.0,133,554.4,0.0,confirmed,2024-04-29 00:00:00,2024-04-11 10:00:00
083fac48-741a-4324-9127-7cfa843d4167,77,2023-10-22 00:00:00,6,1155.0,52,138.6,0.0,confirmed,2024-01-13 00:00:00,2023-10-21 17:00:00
689eea2a-83cd-494c-8a6b-2fe6a7eb308f,227,2023-03-21 00:00:00,13,1547.0,42,185.64,154.7,cancelled,2023-06-24 00:00:00,2023-03-20 07:00:00
3a2751de-1948-44b4-a47f-4e600ee937d8,202,2024-03-25 00:00:00,2,476.0,85,57.12,0.0,confirmed,2024-05-13 00:00:00,2024-03-24 12:00:00
eb1d190e-7732-4cd3-8d55-a37d665607b1,212,2024-05-08 00:00:00,1,85.5,123,10.26,0.0,confirmed,2024-09-24 00:00:00,2024-05-07 22:00:00
c2a1d46b-2102-41ed-a443-0f100de01cf6,175,2024-02-23 00:00:00,1,173.25,119,20.79,17.32,cancelled,2024-05-16 00:00:00,2024-02-22 07:00:00
d5795ad0-30e0-497a-a050-f0d5c40fc52a,419,2023-10-19 00:00:00,4,572.0,42,68.64,57.2,cancelled,2023-11-27 00:00:00,2023-10-18 09:00:00
4a613b9c-3d2a-4c2d-8c5b-2caa004e3d2f,419,2023-08-18 00:00:00,6,858.0,129,102.96,0.0,confirmed,2023-12-24 00:00:00,2023-08-17 09:00:00
8fda69d7-28b6-4ca9-acdc-aaa3b7e571cc,139,2024-04-18 00:00:00,3,255.0,130,30.6,0.0,confirmed,2024-05-08 00:00:00,2024-04-17 13:00:00
3d6a85fa-dbdf-46de-b0b2-08eb93b0a94d,463,2023-10-19 00:00:00,1,210.0,56,25.2,21.0,cancelled,2024-04-01 00:00:00,2023-10-18 11:00:00
cd8da08a-7eda-4cdf-a37e-37ee5c91687c,272,2024-06-10 00:00:00,1,119.0,89,14.28,0.0,confirmed,2024-08-13 00:00:00,2024-06-09 13:00:00
a8ab1ed1-0771-4bc3-9eb5-ca84a9fd1530,165,2023-08-29 00:00:00,2,280.0,99,33.6,0.0,confirmed,2023-11-15 00:00:00,2023-08-28 02:00:00
4d8f06ae-108f-48c9-9fe8-c2d8e447f09a,136,2023-12-01 00:00:00,5,400.0,100,48.0,40.0,cancelled,2024-05-24 00:00:00,2023-11-30 05:00:00
1d4d0d24-0f5c-49d6-b954-89f6488fceca,360,2024-03-24 00:00:00,10,1260.0,82,151.2,0.0,confirmed,2024-08-03 00:00:00,2024-03-23 12:00:00
1ccb6403-62ea-4ce5-b632-16d9ee98ca7e,90,2024-02-12 00:00:00,11,1980.0,118,237.6,198.0,cancelled,2024-05-25 00:00:00,2024-02-11 12:00:00
a9c4df82-0151-44aa-ab3a-d860f7bef734,53,2024-03-10 00:00:00,4,462.0,73,55.44,0.0,confirmed,2024-05-15 00:00:00,2024-03-09 06:00:00
29369985-3b97-4338-99a8-fa13053ac516,329,2024-04-13 00:00:00,7,952.0,118,114.24,95.2,cancelled,2024-08-12 00:00:00,2024-04-12 10:00:00
45b55cc7-5b55-409f-9515-c8706940eb4c,427,2023-08-13 00:00:00,3,256.5,86,30.78,0.0,confirmed,2023-11-13 00:00:00,2023-08-12 23:00:00
eb9e79f1-e210-44cb-ae85-9eb702df1df3,214,2023-12-25 00:00:00,14,3080.0,44,369.6,0.0,confirmed,2024-01-03 00:00:00,2023-12-24 16:00:00
15682f4b-a3c0-4726-adaa-82befd08036d,84,2024-08-27 00:00:00,3,408.0,87,48.96,0.0,confirmed,2024-11-09 00:00:00,2024-08-26 06:00:00
f017c95f-8587-47b8-ab91-232988b53b12,473,2023-09-04 00:00:00,5,857.5,43,102.9,85.75,cancelled,2024-01-17 00:00:00,2023-09-03 04:00:00
7740869e-ed77-4892-86cd-064a873af936,181,2023-09-18 00:00:00,8,1680.0,57,201.6,0.0,confirmed,2024-01-04 00:00:00,2023-09-17 05:00:00
00bf908e-bed4-41b0-bc20-7cf1902141d2,207,2024-09-06 00:00:00,6,891.0,109,106.92,0.0,confirmed,2024-12-05 00:00:00,2024-09-05 14:00:00
a969b3e7-1836-4878-9634-8699ef686d52,240,2023-08-15 00:00:00,10,950.0,119,114.0,0.0,confirmed,2023-09-24 00:00:00,2023-08-14 00:00:00
71a634a7-b663-4fc8-ac0d-63028de5fa29,160,2024-03-19 00:00:00,14,808.5,40,97.02,80.85,cancelled,2024-07-11 00:00:00,2024-03-18 00:00:00
8d800a4e-ed32-4238-a45d-084509b6998a,454,2024-01-02 00:00:00,8,484.0,149,58.08,0.0,confirmed,2024-01-31 00:00:00,2024-01-01 23:00:00
d415b49f-61d1-4a82-83e5-fb79ee0e6c38,62,2024-04-11 00:00:00,8,1280.0,91,153.6,0.0,confirmed,2024-07-18 00:00:00,2024-04-10 06:00:00
e11f6ae3-ac5c-4f54-a327-4283bcf28973,94,2023-04-12 00:00:00,1,168.0,114,20.16,0.0,confirmed,2023-05-20 00:00:00,2023-04-11 03:00:00
8e505a43-b131-474b-ab76-6625b2bc6150,159,2024-03-10 00:00:00,3,672.0,62,80.64,0.0,confirmed,2024-07-26 00:00:00,2024-03-09 12:00:00
5fe6b0b6-cda0-4feb-ab06-3befd07889db,39,2024-03-08 00:00:00,14,981.68,51,117.8,98.17,cancelled,2024-05-30 00:00:00,2024-03-07 23:00:00
5a1719c1-6f37-4f73-8e4f-c910d4b55e31,186,2024-05-22 00:00:00,9,4320.0,62,518.4,432.0,cancelled,2024-07-18 00:00:00,2024-05-21 16:00:00
b8d3edf6-8c4b-4b1d-ad2a-e592912b6a2f,452,2024-05-27 00:00:00,5,1200.0,70,144.0,120.0,cancelled,2024-08-21 00:00:00,2024-05-26 03:00:00
4e4f4788-c3cb-4162-b5d3-90083b6c597a,348,2024-02-24 00:00:00,7,1736.0,137,208.32,0.0,confirmed,2024-02-27 00:00:00,2024-02-23 03:00:00
7c9de329-e77d-4c6b-a166-19f0b5bed469,321,2023-08-17 00:00:00,4,1116.0,64,133.92,0.0,confirmed,2023-10-15 00:00:00,2023-08-16 07:00:00
0c4a31f9-7145-4205-a0c3-df363813ae3f,424,2023-07-24 00:00:00,9,1575.0,119,189.0,0.0,confirmed,2023-11-09 00:00:00,2023-07-23 12:00:00
84d13f18-012b-46d5-b800-e6558bfaa4d4,323,2024-08-26 00:00:00,8,2944.0,56,353.28,294.4,cancelled,2024-12-28 00:00:00,2024-08-25 06:00:00
c3e4b82b-0281-4e69-b0ce-21029910c3ec,286,2023-06-05 00:00:00,1,594.0,126,71.28,59.4,cancelled,2023-11-21 00:00:00,2023-06-04 01:00:00
eee9b88d-a005-4345-b7cb-169210e4bd9f,480,2024-02-21 00:00:00,5,391.9,77,47.03,0.0,confirmed,2024-08-04 00:00:00,2024-02-20 20:00:00
ae7a079e-caec-4337-bcec-1282c27428ee,60,2023-12-14 00:00:00,7,490.84,50,58.9,49.08,cancelled,2024-04-07 00:00:00,2023-12-13 11:00:00
79f76c02-14d3-4618-b434-166c0f5f9617,298,2023-10-12 00:00:00,9,1325.25,44,159.03,0.0,confirmed,2024-01-28 00:00:00,2023-10-11 23:00:00
da41b252-1c52-40f8-ba97-bdd3f58da929,391,2024-07-10 00:00:00,8,1632.0,92,195.84,0.0,confirmed,2024-08-17 00:00:00,2024-07-09 11:00:00
0656cd95-1fd9-4215-8cf0-f7755c2ae5c1,429,2024-01-30 00:00:00,14,1568.0,58,188.16,0.0,confirmed,2024-04-19 00:00:00,2024-01-29 00:00:00
6fc006d7-d144-4941-a122-6ba6c3d23109,482,2023-06-10 00:00:00,3,242.25,90,29.07,24.23,cancelled,2023-09-11 00:00:00,2023-06-09 12:00:00
90ef05ec-a6e1-4a98-9a88-1a3d54d32f41,224,2023-09-10 00:00:00,1,196.0,116,23.52,0.0,confirmed,2023-09-29 00:00:00,2023-09-09 18:00:00
69ff27bb-4174-427a-a806-878d6f826662,91,2023-12-20 00:00:00,9,519.75,109,62.37,51.98,cancelled,2024-03-28 00:00:00,2023-12-19 09:00:00
c5c0111f-bd9a-4993-8c6b-356019af3d5e,26,2023-10-17 00:00:00,1,57.75,91,6.93,5.78,cancelled,2023-12-20 00:00:00,2023-10-16 08:00:00
262f0789-ae5b-45a8-a1d4-8e5389eefb0c,92,2023-12-07 00:00:00,14,4704.0,94,564.48,470.4,cancelled,2024-05-06 00:00:00,2023-12-06 14:00:00
a8e21850-c343-4c12-89a5-2e111b9ec370,393,2023-07-10 00:00:00,2,1036.0,50,124.32,0.0,confirmed,2023-11-27 00:00:00,2023-07-09 11:00:00
5d900afe-00ea-44fb-95ab-f4d4cbf866a5,404,2023-09-20 00:00:00,8,680.0,135,81.6,0.0,confirmed,2023-09-25 00:00:00,2023-09-19 13:00:00
12b41994-cd3d-4c75-b519-b407e9b38c39,322,2023-06-12 00:00:00,3,214.5,100,25.74,21.45,cancelled,2023-10-26 00:00:00,2023-06-11 18:00:00
a4660ed7-b0b1-4aee-a068-4cdfabfd6fe1,210,2023-03-31 00:00:00,14,1764.0,51,211.68,0.0,confirmed,2023-06-01 00:00:00,2023-03-30 14:00:00
6a5e7931-2543-470d-bfd6-d4bf6dcde333,221,2023-11-16 00:00:00,13,7488.0,115,898.56,748.8,cancelled,2024-03-03 00:00:00,2023-11-15 20:00:00
ad829656-5657-4b7d-a4f2-e0feb4c4bd3f,369,2024-05-03 00:00:00,1,156.0,50,18.72,0.0,confirmed,2024-06-27 00:00:00,2024-05-02 20:00:00
9f3de7fd-4a89-4b72-ad6d-588df73edb2f,448,2023-09-26 00:00:00,14,2583.0,97,309.96,258.3,cancelled,2023-12-24 00:00:00,2023-09-25 03:00:00
d8696dc2-6d6e-4636-8c94-9755be992df4,331,2023-09-09 00:00:00,2,181.5,89,21.78,18.15,cancelled,2023-11-17 00:00:00,2023-09-08 11:00:00
b97ec80d-b990-43b4-8409-dc4938435918,192,2023-08-30 00:00:00,12,2856.0,116,342.72,285.6,cancelled,2024-01-07 00:00:00,2023-08-29 22:00:00
0251beb5-1c34-4186-be59-968fe84461e5,195,2024-02-14 00:00:00,2,546.0,150,65.52,0.0,confirmed,2024-04-10 00:00:00,2024-02-13 12:00:00
6d7b52ef-d8cc-462a-b1a5-61e7b4c0e955,498,2024-02-29 00:00:00,12,1680.0,45,201.6,0.0,confirmed,2024-03-04 00:00:00,2024-02-28 19:00:00
a4ba6702-8a0c-461f-a5c4-436687547762,96,2023-11-10 00:00:00,1,126.0,146,15.12,0.0,confirmed,2024-04-25 00:00:00,2023-11-09 03:00:00
894747ad-3678-4a58-b06c-eb5ab1c5a666,293,2023-12-20 00:00:00,13,2466.75,74,296.01,0.0,confirmed,2024-04-20 00:00:00,2023-12-19 16:00:00
ab1b1870-54cb-4588-be33-fe341d6aba56,365,2023-02-11 00:00:00,9,1134.0,113,136.08,0.0,confirmed,2023-06-21 00:00:00,2023-02-10 19:00:00
42c0a94b-c69f-4981-9218-cc65acf3d301,456,2024-02-17 00:00:00,2,440.0,111,52.8,0.0,confirmed,2024-05-30 00:00:00,2024-02-16 17:00:00
161bb217-77be-4caf-914e-4b921fcde661,184,2023-08-04 00:00:00,7,1155.0,121,138.6,0.0,confirmed,2023-09-12 00:00:00,2023-08-03 05:00:00
336904c0-f7cc-4c32-b971-f8a271c7e9cb,178,2023-09-12 00:00:00,14,9408.0,70,1128.96,940.8,cancelled,2023-12-07 00:00:00,2023-09-11 05:00:00
a2a989f7-cf76-4a48-847b-ee001021eeae,393,2023-07-01 00:00:00,2,1036.0,87,124.32,0.0,confirmed,2023-12-06 00:00:00,2023-06-30 21:00:00
a0f26ad1-9264-4281-9a0f-0281844f66e5,192,2023-05-05 00:00:00,4,952.0,89,114.24,0.0,confirmed,2023-09-16 00:00:00,2023-05-04 03:00:00
a943d2ef-8148-4d01-8247-10c64619e5c2,160,2024-02-28 00:00:00,5,288.75,92,34.65,28.88,cancelled,2024-05-31 00:00:00,2024-02-27 19:00:00
ea9f3c80-fd5c-469e-97ef-1c1b72ee4574,392,2024-08-11 00:00:00,8,1155.04,94,138.6,115.5,cancelled,2024-09-02 00:00:00,2024-08-10 01:00:00
5e41e64d-e5c4-45a1-8129-8de17146ea8c,133,2024-05-29 00:00:00,2,391.0,142,46.92,0.0,confirmed,2024-09-16 00:00:00,2024-05-28 00:00:00
2fd2e4a8-33cf-44ba-a9fa-3297f1842044,414,2023-08-19 00:00:00,8,1920.0,53,230.4,0.0,confirmed,2023-10-06 00:00:00,2023-08-18 21:00:00
18bcc57f-abd4-4ab1-90a8-ac795df0d87a,172,2024-05-20 00:00:00,1,142.5,51,17.1,0.0,confirmed,2024-08-13 00:00:00,2024-05-19 03:00:00
353da4cf-43b6-4252-b90f-ae35d1af0790,217,2024-04-09 00:00:00,7,833.0,118,99.96,0.0,confirmed,2024-07-02 00:00:00,2024-04-08 21:00:00
6c6d4339-7acf-47e9-95b2-1b2a7687ebaf,432,2023-07-29 00:00:00,4,616.0,137,73.92,0.0,confirmed,2023-09-03 00:00:00,2023-07-28 14:00:00
ae6978aa-4285-4cc9-ab4b-b64f607d9637,381,2024-02-04 00:00:00,14,9996.0,144,1199.52,0.0,confirmed,2024-04-14 00:00:00,2024-02-03 07:00:00
07fcfe88-7ad7-4cfa-abad-beba87feafd6,289,2024-06-03 00:00:00,5,1282.5,134,153.9,0.0,confirmed,2024-10-11 00:00:00,2024-06-02 11:00:00
2ac5ab1b-2142-4fbc-bee2-2d9363bf4ee5,7,2023-03-29 00:00:00,13,1482.0,118,177.84,0.0,confirmed,2023-08-17 00:00:00,2023-03-28 15:00:00
2525c4ae-fde0-4512-b6d4-f2cfe4ad3d35,65,2024-05-14 00:00:00,10,935.0,76,112.2,0.0,confirmed,2024-06-11 00:00:00,2024-05-13 00:00:00
c318d0ef-f070-49d9-b246-2cbbaeed04b2,312,2024-04-29 00:00:00,10,5425.0,138,651.0,0.0,confirmed,2024-06-25 00:00:00,2024-04-28 01:00:00
30ae332e-b60e-4dfb-af8a-dc3f12cb9010,462,2024-01-14 00:00:00,13,6493.5,99,779.22,0.0,confirmed,2024-02-07 00:00:00,2024-01-13 04:00:00
f5cf36bd-65c8-482b-b0da-1eb59617170d,350,2024-04-19 00:00:00,9,1134.0,58,136.08,113.4,cancelled,2024-09-20 00:00:00,2024-04-18 15:00:00
3d51123f-d23b-4307-81fd-21ff73336f5d,461,2024-02-24 00:00:00,3,432.0,40,51.84,0.0,confirmed,2024-03-17 00:00:00,2024-02-23 00:00:00
1c61f963-246e-496a-9f48-2e2a1e5194b8,22,2024-01-27 00:00:00,4,1064.0,135,127.68,106.4,cancelled,2024-03-29 00:00:00,2024-01-26 12:00:00
cead24bd-c195-4db7-9ba5-43d2bb3287fe,263,2023-05-02 00:00:00,13,5616.0,89,673.92,0.0,confirmed,2023-07-05 00:00:00,2023-05-01 10:00:00
df0bc915-d776-49c4-b639-d6798dbda8f2,30,2024-04-19 00:00:00,14,2583.0,119,309.96,0.0,confirmed,2024-08-20 00:00:00,2024-04-18 08:00:00
4aee125c-aece-4274-a0ea-1477e8317fbf,368,2023-08-08 00:00:00,2,330.0,129,39.6,0.0,confirmed,2023-09-30 00:00:00,2023-08-07 23:00:00
d122652a-dede-4eff-9769-9db29b5de5d3,383,2024-07-15 00:00:00,5,1265.0,123,151.8,0.0,confirmed,2024-10-12 00:00:00,2024-07-14 19:00:00
b392f039-f3a9-4a15-89aa-367c28eb2dc3,71,2023-12-13 00:00:00,14,3213.0,75,385.56,0.0,confirmed,2024-05-15 00:00:00,2023-12-12 07:00:00
0b061f16-981b-45ba-ae7a-88bc24d7dd5e,14,2024-02-16 00:00:00,13,6552.0,85,786.24,0.0,confirmed,2024-04-12 00:00:00,2024-02-15 04:00:00
70ff386b-47eb-4f3d-8575-1b5661f367d1,213,2023-11-30 00:00:00,5,2143.75,53,257.25,0.0,confirmed,2024-01-16 00:00:00,2023-11-29 07:00:00
00c7053e-4c87-42c9-bad4-63cc712af44e,78,2023-05-19 00:00:00,3,655.5,65,78.66,0.0,confirmed,2023-06-21 00:00:00,2023-05-18 14:00:00
1f43a785-94be-49ef-b155-275339bb02f1,466,2024-06-28 00:00:00,9,1966.5,41,235.98,0.0,confirmed,2024-08-23 00:00:00,2024-06-27 13:00:00
c0548948-8422-437a-8f59-a36ba4b701c6,150,2023-05-28 00:00:00,3,270.0,68,32.4,27.0,cancelled,2023-09-02 00:00:00,2023-05-27 18:00:00
4e182334-7ad1-41e4-a1f6-685074834dc4,59,2023-09-16 00:00:00,4,682.0,75,81.84,0.0,confirmed,2024-01-28 00:00:00,2023-09-15 11:00:00
3ae1b5e9-9a6c-42ff-8a1a-11f8102be29f,344,2023-11-28 00:00:00,11,1406.68,102,168.8,0.0,confirmed,2024-01-04 00:00:00,2023-11-27 09:00:00
30f9fa58-c81a-4a93-98c0-625709bc9324,31,2024-02-11 00:00:00,7,1232.0,128,147.84,0.0,confirmed,2024-06-01 00:00:00,2024-02-10 05:00:00
3bf69ddf-7d49-4496-a07d-51a5b658bca1,258,2024-04-27 00:00:00,6,672.0,134,80.64,0.0,confirmed,2024-10-22 00:00:00,2024-04-26 15:00:00
80e4a1ef-d0ab-4aa5-ab27-ab3fb464fb16,473,2024-02-13 00:00:00,9,1543.5,133,185.22,0.0,confirmed,2024-05-30 00:00:00,2024-02-12 22:00:00
0e131913-440c-49d0-98ff-5a23c5a0ff35,482,2024-02-23 00:00:00,13,1049.75,125,125.97,0.0,confirmed,2024-04-22 00:00:00,2024-02-22 14:00:00
9e984a43-c8f2-4a81-9b39-370ac61497ab,362,2024-04-13 00:00:00,5,2100.0,122,252.0,0.0,confirmed,2024-05-23 00:00:00,2024-04-12 14:00:00
11b87c6c-c700-4851-9c18-bdda285b07bd,429,2024-04-24 00:00:00,13,1456.0,89,174.72,0.0,confirmed,2024-07-14 00:00:00,2024-04-23 17:00:00
550b8171-3778-4c41-8bef-071f44c4c551,55,2024-03-24 00:00:00,11,1496.0,64,179.52,149.6,cancelled,2024-06-30 00:00:00,2024-03-23 19:00:00
dfef67e9-cfd5-4b24-ad7e-7701e2a577ae,235,2024-10-10 00:00:00,4,646.0,53,77.52,0.0,confirmed,2025-02-01 00:00:00,2024-10-09 21:00:00
4d3180c0-9382-4884-8b16-6c984b0c291d,416,2023-12-14 00:00:00,5,500.0,98,60.0,0.0,confirmed,2024-02-14 00:00:00,2023-12-13 03:00:00
2bdef283-4d12-4a76-b450-c60a28c3467a,23,2024-07-17 00:00:00,5,990.0,82,118.8,0.0,confirmed,2024-12-02 00:00:00,2024-07-16 23:00:00
b6224bf7-566d-4e56-a49c-4cc8612b8564,247,2024-04-23 00:00:00,11,1905.75,75,228.69,0.0,confirmed,2024-04-30 00:00:00,2024-04-22 22:00:00
1652b0fa-ef51-4ab3-84a7-1a5b0ec8e0e6,336,2023-08-27 00:00:00,13,4004.0,82,480.48,400.4,cancelled,2023-12-15 00:00:00,2023-08-26 17:00:00
cafd5b18-dce7-4fbc-8e66-b50290a101fd,327,2023-05-31 00:00:00,11,5148.0,45,617.76,0.0,confirmed,2023-07-06 00:00:00,2023-05-30 08:00:00
bd4d7457-4e2e-432e-a734-bf9496e9031a,194,2023-12-20 00:00:00,13,2788.5,59,334.62,278.85,cancelled,2024-01-29 00:00:00,2023-12-19 08:00:00
6e1fe525-16bf-4fae-a34a-f9ca8db0c68e,27,2024-01-21 00:00:00,3,264.0,130,31.68,0.0,confirmed,2024-06-20 00:00:00,2024-01-20 03:00:00
8e3cf9d6-d4d4-4cad-9bf4-08b01e33a0a7,205,2023-09-02 00:00:00,8,462.0,70,55.44,0.0,confirmed,2024-02-19 00:00:00,2023-09-01 04:00:00
bcffd5f7-b900-4a8b-ac36-9bb006e1ef2e,150,2023-06-27 00:00:00,13,1170.0,137,140.4,0.0,confirmed,2023-10-24 00:00:00,2023-06-26 13:00:00
ca6b67d7-7c11-4944-bce7-07c5b07b8e21,176,2024-01-24 00:00:00,3,1089.0,42,130.68,0.0,confirmed,2024-01-30 00:00:00,2024-01-23 23:00:00
0d5e17c0-c506-4aac-8157-911b844f9250,357,2024-01-14 00:00:00,4,495.0,91,59.4,49.5,cancelled,2024-07-03 00:00:00,2024-01-13 19:00:00
00231cea-1e9a-4442-899e-dc6076ca2b5c,48,2023-02-18 00:00:00,2,104.5,74,12.54,10.45,cancelled,2023-05-17 00:00:00,2023-02-17 17:00:00
535b90ad-36b0-45d7-b654-4992a5afc810,365,2023-09-03 00:00:00,4,504.0,116,60.48,50.4,cancelled,2023-11-19 00:00:00,2023-09-02 12:00:00
de5bf1b4-75ec-473f-b517-473b3d42553f,309,2023-09-14 00:00:00,5,1485.0,44,178.2,148.5,cancelled,2024-02-20 00:00:00,2023-09-13 05:00:00
d2089ec7-98e9-46b5-b90c-4895c698ebb4,322,2023-09-19 00:00:00,2,143.0,96,17.16,0.0,confirmed,2023-11-16 00:00:00,2023-09-18 15:00:00
dc508f03-6b38-4c07-865f-f2e1e7c5a8a7,485,2023-11-17 00:00:00,9,1496.25,93,179.55,0.0,confirmed,2024-03-24 00:00:00,2023-11-16 02:00:00
21c1a93d-bd31-46b5-b92a-662c3e9f1cb0,5,2023-05-03 00:00:00,1,70.0,74,8.4,0.0,confirmed,2023-06-02 00:00:00,2023-05-02 03:00:00
295e6568-aaef-4dd9-bca7-298be0fda185,470,2024-09-15 00:00:00,14,1862.0,42,223.44,186.2,cancelled,2025-02-28 00:00:00,2024-09-14 02:00:00
891d0366-2073-4eae-b463-3f9ada7bcd6b,423,2024-07-07 00:00:00,2,648.0,73,77.76,64.8,cancelled,2024-10-03 00:00:00,2024-07-06 14:00:00
1e8b23d7-31e0-4a39-8b0c-123ab2753ca2,282,2023-11-25 00:00:00,12,2772.0,74,332.64,277.2,cancelled,2024-04-15 00:00:00,2023-11-24 06:00:00
180230c9-7f90-42ee-8255-f87d1a3a12d5,195,2024-02-19 00:00:00,9,2457.0,71,294.84,0.0,confirmed,2024-07-29 00:00:00,2024-02-18 17:00:00
b9758136-d8fb-4503-be05-82434be73ffa,127,2023-10-11 00:00:00,4,400.0,98,48.0,0.0,confirmed,2023-11-27 00:00:00,2023-10-10 21:00:00
5db797b2-8cb1-47e9-b578-3b5714d3c375,154,2024-04-25 00:00:00,12,4851.0,72,582.12,485.1,cancelled,2024-08-20 00:00:00,2024-04-24 16:00:00
d32e3a55-47e3-46f7-a286-33151df3d436,267,2023-03-10 00:00:00,5,1520.0,103,182.4,0.0,confirmed,2023-07-01 00:00:00,2023-03-09 22:00:00
f5b78ced-bf58-4d48-a1ee-7136042aad9f,225,2023-05-04 00:00:00,3,861.0,80,103.32,0.0,confirmed,2023-10-03 00:00:00,2023-05-03 01:00:00
583d2afa-2c7d-4e70-94c2-c3cf08b6a024,282,2023-03-23 00:00:00,3,693.0,99,83.16,0.0,confirmed,2023-05-08 00:00:00,2023-03-22 08:00:00
9de3c6e2-7242-4e21-8adb-724725747527,192,2023-06-03 00:00:00,10,2380.0,73,285.6,0.0,confirmed,2023-10-27 00:00:00,2023-06-02 09:00:00
5ff4ffb3-c8cf-4a55-a056-e1719b9fb487,69,2023-06-05 00:00:00,4,990.0,99,118.8,99.0,cancelled,2023-09-18 00:00:00,2023-06-04 14:00:00
c29f6329-25aa-48cc-a663-f125a08a1816,213,2023-09-04 00:00:00,6,2572.5,120,308.7,257.25,cancelled,2023-11-29 00:00:00,2023-09-03 23:00:00
d8b2cba9-b9f7-4978-8174-7871e7825a0e,356,2023-07-18 00:00:00,8,2112.0,73,253.44,0.0,confirmed,2023-11-30 00:00:00,2023-07-17 23:00:00
5c07c372-afb8-486a-b997-5ae6159ff3c5,156,2024-01-31 00:00:00,7,3136.0,110,376.32,0.0,confirmed,2024-05-19 00:00:00,2024-01-30 11:00:00
cfb276c9-7c60-4cc2-bf10-024a0b73ebf5,375,2024-06-14 00:00:00,8,3040.0,59,364.8,0.0,confirmed,2024-07-03 00:00:00,2024-06-13 04:00:00
7919cad9-f237-4843-91c1-fb9297d10bda,418,2023-08-10 00:00:00,11,2722.5,52,326.7,0.0,confirmed,2023-11-13 00:00:00,2023-08-09 13:00:00
448f277b-c531-48ba-bb53-132be388f191,460,2023-07-28 00:00:00,13,4420.0,132,530.4,442.0,cancelled,2023-12-26 00:00:00,2023-07-27 12:00:00
c2f21494-c5de-4788-a964-88772ec95814,337,2024-05-28 00:00:00,10,900.0,139,108.0,0.0,confirmed,2024-07-01 00:00:00,2024-05-27 02:00:00
dedac72d-2b6f-4ccd-85af-90ed2653476c,39,2024-03-17 00:00:00,2,140.24,88,16.83,0.0,confirmed,2024-08-23 00:00:00,2024-03-16 19:00:00
87d35c63-b7da-4778-8555-74c4ff6ffdd7,393,2023-04-12 00:00:00,3,1554.0,101,186.48,0.0,confirmed,2023-08-17 00:00:00,2023-04-11 14:00:00
a1878e9b-28dc-47c5-a572-67e27f675831,431,2023-11-04 00:00:00,6,600.0,45,72.0,0.0,confirmed,2024-04-13 00:00:00,2023-11-03 16:00:00
ef28935c-3ceb-4b58-99b9-419723f56c69,177,2023-07-03 00:00:00,2,198.0,97,23.76,19.8,cancelled,2023-12-21 00:00:00,2023-07-02 11:00:00
329bc09e-3df4-4b00-ae69-e2d343281c4c,19,2023-10-16 00:00:00,10,2050.0,108,246.0,205.0,cancelled,2024-02-16 00:00:00,2023-10-15 02:00:00
b011a1bc-f4ba-4867-9315-6e7d27e82f54,343,2024-01-21 00:00:00,12,1353.0,109,162.36,0.0,confirmed,2024-06-08 00:00:00,2024-01-20 16:00:00
8ff70be6-269b-4683-ba96-7278fbf6c13d,274,2023-09-13 00:00:00,13,2990.0,80,358.8,0.0,confirmed,2024-01-07 00:00:00,2023-09-12 01:00:00
1e8c7939-4b17-444e-a5e4-17baac0b703f,379,2023-04-05 00:00:00,7,6300.0,69,756.0,0.0,confirmed,2023-09-17 00:00:00,2023-04-04 08:00:00
151ebee9-0eca-42db-9d1d-23b61cfc80ac,472,2023-08-17 00:00:00,5,600.0,105,72.0,0.0,confirmed,2024-01-27 00:00:00,2023-08-16 01:00:00
189fe93a-5ba9-47f8-8ddb-f9151d56d7aa,260,2023-12-11 00:00:00,11,1463.0,139,175.56,146.3,cancelled,2024-01-09 00:00:00,2023-12-10 17:00:00
f924dd79-a68e-44ad-a125-65d7dad001de,141,2024-02-27 00:00:00,7,2016.0,60,241.92,0.0,confirmed,2024-03-10 00:00:00,2024-02-26 14:00:00
17a5884d-e22f-432d-8724-fcb40b250b41,481,2023-11-30 00:00:00,12,792.0,40,95.04,0.0,confirmed,2024-05-16 00:00:00,2023-11-29 05:00:00
edea955f-bec2-4957-bf8f-2df4e5a9c349,168,2023-04-25 00:00:00,9,1410.75,77,169.29,0.0,confirmed,2023-06-12 00:00:00,2023-04-24 05:00:00
a27a6bae-45c9-4e6a-aaf1-b05ef4c05c71,446,2023-10-19 00:00:00,7,635.25,87,76.23,63.53,cancelled,2024-02-24 00:00:00,2023-10-18 14:00:00
2bab6526-9706-46fe-aacb-f21ca91002bc,326,2024-06-30 00:00:00,14,3906.0,149,468.72,390.6,cancelled,2024-11-25 00:00:00,2024-06-29 06:00:00
26994199-d7b8-4857-b38e-dced61be3cd7,256,2024-05-20 00:00:00,2,600.0,82,72.0,60.0,cancelled,2024-09-16 00:00:00,2024-05-19 08:00:00
f72e6224-842d-44c0-97df-e3176a49314f,499,2023-08-19 00:00:00,9,2142.0,124,257.04,0.0,confirmed,2024-01-10 00:00:00,2023-08-18 07:00:00
0249ab48-9de8-490c-9aa7-c09cb0082d81,439,2024-06-21 00:00:00,10,1155.0,49,138.6,0.0,confirmed,2024-10-26 00:00:00,2024-06-20 02:00:00
2fba17ad-5ca9-45fe-8f42-1ae645fa4316,400,2023-02-10 00:00:00,13,1358.5,127,163.02,0.0,confirmed,2023-07-17 00:00:00,2023-02-09 13:00:00
6b918cb9-3513-42b4-8d87-80e702fb533b,323,2024-07-06 00:00:00,14,5152.0,78,618.24,0.0,confirmed,2024-12-06 00:00:00,2024-07-05 11:00:00
87e6ceb2-bd53-4157-a2e9-1fec87339870,99,2023-10-20 00:00:00,7,577.5,149,69.3,0.0,confirmed,2024-01-01 00:00:00,2023-10-19 04:00:00
799a3dd8-cd9e-4674-8e07-41fdb1bdce67,332,2024-01-30 00:00:00,5,1732.5,150,207.9,0.0,confirmed,2024-05-17 00:00:00,2024-01-29 18:00:00
b76555fa-a726-45e7-926a-90d6131682c5,397,2024-01-16 00:00:00,8,2944.0,82,353.28,294.4,cancelled,2024-06-02 00:00:00,2024-01-15 19:00:00
93b38923-3448-40a1-b298-4bd57106d34a,111,2024-02-14 00:00:00,11,3179.0,150,381.48,317.9,cancelled,2024-08-08 00:00:00,2024-02-13 21:00:00
4854063f-9541-4e3d-bfca-f9910442e431,237,2023-02-08 00:00:00,10,1852.5,70,222.3,185.25,cancelled,2023-03-14 00:00:00,2023-02-07 14:00:00
c05fe627-e3e4-434c-a356-236bc03a1fa2,100,2024-03-21 00:00:00,2,518.0,148,62.16,0.0,confirmed,2024-04-10 00:00:00,2024-03-20 02:00:00
c6c96023-9047-4b0c-a0a7-91d738d86fb7,223,2024-01-02 00:00:00,13,2288.0,67,274.56,0.0,confirmed,2024-03-17 00:00:00,2024-01-01 09:00:00
3323c040-d5ed-4db2-a8cd-f0d6a1b3e0e7,76,2023-11-02 00:00:00,5,467.5,75,56.1,0.0,confirmed,2024-04-19 00:00:00,2023-11-01 03:00:00
35183b82-64df-4f2f-b363-e731bc61fef7,295,2023-05-27 00:00:00,3,2760.0,40,331.2,0.0,confirmed,2023-11-19 00:00:00,2023-05-26 22:00:00
08e72763-2696-444a-9771-ff62b2294598,288,2024-01-15 00:00:00,3,526.5,93,63.18,52.65,cancelled,2024-06-21 00:00:00,2024-01-14 14:00:00
054ad863-075a-49ab-8182-188334a6b436,286,2023-01-21 00:00:00,8,4752.0,51,570.24,475.2,cancelled,2023-07-19 00:00:00,2023-01-20 09:00:00
f77069ee-82a2-4a95-b6e9-495e1ed6105d,385,2023-12-07 00:00:00,2,175.0,149,21.0,17.5,cancelled,2024-03-15 00:00:00,2023-12-06 02:00:00
578b60bf-c0c4-4998-a54c-c2d02ab0a342,474,2024-05-22 00:00:00,5,675.0,134,81.0,0.0,confirmed,2024-10-11 00:00:00,2024-05-21 20:00:00
a418639a-bc94-4897-97ab-e45bb0f4d43c,421,2023-05-31 00:00:00,12,2058.0,120,246.96,205.8,cancelled,2023-10-08 00:00:00,2023-05-30 01:00:00
f38828cb-9669-434a-91b7-3ca7f5324674,375,2024-07-01 00:00:00,7,2660.0,70,319.2,0.0,confirmed,2024-12-11 00:00:00,2024-06-30 23:00:00
30c4ea21-7ce0-401e-8ab2-0e18f96ec31e,181,2024-03-30 00:00:00,14,2940.0,62,352.8,294.0,cancelled,2024-07-02 00:00:00,2024-03-29 23:00:00
3ee82c03-7960-4ee7-99d7-547babc61d08,32,2023-06-10 00:00:00,9,2016.0,144,241.92,0.0,confirmed,2023-12-04 00:00:00,2023-06-09 18:00:00
c3120486-60a3-4401-be5a-fb2578fc4a4d,472,2023-11-27 00:00:00,10,1200.0,80,144.0,0.0,confirmed,2024-01-15 00:00:00,2023-11-26 11:00:00
a4169bab-90a0-475b-be95-6a53fbe3f67a,447,2023-07-25 00:00:00,1,210.0,133,25.2,0.0,confirmed,2024-01-19 00:00:00,2023-07-24 14:00:00
adeb81ae-929e-4397-b29b-6906aeaa47fb,358,2024-03-17 00:00:00,2,612.0,67,73.44,0.0,confirmed,2024-05-21 00:00:00,2024-03-16 11:00:00
098d2641-86df-4552-bcc4-9ff9292a6d9f,416,2023-07-20 00:00:00,12,1200.0,122,144.0,120.0,cancelled,2023-09-20 00:00:00,2023-07-19 01:00:00
94dfb675-b20a-41cd-88e7-e1b983d49450,316,2023-04-27 00:00:00,5,1360.0,103,163.2,136.0,cancelled,2023-10-02 00:00:00,2023-04-26 06:00:00
03100611-5537-4e9c-aa11-91d1d03ef243,180,2024-03-06 00:00:00,11,1149.5,44,137.94,0.0,confirmed,2024-04-15 00:00:00,2024-03-05 04:00:00
4aaa0a83-9f58-452d-926d-a0ba7604a623,136,2023-06-18 00:00:00,4,320.0,103,38.4,0.0,confirmed,2023-10-25 00:00:00,2023-06-17 22:00:00
0d7ad5fb-5c78-451b-ac7f-e8bf308fbb26,28,2023-11-21 00:00:00,9,684.0,80,82.08,68.4,cancelled,2024-02-18 00:00:00,2023-11-20 07:00:00
59c73853-7e5e-45fe-8d6b-06a873788ed9,55,2024-02-28 00:00:00,12,1632.0,54,195.84,0.0,confirmed,2024-03-26 00:00:00,2024-02-27 11:00:00
2b9c57b8-090e-4f64-b06a-4b71103feac2,95,2023-05-30 00:00:00,11,2904.0,49,348.48,0.0,confirmed,2023-06-17 00:00:00,2023-05-29 06:00:00
8e59783d-be7c-479f-a83e-d1c1173a281f,168,2024-01-11 00:00:00,6,940.5,47,112.86,0.0,confirmed,2024-03-23 00:00:00,2024-01-10 17:00:00
07ab9fd9-171b-43e2-a427-9b99509f5cd4,324,2024-03-17 00:00:00,11,1650.0,51,198.0,0.0,confirmed,2024-03-31 00:00:00,2024-03-16 14:00:00
db2d677c-7056-4c98-ac5d-5ce754a5db4f,127,2023-07-21 00:00:00,8,800.0,89,96.0,80.0,cancelled,2023-09-29 00:00:00,2023-07-20 09:00:00
b885c3e7-89dc-41d7-ac08-e492a7862517,404,2023-11-12 00:00:00,12,1020.0,70,122.4,0.0,confirmed,2023-12-09 00:00:00,2023-11-11 08:00:00
2dd9920b-105a-49bb-86c6-3f6ec1dfb126,204,2024-03-11 00:00:00,4,741.0,113,88.92,74.1,cancelled,2024-04-30 00:00:00,2024-03-10 13:00:00
720ff371-ee03-49bd-9588-8848c524746f,194,2024-05-11 00:00:00,13,2788.5,103,334.62,0.0,confirmed,2024-05-19 00:00:00,2024-05-10 22:00:00
8bab2297-0610-4082-9d24-3a3424b72f54,415,2024-05-17 00:00:00,6,1188.0,62,142.56,0.0,confirmed,2024-07-15 00:00:00,2024-05-16 18:00:00
42cfbbc1-9aa0-49a3-ac79-64f27dbe3ed6,305,2024-07-01 00:00:00,14,1274.0,65,152.88,0.0,confirmed,2024-08-20 00:00:00,2024-06-30 11:00:00
7c126808-1f37-451b-a688-d648a4cc45fa,359,2024-03-06 00:00:00,5,840.0,87,100.8,0.0,confirmed,2024-06-18 00:00:00,2024-03-05 00:00:00
ac722d56-a4b1-4886-b43a-50972be8c604,80,2024-03-10 00:00:00,12,2520.0,93,302.4,0.0,confirmed,2024-05-03 00:00:00,2024-03-09 01:00:00
333cef4c-d159-49fd-b60e-f1e1b0c97d94,488,2024-09-11 00:00:00,6,660.0,103,79.2,66.0,cancelled,2024-11-13 00:00:00,2024-09-10 05:00:00
1230c6b2-2ddf-4571-a4bc-c1ac15e038f2,204,2024-04-15 00:00:00,11,2037.75,91,244.53,0.0,confirmed,2024-05-03 00:00:00,2024-04-14 11:00:00
8b3dcc7c-1eb4-4ea2-b2aa-4f362c6c7b68,475,2023-09-08 00:00:00,11,5313.0,96,637.56,531.3,cancelled,2024-02-27 00:00:00,2023-09-07 12:00:00
8f254732-1c97-41df-8127-7a5adb92d7a7,138,2024-01-19 00:00:00,13,4290.0,132,514.8,0.0,confirmed,2024-02-14 00:00:00,2024-01-18 13:00:00
5c80b279-998e-4e56-b44b-22614c147236,199,2023-06-29 00:00:00,7,1529.5,64,183.54,0.0,confirmed,2023-11-08 00:00:00,2023-06-28 22:00:00
dcebb05d-a6bd-4fb8-8a51-da7832a215e0,292,2023-06-16 00:00:00,4,396.0,67,47.52,39.6,cancelled,2023-07-16 00:00:00,2023-06-15 10:00:00
b2e535ba-22aa-415f-aa59-273a0f004ff9,381,2023-11-21 00:00:00,6,4284.0,72,514.08,0.0,confirmed,2024-03-18 00:00:00,2023-11-20 09:00:00
f51a3aaa-9022-46b7-b847-ab90f92bcce8,488,2024-02-04 00:00:00,14,1540.0,117,184.8,154.0,cancelled,2024-07-14 00:00:00,2024-02-03 22:00:00
818bcd9d-15ff-4c6e-94fd-b640e2ed085e,306,2023-02-20 00:00:00,1,170.5,120,20.46,0.0,confirmed,2023-03-19 00:00:00,2023-02-19 01:00:00
91fe53d4-f9b0-4b8e-848a-c8a1290b84ce,111,2024-06-12 00:00:00,6,1734.0,110,208.08,0.0,confirmed,2024-10-15 00:00:00,2024-06-11 05:00:00
66ba1b1e-93cb-4602-88c0-310b982137c7,438,2024-01-24 00:00:00,2,840.0,45,100.8,84.0,cancelled,2024-06-17 00:00:00,2024-01-23 15:00:00
68737c54-394e-4b7e-bf9b-6f68b04e416c,243,2023-11-28 00:00:00,2,1134.0,114,136.08,0.0,confirmed,2023-12-24 00:00:00,2023-11-27 18:00:00
febd2fb4-88a5-4dc4-99ef-6f28ffb4ff3e,61,2023-08-10 00:00:00,14,3234.0,91,388.08,0.0,confirmed,2023-10-04 00:00:00,2023-08-09 03:00:00
02fb69db-33ca-41f5-9289-9320d40c2452,340,2024-03-06 00:00:00,2,132.0,133,15.84,0.0,confirmed,2024-08-10 00:00:00,2024-03-05 19:00:00
95f68733-e6bf-460c-b6d1-1a2763ff613a,400,2023-11-02 00:00:00,13,1358.5,141,163.02,0.0,confirmed,2024-01-15 00:00:00,2023-11-01 15:00:00
7fb4348e-ae3f-4a9a-b099-c3514786d1b7,462,2023-11-22 00:00:00,14,6993.0,129,839.16,699.3,cancelled,2024-03-22 00:00:00,2023-11-21 05:00:00
45a2e3d0-e8d3-43ed-8972-11b056179603,472,2023-08-04 00:00:00,14,1680.0,71,201.6,0.0,confirmed,2023-09-30 00:00:00,2023-08-03 20:00:00
f6cb9f27-3d6b-420e-aadc-add2ab3836f3,102,2023-11-04 00:00:00,13,910.0,137,109.2,91.0,cancelled,2024-01-09 00:00:00,2023-11-03 10:00:00
631dbb3c-ad25-419b-959c-700f17a1116a,93,2023-12-09 00:00:00,12,1344.0,136,161.28,0.0,confirmed,2024-03-12 00:00:00,2023-12-08 13:00:00
dacf7ba3-369d-4809-ba01-1e3156d10060,456,2023-09-11 00:00:00,12,2640.0,56,316.8,0.0,confirmed,2023-12-07 00:00:00,2023-09-10 23:00:00
3ed98f35-b050-48c1-893f-30601547cb8f,460,2023-11-20 00:00:00,8,2720.0,65,326.4,272.0,cancelled,2024-02-09 00:00:00,2023-11-19 17:00:00
770e5ceb-94e3-4b54-93ee-2924fd2d7f9a,421,2023-09-07 00:00:00,7,1200.5,76,144.06,0.0,confirmed,2024-02-24 00:00:00,2023-09-06 19:00:00
0726b2ec-7056-4c3e-bb6f-c5e001aa9b2b,305,2024-03-09 00:00:00,5,455.0,70,54.6,45.5,cancelled,2024-06-26 00:00:00,2024-03-08 20:00:00
1490f061-7177-41cb-b95a-deda14094fe2,3,2024-02-04 00:00:00,6,1536.0,141,184.32,0.0,confirmed,2024-06-02 00:00:00,2024-02-03 16:00:00
889aeddb-0504-449d-a61f-ef11f7276829,198,2023-12-20 00:00:00,11,1672.0,59,200.64,167.2,cancelled,2024-05-26 00:00:00,2023-12-19 03:00:00
354a7d3e-7dd4-4a72-93ce-e860908cca86,291,2023-02-27 00:00:00,12,5148.0,102,617.76,514.8,cancelled,2023-05-22 00:00:00,2023-02-26 14:00:00
6ef0e2e5-bf66-4a60-9d62-df299f62bce9,73,2024-05-15 00:00:00,14,1064.0,125,127.68,106.4,cancelled,2024-10-10 00:00:00,2024-05-14 19:00:00
752227b4-6d4b-4b2b-a95e-9adc1f99fd92,475,2023-05-02 00:00:00,14,6762.0,121,811.44,0.0,confirmed,2023-10-19 00:00:00,2023-05-01 20:00:00
deec0d3f-c874-4725-bdde-54b5f6c86055,8,2023-12-23 00:00:00,7,490.84,44,58.9,49.08,cancelled,2024-06-14 00:00:00,2023-12-22 17:00:00
f29f4cf7-5da6-49c1-8b9d-335546f1a202,327,2023-05-26 00:00:00,9,4212.0,92,505.44,0.0,confirmed,2023-06-11 00:00:00,2023-05-25 18:00:00
a54b01f4-1b58-4f72-9b9a-af0c9b55588a,107,2023-10-10 00:00:00,8,1320.0,132,158.4,0.0,confirmed,2024-02-19 00:00:00,2023-10-09 22:00:00
497d0e2d-7bcc-4198-9f19-ee2ea9dd97cd,308,2023-10-22 00:00:00,1,77.0,132,9.24,0.0,confirmed,2024-03-10 00:00:00,2023-10-21 20:00:00
15011f5e-5210-42a9-913c-400b4c3799d2,197,2024-05-16 00:00:00,8,1200.0,84,144.0,0.0,confirmed,2024-11-07 00:00:00,2024-05-15 17:00:00
9b644496-9d1d-4e63-a454-90e0f8d82e35,499,2023-11-28 00:00:00,12,2856.0,115,342.72,0.0,confirmed,2023-12-29 00:00:00,2023-11-27 15:00:00
95b2777a-31c4-4018-909e-c05e7221f121,458,2023-08-23 00:00:00,14,4788.0,129,574.56,0.0,confirmed,2023-10-20 00:00:00,2023-08-22 23:00:00
b4885d98-28f6-4d94-93b1-e5d96fb2dd6c,121,2023-09-15 00:00:00,12,1824.0,88,218.88,182.4,cancelled,2024-02-09 00:00:00,2023-09-14 13:00:00
d714b946-0be5-4925-9230-e088933da6fe,144,2024-05-09 00:00:00,14,1680.0,132,201.6,0.0,confirmed,2024-09-15 00:00:00,2024-05-08 15:00:00
c63ada03-62cc-4f7f-bba5-92594093dea2,340,2024-04-22 00:00:00,8,528.0,71,63.36,0.0,confirmed,2024-06-10 00:00:00,2024-04-21 01:00:00
1cd265e1-e946-4434-990a-db4540443055,318,2024-03-17 00:00:00,4,918.0,84,110.16,0.0,confirmed,2024-08-01 00:00:00,2024-03-16 09:00:00
68896f6f-7cd7-4836-8d4b-97b306e78ccc,2,2024-01-07 00:00:00,3,643.5,89,77.22,0.0,confirmed,2024-01-30 00:00:00,2024-01-06 07:00:00
dd78f398-b783-4a12-a7af-9c22b1668a98,194,2024-07-25 00:00:00,3,643.5,99,77.22,0.0,confirmed,2024-08-01 00:00:00,2024-07-24 17:00:00
5accd914-0807-4fc7-8d2e-0eaa79d61c25,237,2023-03-08 00:00:00,7,1296.75,50,155.61,0.0,confirmed,2023-06-21 00:00:00,2023-03-07 20:00:00
c832bc49-2901-429b-8636-9a65962ac649,212,2024-03-10 00:00:00,7,598.5,118,71.82,0.0,confirmed,2024-04-16 00:00:00,2024-03-09 16:00:00
21187583-a338-455f-983d-cabac2797e2d,181,2024-02-24 00:00:00,3,630.0,75,75.6,0.0,confirmed,2024-05-14 00:00:00,2024-02-23 10:00:00
4a497f5e-d76a-4b11-8e54-6da1dd68594c,238,2023-11-16 00:00:00,6,1470.0,86,176.4,147.0,cancelled,2024-03-12 00:00:00,2023-11-15 14:00:00
1a610de5-4282-4fa1-b7d4-c03ae8a7d261,96,2023-12-31 00:00:00,13,1638.0,114,196.56,163.8,cancelled,2024-02-27 00:00:00,2023-12-30 16:00:00
533a9dc9-98e7-4b13-8696-02ee25f45521,134,2024-01-21 00:00:00,13,3607.5,41,432.9,0.0,confirmed,2024-03-11 00:00:00,2024-01-20 09:00:00
561bd13d-1411-477c-b372-5ebdfdfb4c24,184,2023-11-20 00:00:00,9,1485.0,67,178.2,0.0,confirmed,2024-05-12 00:00:00,2023-11-19 09:00:00
01de2ea8-588e-4f55-94d3-677d6dd07e65,406,2024-03-02 00:00:00,13,1144.0,104,137.28,0.0,confirmed,2024-05-24 00:00:00,2024-03-01 20:00:00
15099862-9cb1-4da1-8d0c-393721186785,393,2023-05-04 00:00:00,3,1554.0,49,186.48,155.4,cancelled,2023-07-10 00:00:00,2023-05-03 14:00:00
ae357497-0353-424c-8e7d-d78d9f81d17b,358,2024-07-11 00:00:00,1,306.0,119,36.72,30.6,cancelled,2024-09-27 00:00:00,2024-07-10 09:00:00
974fd035-88f3-45fa-bc18-d09ec6559f36,158,2024-01-20 00:00:00,14,2352.0,75,282.24,0.0,confirmed,2024-03-06 00:00:00,2024-01-19 21:00:00
66204f21-7dd8-4f72-b1b5-ed9a85771c4d,23,2024-08-13 00:00:00,11,2178.0,58,261.36,217.8,cancelled,2024-11-01 00:00:00,2024-08-12 06:00:00
006267d5-1d94-4299-8fc8-09b23cdfb88a,451,2023-12-31 00:00:00,8,3036.0,120,364.32,0.0,confirmed,2024-01-21 00:00:00,2023-12-30 05:00:00
d05187d7-4326-412e-8d94-c15791862d35,73,2024-10-22 00:00:00,2,152.0,119,18.24,0.0,confirmed,2025-02-23 00:00:00,2024-10-21 17:00:00
d7361a8e-c602-443b-a9f8-bdbd18e0427a,86,2024-04-03 00:00:00,7,465.5,139,55.86,0.0,confirmed,2024-06-10 00:00:00,2024-04-02 01:00:00
6123c4fa-60f9-4d02-b65d-96d0274bf273,165,2023-08-23 00:00:00,12,1680.0,55,201.6,0.0,confirmed,2023-11-15 00:00:00,2023-08-22 09:00:00
67c3f2c1-0e03-4210-8fc4-6978b86f7f03,358,2024-04-13 00:00:00,11,3366.0,106,403.92,336.6,cancelled,2024-04-17 00:00:00,2024-04-12 10:00:00
052b7275-145a-4688-988b-aa1111dc56e7,49,2023-11-27 00:00:00,10,2160.0,67,259.2,0.0,confirmed,2024-01-31 00:00:00,2023-11-26 09:00:00
93135151-9482-43be-be75-d9995df9367d,248,2024-02-03 00:00:00,11,2387.0,128,286.44,0.0,confirmed,2024-03-15 00:00:00,2024-02-02 16:00:00
73a75550-b032-4545-beca-743ff3caab58,220,2023-11-15 00:00:00,5,1050.0,42,126.0,0.0,confirmed,2024-01-14 00:00:00,2023-11-14 12:00:00
8755a1f6-a6a1-4177-a6b8-8dcf01e79c9f,177,2023-08-22 00:00:00,3,297.0,51,35.64,0.0,confirmed,2023-10-24 00:00:00,2023-08-21 18:00:00
14bf6fd0-5ddd-410f-834b-d4674333b747,196,2024-05-02 00:00:00,2,576.0,113,69.12,0.0,confirmed,2024-09-12 00:00:00,2024-05-01 07:00:00
cb813698-95a0-4779-b5e5-e6271f25f59e,440,2024-01-23 00:00:00,14,6384.0,147,766.08,638.4,cancelled,2024-03-24 00:00:00,2024-01-22 12:00:00
49660a41-b26f-4492-87a2-0ade1f704d26,319,2024-05-23 00:00:00,2,837.0,146,100.44,83.7,cancelled,2024-09-17 00:00:00,2024-05-22 13:00:00
8110a196-7da3-422a-bd2c-515a5dff4083,159,2024-01-07 00:00:00,13,2912.0,47,349.44,0.0,confirmed,2024-03-23 00:00:00,2024-01-06 15:00:00
509dafd7-d02b-4a29-9ce6-e505ce4574d8,300,2024-07-28 00:00:00,2,1326.0,112,159.12,0.0,confirmed,2024-11-28 00:00:00,2024-07-27 01:00:00
8606733a-e7d2-4653-9b3d-83887b05fb6b,28,2024-01-11 00:00:00,9,684.0,49,82.08,68.4,cancelled,2024-04-28 00:00:00,2024-01-10 07:00:00
9df793f0-e188-416a-a6bf-7b7f96cf58a5,10,2023-09-04 00:00:00,11,2816.0,53,337.92,281.6,cancelled,2023-12-10 00:00:00,2023-09-03 11:00:00
7d4b0119-394f-42d4-b09b-1bc7bbbafd6a,38,2024-08-28 00:00:00,8,2280.0,73,273.6,0.0,confirmed,2024-11-28 00:00:00,2024-08-27 19:00:00
57595da9-2c4f-452f-8bb0-9de3e6321b14,366,2023-12-28 00:00:00,12,1534.56,40,184.15,0.0,confirmed,2024-06-04 00:00:00,2023-12-27 06:00:00
9c2d4ffc-e4e3-48d1-8fcf-e99d6b48017b,321,2024-03-08 00:00:00,5,1395.0,142,167.4,0.0,confirmed,2024-07-17 00:00:00,2024-03-07 11:00:00
4179b931-b9b1-46e8-813d-ad56ba5880ab,430,2023-11-09 00:00:00,10,715.0,97,85.8,0.0,confirmed,2024-01-11 00:00:00,2023-11-08 20:00:00
3e012fbe-a891-44dc-9056-d0c2aa9f7997,105,2024-03-05 00:00:00,11,679.25,48,81.51,0.0,confirmed,2024-04-24 00:00:00,2024-03-04 14:00:00
579337ee-5d56-44c1-8797-9858fec43411,209,2024-01-20 00:00:00,4,644.0,139,77.28,64.4,cancelled,2024-06-06 00:00:00,2024-01-19 02:00:00
2eda80bb-1acb-4e4e-ae66-c995216ae0e6,34,2023-04-01 00:00:00,2,152.0,72,18.24,0.0,confirmed,2023-07-03 00:00:00,2023-03-31 05:00:00
2ae93326-3607-4d47-8d24-3fad9ded5c8c,30,2024-05-09 00:00:00,6,1107.0,51,132.84,110.7,cancelled,2024-10-16 00:00:00,2024-05-08 02:00:00
f02e75a3-5732-4de2-a098-2a4d9c729ce7,253,2024-02-19 00:00:00,12,3072.0,93,368.64,0.0,confirmed,2024-06-23 00:00:00,2024-02-18 12:00:00
f35aa071-3ea1-4643-9d96-bf09c0e23005,429,2024-07-14 00:00:00,11,1232.0,73,147.84,123.2,cancelled,2024-09-14 00:00:00,2024-07-13 21:00:00
aa2922e1-89fd-48ca-9036-69b63dc610c9,163,2023-12-31 00:00:00,6,2484.0,150,298.08,0.0,confirmed,2024-02-18 00:00:00,2023-12-30 12:00:00
d25949b4-72f7-4986-932f-615a2b72d014,291,2023-05-09 00:00:00,5,2145.0,56,257.4,0.0,confirmed,2023-10-10 00:00:00,2023-05-08 02:00:00
2032ad69-88fe-4913-a6e5-7f41fac5aa10,177,2023-02-09 00:00:00,1,99.0,123,11.88,0.0,confirmed,2023-07-24 00:00:00,2023-02-08 19:00:00
ffbdffc8-df98-4b24-a26c-4aa2e92b620f,273,2024-06-02 00:00:00,3,661.5,52,79.38,0.0,confirmed,2024-10-17 00:00:00,2024-06-01 14:00:00
3420e112-289d-4bfd-ade0-58040b4f55cf,383,2024-02-20 00:00:00,7,1771.0,69,212.52,0.0,confirmed,2024-04-19 00:00:00,2024-02-19 01:00:00
237cbff1-e171-4787-b4d1-ce270ae7ae3b,145,2023-10-26 00:00:00,1,175.75,68,21.09,0.0,confirmed,2024-02-05 00:00:00,2023-10-25 21:00:00
72b043e0-ef73-4744-be5f-5caadb327af0,223,2023-10-26 00:00:00,9,1584.0,56,190.08,0.0,confirmed,2024-02-16 00:00:00,2023-10-25 11:00:00
80f4ac31-fbed-4e9c-8546-b37a361f91ec,71,2023-06-25 00:00:00,1,229.5,91,27.54,0.0,confirmed,2023-12-16 00:00:00,2023-06-24 10:00:00
9cc9d1cd-62bc-4522-94e4-956670f92e55,214,2023-11-12 00:00:00,11,2420.0,123,290.4,0.0,confirmed,2024-01-14 00:00:00,2023-11-11 09:00:00
54e509f1-9699-470f-9878-1af25d5623c2,162,2023-11-14 00:00:00,8,1232.0,61,147.84,0.0,confirmed,2023-12-24 00:00:00,2023-11-13 17:00:00
54c607da-540e-4938-a44d-d58d2730c87b,109,2023-09-16 00:00:00,12,1200.0,93,144.0,0.0,confirmed,2023-11-14 00:00:00,2023-09-15 12:00:00
58aed463-eee1-4b42-b7e5-a01c7f1443d4,145,2023-09-17 00:00:00,11,1933.25,135,231.99,0.0,confirmed,2023-12-26 00:00:00,2023-09-16 10:00:00
5839f98a-6757-4bd2-b867-02929d569627,49,2023-04-29 00:00:00,1,216.0,132,25.92,0.0,confirmed,2023-06-13 00:00:00,2023-04-28 06:00:00
d26fc7f8-f5a1-4962-b349-6d6db5d91c29,47,2024-03-02 00:00:00,14,1862.0,143,223.44,0.0,confirmed,2024-04-01 00:00:00,2024-03-01 22:00:00
ba20905f-0e2a-4cbf-9b85-7eff6de4b98a,487,2023-12-04 00:00:00,1,154.0,78,18.48,0.0,confirmed,2024-02-02 00:00:00,2023-12-03 01:00:00
f56039bc-0d77-4e7d-bb37-fe13f5bc3831,418,2023-09-12 00:00:00,9,2227.5,108,267.3,0.0,confirmed,2023-11-23 00:00:00,2023-09-11 23:00:00
e2a54938-2896-40b2-80d0-e0b63e42b0b2,474,2023-11-08 00:00:00,12,1620.0,82,194.4,0.0,confirmed,2024-02-09 00:00:00,2023-11-07 04:00:00
956f9c51-1815-42d7-bcd0-2bc122c4fd54,378,2023-11-26 00:00:00,3,228.0,146,27.36,0.0,confirmed,2023-12-06 00:00:00,2023-11-25 17:00:00
50961bac-78a4-4786-aeed-ec9173195972,254,2023-11-09 00:00:00,7,1995.0,133,239.4,0.0,confirmed,2024-03-16 00:00:00,2023-11-08 13:00:00
3684b033-f7e8-4b54-9956-2cea422f03f3,318,2023-11-22 00:00:00,4,918.0,138,110.16,0.0,confirmed,2024-04-05 00:00:00,2023-11-21 05:00:00
8ed5e021-ba47-42a0-be14-31202c46de9f,378,2023-11-12 00:00:00,7,532.0,102,63.84,0.0,confirmed,2024-04-18 00:00:00,2023-11-11 00:00:00
e1929624-aca2-4548-a514-955a6a3927bb,289,2024-04-19 00:00:00,11,2821.5,60,338.58,0.0,confirmed,2024-09-12 00:00:00,2024-04-18 03:00:00
143f4140-685f-4825-8dac-a4f4c8b87715,373,2023-10-02 00:00:00,8,680.0,150,81.6,0.0,confirmed,2024-02-24 00:00:00,2023-10-01 21:00:00
da2d73dc-bbda-49fa-85a8-8fa5882003c8,54,2023-07-20 00:00:00,8,440.0,149,52.8,0.0,confirmed,2023-11-29 00:00:00,2023-07-19 20:00:00
ca01f0d0-78f3-43a5-9310-e9ed92eb103c,343,2024-03-03 00:00:00,11,1240.25,122,148.83,0.0,confirmed,2024-03-25 00:00:00,2024-03-02 19:00:00
b296fcb6-536c-4772-9706-f5aeda9fcfeb,121,2023-05-01 00:00:00,7,1064.0,149,127.68,106.4,cancelled,2023-07-05 00:00:00,2023-04-30 23:00:00
7a468d53-5e6f-4b7c-ac11-caad067d84fb,52,2023-09-01 00:00:00,5,522.5,81,62.7,0.0,confirmed,2023-12-01 00:00:00,2023-08-31 05:00:00
7bef67d7-d3fa-4c25-ad98-8d94cfc5e998,85,2024-06-01 00:00:00,9,819.0,102,98.28,81.9,cancelled,2024-07-08 00:00:00,2024-05-31 05:00:00
36c82455-a66c-4bab-9466-b1e382237d5a,62,2024-01-22 00:00:00,3,480.0,40,57.6,0.0,confirmed,2024-03-25 00:00:00,2024-01-21 09:00:00
787af0ea-4d21-49e0-98f1-a05ee73c0bbf,27,2024-06-10 00:00:00,10,880.0,135,105.6,0.0,confirmed,2024-11-28 00:00:00,2024-06-09 18:00:00
fad9aa66-5703-4b25-b9ec-c925912c83d1,123,2023-07-24 00:00:00,6,627.0,99,75.24,0.0,confirmed,2023-10-09 00:00:00,2023-07-23 12:00:00
b586c249-26c6-40ff-aa2c-be0c8097390c,438,2024-02-11 00:00:00,1,420.0,111,50.4,42.0,cancelled,2024-07-31 00:00:00,2024-02-10 08:00:00
a776bd57-d051-45be-9a29-044796395156,45,2023-10-21 00:00:00,1,107.25,121,12.87,0.0,confirmed,2023-11-04 00:00:00,2023-10-20 07:00:00
74203713-381c-4a84-ab55-1aa845d4846e,152,2024-05-01 00:00:00,6,1311.0,101,157.32,0.0,confirmed,2024-05-13 00:00:00,2024-04-30 10:00:00
4fecca08-e36f-4e84-8171-2ad132868a34,46,2023-08-16 00:00:00,6,1176.0,90,141.12,0.0,confirmed,2023-10-10 00:00:00,2023-08-15 20:00:00
c157173e-d139-4c62-b189-c68e07fc5bc5,141,2023-09-01 00:00:00,4,1152.0,61,138.24,0.0,confirmed,2023-09-18 00:00:00,2023-08-31 14:00:00
70055839-cc9b-4b36-8c48-4a8ec3b9c0d6,48,2023-10-21 00:00:00,1,52.25,147,6.27,0.0,confirmed,2023-10-30 00:00:00,2023-10-20 02:00:00
d4b9aea3-3fb9-4911-b392-748c80b2d49f,241,2023-11-05 00:00:00,3,735.0,42,88.2,0.0,confirmed,2024-02-18 00:00:00,2023-11-04 00:00:00
f19af7b5-5042-4552-acce-cb78613ad909,76,2023-06-17 00:00:00,4,374.0,122,44.88,0.0,confirmed,2023-08-16 00:00:00,2023-06-16 03:00:00
72029c0d-eb42-4c20-94f7-160664d3b65a,339,2023-07-10 00:00:00,11,1936.0,96,232.32,0.0,confirmed,2023-09-06 00:00:00,2023-07-09 07:00:00
cf01ef9e-a688-459c-a4b1-dede72d5daaf,361,2024-01-17 00:00:00,1,160.0,133,19.2,0.0,confirmed,2024-02-27 00:00:00,2024-01-16 22:00:00
a8c7112c-c16f-4d8c-b46f-593f0fd717c5,59,2023-08-09 00:00:00,5,852.5,94,102.3,0.0,confirmed,2023-12-18 00:00:00,2023-08-08 23:00:00
f282b589-204d-4045-9ed7-bba67967518f,372,2024-05-13 00:00:00,10,2240.0,143,268.8,0.0,confirmed,2024-08-16 00:00:00,2024-05-12 21:00:00
d6e0fda5-b66a-43bb-9926-9d64affd774c,252,2024-08-03 00:00:00,7,616.0,96,73.92,0.0,confirmed,2024-12-20 00:00:00,2024-08-02 10:00:00
6b922c23-6472-4ea3-89e2-4b76d9a558b1,243,2023-11-14 00:00:00,3,1701.0,138,204.12,0.0,confirmed,2023-12-29 00:00:00,2023-11-13 19:00:00
8bcf2a73-bd7d-4837-9eed-f51999a0fae3,426,2023-02-20 00:00:00,13,8190.0,47,982.8,819.0,cancelled,2023-07-10 00:00:00,2023-02-19 19:00:00
f00cbe96-53eb-422d-9959-3eb9ed66b892,92,2023-07-31 00:00:00,4,1344.0,111,161.28,0.0,confirmed,2023-10-20 00:00:00,2023-07-30 11:00:00
213a113f-ea42-415f-bcee-316c8e13ac69,192,2023-05-19 00:00:00,5,1190.0,124,142.8,0.0,confirmed,2023-08-09 00:00:00,2023-05-18 12:00:00
be745a0f-47c0-41b6-bae1-5ec64b6af288,403,2024-04-19 00:00:00,2,680.0,106,81.6,0.0,confirmed,2024-04-22 00:00:00,2024-04-18 08:00:00
ab2d1c50-f531-4dfe-b370-a53496415676,372,2024-03-22 00:00:00,8,1792.0,85,215.04,0.0,confirmed,2024-09-17 00:00:00,2024-03-21 05:00:00
e7dc986f-66af-4b3e-8256-07235c961925,26,2024-04-07 00:00:00,1,57.75,89,6.93,0.0,confirmed,2024-08-26 00:00:00,2024-04-06 23:00:00
16b21ed6-ee60-4581-8848-4a88b9a622dc,108,2023-12-05 00:00:00,12,3348.0,147,401.76,0.0,confirmed,2024-03-30 00:00:00,2023-12-04 20:00:00
927901b1-229b-4d6a-9879-65617bb5711d,288,2023-11-01 00:00:00,10,1755.0,44,210.6,175.5,cancelled,2024-01-31 00:00:00,2023-10-31 23:00:00
aedc13eb-f8fe-41af-b5a4-3d0fe76cf12d,473,2024-01-24 00:00:00,4,686.0,145,82.32,0.0,confirmed,2024-02-17 00:00:00,2024-01-23 15:00:00
b4b42a1b-241e-483b-b13e-c68992aa3f87,51,2024-01-03 00:00:00,6,2496.0,64,299.52,249.6,cancelled,2024-05-29 00:00:00,2024-01-02 16:00:00
9a85c8ae-5475-484b-8787-722ad70b5080,454,2024-04-06 00:00:00,4,242.0,63,29.04,24.2,cancelled,2024-06-08 00:00:00,2024-04-05 16:00:00
6bb1a64c-84c3-4673-9b41-616d728badf5,158,2023-12-05 00:00:00,6,1008.0,43,120.96,0.0,confirmed,2024-03-28 00:00:00,2023-12-04 06:00:00
3145767e-0b84-4b91-b7c1-c0ca467d6b96,328,2023-11-18 00:00:00,12,1320.0,110,158.4,0.0,confirmed,2024-03-26 00:00:00,2023-11-17 13:00:00
ff9d87b4-fb54-40c1-8ee0-b8f8c1ac5089,394,2024-06-28 00:00:00,4,476.0,75,57.12,0.0,confirmed,2024-08-30 00:00:00,2024-06-27 13:00:00
1c73cc97-e6c1-4e39-b5ec-fe4c42397730,73,2024-02-03 00:00:00,3,228.0,95,27.36,22.8,cancelled,2024-03-13 00:00:00,2024-02-02 10:00:00
c719cd2e-bb07-452e-a9ce-eb2be68fd529,87,2024-06-14 00:00:00,14,1232.0,129,147.84,0.0,confirmed,2024-11-28 00:00:00,2024-06-13 18:00:00
09c2a214-83b5-4245-82c6-3ca9aade41e4,407,2024-02-09 00:00:00,11,1694.0,126,203.28,169.4,cancelled,2024-04-11 00:00:00,2024-02-08 15:00:00
a73ab4c9-c49a-4f81-8993-1ce75b5c2bdc,464,2024-03-23 00:00:00,13,2645.5,55,317.46,0.0,confirmed,2024-07-31 00:00:00,2024-03-22 23:00:00
791df90b-9df2-4a02-ad93-f42fe8c26b73,259,2024-01-04 00:00:00,5,1265.0,91,151.8,126.5,cancelled,2024-06-26 00:00:00,2024-01-03 07:00:00
5a117cd2-ba6d-4043-b638-1cef2c083ad9,326,2024-07-19 00:00:00,1,279.0,55,33.48,0.0,confirmed,2024-12-23 00:00:00,2024-07-18 18:00:00
d849202b-7d47-4c5e-9b88-78848a46ee5e,225,2023-11-13 00:00:00,14,4018.0,59,482.16,401.8,cancelled,2024-04-11 00:00:00,2023-11-12 13:00:00
4cd68ae1-588f-4882-a75c-e488d9d2795e,114,2023-09-29 00:00:00,4,1216.0,72,145.92,0.0,confirmed,2024-01-30 00:00:00,2023-09-28 09:00:00
07db43cd-db5e-4445-80a8-b8b31b21abc9,7,2023-04-23 00:00:00,3,342.0,136,41.04,34.2,cancelled,2023-08-12 00:00:00,2023-04-22 17:00:00
47ee9484-2fb6-4382-be43-22d6f3e1b39a,31,2023-09-14 00:00:00,6,1056.0,100,126.72,0.0,confirmed,2023-09-28 00:00:00,2023-09-13 04:00:00
95f61713-d864-4e5a-9069-31702d34f61f,398,2023-07-10 00:00:00,9,585.0,66,70.2,58.5,cancelled,2023-12-13 00:00:00,2023-07-09 13:00:00
00b38696-2ba5-45d0-af34-23521073f0cd,309,2023-05-18 00:00:00,6,1782.0,88,213.84,0.0,confirmed,2023-08-27 00:00:00,2023-05-17 11:00:00
35fdcd22-e7a3-41e6-8ce4-c1ceaa310ea9,93,2023-08-02 00:00:00,9,1008.0,81,120.96,100.8,cancelled,2023-12-16 00:00:00,2023-08-01 18:00:00
5198f208-448c-4e32-85f2-e7543ae069ac,277,2024-05-24 00:00:00,10,1600.0,111,192.0,0.0,confirmed,2024-06-16 00:00:00,2024-05-23 17:00:00
aebad03b-358a-41b5-b517-7fb6c6323947,122,2024-03-09 00:00:00,12,627.0,139,75.24,0.0,confirmed,2024-05-23 00:00:00,2024-03-08 17:00:00
1bfa78c7-18aa-4d29-893d-a3721e47ff7c,336,2023-11-02 00:00:00,2,616.0,85,73.92,61.6,cancelled,2024-03-14 00:00:00,2023-11-01 17:00:00
bc98f128-d595-4236-9267-cc58b1f80cd3,222,2023-08-03 00:00:00,6,1045.5,81,125.46,0.0,confirmed,2023-08-27 00:00:00,2023-08-02 06:00:00
e9373c65-4c9d-4f93-9767-0115c4089d6a,71,2023-08-01 00:00:00,1,229.5,150,27.54,22.95,cancelled,2023-11-29 00:00:00,2023-07-31 01:00:00
bf5c76c3-4d2b-4ad4-8e12-3841a7aa13e4,410,2023-10-17 00:00:00,9,855.0,59,102.6,0.0,confirmed,2023-12-27 00:00:00,2023-10-16 08:00:00
90f0f1f8-617e-4e29-98b2-0c8599642e7d,37,2024-03-08 00:00:00,7,2940.0,45,352.8,294.0,cancelled,2024-06-01 00:00:00,2024-03-07 20:00:00
048ac82a-c8f5-4d64-bf46-f8bcf1fca439,235,2024-06-29 00:00:00,13,2099.5,66,251.94,209.95,cancelled,2024-10-09 00:00:00,2024-06-28 05:00:00
4cdbc494-a61c-4225-9df3-bbf8b1f2f13a,22,2024-05-26 00:00:00,1,266.0,91,31.92,0.0,confirmed,2024-08-19 00:00:00,2024-05-25 18:00:00
ea96a210-d328-4ce5-b978-d5b4b8576157,461,2023-11-02 00:00:00,6,864.0,136,103.68,86.4,cancelled,2024-04-12 00:00:00,2023-11-01 01:00:00
01edc046-cb80-46d4-b75a-42f4afcec4d1,476,2024-04-18 00:00:00,6,1632.0,88,195.84,0.0,confirmed,2024-05-17 00:00:00,2024-04-17 11:00:00
e0f7468c-d654-4753-bbbc-f0c3d8e106bd,367,2023-02-25 00:00:00,3,1152.0,98,138.24,0.0,confirmed,2023-07-12 00:00:00,2023-02-24 02:00:00
8f2d8a6a-9383-47d7-9425-a875a42fdfbe,498,2024-03-29 00:00:00,14,1960.0,87,235.2,0.0,confirmed,2024-03-31 00:00:00,2024-03-28 09:00:00
b4695885-8117-4152-958f-78ea15e97a5a,382,2024-09-22 00:00:00,2,644.0,54,77.28,0.0,confirmed,2025-03-07 00:00:00,2024-09-21 06:00:00
801dcef2-0e84-4eca-9f90-81ecd8445a1a,168,2023-06-02 00:00:00,2,313.5,59,37.62,31.35,cancelled,2023-08-05 00:00:00,2023-06-01 00:00:00
ab8e31c4-76a8-44f6-898f-f135c41ece1c,1,2024-09-07 00:00:00,5,403.75,106,48.45,0.0,confirmed,2024-09-30 00:00:00,2024-09-06 16:00:00
6a5c54c6-f665-48bc-b206-bbd369c7ff40,276,2023-08-08 00:00:00,10,5635.0,82,676.2,0.0,confirmed,2023-10-18 00:00:00,2023-08-07 06:00:00
0a1ff1d2-681f-43db-ad81-210859526f4a,199,2023-08-23 00:00:00,2,437.0,56,52.44,43.7,cancelled,2023-12-27 00:00:00,2023-08-22 23:00:00
58b30c99-59f9-4842-90b5-df1dca905117,302,2023-10-23 00:00:00,10,2170.0,57,260.4,0.0,confirmed,2024-03-21 00:00:00,2023-10-22 18:00:00
41202dab-15df-42a1-9b36-1ae573d41608,130,2023-09-02 00:00:00,8,1155.04,76,138.6,115.5,cancelled,2023-12-08 00:00:00,2023-09-01 06:00:00
40ed8418-13bc-4db1-a9e1-dfd6383b4b89,409,2024-05-02 00:00:00,7,1001.0,107,120.12,100.1,cancelled,2024-10-13 00:00:00,2024-05-01 03:00:00
1b69d5a9-620a-4dd9-9a3d-46b6104999d6,343,2023-12-19 00:00:00,4,451.0,137,54.12,0.0,confirmed,2024-03-08 00:00:00,2023-12-18 08:00:00
1ab106d5-ab8b-4dba-a8e2-26590ab3e948,374,2023-12-06 00:00:00,4,374.0,99,44.88,37.4,cancelled,2023-12-12 00:00:00,2023-12-05 11:00:00
ece93fb7-6ec9-4dbd-8096-6c5e26383a55,195,2024-06-02 00:00:00,2,546.0,82,65.52,0.0,confirmed,2024-08-02 00:00:00,2024-06-01 08:00:00
00e72e88-b39c-4974-b654-7563fd1d689c,216,2023-06-20 00:00:00,12,1848.0,48,221.76,0.0,confirmed,2023-10-19 00:00:00,2023-06-19 20:00:00
59efc99f-d822-4b89-bd9e-fb21bb35fd87,240,2023-12-07 00:00:00,2,190.0,140,22.8,0.0,confirmed,2024-01-23 00:00:00,2023-12-06 21:00:00
cc7187fd-00f6-40d4-ada7-801885b11f9f,335,2024-04-27 00:00:00,12,8400.0,136,1008.0,840.0,cancelled,2024-10-23 00:00:00,2024-04-26 17:00:00
169a1e5d-f295-475f-935a-b08fcb4a9f64,462,2023-11-04 00:00:00,1,499.5,126,59.94,0.0,confirmed,2024-04-29 00:00:00,2023-11-03 17:00:00
ceb3d71b-c12b-45e8-b66c-27f8ff064243,328,2023-09-19 00:00:00,13,1430.0,81,171.6,0.0,confirmed,2024-02-01 00:00:00,2023-09-18 20:00:00
45910e36-93c2-4e9e-8b4b-bc6d6f5975b8,316,2024-01-11 00:00:00,2,544.0,115,65.28,0.0,confirmed,2024-03-08 00:00:00,2024-01-10 16:00:00
ca292fa1-c760-4cb9-8675-0af908ec7d72,479,2024-01-22 00:00:00,12,1596.0,123,191.52,0.0,confirmed,2024-05-12 00:00:00,2024-01-21 14:00:00
54a4eb1c-7cb7-4901-9cf7-7c8f9c058245,253,2023-10-23 00:00:00,6,1536.0,81,184.32,0.0,confirmed,2024-03-29 00:00:00,2023-10-22 10:00:00
e5ed0e9f-2bc3-460a-a2dc-2039c718290d,453,2023-11-23 00:00:00,14,10290.0,98,1234.8,0.0,confirmed,2024-03-07 00:00:00,2023-11-22 06:00:00
68183883-36e0-435c-99b1-1329913e49f8,456,2023-09-17 00:00:00,14,3080.0,53,369.6,308.0,cancelled,2023-12-04 00:00:00,2023-09-16 12:00:00
e83dff8f-f6c9-494e-8d78-918336cf4564,281,2024-01-11 00:00:00,13,4732.0,103,567.84,0.0,confirmed,2024-06-06 00:00:00,2024-01-10 10:00:00
3029596d-47d4-4280-96f0-196876351b8d,14,2023-11-26 00:00:00,7,3528.0,124,423.36,352.8,cancelled,2023-11-29 00:00:00,2023-11-25 06:00:00
116fb925-41ac-4386-8487-06386889a340,376,2023-06-07 00:00:00,3,1887.0,118,226.44,0.0,confirmed,2023-06-16 00:00:00,2023-06-06 08:00:00
9dd1fa4c-a4f3-4e2e-aa4d-bbe8a1939fb1,273,2024-08-19 00:00:00,4,882.0,108,105.84,88.2,cancelled,2024-11-03 00:00:00,2024-08-18 10:00:00
580bf9e4-6b4d-444b-b778-0ec3b4799845,27,2023-11-08 00:00:00,4,352.0,140,42.24,0.0,confirmed,2024-03-13 00:00:00,2023-11-07 18:00:00
2fe1845e-afcb-4a45-8218-3a489a0d0c82,237,2023-04-30 00:00:00,3,555.75,116,66.69,0.0,confirmed,2023-06-08 00:00:00,2023-04-29 07:00:00
a4f5b881-002a-4ac2-b555-78a732201ce5,454,2023-07-09 00:00:00,5,302.5,63,36.3,0.0,confirmed,2024-01-02 00:00:00,2023-07-08 18:00:00
04b542cf-21fb-4ef4-890d-64cebb39ea05,170,2023-02-20 00:00:00,8,2560.0,83,307.2,256.0,cancelled,2023-03-20 00:00:00,2023-02-19 04:00:00
af1059c2-35b7-4d2f-9942-334cd1d1ddf1,12,2023-11-30 00:00:00,11,1331.0,149,159.72,133.1,cancelled,2023-12-21 00:00:00,2023-11-29 08:00:00
81f90373-d1eb-422a-8f99-65fdcdd801f2,401,2024-02-08 00:00:00,13,5928.0,48,711.36,0.0,confirmed,2024-06-28 00:00:00,2024-02-07 09:00:00
f7384c91-e7ef-4ac5-9c8f-6d373b49eb79,480,2023-08-24 00:00:00,1,78.38,105,9.41,0.0,confirmed,2023-10-07 00:00:00,2023-08-23 23:00:00
ebdeea6b-4826-41bf-a458-64f0e795a747,212,2023-11-26 00:00:00,7,598.5,128,71.82,0.0,confirmed,2023-12-28 00:00:00,2023-11-25 16:00:00
6e6c309c-0586-45be-8741-ec5795cb46d5,337,2023-11-17 00:00:00,9,810.0,41,97.2,0.0,confirmed,2024-02-17 00:00:00,2023-11-16 03:00:00
d5669d5a-49c4-4827-b1a7-7b1779514fe2,368,2024-02-16 00:00:00,9,1485.0,112,178.2,0.0,confirmed,2024-04-18 00:00:00,2024-02-15 09:00:00
3fa30caf-c884-4553-b460-ea40c7583383,105,2024-04-17 00:00:00,7,432.25,133,51.87,43.23,cancelled,2024-08-05 00:00:00,2024-04-16 10:00:00
9987d300-c664-4c32-8d50-7466e1d3787a,397,2023-09-13 00:00:00,5,1840.0,117,220.8,184.0,cancelled,2023-12-14 00:00:00,2023-09-12 10:00:00
4ed7eff0-c180-475f-bbab-59ee6ab9e145,70,2024-05-16 00:00:00,8,896.0,139,107.52,0.0,confirmed,2024-10-27 00:00:00,2024-05-15 00:00:00
96669533-1b95-4706-99bc-f15ca63fa26c,188,2024-03-22 00:00:00,8,1023.04,111,122.76,102.3,cancelled,2024-06-26 00:00:00,2024-03-21 16:00:00
324bde60-f757-4ba2-b53c-a9e5b0a5fb79,264,2024-02-26 00:00:00,1,216.0,131,25.92,0.0,confirmed,2024-07-19 00:00:00,2024-02-25 11:00:00
cb62f7f9-522e-42be-95d5-307e3408dd92,188,2023-09-23 00:00:00,2,255.76,81,30.69,0.0,confirmed,2024-02-15 00:00:00,2023-09-22 05:00:00
71a1d982-51f8-4962-a181-088a9d9a738b,239,2024-02-13 00:00:00,7,3822.0,91,458.64,0.0,confirmed,2024-02-27 00:00:00,2024-02-12 17:00:00
17903f92-5360-4a4c-a621-edbe1a565403,319,2024-03-26 00:00:00,12,5022.0,119,602.64,0.0,confirmed,2024-07-18 00:00:00,2024-03-25 20:00:00
ef57b4b6-2e1b-45cd-a0c3-8a4239fc6429,98,2024-01-02 00:00:00,10,2170.0,141,260.4,0.0,confirmed,2024-02-07 00:00:00,2024-01-01 11:00:00
59f2cd27-ad7a-40a0-926a-56d6c956e988,28,2023-04-19 00:00:00,13,988.0,96,118.56,0.0,confirmed,2023-09-16 00:00:00,2023-04-18 21:00:00
6049acce-d7e9-4f11-9abf-992b71a5d3e8,493,2023-10-14 00:00:00,14,4312.0,101,517.44,0.0,confirmed,2024-03-21 00:00:00,2023-10-13 02:00:00
814929c5-334a-4bdd-9fa7-20da57ec734a,432,2023-09-05 00:00:00,8,1232.0,133,147.84,0.0,confirmed,2023-10-24 00:00:00,2023-09-04 22:00:00
33759aac-2af9-4691-94fe-a1bac3b1418c,124,2024-02-20 00:00:00,13,2652.0,144,318.24,0.0,confirmed,2024-03-27 00:00:00,2024-02-19 23:00:00
30527626-fdbd-4274-a311-43535e5a7fe1,439,2024-05-17 00:00:00,6,693.0,89,83.16,0.0,confirmed,2024-08-12 00:00:00,2024-05-16 00:00:00
36e87958-02bb-4196-aace-73e8f4873590,323,2024-08-16 00:00:00,9,3312.0,75,397.44,0.0,confirmed,2025-01-30 00:00:00,2024-08-15 01:00:00
e574256d-e105-4fab-9e2c-75f59a5fb657,402,2023-06-03 00:00:00,11,5984.0,44,718.08,0.0,confirmed,2023-11-10 00:00:00,2023-06-02 17:00:00
f3f379a3-3d99-4d07-a170-f9af83604c72,150,2023-07-30 00:00:00,7,630.0,64,75.6,63.0,cancelled,2023-12-30 00:00:00,2023-07-29 14:00:00
882c8793-a2d7-4c3b-b975-79700062475c,241,2024-04-20 00:00:00,1,245.0,131,29.4,0.0,confirmed,2024-08-13 00:00:00,2024-04-19 08:00:00
0162c1a9-0f47-493c-a25e-9bce34fa812c,492,2023-12-21 00:00:00,1,66.5,139,7.98,6.65,cancelled,2024-06-16 00:00:00,2023-12-20 13:00:00
77e4a1fd-afd6-4c58-84aa-492f294db69a,458,2023-09-12 00:00:00,7,2394.0,57,287.28,239.4,cancelled,2023-12-22 00:00:00,2023-09-11 15:00:00
2ed6af33-dfb9-49d4-9f8f-a1a0cef03a87,204,2024-01-16 00:00:00,6,1111.5,118,133.38,111.15,cancelled,2024-06-25 00:00:00,2024-01-15 18:00:00
5969130f-91bf-422c-8f5d-d41f20188789,336,2024-02-20 00:00:00,11,3388.0,40,406.56,338.8,cancelled,2024-05-30 00:00:00,2024-02-19 08:00:00
9d50695e-417d-4d0c-b0b1-8b3e3cf64030,163,2023-07-20 00:00:00,10,4140.0,63,496.8,0.0,confirmed,2023-07-24 00:00:00,2023-07-19 07:00:00
10e87aad-55a1-46a1-9875-47e2307c030f,42,2023-07-20 00:00:00,4,532.0,123,63.84,53.2,cancelled,2023-10-14 00:00:00,2023-07-19 11:00:00
9317af70-b7a4-40c1-a739-dbb84eb655a9,331,2024-03-25 00:00:00,10,907.5,107,108.9,0.0,confirmed,2024-07-29 00:00:00,2024-03-24 12:00:00
ad6f09cc-c5b7-4784-9b8a-c529c5547ba7,415,2024-06-05 00:00:00,13,2574.0,79,308.88,0.0,confirmed,2024-10-22 00:00:00,2024-06-04 09:00:00
ab825322-0042-477f-90fe-a7cd81ede987,64,2023-10-02 00:00:00,4,589.0,90,70.68,58.9,cancelled,2023-12-25 00:00:00,2023-10-01 07:00:00
ba792c07-5816-4156-9153-61e1be4f698b,125,2024-09-05 00:00:00,13,10530.0,134,1263.6,0.0,confirmed,2024-10-01 00:00:00,2024-09-04 01:00:00
cc8e4a39-b01c-494d-875c-8aaca9b710f0,246,2023-07-20 00:00:00,7,1792.0,130,215.04,179.2,cancelled,2023-09-27 00:00:00,2023-07-19 17:00:00
cbaa482b-648e-45c5-aba4-49e353b6c2ea,362,2024-04-04 00:00:00,2,840.0,94,100.8,0.0,confirmed,2024-06-05 00:00:00,2024-04-03 08:00:00
f19ca0a7-4e64-460b-b611-8a3d080740f0,356,2024-02-19 00:00:00,5,1320.0,96,158.4,0.0,confirmed,2024-03-20 00:00:00,2024-02-18 22:00:00
88d887ec-57e5-4391-8ea4-e4e6c347d5c9,188,2023-09-16 00:00:00,4,511.52,78,61.38,0.0,confirmed,2024-01-22 00:00:00,2023-09-15 14:00:00
a87a87cd-c8eb-4ccd-aa4d-54d40c3b6cca,13,2024-01-12 00:00:00,7,1428.0,149,171.36,0.0,confirmed,2024-02-01 00:00:00,2024-01-11 00:00:00
109b2fa0-0601-4513-b693-8772b6cd433e,97,2023-10-31 00:00:00,14,3570.0,112,428.4,0.0,confirmed,2024-04-20 00:00:00,2023-10-30 13:00:00
33005dbb-8e8b-43c5-88ce-7283bde12248,318,2024-06-03 00:00:00,4,918.0,79,110.16,0.0,confirmed,2024-08-17 00:00:00,2024-06-02 19:00:00
833b8a04-5664-4cbb-9170-ba6efd39b149,347,2024-01-29 00:00:00,6,660.0,98,79.2,66.0,cancelled,2024-03-31 00:00:00,2024-01-28 11:00:00
f367d636-6f5b-4471-bd9d-6f9d0ffc336d,117,2023-12-24 00:00:00,3,408.36,72,49.0,40.84,cancelled,2024-06-13 00:00:00,2023-12-23 09:00:00
948c9e70-58fa-41ed-a10a-93a52a94e5c4,120,2023-11-27 00:00:00,3,272.25,141,32.67,27.23,cancelled,2024-04-29 00:00:00,2023-11-26 04:00:00
39f61bed-3fdf-4164-820f-726a9f6f7472,321,2024-01-11 00:00:00,3,837.0,93,100.44,0.0,confirmed,2024-02-01 00:00:00,2024-01-10 17:00:00
a4dae76a-8660-489c-bade-4937d506370e,412,2023-12-24 00:00:00,1,174.25,53,20.91,0.0,confirmed,2024-02-11 00:00:00,2023-12-23 06:00:00
40331adf-ca90-4cc6-b8e8-b54284a6a34c,463,2024-02-28 00:00:00,9,1890.0,144,226.8,0.0,confirmed,2024-05-26 00:00:00,2024-02-27 04:00:00
7b95b7f6-967f-40c5-9c26-d8b94dc2f200,329,2024-05-19 00:00:00,9,1224.0,46,146.88,122.4,cancelled,2024-10-19 00:00:00,2024-05-18 18:00:00
43281e94-831b-465a-b855-b8c6b7413434,334,2024-08-09 00:00:00,6,2232.0,96,267.84,223.2,cancelled,2024-12-27 00:00:00,2024-08-08 07:00:00
419dade5-c585-42c3-bd8c-2446b273ac44,186,2023-12-17 00:00:00,1,480.0,135,57.6,48.0,cancelled,2024-04-06 00:00:00,2023-12-16 04:00:00
047a0c51-b334-494c-9fb4-c2098357c517,491,2023-10-06 00:00:00,7,1512.0,132,181.44,0.0,confirmed,2023-11-04 00:00:00,2023-10-05 00:00:00
010b6a21-9caf-46d8-8c5b-042807bc375a,111,2024-07-26 00:00:00,11,3179.0,66,381.48,0.0,confirmed,2024-09-24 00:00:00,2024-07-25 06:00:00
469911b5-be01-40d7-b88e-57b71c01305c,343,2023-11-09 00:00:00,2,225.5,118,27.06,0.0,confirmed,2024-03-22 00:00:00,2023-11-08 13:00:00
996918e0-7c50-4a36-9b4f-8458200c270d,196,2024-04-28 00:00:00,13,3744.0,114,449.28,0.0,confirmed,2024-06-19 00:00:00,2024-04-27 06:00:00
c3aad85b-0066-443d-942c-49970ec835da,205,2023-06-14 00:00:00,5,288.75,87,34.65,28.88,cancelled,2023-11-11 00:00:00,2023-06-13 23:00:00
df0ceaff-39ab-4693-b128-925613812431,414,2024-04-28 00:00:00,6,1440.0,131,172.8,0.0,confirmed,2024-05-11 00:00:00,2024-04-27 08:00:00
e938adf4-0991-4aba-9865-1f0d56b5e3b0,419,2023-10-01 00:00:00,5,715.0,141,85.8,71.5,cancelled,2023-11-21 00:00:00,2023-09-30 16:00:00
b6a09646-d066-4d87-86c5-1757affec023,335,2023-10-12 00:00:00,9,6300.0,116,756.0,0.0,confirmed,2024-02-22 00:00:00,2023-10-11 11:00:00
103bcf41-e9d0-46fe-83e5-96fb0149ad00,10,2024-02-18 00:00:00,3,768.0,81,92.16,0.0,confirmed,2024-06-11 00:00:00,2024-02-17 16:00:00
326de8bf-672c-4b68-8381-b59d614c4fe3,411,2024-10-07 00:00:00,5,2760.0,147,331.2,276.0,cancelled,2025-03-27 00:00:00,2024-10-06 04:00:00
261dd563-2bf9-413c-9034-101a9782a80b,431,2023-10-24 00:00:00,6,600.0,127,72.0,0.0,confirmed,2024-04-08 00:00:00,2023-10-23 22:00:00
9e57aaf0-dae2-42d9-b4b0-a6856c077cbb,288,2024-07-14 00:00:00,11,1930.5,124,231.66,0.0,confirmed,2024-12-15 00:00:00,2024-07-13 09:00:00
bfd61e07-883b-45de-8041-2459060f4dc9,206,2024-04-15 00:00:00,12,2040.0,49,244.8,0.0,confirmed,2024-04-30 00:00:00,2024-04-14 17:00:00
cfef6026-2e57-498a-abba-ffda70559888,455,2024-02-03 00:00:00,8,952.0,98,114.24,95.2,cancelled,2024-03-07 00:00:00,2024-02-02 22:00:00
2e4249b7-dee7-4fee-b1e9-1c306e065612,482,2023-09-07 00:00:00,14,1130.5,117,135.66,113.05,cancelled,2024-01-25 00:00:00,2023-09-06 13:00:00
543a7b65-519f-4bd1-ba82-e660c6e84bdd,31,2024-01-05 00:00:00,14,2464.0,119,295.68,246.4,cancelled,2024-05-31 00:00:00,2024-01-04 00:00:00
f4f70969-5464-4ab6-978a-235fe101903d,263,2023-09-12 00:00:00,13,5616.0,128,673.92,561.6,cancelled,2024-02-15 00:00:00,2023-09-11 01:00:00
74ed791b-be99-42c6-a011-79b4f19d05a6,226,2023-05-05 00:00:00,13,988.0,57,118.56,98.8,cancelled,2023-06-30 00:00:00,2023-05-04 07:00:00
7ddcbf07-060f-4be3-8bcb-1dd8b5c9ecc6,193,2023-09-01 00:00:00,1,525.0,80,63.0,52.5,cancelled,2023-12-31 00:00:00,2023-08-31 21:00:00
6fb732b3-625e-4a95-9338-1bdabe84ff98,78,2023-06-17 00:00:00,1,218.5,64,26.22,0.0,confirmed,2023-09-01 00:00:00,2023-06-16 08:00:00
79a7c339-a538-4f49-b84c-c7ce6aba4294,477,2023-12-28 00:00:00,5,1295.0,71,155.4,0.0,confirmed,2024-01-19 00:00:00,2023-12-27 23:00:00
8348932a-fbb1-404b-ad3e-19f51fe2f2af,498,2024-01-02 00:00:00,4,560.0,72,67.2,0.0,confirmed,2024-06-23 00:00:00,2024-01-01 02:00:00
447a3b0d-254b-4210-92c8-42c89f76d946,276,2023-11-01 00:00:00,5,2817.5,98,338.1,0.0,confirmed,2024-03-14 00:00:00,2023-10-31 02:00:00
e92c38a6-b189-40e6-8ae1-2e6f048abd51,57,2024-08-05 00:00:00,13,4810.0,96,577.2,0.0,confirmed,2024-11-01 00:00:00,2024-08-04 10:00:00
6cd6976a-4d67-45b7-b4c1-359eddeebf46,321,2023-11-13 00:00:00,4,1116.0,49,133.92,111.6,cancelled,2024-05-01 00:00:00,2023-11-12 12:00:00
c6448b01-9548-4884-8a8f-655114a79790,174,2024-01-12 00:00:00,12,3420.0,48,410.4,0.0,confirmed,2024-03-12 00:00:00,2024-01-11 22:00:00
63f8c9f5-47c6-4422-b109-0f63579596b1,321,2023-09-29 00:00:00,4,1116.0,130,133.92,0.0,confirmed,2023-12-28 00:00:00,2023-09-28 04:00:00
a6819e5a-511e-4567-9704-5e6e7d264d77,141,2023-11-24 00:00:00,11,3168.0,69,380.16,0.0,confirmed,2024-04-23 00:00:00,2023-11-23 15:00:00
209bc67a-6c82-406c-bd28-6dce6474467a,293,2024-02-27 00:00:00,1,189.75,93,22.77,18.98,cancelled,2024-05-21 00:00:00,2024-02-26 01:00:00
c86bc765-0fbf-46c0-9a91-7b0e90762f51,241,2024-03-17 00:00:00,8,1960.0,107,235.2,196.0,cancelled,2024-05-22 00:00:00,2024-03-16 22:00:00
90eebe21-5875-4b63-960a-d4cbc96e0022,111,2023-11-30 00:00:00,1,289.0,43,34.68,0.0,confirmed,2024-02-03 00:00:00,2023-11-29 10:00:00
bf86e3ef-2ae2-4e99-bd2e-49887ca87165,26,2024-05-29 00:00:00,8,462.0,128,55.44,46.2,cancelled,2024-08-09 00:00:00,2024-05-28 11:00:00
1e844c0c-0af5-420f-b30b-3c1b3c8006e8,110,2023-12-22 00:00:00,2,351.0,124,42.12,0.0,confirmed,2023-12-27 00:00:00,2023-12-21 01:00:00
48869761-2411-4fb5-b7bf-5991102e1da3,11,2023-09-21 00:00:00,6,741.0,108,88.92,0.0,confirmed,2024-02-12 00:00:00,2023-09-20 01:00:00
07f24127-2be8-450b-ae76-db6ac0986d84,336,2023-06-12 00:00:00,11,3388.0,142,406.56,338.8,cancelled,2023-09-25 00:00:00,2023-06-11 02:00:00
9734a53c-ba05-44bf-a762-ab3ad3839a92,29,2023-03-17 00:00:00,4,1170.0,125,140.4,117.0,cancelled,2023-08-15 00:00:00,2023-03-16 17:00:00
d73fc155-568c-4723-817e-3e9a0f0acb83,177,2023-05-31 00:00:00,13,1287.0,145,154.44,128.7,cancelled,2023-11-23 00:00:00,2023-05-30 04:00:00
ef463c5a-e9e0-43ab-9e2e-267bf49a7384,337,2024-08-15 00:00:00,3,270.0,90,32.4,0.0,confirmed,2024-11-17 00:00:00,2024-08-14 15:00:00
6840ed6b-d280-4ac3-a455-b748efca0b8e,422,2023-08-11 00:00:00,7,1064.0,67,127.68,0.0,confirmed,2024-02-02 00:00:00,2023-08-10 01:00:00
639f0a76-fa91-4304-887d-24b4b0bedab5,140,2023-11-27 00:00:00,9,726.75,103,87.21,72.67,cancelled,2024-04-18 00:00:00,2023-11-26 09:00:00
e4eb94f3-e9f8-4337-ba16-3c9bc6b836bf,282,2023-12-08 00:00:00,12,2772.0,58,332.64,277.2,cancelled,2024-06-04 00:00:00,2023-12-07 05:00:00
6b19a6a6-cead-4822-8d08-365f6b31eeba,324,2023-12-07 00:00:00,12,1800.0,130,216.0,0.0,confirmed,2024-05-04 00:00:00,2023-12-06 04:00:00
74145a01-1fcf-4976-b62c-9619c7b8ca13,267,2023-04-20 00:00:00,1,304.0,48,36.48,0.0,confirmed,2023-10-16 00:00:00,2023-04-19 11:00:00
6cc4622b-66a2-4b78-8232-d120f3622cac,243,2023-12-02 00:00:00,10,5670.0,104,680.4,0.0,confirmed,2024-03-24 00:00:00,2023-12-01 20:00:00
2bffaf78-5908-4be4-8df2-bec688d7eda1,224,2023-03-29 00:00:00,3,588.0,70,70.56,58.8,cancelled,2023-09-07 00:00:00,2023-03-28 19:00:00
2948681b-8d8f-4c3f-b1e3-17cfa625b02d,118,2023-12-22 00:00:00,9,2081.25,79,249.75,0.0,confirmed,2024-04-20 00:00:00,2023-12-21 17:00:00
682a7083-8e39-4cc0-86bb-07a573623467,452,2024-02-24 00:00:00,2,480.0,73,57.6,0.0,confirmed,2024-04-24 00:00:00,2024-02-23 18:00:00
3fcb304a-522b-4cc7-a471-956548f00493,187,2023-09-16 00:00:00,7,882.0,57,105.84,0.0,confirmed,2023-10-30 00:00:00,2023-09-15 18:00:00
cd25204c-17d2-4ff2-87f5-5c35928d40a1,371,2024-04-05 00:00:00,8,1280.0,66,153.6,0.0,confirmed,2024-04-18 00:00:00,2024-04-04 21:00:00
cd841cd0-b788-4699-8253-a4f5c7b1e026,303,2023-12-01 00:00:00,5,2080.0,141,249.6,0.0,confirmed,2024-01-11 00:00:00,2023-11-30 17:00:00
8b1a2778-ab63-4071-b1f3-aee3a965e868,409,2024-03-05 00:00:00,1,143.0,102,17.16,0.0,confirmed,2024-07-02 00:00:00,2024-03-04 12:00:00
e0795570-0cff-433a-8c2e-eed0af43b566,312,2023-10-12 00:00:00,4,2170.0,71,260.4,0.0,confirmed,2023-11-02 00:00:00,2023-10-11 04:00:00
75906494-e23c-4520-8df8-9c8aa18af608,132,2024-02-25 00:00:00,3,1302.0,53,156.24,0.0,confirmed,2024-08-10 00:00:00,2024-02-24 14:00:00
a0a9daf8-7a18-4cde-a9ac-be441abd29c2,27,2024-05-07 00:00:00,1,88.0,84,10.56,0.0,confirmed,2024-09-16 00:00:00,2024-05-06 03:00:00
f1e85635-6ada-4b91-90b5-4127358a5b7e,192,2023-10-10 00:00:00,7,1666.0,127,199.92,0.0,confirmed,2024-03-15 00:00:00,2023-10-09 04:00:00
b7448a18-0730-40d4-a60b-97742d85428c,346,2023-02-12 00:00:00,10,1520.0,65,182.4,0.0,confirmed,2023-05-14 00:00:00,2023-02-11 13:00:00
9f4ec45e-7403-4493-96eb-463c52aa69ac,345,2024-02-19 00:00:00,8,1320.0,108,158.4,132.0,cancelled,2024-05-24 00:00:00,2024-02-18 08:00:00
7d8cf339-9c21-4351-bac8-e255dfa66145,91,2024-08-25 00:00:00,12,693.0,84,83.16,0.0,confirmed,2024-09-08 00:00:00,2024-08-24 10:00:00
63b46210-9234-417c-a94e-2b7c2df4d07f,362,2023-11-04 00:00:00,14,5880.0,105,705.6,588.0,cancelled,2024-01-10 00:00:00,2023-11-03 09:00:00
389f2a7c-3aee-4d4a-ad3d-376e702597b2,167,2024-01-14 00:00:00,11,1588.18,97,190.58,0.0,confirmed,2024-02-21 00:00:00,2024-01-13 05:00:00
3993bfc1-7fd1-4ecc-bb1c-0449fdc49db8,191,2024-06-19 00:00:00,13,3094.0,101,371.28,309.4,cancelled,2024-12-14 00:00:00,2024-06-18 09:00:00
18720f74-8b45-4c05-858e-f2b52750889f,33,2023-06-09 00:00:00,14,2590.0,142,310.8,0.0,confirmed,2023-08-15 00:00:00,2023-06-08 14:00:00
1b55c11e-1229-4558-adf4-24094295878c,63,2023-12-21 00:00:00,4,1680.0,80,201.6,0.0,confirmed,2024-01-27 00:00:00,2023-12-20 17:00:00
6935d40c-a762-434f-8f79-d27280192740,455,2023-10-22 00:00:00,2,238.0,88,28.56,0.0,confirmed,2023-11-18 00:00:00,2023-10-21 02:00:00
488ee65b-7ad8-4a76-8b8f-80376c0881ae,279,2024-01-31 00:00:00,13,3432.0,126,411.84,0.0,confirmed,2024-04-16 00:00:00,2024-01-30 07:00:00
902dcf7a-d14f-4c7b-a5a2-369ef850446c,37,2024-04-13 00:00:00,1,420.0,60,50.4,42.0,cancelled,2024-07-31 00:00:00,2024-04-12 08:00:00
7867a290-105c-4d46-9168-7a6baf434780,454,2023-11-06 00:00:00,4,242.0,104,29.04,0.0,confirmed,2024-04-23 00:00:00,2023-11-05 03:00:00
dc15e750-95ba-40e2-9072-f4bb212983e9,210,2023-02-27 00:00:00,2,252.0,136,30.24,0.0,confirmed,2023-04-12 00:00:00,2023-02-26 01:00:00
44be6e28-e873-46e7-9a99-1a7091fecf4b,369,2023-11-29 00:00:00,4,624.0,105,74.88,62.4,cancelled,2024-04-28 00:00:00,2023-11-28 13:00:00
784faf4d-0514-438a-83a4-d508364d67a5,140,2024-04-13 00:00:00,4,323.0,108,38.76,0.0,confirmed,2024-09-09 00:00:00,2024-04-12 16:00:00
252bbeae-8b2d-43ea-92c6-86317aaf9a40,420,2024-04-21 00:00:00,12,969.0,102,116.28,0.0,confirmed,2024-04-30 00:00:00,2024-04-20 02:00:00
b25a5b27-0805-4430-b0ef-661ce2ef366c,457,2024-06-29 00:00:00,11,1644.5,75,197.34,0.0,confirmed,2024-07-29 00:00:00,2024-06-28 17:00:00
3e8a1002-9556-4dee-abfc-5705df2c185c,488,2024-05-05 00:00:00,2,220.0,149,26.4,0.0,confirmed,2024-06-15 00:00:00,2024-05-04 04:00:00
8ac4ec5e-c6d9-449a-8212-a62d6958ff2d,342,2023-07-31 00:00:00,4,320.0,142,38.4,0.0,confirmed,2024-01-06 00:00:00,2023-07-30 00:00:00
ad46dccd-d544-4944-8602-1e3eb2160350,47,2024-06-06 00:00:00,4,532.0,135,63.84,53.2,cancelled,2024-10-13 00:00:00,2024-06-05 16:00:00
f755160b-6663-4868-99c2-fdaaf1e5a810,103,2023-10-19 00:00:00,8,1560.0,137,187.2,156.0,cancelled,2024-01-12 00:00:00,2023-10-18 02:00:00
c56d4308-81e8-4fdb-8b39-c035be30f2ff,259,2024-01-17 00:00:00,7,1771.0,58,212.52,177.1,cancelled,2024-05-13 00:00:00,2024-01-16 00:00:00
21630c83-acdf-4758-8531-7791167317f2,428,2024-06-06 00:00:00,7,1004.5,149,120.54,0.0,confirmed,2024-10-29 00:00:00,2024-06-05 03:00:00
4ae0e14a-b978-4442-8dba-a7dc3c14b87b,187,2024-03-30 00:00:00,3,378.0,105,45.36,37.8,cancelled,2024-09-21 00:00:00,2024-03-29 17:00:00
05ba6935-1a45-4133-82e1-d03608b4cade,116,2024-01-31 00:00:00,3,1344.0,60,161.28,134.4,cancelled,2024-04-03 00:00:00,2024-01-30 22:00:00
26ac88b8-f523-4d5b-a361-e0bd818c2789,147,2023-03-27 00:00:00,11,1724.25,66,206.91,0.0,confirmed,2023-04-04 00:00:00,2023-03-26 10:00:00
73f89259-cab4-4c99-89a9-ab8ed3df8c2f,100,2023-10-16 00:00:00,11,2849.0,141,341.88,0.0,confirmed,2023-12-01 00:00:00,2023-10-15 07:00:00
3ab81409-5c95-429e-9c19-cc766e35ceb2,261,2023-05-02 00:00:00,12,2052.0,139,246.24,0.0,confirmed,2023-10-26 00:00:00,2023-05-01 14:00:00
17d88a53-a9a6-4f9d-8ad6-f31f840bc3ed,20,2023-10-03 00:00:00,8,2024.0,110,242.88,0.0,confirmed,2024-03-07 00:00:00,2023-10-02 07:00:00
752c66b0-01f9-4421-958f-5e242a9c82e0,160,2024-01-25 00:00:00,6,346.5,53,41.58,34.65,cancelled,2024-04-23 00:00:00,2024-01-24 18:00:00
9a4cee3d-27a8-42bd-8bb2-0aa383bc9717,247,2024-04-22 00:00:00,9,1559.25,100,187.11,155.93,cancelled,2024-07-05 00:00:00,2024-04-21 08:00:00
9fc04f4c-8bc1-4ece-b0e5-d434f22a7062,237,2023-07-05 00:00:00,13,2408.25,75,288.99,240.83,cancelled,2023-12-16 00:00:00,2023-07-04 03:00:00
bbc5a01b-022a-4f9d-b60f-0891f631e221,6,2024-07-27 00:00:00,4,1120.0,46,134.4,0.0,confirmed,2024-09-03 00:00:00,2024-07-26 05:00:00
b8188471-a1f4-4853-80a1-6c3e1e62501b,79,2023-12-26 00:00:00,8,748.0,64,89.76,0.0,confirmed,2024-04-24 00:00:00,2023-12-25 10:00:00
1dbdc04c-0cdb-43ea-8cef-7554590b1950,417,2023-09-24 00:00:00,11,2145.0,123,257.4,0.0,confirmed,2023-11-21 00:00:00,2023-09-23 07:00:00
9e35c714-abf4-44a4-b69e-60b9644bd090,65,2024-04-16 00:00:00,2,187.0,89,22.44,18.7,cancelled,2024-04-25 00:00:00,2024-04-15 21:00:00
08c1098a-1d14-4584-94cc-f72e823d0486,33,2023-12-11 00:00:00,11,2035.0,73,244.2,0.0,confirmed,2024-03-16 00:00:00,2023-12-10 13:00:00
b432d19f-7f5d-438d-8f6f-1d640c78d75c,404,2023-12-24 00:00:00,6,510.0,119,61.2,51.0,cancelled,2024-04-20 00:00:00,2023-12-23 01:00:00
d01f4e5c-4fb9-48e8-a8aa-94ff5255dace,322,2023-09-04 00:00:00,1,71.5,134,8.58,0.0,confirmed,2023-12-24 00:00:00,2023-09-03 12:00:00
75d8b9f9-3dd9-4bb0-925b-7a2960a15527,354,2023-09-15 00:00:00,3,960.0,76,115.2,0.0,confirmed,2023-10-06 00:00:00,2023-09-14 21:00:00
eb6ee207-14b7-4ffd-bb97-391770748ab9,443,2024-01-13 00:00:00,5,2712.5,53,325.5,271.25,cancelled,2024-05-17 00:00:00,2024-01-12 20:00:00
2ac149fc-aaa9-4c3d-98b3-3827a15fb8a8,485,2023-09-15 00:00:00,4,665.0,58,79.8,66.5,cancelled,2023-11-08 00:00:00,2023-09-14 01:00:00
e76422b1-8a7c-4094-9b5c-bb30727937ab,444,2024-01-18 00:00:00,12,2442.0,56,293.04,0.0,confirmed,2024-05-17 00:00:00,2024-01-17 05:00:00
f965f846-fa35-4df7-8839-85999acb6c9f,120,2024-06-04 00:00:00,4,363.0,146,43.56,0.0,confirmed,2024-06-17 00:00:00,2024-06-03 16:00:00
5775d323-ec2a-4bed-a34b-aa3f61bc0bf0,445,2023-06-30 00:00:00,5,3330.0,61,399.6,0.0,confirmed,2023-12-25 00:00:00,2023-06-29 05:00:00
80c4deb8-d32e-4022-bb51-f5e5125793cc,64,2023-12-09 00:00:00,6,883.5,146,106.02,88.35,cancelled,2023-12-27 00:00:00,2023-12-08 11:00:00
de53c37b-1a60-45fa-b83b-b28207d06ca4,238,2024-01-17 00:00:00,5,1225.0,55,147.0,122.5,cancelled,2024-03-22 00:00:00,2024-01-16 15:00:00
3702b6d2-2b54-47d0-8d07-48a8bd97efe0,166,2024-01-08 00:00:00,9,668.25,98,80.19,0.0,confirmed,2024-02-20 00:00:00,2024-01-07 09:00:00
fa6fbd06-d351-4890-8ea8-33db14b66d2f,414,2023-09-01 00:00:00,8,1920.0,142,230.4,0.0,confirmed,2023-12-05 00:00:00,2023-08-31 14:00:00
fede30ae-55de-4889-b99d-15f14ea1d80f,29,2023-11-02 00:00:00,9,2632.5,103,315.9,0.0,confirmed,2024-04-08 00:00:00,2023-11-01 13:00:00
bd104e32-bc5c-430e-9f27-336b6c1792bb,8,2024-03-02 00:00:00,3,210.36,119,25.24,21.04,cancelled,2024-07-28 00:00:00,2024-03-01 00:00:00
ece17161-4087-4531-a07b-af64d95ae64c,201,2024-05-12 00:00:00,7,635.25,134,76.23,63.53,cancelled,2024-05-24 00:00:00,2024-05-11 16:00:00
21f2d4a4-4231-47fb-9289-d9f16a623bc6,60,2024-02-26 00:00:00,5,350.6,134,42.07,0.0,confirmed,2024-06-04 00:00:00,2024-02-25 04:00:00
bf0e64c2-779c-4ccb-9898-13cb2b54fb06,108,2023-04-26 00:00:00,9,2511.0,64,301.32,0.0,confirmed,2023-10-22 00:00:00,2023-04-25 01:00:00
1ff352eb-f941-4b61-b059-6fa930146e08,454,2023-12-27 00:00:00,2,121.0,77,14.52,0.0,confirmed,2024-03-08 00:00:00,2023-12-26 08:00:00
e6004cf9-8a57-46d5-bd83-f443f2a99f23,190,2024-03-25 00:00:00,11,2431.0,76,291.72,0.0,confirmed,2024-07-12 00:00:00,2024-03-24 10:00:00
5856364a-69a8-4576-bf21-f01d11e2c0ca,420,2024-07-30 00:00:00,1,80.75,135,9.69,0.0,confirmed,2024-09-27 00:00:00,2024-07-29 01:00:00
e07fab40-1e52-4144-bff9-4313087769a3,342,2023-07-01 00:00:00,7,560.0,92,67.2,0.0,confirmed,2023-08-05 00:00:00,2023-06-30 11:00:00
d632df78-d6e1-45d2-9bf0-c2c4653e5679,391,2023-11-11 00:00:00,1,204.0,147,24.48,0.0,confirmed,2023-12-02 00:00:00,2023-11-10 14:00:00
8954f44b-9a95-4d71-9883-34a28ef1848a,284,2023-09-15 00:00:00,3,663.0,119,79.56,0.0,confirmed,2023-11-05 00:00:00,2023-09-14 08:00:00
760d168a-0d4f-4d01-b7f0-92f8950fb625,309,2023-05-25 00:00:00,3,891.0,47,106.92,89.1,cancelled,2023-09-05 00:00:00,2023-05-24 08:00:00
60e0583a-8174-4165-84f8-73f7259b51b6,263,2023-11-28 00:00:00,13,5616.0,138,673.92,0.0,confirmed,2024-04-15 00:00:00,2023-11-27 06:00:00
9a3ef89b-5396-4be1-bc8f-686f599239ef,415,2024-01-17 00:00:00,12,2376.0,131,285.12,237.6,cancelled,2024-06-26 00:00:00,2024-01-16 14:00:00
004ec6f0-d3e4-4826-8646-85e3d032b1b2,144,2024-07-07 00:00:00,3,360.0,41,43.2,0.0,confirmed,2024-08-29 00:00:00,2024-07-06 00:00:00
a5de833e-9853-4b1f-a8a0-05fcee06042e,140,2024-03-12 00:00:00,12,969.0,75,116.28,0.0,confirmed,2024-03-28 00:00:00,2024-03-11 08:00:00
c15b9d1d-c067-4a4e-9e71-366d204d1d48,217,2024-02-17 00:00:00,11,1309.0,120,157.08,0.0,confirmed,2024-05-12 00:00:00,2024-02-16 05:00:00
9f16dd18-3396-4fa9-9f9a-724029df2e51,400,2023-03-18 00:00:00,9,940.5,43,112.86,0.0,confirmed,2023-07-28 00:00:00,2023-03-17 02:00:00
3a871b00-49be-4d87-8f96-e02c1b3e4599,109,2024-05-14 00:00:00,14,1400.0,108,168.0,0.0,confirmed,2024-06-21 00:00:00,2024-05-13 05:00:00
a085342a-a1da-4a48-8bae-7ba2ead2a8f5,191,2024-02-05 00:00:00,1,238.0,130,28.56,0.0,confirmed,2024-06-11 00:00:00,2024-02-04 04:00:00
41cbd55c-80ac-4053-8fd8-b189c79bac1d,467,2023-10-31 00:00:00,7,2688.0,149,322.56,0.0,confirmed,2023-12-11 00:00:00,2023-10-30 13:00:00
5af56c8f-b77a-4173-b9ef-43d966dee78a,234,2024-03-14 00:00:00,4,1200.0,95,144.0,0.0,confirmed,2024-05-26 00:00:00,2024-03-13 08:00:00
c083e7ac-b772-4355-a0a0-1d3c4ec97192,67,2024-04-01 00:00:00,14,2352.0,130,282.24,0.0,confirmed,2024-05-12 00:00:00,2024-03-31 06:00:00
cf3e80c7-b321-49f4-ad07-07f04ca0c0ff,324,2024-03-31 00:00:00,6,900.0,64,108.0,0.0,confirmed,2024-05-27 00:00:00,2024-03-30 15:00:00
71fdf228-8118-43eb-bf9f-ab6c48f8fa60,203,2023-06-27 00:00:00,6,1624.5,124,194.94,162.45,cancelled,2023-11-26 00:00:00,2023-06-26 11:00:00
15ea0880-034b-4fa3-b4b4-2744cf000c68,18,2024-03-30 00:00:00,7,2058.0,97,246.96,205.8,cancelled,2024-07-13 00:00:00,2024-03-29 02:00:00
950a6d5c-4b35-459d-979c-4dd016b94e65,106,2024-02-08 00:00:00,7,565.25,48,67.83,0.0,confirmed,2024-06-27 00:00:00,2024-02-07 09:00:00
9acc3fba-3fdd-4acd-b717-dff96ff8101d,217,2023-12-12 00:00:00,10,1190.0,112,142.8,0.0,confirmed,2024-04-01 00:00:00,2023-12-11 10:00:00
0b4c28d5-2e3c-426f-9d3a-b4f427397d27,483,2024-01-18 00:00:00,5,1215.0,107,145.8,121.5,cancelled,2024-06-03 00:00:00,2024-01-17 19:00:00
ab47cbd7-7f97-45a9-a4b1-6b4eeeea4773,200,2023-11-27 00:00:00,7,1904.0,137,228.48,190.4,cancelled,2024-02-29 00:00:00,2023-11-26 09:00:00
94e2414c-5c05-481d-bb74-b0da640afc55,365,2023-04-14 00:00:00,14,1764.0,107,211.68,176.4,cancelled,2023-07-18 00:00:00,2023-04-13 08:00:00
b3004742-e776-4579-b33f-cd5aaa4ff212,69,2023-10-12 00:00:00,8,1980.0,127,237.6,0.0,confirmed,2023-12-08 00:00:00,2023-10-11 03:00:00
d5b628b5-c664-486e-bf8e-9b75ebf6a9e5,331,2023-10-07 00:00:00,6,544.5,144,65.34,0.0,confirmed,2023-12-07 00:00:00,2023-10-06 18:00:00
d6edb1ee-561b-4fdd-8b19-f3246381e37a,469,2024-01-30 00:00:00,4,1536.0,114,184.32,0.0,confirmed,2024-06-17 00:00:00,2024-01-29 20:00:00
b4f66ba5-b65d-4b6e-a03e-044ec983a346,23,2024-05-11 00:00:00,5,990.0,111,118.8,0.0,confirmed,2024-06-20 00:00:00,2024-05-10 10:00:00
e16848ae-2342-418e-a3ae-c211511b343f,425,2024-04-13 00:00:00,7,595.0,111,71.4,0.0,confirmed,2024-05-12 00:00:00,2024-04-12 15:00:00
7d001e22-3768-4a5c-9a2a-786db52aeed8,104,2023-07-11 00:00:00,8,608.0,53,72.96,0.0,confirmed,2023-08-30 00:00:00,2023-07-10 18:00:00
e8bf4993-ee8b-4d5b-8334-7dc8295faeea,435,2023-06-16 00:00:00,1,140.0,124,16.8,0.0,confirmed,2023-11-28 00:00:00,2023-06-15 18:00:00
bfbef371-fdc5-4c7e-81ac-076c5a155bad,456,2023-08-01 00:00:00,14,3080.0,46,369.6,0.0,confirmed,2023-12-05 00:00:00,2023-07-31 02:00:00
da3203f3-74af-427e-8ff6-cd88c689601d,439,2023-12-03 00:00:00,2,231.0,102,27.72,0.0,confirmed,2023-12-17 00:00:00,2023-12-02 08:00:00
71ea77ce-dd47-4dfd-b7c8-7fc4af3e029a,446,2023-08-10 00:00:00,8,726.0,60,87.12,0.0,confirmed,2023-09-16 00:00:00,2023-08-09 11:00:00
51fc4cb8-ae25-493f-be83-e2f7a0bcd538,192,2023-02-27 00:00:00,14,3332.0,53,399.84,333.2,cancelled,2023-06-09 00:00:00,2023-02-26 23:00:00
fb0e3d71-383f-4d71-b2a8-b64564a39da2,359,2024-02-25 00:00:00,11,1848.0,93,221.76,0.0,confirmed,2024-03-23 00:00:00,2024-02-24 03:00:00
7fb569ee-9383-42a8-9c5a-e89de9703638,380,2023-10-31 00:00:00,2,385.0,100,46.2,38.5,cancelled,2024-01-26 00:00:00,2023-10-30 03:00:00
df9c195e-7630-4b97-b211-9ff11b787157,495,2023-11-25 00:00:00,3,399.75,124,47.97,0.0,confirmed,2023-11-30 00:00:00,2023-11-24 18:00:00
e4fc6ad8-e947-4a30-937a-791693cee455,26,2024-01-13 00:00:00,7,404.25,116,48.51,0.0,confirmed,2024-04-05 00:00:00,2024-01-12 11:00:00
67351c63-9b8e-4476-bad4-87e27d396d31,278,2023-03-15 00:00:00,10,1920.0,71,230.4,0.0,confirmed,2023-08-29 00:00:00,2023-03-14 12:00:00
8250a1e4-c311-4662-86b0-4b7becaa63cf,241,2024-03-03 00:00:00,5,1225.0,102,147.0,0.0,confirmed,2024-07-09 00:00:00,2024-03-02 04:00:00
463786c8-13e7-41d3-85fb-aec575b5c954,215,2024-04-22 00:00:00,11,2359.5,88,283.14,235.95,cancelled,2024-07-20 00:00:00,2024-04-21 03:00:00
d115a332-b65c-4b91-ad34-a0ef4a8f96ea,60,2023-12-23 00:00:00,6,420.72,131,50.49,42.07,cancelled,2024-04-29 00:00:00,2023-12-22 21:00:00
ba8da00e-b1ce-494f-8bdf-e44f64402ca5,398,2023-07-07 00:00:00,6,390.0,134,46.8,39.0,cancelled,2023-11-05 00:00:00,2023-07-06 11:00:00
9cd8708d-2e03-47a8-a99e-cc2bacffabf3,133,2024-04-15 00:00:00,3,586.5,129,70.38,0.0,confirmed,2024-05-08 00:00:00,2024-04-14 10:00:00
083d2e88-5a28-438e-b2e4-4a3c8e589061,495,2024-01-24 00:00:00,2,266.5,41,31.98,26.65,cancelled,2024-06-03 00:00:00,2024-01-23 09:00:00
f8e966a3-571f-4749-b321-4874b5879624,259,2024-01-20 00:00:00,10,2530.0,140,303.6,0.0,confirmed,2024-02-21 00:00:00,2024-01-19 00:00:00
aa3ea555-61b5-4c2b-8fa4-0b02d904d367,20,2024-02-10 00:00:00,3,759.0,128,91.08,0.0,confirmed,2024-06-09 00:00:00,2024-02-09 15:00:00
6995d93e-8317-498a-ad7b-537790d7e6dc,387,2023-10-24 00:00:00,10,1540.0,119,184.8,154.0,cancelled,2023-11-05 00:00:00,2023-10-23 19:00:00
ce78fafb-b72a-4f2d-874f-ca2b09cef364,350,2023-08-11 00:00:00,7,882.0,61,105.84,88.2,cancelled,2023-09-27 00:00:00,2023-08-10 04:00:00
4ae09659-85db-4722-87fe-c5e8a1813d02,277,2023-10-31 00:00:00,10,1600.0,125,192.0,0.0,confirmed,2024-02-05 00:00:00,2023-10-30 18:00:00
4cfa21d7-0fb1-4e4d-ab09-d30f5e29c65e,191,2024-03-05 00:00:00,4,952.0,49,114.24,0.0,confirmed,2024-03-16 00:00:00,2024-03-04 12:00:00
a32fa279-8cee-409c-9ed4-c76bdcf7c626,202,2024-03-29 00:00:00,10,2380.0,71,285.6,238.0,cancelled,2024-09-14 00:00:00,2024-03-28 13:00:00
181bbc29-2452-41b5-ad11-682bd1ff743c,220,2023-11-03 00:00:00,7,1470.0,90,176.4,0.0,confirmed,2024-03-11 00:00:00,2023-11-02 16:00:00
743eb00d-cf9b-4511-81e3-c84dbd6b6a13,379,2023-07-21 00:00:00,2,1800.0,114,216.0,0.0,confirmed,2023-12-21 00:00:00,2023-07-20 12:00:00
